complaint_text,category,language,source
The electrical system needs attention because of lamppost wire exposed outside our building. Please take the necessary action.,electricity,english,NYC311_seed_controlled_augmentation_v2
There is bulk-missed recy collection near the school. Please investigate this issue.,garbage,english,NYC311_seed_controlled_augmentation_v2
The drainage system is affected by sewage odor near the hospital. Please investigate this issue.,drainage,english,NYC311_seed_controlled_augmentation_v2
"Please investigate air: odor/fumes, restaurant in the residential area. Please investigate this issue.",environment,english,NYC311_seed_controlled_augmentation_v2
We are experiencing unknown odor/taste in drinking water near our house. Residents are requesting assistance.,water_supply,english,NYC311_seed_controlled_augmentation_v2
Please send a technician because of lamppost wire exposed near the junction. Please arrange an inspection.,electricity,english,NYC311_seed_controlled_augmentation_v2
Wastewater problems have occurred due to sewage leak in the residential area. Please take the necessary action.,drainage,english,NYC311_seed_controlled_augmentation_v2
The drainage issue appears to involve ponding near our house. Please send the responsible team to inspect the area.,drainage,english,NYC311_seed_controlled_augmentation_v2
We are experiencing an electrical problem involving power outage on the main road. Please arrange an inspection.,electricity,english,NYC311_seed_controlled_augmentation_v2
Please resolve the drainage issue involving sewage leak near the hospital.,drainage,english,NYC311_seed_controlled_augmentation_v2
People in the area are experiencing leak near the school. We would appreciate assistance with this problem.,water_supply,english,NYC311_seed_controlled_augmentation_v2
"Please inspect the environmental issue involving oil spill on street, small close to the bus stop. This issue needs urgent attention.",environment,english,NYC311_seed_controlled_augmentation_v2
Sewage Odor is causing drainage problems near the junction.,drainage,english,NYC311_seed_controlled_augmentation_v2
There is street flooding in our neighbourhood.,drainage,english,NYC311_seed_controlled_augmentation_v2
Garbage collection is affected by missed recycling-all materials outside our building. Please arrange an inspection.,garbage,english,NYC311_seed_controlled_augmentation_v2
"This environmental problem involves oil spill on street, large outside our building.",environment,english,NYC311_seed_controlled_augmentation_v2
Chemical Vapors/Gases/Odors is affecting the surrounding environment close to the bus stop. We would appreciate assistance with this problem.,environment,english,NYC311_seed_controlled_augmentation_v2
Please investigate the water problem caused by dirty water close to the bus stop. Please arrange an inspection.,water_supply,english,NYC311_seed_controlled_augmentation_v2
The drainage system is affected by sewer backup near the public market. Please investigate this issue.,drainage,english,NYC311_seed_controlled_augmentation_v2
Please inspect the drain because of ponding near the junction.,drainage,english,NYC311_seed_controlled_augmentation_v2
The drainage issue appears to involve rain garden flooding near the hospital. Please arrange an inspection.,drainage,english,NYC311_seed_controlled_augmentation_v2
People in the area are experiencing unknown odor/taste in drinking water in our neighbourhood.,water_supply,english,NYC311_seed_controlled_augmentation_v2
Waste has become a problem due to dirty sidewalk near our house.,garbage,english,NYC311_seed_controlled_augmentation_v2
"Oil Spill On Street, Small is affecting the surrounding environment near the public market. This issue needs urgent attention.",environment,english,NYC311_seed_controlled_augmentation_v2
"There appears to be cloudy or milky, other close to the town centre. Please investigate this issue.",water_supply,english,NYC311_seed_controlled_augmentation_v2
Please repair pothole close to the town centre. Residents are requesting assistance.,roads,english,NYC311_seed_controlled_augmentation_v2
Please inspect the electrical issue involving street light lamp dim near the junction. The problem has been continuing for some time.,electricity,english,NYC311_seed_controlled_augmentation_v2
Please investigate the water problem caused by hydrant leaking near the hospital.,water_supply,english,NYC311_seed_controlled_augmentation_v2
Garbage collection is affected by missed recycling - m/g/pl near our house. Please investigate this issue.,garbage,english,NYC311_seed_controlled_augmentation_v2
There is a waste management problem involving dirty area/alleyway in the residential area.,garbage,english,NYC311_seed_controlled_augmentation_v2
Residents have reported slow leak in the residential area.,water_supply,english,NYC311_seed_controlled_augmentation_v2
There is curb defect-metal protruding near the hospital.,roads,english,NYC311_seed_controlled_augmentation_v2
Please repair curb defect-metal protruding on the main road.,roads,english,NYC311_seed_controlled_augmentation_v2
The electricity service has a problem with lamppost wire exposed on the main road. Please arrange an inspection.,electricity,english,NYC311_seed_controlled_augmentation_v2
People nearby have complained about large number of mosquitoes along the roadside. Please arrange an inspection.,environment,english,NYC311_seed_controlled_augmentation_v2
The drainage system is affected by sewage odor near the junction. Please take the necessary action.,drainage,english,NYC311_seed_controlled_augmentation_v2
Please address bulk-missed recy collection close to the bus stop. Please resolve this problem as soon as possible.,garbage,english,NYC311_seed_controlled_augmentation_v2
"People nearby have complained about oil spill on street, large near our house.",environment,english,NYC311_seed_controlled_augmentation_v2
"Cloudy Or Milky, Other is affecting the local water supply near the junction. This is causing inconvenience to the public.",water_supply,english,NYC311_seed_controlled_augmentation_v2
The area is affected by chemical odor near the hospital. Residents are requesting assistance.,environment,english,NYC311_seed_controlled_augmentation_v2
Please inspect the environmental issue involving ventilation near the hospital. Please resolve this problem as soon as possible.,environment,english,NYC311_seed_controlled_augmentation_v2
The drain is causing problems because of sewage leak near the public market. Please arrange an inspection.,drainage,english,NYC311_seed_controlled_augmentation_v2
We need assistance with sewer or drain near our house. This issue needs urgent attention.,drainage,english,NYC311_seed_controlled_augmentation_v2
There is a waste management problem involving receptacle violation near the hospital. This issue needs urgent attention.,garbage,english,NYC311_seed_controlled_augmentation_v2
Drivers are facing problems because of failed street repair outside our building. The problem has been continuing for some time.,roads,english,NYC311_seed_controlled_augmentation_v2
Garbage collection is affected by bulk-missed recy collection near the school. Please send the responsible team to inspect the area.,garbage,english,NYC311_seed_controlled_augmentation_v2
Residents have reported dirty water close to the bus stop. Please investigate this issue.,water_supply,english,NYC311_seed_controlled_augmentation_v2
There is a waste management problem involving loose rubbish close to the town centre. Residents are requesting assistance.,garbage,english,NYC311_seed_controlled_augmentation_v2
There appears to be lighting near the junction.,electricity,english,NYC311_seed_controlled_augmentation_v2
Residents are reporting culvert blocked/needs cleaning in our neighbourhood.,drainage,english,NYC311_seed_controlled_augmentation_v2
Wastewater problems have occurred due to sewer backup near our house. Please arrange an inspection.,drainage,english,NYC311_seed_controlled_augmentation_v2
The drain is causing problems because of catch basin clogged/flooding in the residential area. This issue needs urgent attention.,drainage,english,NYC311_seed_controlled_augmentation_v2
The drainage system is affected by manhole overflow close to the town centre.,drainage,english,NYC311_seed_controlled_augmentation_v2
Garbage collection is affected by missed recycling - m/g/pl near the school. Please resolve this problem as soon as possible.,garbage,english,NYC311_seed_controlled_augmentation_v2
Waste has become a problem due to missed recycling paper along the roadside.,garbage,english,NYC311_seed_controlled_augmentation_v2
Vehicles are being affected by defective hardware near the hospital. Residents are requesting assistance.,roads,english,NYC311_seed_controlled_augmentation_v2
Waste has become a problem due to receptacle violation along the roadside. The problem has been continuing for some time.,garbage,english,NYC311_seed_controlled_augmentation_v2
Please address loose rubbish on the main road. We would appreciate assistance with this problem.,garbage,english,NYC311_seed_controlled_augmentation_v2
Please inspect the electrical issue involving lamppost wire exposed in our neighbourhood. We would appreciate assistance with this problem.,electricity,english,NYC311_seed_controlled_augmentation_v2
Residents are concerned about failed street repair close to the town centre.,roads,english,NYC311_seed_controlled_augmentation_v2
Vehicles are being affected by pothole - highway in the residential area.,roads,english,NYC311_seed_controlled_augmentation_v2
"There is an environmental issue involving oil spill on street, large outside our building. Please send the responsible team to inspect the area.",environment,english,NYC311_seed_controlled_augmentation_v2
"Residents have reported taste/odor, bitter/metallic close to the town centre.",water_supply,english,NYC311_seed_controlled_augmentation_v2
Drivers are facing problems because of broken curb along the roadside.,roads,english,NYC311_seed_controlled_augmentation_v2
People in the area are affected by multiple street lights out outside our building. This issue needs urgent attention.,electricity,english,NYC311_seed_controlled_augmentation_v2
Dirty Sidewalk is creating an unsanitary condition near the hospital. This is causing inconvenience to the public.,garbage,english,NYC311_seed_controlled_augmentation_v2
Residents have complained about dirty area/alleyway outside our building.,garbage,english,NYC311_seed_controlled_augmentation_v2
The area needs cleaning because of bulk-missed collection outside our building. We would appreciate assistance with this problem.,garbage,english,NYC311_seed_controlled_augmentation_v2
Residents have reported wiring close to the town centre. Please resolve this problem as soon as possible.,electricity,english,NYC311_seed_controlled_augmentation_v2
The drainage system is affected by manhole overflow near the school. Please investigate this issue.,drainage,english,NYC311_seed_controlled_augmentation_v2
Please address dirty area/alleyway in the residential area. Please resolve this problem as soon as possible.,garbage,english,NYC311_seed_controlled_augmentation_v2
There is defective hardware near the school.,roads,english,NYC311_seed_controlled_augmentation_v2
"Please investigate oil spill on street, large near the public market.",environment,english,NYC311_seed_controlled_augmentation_v2
Please investigate chemical spill/release near our house. Please send the responsible team to inspect the area.,environment,english,NYC311_seed_controlled_augmentation_v2
The road needs attention because of cave-in near the public market.,roads,english,NYC311_seed_controlled_augmentation_v2
Residents have reported multiple street lights out near the junction. Residents are requesting assistance.,electricity,english,NYC311_seed_controlled_augmentation_v2
Sewer or Drain is causing drainage problems near the hospital.,drainage,english,NYC311_seed_controlled_augmentation_v2
The drain is causing problems because of culvert blocked/needs cleaning close to the bus stop. We would appreciate assistance with this problem.,drainage,english,NYC311_seed_controlled_augmentation_v2
"The area is affected by oil spill on street, large outside our building.",environment,english,NYC311_seed_controlled_augmentation_v2
The drainage system is affected by sewer backup on the main road. This issue needs urgent attention.,drainage,english,NYC311_seed_controlled_augmentation_v2
Drivers are facing problems because of curb defect-metal protruding on the main road. This is causing inconvenience to the public.,roads,english,NYC311_seed_controlled_augmentation_v2
We would like to report defective hardware on the main road. Please resolve this problem as soon as possible.,roads,english,NYC311_seed_controlled_augmentation_v2
We would like to report pothole near the junction. Please resolve this problem as soon as possible.,roads,english,NYC311_seed_controlled_augmentation_v2
There is sewer backup in our neighbourhood. Please take the necessary action.,drainage,english,NYC311_seed_controlled_augmentation_v2
Residents are reporting culvert blocked/needs cleaning near the hospital. Please send the responsible team to inspect the area.,drainage,english,NYC311_seed_controlled_augmentation_v2
The water service is affected by no water close to the bus stop. This is causing inconvenience to the public.,water_supply,english,NYC311_seed_controlled_augmentation_v2
There is sewer or drain close to the bus stop. Please send the responsible team to inspect the area.,drainage,english,NYC311_seed_controlled_augmentation_v2
Please arrange cleaning because of missed recycling-all materials near the junction. This issue needs urgent attention.,garbage,english,NYC311_seed_controlled_augmentation_v2
Please arrange cleaning because of dirty area/alleyway in our neighbourhood.,garbage,english,NYC311_seed_controlled_augmentation_v2
This environmental problem involves chemical spill/release outside our building.,environment,english,NYC311_seed_controlled_augmentation_v2
Air: Other Air Problem is affecting the surrounding environment near the hospital. Please take the necessary action.,environment,english,NYC311_seed_controlled_augmentation_v2
"There is an environmental issue involving oil spill on street, small along the roadside. The problem has been continuing for some time.",environment,english,NYC311_seed_controlled_augmentation_v2
Our area is facing no water along the roadside. Please arrange an inspection.,water_supply,english,NYC311_seed_controlled_augmentation_v2
Residents are reporting manhole overflow near the hospital. The problem has been continuing for some time.,drainage,english,NYC311_seed_controlled_augmentation_v2
Residents are reporting manhole overflow near our house. We would appreciate assistance with this problem.,drainage,english,NYC311_seed_controlled_augmentation_v2
Defective Hardware is causing difficulties for vehicles close to the town centre. The problem has been continuing for some time.,roads,english,NYC311_seed_controlled_augmentation_v2
There is wiring near our house. This is causing inconvenience to the public.,electricity,english,NYC311_seed_controlled_augmentation_v2
The electrical system needs attention because of electrical wiring defective/exposed on the main road.,electricity,english,NYC311_seed_controlled_augmentation_v2
The drainage system is affected by sewer backup near the school.,drainage,english,NYC311_seed_controlled_augmentation_v2
Wastewater problems have occurred due to ponding near the hospital.,drainage,english,NYC311_seed_controlled_augmentation_v2
Chemical Vapors/Gases/Odors is affecting the surrounding environment on the main road. Please investigate this issue.,environment,english,NYC311_seed_controlled_augmentation_v2
The electricity service has a problem with lighting along the roadside.,electricity,english,NYC311_seed_controlled_augmentation_v2
Please check the water system because of low water pressure near the school.,water_supply,english,NYC311_seed_controlled_augmentation_v2
Residents are requesting action regarding improper disposal near the junction. We would appreciate assistance with this problem.,garbage,english,NYC311_seed_controlled_augmentation_v2
Please inspect the electrical issue involving lamppost knocked down outside our building. This issue needs urgent attention.,electricity,english,NYC311_seed_controlled_augmentation_v2
"Please repair rough, pitted or cracked roads close to the bus stop.",roads,english,NYC311_seed_controlled_augmentation_v2
"Please inspect the environmental issue involving air: dust, other near the school.",environment,english,NYC311_seed_controlled_augmentation_v2
Please arrange cleaning because of receptacle violation on the main road. Residents are requesting assistance.,garbage,english,NYC311_seed_controlled_augmentation_v2
Residents have reported multiple street lights out near the junction.,electricity,english,NYC311_seed_controlled_augmentation_v2
Please inspect the environmental issue involving asbestos complaint in the residential area.,environment,english,NYC311_seed_controlled_augmentation_v2
"People nearby have complained about oil spill on street, small near our house. The problem has been continuing for some time.",environment,english,NYC311_seed_controlled_augmentation_v2
Residents have reported hydrant leaking close to the bus stop. Please take the necessary action.,water_supply,english,NYC311_seed_controlled_augmentation_v2
People nearby have complained about chemical odor near the junction. This issue needs urgent attention.,environment,english,NYC311_seed_controlled_augmentation_v2
There is dirty sidewalk near the public market. This issue needs urgent attention.,garbage,english,NYC311_seed_controlled_augmentation_v2
Please resolve the drainage issue involving ponding near the school. The problem has been continuing for some time.,drainage,english,NYC311_seed_controlled_augmentation_v2
"Please investigate unsafe chemical, abandoned along the roadside.",environment,english,NYC311_seed_controlled_augmentation_v2
The drain is causing problems because of culvert blocked/needs cleaning near the school. Please investigate this issue.,drainage,english,NYC311_seed_controlled_augmentation_v2
The drain is causing problems because of sewer backup outside our building. Residents are requesting assistance.,drainage,english,NYC311_seed_controlled_augmentation_v2
There is street light out along the roadside. The problem has been continuing for some time.,electricity,english,NYC311_seed_controlled_augmentation_v2
Multiple Street Lights Out is affecting the area in our neighbourhood. Please take the necessary action.,electricity,english,NYC311_seed_controlled_augmentation_v2
Garbage collection is affected by missed recycling-all materials along the roadside. This is causing inconvenience to the public.,garbage,english,NYC311_seed_controlled_augmentation_v2
There is lamppost knocked down near the hospital. This issue needs urgent attention.,electricity,english,NYC311_seed_controlled_augmentation_v2
Please address missed recycling-all materials in the residential area.,garbage,english,NYC311_seed_controlled_augmentation_v2
Receptacle Violation is creating an unsanitary condition in our neighbourhood. Please arrange an inspection.,garbage,english,NYC311_seed_controlled_augmentation_v2
Residents have complained about street cond/dump-out/drop-off in our neighbourhood.,garbage,english,NYC311_seed_controlled_augmentation_v2
"Please check the water system because of taste/odor, chlorine in our neighbourhood.",water_supply,english,NYC311_seed_controlled_augmentation_v2
Waste has become a problem due to missed recycling - m/g/pl in the residential area.,garbage,english,NYC311_seed_controlled_augmentation_v2
We need assistance with catch basin clogged/flooding near the junction. The problem has been continuing for some time.,drainage,english,NYC311_seed_controlled_augmentation_v2
Residents are concerned about pothole close to the town centre.,roads,english,NYC311_seed_controlled_augmentation_v2
The electrical system needs attention because of lighting near our house. Please send the responsible team to inspect the area.,electricity,english,NYC311_seed_controlled_augmentation_v2
We would like to report defective hardware near the public market. This issue needs urgent attention.,roads,english,NYC311_seed_controlled_augmentation_v2
Defective Hardware is causing difficulties for vehicles close to the bus stop. This is causing inconvenience to the public.,roads,english,NYC311_seed_controlled_augmentation_v2
Loose Rubbish is creating an unsanitary condition near the hospital.,garbage,english,NYC311_seed_controlled_augmentation_v2
There is pothole in the residential area.,roads,english,NYC311_seed_controlled_augmentation_v2
Please inspect the electrical issue involving street light lamp dim in the residential area. This issue needs urgent attention.,electricity,english,NYC311_seed_controlled_augmentation_v2
Garbage collection is affected by bulk-missed recy collection close to the town centre. This is causing inconvenience to the public.,garbage,english,NYC311_seed_controlled_augmentation_v2
Residents have complained about bulk-missed collection near the hospital. The problem has been continuing for some time.,garbage,english,NYC311_seed_controlled_augmentation_v2
We need assistance with sewage leak along the roadside. This is causing inconvenience to the public.,drainage,english,NYC311_seed_controlled_augmentation_v2
The drainage issue appears to involve catch basin clogged/flooding in the residential area.,drainage,english,NYC311_seed_controlled_augmentation_v2
People in the area are affected by lighting near the junction. Please arrange an inspection.,electricity,english,NYC311_seed_controlled_augmentation_v2
Residents are concerned about chemical vapors/gases/odors close to the town centre. The problem has been continuing for some time.,environment,english,NYC311_seed_controlled_augmentation_v2
There is culvert blocked/needs cleaning in the residential area. Please arrange an inspection.,drainage,english,NYC311_seed_controlled_augmentation_v2
Garbage collection is affected by improper disposal outside our building. We would appreciate assistance with this problem.,garbage,english,NYC311_seed_controlled_augmentation_v2
There is a water supply issue involving no water near the public market. Residents are requesting assistance.,water_supply,english,NYC311_seed_controlled_augmentation_v2
People in the area are affected by lighting close to the bus stop.,electricity,english,NYC311_seed_controlled_augmentation_v2
Wastewater problems have occurred due to sewer or drain in the residential area. Please send the responsible team to inspect the area.,drainage,english,NYC311_seed_controlled_augmentation_v2
"People nearby have complained about air: smoke, chimney or vent near our house.",environment,english,NYC311_seed_controlled_augmentation_v2
WIRING is affecting the area near the junction. The problem has been continuing for some time.,electricity,english,NYC311_seed_controlled_augmentation_v2
Please resolve the drainage issue involving sewer backup close to the bus stop. Please send the responsible team to inspect the area.,drainage,english,NYC311_seed_controlled_augmentation_v2
The road has curb defect-metal protruding along the roadside. The problem has been continuing for some time.,roads,english,NYC311_seed_controlled_augmentation_v2
"Residents are concerned about air: dust, construction/demolition near our house. Please send the responsible team to inspect the area.",environment,english,NYC311_seed_controlled_augmentation_v2
"Our area is facing taste/odor, chlorine in the residential area. Please investigate this issue.",water_supply,english,NYC311_seed_controlled_augmentation_v2
The drain is causing problems because of catch basin clogged/flooding near our house. Residents are requesting assistance.,drainage,english,NYC311_seed_controlled_augmentation_v2
There appears to be street light out close to the town centre. We would appreciate assistance with this problem.,electricity,english,NYC311_seed_controlled_augmentation_v2
Please repair defective hardware near the hospital. The problem has been continuing for some time.,roads,english,NYC311_seed_controlled_augmentation_v2
Please inspect the environmental issue involving chemical vapors/gases/odors near the hospital. Residents are requesting assistance.,environment,english,NYC311_seed_controlled_augmentation_v2
The electricity service has a problem with electrical wiring defective/exposed near the public market. Please resolve this problem as soon as possible.,electricity,english,NYC311_seed_controlled_augmentation_v2
Vehicles are being affected by pothole - highway near the hospital.,roads,english,NYC311_seed_controlled_augmentation_v2
Culvert Blocked/Needs Cleaning is causing drainage problems near the hospital. Please take the necessary action.,drainage,english,NYC311_seed_controlled_augmentation_v2
The electricity service has a problem with power outage close to the bus stop.,electricity,english,NYC311_seed_controlled_augmentation_v2
The area needs cleaning because of loose rubbish along the roadside.,garbage,english,NYC311_seed_controlled_augmentation_v2
The electrical system needs attention because of lamppost knocked down on the main road.,electricity,english,NYC311_seed_controlled_augmentation_v2
Wastewater problems have occurred due to catch basin clogged/flooding close to the town centre. Please arrange an inspection.,drainage,english,NYC311_seed_controlled_augmentation_v2
"Residents are concerned about air: dust, other in our neighbourhood.",environment,english,NYC311_seed_controlled_augmentation_v2
"Residents have reported cloudy or milky, other near the public market. The problem has been continuing for some time.",water_supply,english,NYC311_seed_controlled_augmentation_v2
Residents are concerned about defective hardware on the main road.,roads,english,NYC311_seed_controlled_augmentation_v2
There is street light lamp dim near the hospital. This is causing inconvenience to the public.,electricity,english,NYC311_seed_controlled_augmentation_v2
Street Flooding is causing drainage problems outside our building. We would appreciate assistance with this problem.,drainage,english,NYC311_seed_controlled_augmentation_v2
There is a waste management problem involving bulk-missed recy collection near the hospital. The problem has been continuing for some time.,garbage,english,NYC311_seed_controlled_augmentation_v2
There is missed recycling - m/g/pl close to the bus stop. Please resolve this problem as soon as possible.,garbage,english,NYC311_seed_controlled_augmentation_v2
The drainage system is affected by sewage leak close to the bus stop.,drainage,english,NYC311_seed_controlled_augmentation_v2
We are experiencing an electrical problem involving street light lamp dim along the roadside. Residents are requesting assistance.,electricity,english,NYC311_seed_controlled_augmentation_v2
Sewage Leak is causing drainage problems in our neighbourhood. This issue needs urgent attention.,drainage,english,NYC311_seed_controlled_augmentation_v2
Residents are requesting action regarding missed recycling - m/g/pl on the main road. Please resolve this problem as soon as possible.,garbage,english,NYC311_seed_controlled_augmentation_v2
"People in the area are experiencing taste/odor, bitter/metallic near the junction.",water_supply,english,NYC311_seed_controlled_augmentation_v2
Vehicles are being affected by pothole in our neighbourhood.,roads,english,NYC311_seed_controlled_augmentation_v2
"The road surface is damaged due to rough, pitted or cracked roads near the hospital. We would appreciate assistance with this problem.",roads,english,NYC311_seed_controlled_augmentation_v2
SLOW LEAK is affecting the local water supply near the public market. Please send the responsible team to inspect the area.,water_supply,english,NYC311_seed_controlled_augmentation_v2
"The area is affected by air: smoke, vehicular on the main road.",environment,english,NYC311_seed_controlled_augmentation_v2
"There appears to be taste/odor, bitter/metallic outside our building. Please investigate this issue.",water_supply,english,NYC311_seed_controlled_augmentation_v2
Street Flooding is causing drainage problems in the residential area. Please arrange an inspection.,drainage,english,NYC311_seed_controlled_augmentation_v2
Vehicles are being affected by wear & tear on the main road. Please resolve this problem as soon as possible.,roads,english,NYC311_seed_controlled_augmentation_v2
Broken Curb is causing difficulties for vehicles outside our building. Please resolve this problem as soon as possible.,roads,english,NYC311_seed_controlled_augmentation_v2
Loose Rubbish is creating an unsanitary condition near the junction. Please send the responsible team to inspect the area.,garbage,english,NYC311_seed_controlled_augmentation_v2
Please check the water system because of possible water main break near the hospital. Please investigate this issue.,water_supply,english,NYC311_seed_controlled_augmentation_v2
The area is affected by air: other air problem along the roadside.,environment,english,NYC311_seed_controlled_augmentation_v2
Please arrange cleaning because of missed recycling-all materials close to the bus stop. Residents are requesting assistance.,garbage,english,NYC311_seed_controlled_augmentation_v2
"Residents are requesting action regarding air: dust, construction/demolition near the public market. The problem has been continuing for some time.",environment,english,NYC311_seed_controlled_augmentation_v2
Please arrange cleaning because of receptacle violation close to the bus stop. Please resolve this problem as soon as possible.,garbage,english,NYC311_seed_controlled_augmentation_v2
Please send a technician because of no lighting outside our building. Please investigate this issue.,electricity,english,NYC311_seed_controlled_augmentation_v2
Please inspect the electrical issue involving lamppost knocked down close to the bus stop.,electricity,english,NYC311_seed_controlled_augmentation_v2
The area needs cleaning because of missed recycling - m/g/pl close to the town centre. Please resolve this problem as soon as possible.,garbage,english,NYC311_seed_controlled_augmentation_v2
Please investigate chemical spill/release near the hospital.,environment,english,NYC311_seed_controlled_augmentation_v2
Please investigate the water problem caused by hydrant leaking outside our building. This is causing inconvenience to the public.,water_supply,english,NYC311_seed_controlled_augmentation_v2
There is an environmental issue involving chemical odor in our neighbourhood.,environment,english,NYC311_seed_controlled_augmentation_v2
The electricity service has a problem with multiple street lights out along the roadside. The problem has been continuing for some time.,electricity,english,NYC311_seed_controlled_augmentation_v2
Please investigate the water problem caused by leak near our house.,water_supply,english,NYC311_seed_controlled_augmentation_v2
Please investigate the water problem caused by unknown odor/taste in drinking water outside our building.,water_supply,english,NYC311_seed_controlled_augmentation_v2
"Rough, Pitted or Cracked Roads is causing difficulties for vehicles along the roadside.",roads,english,NYC311_seed_controlled_augmentation_v2
There is street light out near the school. Please take the necessary action.,electricity,english,NYC311_seed_controlled_augmentation_v2
"Residents are requesting action regarding air: odor/fumes, restaurant along the roadside. This is causing inconvenience to the public.",environment,english,NYC311_seed_controlled_augmentation_v2
Drivers are facing problems because of pothole near our house.,roads,english,NYC311_seed_controlled_augmentation_v2
Residents have complained about missed recycling-all materials near the hospital.,garbage,english,NYC311_seed_controlled_augmentation_v2
The water service is affected by hydrant leaking close to the bus stop.,water_supply,english,NYC311_seed_controlled_augmentation_v2
"Residents are concerned about air: odor/fumes, restaurant on the main road. Please arrange an inspection.",environment,english,NYC311_seed_controlled_augmentation_v2
LOW WATER PRESSURE is affecting the local water supply near the public market.,water_supply,english,NYC311_seed_controlled_augmentation_v2
"Rough, Pitted or Cracked Roads is causing difficulties for vehicles in the residential area. We would appreciate assistance with this problem.",roads,english,NYC311_seed_controlled_augmentation_v2
Residents have reported wiring near the school.,electricity,english,NYC311_seed_controlled_augmentation_v2
Residents are requesting action regarding missed recycling paper along the roadside. Residents are requesting assistance.,garbage,english,NYC311_seed_controlled_augmentation_v2
The drainage issue appears to involve sewage leak near the hospital.,drainage,english,NYC311_seed_controlled_augmentation_v2
Residents are concerned about broken curb in our neighbourhood. Please investigate this issue.,roads,english,NYC311_seed_controlled_augmentation_v2
The drainage system is affected by sewage odor outside our building.,drainage,english,NYC311_seed_controlled_augmentation_v2
We need assistance with catch basin clogged/flooding near the hospital. Please arrange an inspection.,drainage,english,NYC311_seed_controlled_augmentation_v2
"Please investigate oil spill on street, small near the hospital. Please investigate this issue.",environment,english,NYC311_seed_controlled_augmentation_v2
Residents are requesting action regarding bulk-missed recy collection close to the town centre. This issue needs urgent attention.,garbage,english,NYC311_seed_controlled_augmentation_v2
"We have noticed oil spill on street, large near the school.",environment,english,NYC311_seed_controlled_augmentation_v2
"This environmental problem involves oil spill on street, small near the hospital. This issue needs urgent attention.",environment,english,NYC311_seed_controlled_augmentation_v2
The road needs attention because of defective hardware on the main road. This issue needs urgent attention.,roads,english,NYC311_seed_controlled_augmentation_v2
The road has pothole along the roadside. Please resolve this problem as soon as possible.,roads,english,NYC311_seed_controlled_augmentation_v2
Please arrange cleaning because of missed collection in our neighbourhood. Please investigate this issue.,garbage,english,NYC311_seed_controlled_augmentation_v2
There appears to be dirty water near the hospital.,water_supply,english,NYC311_seed_controlled_augmentation_v2
Street Flooding is causing drainage problems near the public market. This is causing inconvenience to the public.,drainage,english,NYC311_seed_controlled_augmentation_v2
Please investigate the water problem caused by slow leak near the public market.,water_supply,english,NYC311_seed_controlled_augmentation_v2
Residents have complained about missed recycling paper in the residential area. We would appreciate assistance with this problem.,garbage,english,NYC311_seed_controlled_augmentation_v2
"We have noticed oil spill on street, small near the junction.",environment,english,NYC311_seed_controlled_augmentation_v2
"The area is affected by air: smoke, chimney or vent near the public market.",environment,english,NYC311_seed_controlled_augmentation_v2
LIGHTING is affecting the area near our house.,electricity,english,NYC311_seed_controlled_augmentation_v2
Garbage collection is affected by street cond/dump-out/drop-off close to the town centre.,garbage,english,NYC311_seed_controlled_augmentation_v2
Residents are requesting action regarding asbestos complaint on the main road.,environment,english,NYC311_seed_controlled_augmentation_v2
The drainage issue appears to involve sewer or drain close to the town centre. This is causing inconvenience to the public.,drainage,english,NYC311_seed_controlled_augmentation_v2
The electrical system needs attention because of lighting on the main road.,electricity,english,NYC311_seed_controlled_augmentation_v2
Please inspect the environmental issue involving chemical vapors/gases/odors near the hospital. Please take the necessary action.,environment,english,NYC311_seed_controlled_augmentation_v2
Waste has become a problem due to missed recycling - m/g/pl along the roadside. We would appreciate assistance with this problem.,garbage,english,NYC311_seed_controlled_augmentation_v2
Residents are requesting action regarding receptacle violation close to the bus stop. Please resolve this problem as soon as possible.,garbage,english,NYC311_seed_controlled_augmentation_v2
Manhole Overflow is causing drainage problems near the public market.,drainage,english,NYC311_seed_controlled_augmentation_v2
The road needs attention because of pothole close to the town centre. Please take the necessary action.,roads,english,NYC311_seed_controlled_augmentation_v2
Please send a technician because of wiring close to the town centre. This is causing inconvenience to the public.,electricity,english,NYC311_seed_controlled_augmentation_v2
Waste has become a problem due to missed collection along the roadside. Please take the necessary action.,garbage,english,NYC311_seed_controlled_augmentation_v2
Residents have complained about street cond/dump-out/drop-off outside our building. Please take the necessary action.,garbage,english,NYC311_seed_controlled_augmentation_v2
There is a water supply issue involving leak in the residential area. Residents are requesting assistance.,water_supply,english,NYC311_seed_controlled_augmentation_v2
The road has wear & tear along the roadside.,roads,english,NYC311_seed_controlled_augmentation_v2
Residents are reporting catch basin clogged/flooding near the hospital. Please arrange an inspection.,drainage,english,NYC311_seed_controlled_augmentation_v2
"Unsafe Chemical, Abandoned is affecting the surrounding environment close to the bus stop.",environment,english,NYC311_seed_controlled_augmentation_v2
The drainage issue appears to involve manhole overflow near the school. Please investigate this issue.,drainage,english,NYC311_seed_controlled_augmentation_v2
LOW WATER PRESSURE is affecting the local water supply in our neighbourhood. We would appreciate assistance with this problem.,water_supply,english,NYC311_seed_controlled_augmentation_v2
"Rough, Pitted or Cracked Roads is causing difficulties for vehicles near the public market. Please take the necessary action.",roads,english,NYC311_seed_controlled_augmentation_v2
Ponding is causing drainage problems near the school.,drainage,english,NYC311_seed_controlled_augmentation_v2
"We have noticed unsafe chemical, abandoned in our neighbourhood. Please investigate this issue.",environment,english,NYC311_seed_controlled_augmentation_v2
Garbage collection is affected by missed recycling-all materials near the junction. We would appreciate assistance with this problem.,garbage,english,NYC311_seed_controlled_augmentation_v2
"Please investigate air: dust, other in the residential area. This issue needs urgent attention.",environment,english,NYC311_seed_controlled_augmentation_v2
Please investigate chemical spill/release close to the bus stop.,environment,english,NYC311_seed_controlled_augmentation_v2
We are experiencing dirty water close to the town centre.,water_supply,english,NYC311_seed_controlled_augmentation_v2
There is an environmental issue involving chemical odor near the junction. Please resolve this problem as soon as possible.,environment,english,NYC311_seed_controlled_augmentation_v2
There is wiring close to the bus stop. This issue needs urgent attention.,electricity,english,NYC311_seed_controlled_augmentation_v2
Residents have reported power outage in our neighbourhood. This issue needs urgent attention.,electricity,english,NYC311_seed_controlled_augmentation_v2
Possible Water Main Break is affecting the local water supply close to the town centre. This is causing inconvenience to the public.,water_supply,english,NYC311_seed_controlled_augmentation_v2
Wastewater problems have occurred due to sewage leak near our house. Please resolve this problem as soon as possible.,drainage,english,NYC311_seed_controlled_augmentation_v2
Residents have reported lamppost wire exposed in the residential area. Residents are requesting assistance.,electricity,english,NYC311_seed_controlled_augmentation_v2
Please investigate the water problem caused by slow leak near the junction. Please investigate this issue.,water_supply,english,NYC311_seed_controlled_augmentation_v2
Please inspect the drain because of sewage odor near the hospital. We would appreciate assistance with this problem.,drainage,english,NYC311_seed_controlled_augmentation_v2
The electrical system needs attention because of outlet/switch close to the town centre. Please take the necessary action.,electricity,english,NYC311_seed_controlled_augmentation_v2
There appears to be power outage on the main road. Residents are requesting assistance.,electricity,english,NYC311_seed_controlled_augmentation_v2
Please inspect the drain because of sewage leak outside our building. Please take the necessary action.,drainage,english,NYC311_seed_controlled_augmentation_v2
Please resolve the drainage issue involving sewage leak near the hospital. Residents are requesting assistance.,drainage,english,NYC311_seed_controlled_augmentation_v2
We need assistance with sewer or drain near the junction. Please resolve this problem as soon as possible.,drainage,english,NYC311_seed_controlled_augmentation_v2
"Please inspect the environmental issue involving air: smoke, vehicular along the roadside. Please resolve this problem as soon as possible.",environment,english,NYC311_seed_controlled_augmentation_v2
The water service is affected by slow leak near the public market.,water_supply,english,NYC311_seed_controlled_augmentation_v2
Please repair wear & tear close to the bus stop.,roads,english,NYC311_seed_controlled_augmentation_v2
There is pothole near our house. This is causing inconvenience to the public.,roads,english,NYC311_seed_controlled_augmentation_v2
Please check the water system because of slow leak near the school. The problem has been continuing for some time.,water_supply,english,NYC311_seed_controlled_augmentation_v2
Please resolve the drainage issue involving sewage leak near the public market.,drainage,english,NYC311_seed_controlled_augmentation_v2
Chemical Spill/Release is affecting the surrounding environment near the hospital.,environment,english,NYC311_seed_controlled_augmentation_v2
"Residents have reported taste/odor, bitter/metallic close to the bus stop.",water_supply,english,NYC311_seed_controlled_augmentation_v2
Defective Hardware is causing difficulties for vehicles along the roadside. Please take the necessary action.,roads,english,NYC311_seed_controlled_augmentation_v2
Please resolve the drainage issue involving sewage odor on the main road.,drainage,english,NYC311_seed_controlled_augmentation_v2
Residents have reported no lighting along the roadside.,electricity,english,NYC311_seed_controlled_augmentation_v2
There appears to be no water near the public market.,water_supply,english,NYC311_seed_controlled_augmentation_v2
The drainage issue appears to involve sewer backup near the school. The problem has been continuing for some time.,drainage,english,NYC311_seed_controlled_augmentation_v2
There is a water supply issue involving unknown odor/taste in drinking water near the public market. Please arrange an inspection.,water_supply,english,NYC311_seed_controlled_augmentation_v2
The drainage issue appears to involve street flooding along the roadside. We would appreciate assistance with this problem.,drainage,english,NYC311_seed_controlled_augmentation_v2
There is dirty sidewalk in our neighbourhood. This issue needs urgent attention.,garbage,english,NYC311_seed_controlled_augmentation_v2
There appears to be multiple street lights out on the main road.,electricity,english,NYC311_seed_controlled_augmentation_v2
We have noticed large number of mosquitoes in the residential area.,environment,english,NYC311_seed_controlled_augmentation_v2
Please send a technician because of no lighting close to the town centre.,electricity,english,NYC311_seed_controlled_augmentation_v2
People nearby have complained about air: other air problem outside our building. The problem has been continuing for some time.,environment,english,NYC311_seed_controlled_augmentation_v2
The drainage system is affected by sewer backup near our house.,drainage,english,NYC311_seed_controlled_augmentation_v2
Please send a technician because of lighting outside our building.,electricity,english,NYC311_seed_controlled_augmentation_v2
Please repair wear & tear in our neighbourhood. This is causing inconvenience to the public.,roads,english,NYC311_seed_controlled_augmentation_v2
Please investigate the water problem caused by heavy flow outside our building.,water_supply,english,NYC311_seed_controlled_augmentation_v2
Residents are requesting action regarding missed recycling paper in the residential area. Please take the necessary action.,garbage,english,NYC311_seed_controlled_augmentation_v2
"Rough, Pitted or Cracked Roads is causing difficulties for vehicles near our house.",roads,english,NYC311_seed_controlled_augmentation_v2
Curb Defect-Metal Protruding is causing difficulties for vehicles near the school. The problem has been continuing for some time.,roads,english,NYC311_seed_controlled_augmentation_v2
There is sewage odor near the school. This is causing inconvenience to the public.,drainage,english,NYC311_seed_controlled_augmentation_v2
People in the area are affected by lighting on the main road. Please resolve this problem as soon as possible.,electricity,english,NYC311_seed_controlled_augmentation_v2
The area needs cleaning because of missed recycling-all materials in the residential area. Please send the responsible team to inspect the area.,garbage,english,NYC311_seed_controlled_augmentation_v2
There appears to be low water pressure in our neighbourhood. This issue needs urgent attention.,water_supply,english,NYC311_seed_controlled_augmentation_v2
Drivers are facing problems because of cave-in in our neighbourhood. This issue needs urgent attention.,roads,english,NYC311_seed_controlled_augmentation_v2
Sewage Leak is causing drainage problems near the hospital.,drainage,english,NYC311_seed_controlled_augmentation_v2
The road has wear & tear on the main road.,roads,english,NYC311_seed_controlled_augmentation_v2
People nearby have complained about chemical odor in our neighbourhood.,environment,english,NYC311_seed_controlled_augmentation_v2
Please send a technician because of power outage close to the bus stop. This issue needs urgent attention.,electricity,english,NYC311_seed_controlled_augmentation_v2
We are experiencing an electrical problem involving street light out near the public market. Please send the responsible team to inspect the area.,electricity,english,NYC311_seed_controlled_augmentation_v2
Please investigate the water problem caused by possible water main break near the hospital. We would appreciate assistance with this problem.,water_supply,english,NYC311_seed_controlled_augmentation_v2
The drainage system is affected by catch basin clogged/flooding near the junction. This issue needs urgent attention.,drainage,english,NYC311_seed_controlled_augmentation_v2
We are experiencing possible water main break in the residential area.,water_supply,english,NYC311_seed_controlled_augmentation_v2
Please inspect the environmental issue involving chemical vapors/gases/odors close to the bus stop. The problem has been continuing for some time.,environment,english,NYC311_seed_controlled_augmentation_v2
"People in the area are experiencing taste/odor, chlorine outside our building. The problem has been continuing for some time.",water_supply,english,NYC311_seed_controlled_augmentation_v2
"Residents are requesting action regarding air: odor/fumes, vehicle idling near the hospital. Please send the responsible team to inspect the area.",environment,english,NYC311_seed_controlled_augmentation_v2
The water service is affected by heavy flow near the junction. Please arrange an inspection.,water_supply,english,NYC311_seed_controlled_augmentation_v2
Electrical Wiring Defective/Exposed is affecting the area close to the town centre. Please take the necessary action.,electricity,english,NYC311_seed_controlled_augmentation_v2
Garbage collection is affected by improper disposal near our house. Please resolve this problem as soon as possible.,garbage,english,NYC311_seed_controlled_augmentation_v2
The electricity service has a problem with lamppost wire exposed near the hospital. The problem has been continuing for some time.,electricity,english,NYC311_seed_controlled_augmentation_v2
There appears to be street light lamp dim outside our building.,electricity,english,NYC311_seed_controlled_augmentation_v2
The drainage issue appears to involve manhole overflow near the public market. This issue needs urgent attention.,drainage,english,NYC311_seed_controlled_augmentation_v2
Our area is facing slow leak near the school. Please take the necessary action.,water_supply,english,NYC311_seed_controlled_augmentation_v2
People in the area are affected by outlet/switch along the roadside. We would appreciate assistance with this problem.,electricity,english,NYC311_seed_controlled_augmentation_v2
Please resolve the drainage issue involving sewer or drain close to the town centre. The problem has been continuing for some time.,drainage,english,NYC311_seed_controlled_augmentation_v2
There is street light lamp dim along the roadside. Residents are requesting assistance.,electricity,english,NYC311_seed_controlled_augmentation_v2
This environmental problem involves asbestos complaint outside our building.,environment,english,NYC311_seed_controlled_augmentation_v2
Please send a technician because of electrical wiring defective/exposed near the school.,electricity,english,NYC311_seed_controlled_augmentation_v2
There appears to be lamppost wire exposed on the main road.,electricity,english,NYC311_seed_controlled_augmentation_v2
People in the area are experiencing possible water main break near the public market. Residents are requesting assistance.,water_supply,english,NYC311_seed_controlled_augmentation_v2
There appears to be wiring near the public market. Residents are requesting assistance.,electricity,english,NYC311_seed_controlled_augmentation_v2
Residents are concerned about failed street repair in our neighbourhood. We would appreciate assistance with this problem.,roads,english,NYC311_seed_controlled_augmentation_v2
Missed Recycling-All Materials is creating an unsanitary condition on the main road.,garbage,english,NYC311_seed_controlled_augmentation_v2
The road needs attention because of defective hardware near the school.,roads,english,NYC311_seed_controlled_augmentation_v2
Please resolve the drainage issue involving ponding near our house.,drainage,english,NYC311_seed_controlled_augmentation_v2
Residents have reported street light lamp dim near the public market.,electricity,english,NYC311_seed_controlled_augmentation_v2
The road has cave-in in the residential area.,roads,english,NYC311_seed_controlled_augmentation_v2
The road needs attention because of defective hardware on the main road.,roads,english,NYC311_seed_controlled_augmentation_v2
Please repair pothole - highway outside our building. Please investigate this issue.,roads,english,NYC311_seed_controlled_augmentation_v2
"Residents are requesting action regarding oil spill on street, large near the school. This issue needs urgent attention.",environment,english,NYC311_seed_controlled_augmentation_v2
We are experiencing no water along the roadside. This issue needs urgent attention.,water_supply,english,NYC311_seed_controlled_augmentation_v2
Residents have complained about missed collection on the main road. Please take the necessary action.,garbage,english,NYC311_seed_controlled_augmentation_v2
"There appears to be taste/odor, bitter/metallic in our neighbourhood.",water_supply,english,NYC311_seed_controlled_augmentation_v2
Please send a technician because of street light lamp dim close to the bus stop. Please send the responsible team to inspect the area.,electricity,english,NYC311_seed_controlled_augmentation_v2
LIGHTING is affecting the area in our neighbourhood. This is causing inconvenience to the public.,electricity,english,NYC311_seed_controlled_augmentation_v2
Residents are reporting manhole overflow on the main road. Residents are requesting assistance.,drainage,english,NYC311_seed_controlled_augmentation_v2
Drivers are facing problems because of cave-in in our neighbourhood. This is causing inconvenience to the public.,roads,english,NYC311_seed_controlled_augmentation_v2
"Vehicles are being affected by rough, pitted or cracked roads outside our building. Please send the responsible team to inspect the area.",roads,english,NYC311_seed_controlled_augmentation_v2
Ponding is causing drainage problems in our neighbourhood.,drainage,english,NYC311_seed_controlled_augmentation_v2
There appears to be wiring close to the town centre. Please take the necessary action.,electricity,english,NYC311_seed_controlled_augmentation_v2
Residents are reporting manhole overflow in the residential area. Please send the responsible team to inspect the area.,drainage,english,NYC311_seed_controlled_augmentation_v2
There is culvert blocked/needs cleaning near the junction. Please arrange an inspection.,drainage,english,NYC311_seed_controlled_augmentation_v2
Please arrange cleaning because of loose rubbish near the hospital. Please take the necessary action.,garbage,english,NYC311_seed_controlled_augmentation_v2
"There is an environmental issue involving air: smoke, vehicular outside our building. The problem has been continuing for some time.",environment,english,NYC311_seed_controlled_augmentation_v2
"The area is affected by air: smoke, vehicular along the roadside. Residents are requesting assistance.",environment,english,NYC311_seed_controlled_augmentation_v2
Garbage collection is affected by bulk-missed recy collection near the public market. Residents are requesting assistance.,garbage,english,NYC311_seed_controlled_augmentation_v2
"Residents are concerned about oil spill on street, large near the hospital. Residents are requesting assistance.",environment,english,NYC311_seed_controlled_augmentation_v2
The drain is causing problems because of rain garden flooding in our neighbourhood. Please take the necessary action.,drainage,english,NYC311_seed_controlled_augmentation_v2
We are experiencing dirty water near the public market. This is causing inconvenience to the public.,water_supply,english,NYC311_seed_controlled_augmentation_v2
Please inspect the electrical issue involving wiring along the roadside.,electricity,english,NYC311_seed_controlled_augmentation_v2
There is curb defect-metal protruding close to the town centre. Please send the responsible team to inspect the area.,roads,english,NYC311_seed_controlled_augmentation_v2
Please investigate the water problem caused by leak in the residential area. This issue needs urgent attention.,water_supply,english,NYC311_seed_controlled_augmentation_v2
The road surface is damaged due to failed street repair outside our building. Please resolve this problem as soon as possible.,roads,english,NYC311_seed_controlled_augmentation_v2
Waste has become a problem due to loose rubbish in our neighbourhood. We would appreciate assistance with this problem.,garbage,english,NYC311_seed_controlled_augmentation_v2
DAMP SPOT is affecting the local water supply on the main road. The problem has been continuing for some time.,water_supply,english,NYC311_seed_controlled_augmentation_v2
HEAVY FLOW is affecting the local water supply in the residential area.,water_supply,english,NYC311_seed_controlled_augmentation_v2
Please resolve the drainage issue involving sewage odor in the residential area.,drainage,english,NYC311_seed_controlled_augmentation_v2
Please investigate the water problem caused by unknown odor/taste in drinking water near our house. Please investigate this issue.,water_supply,english,NYC311_seed_controlled_augmentation_v2
The area is affected by asbestos complaint near the public market. The problem has been continuing for some time.,environment,english,NYC311_seed_controlled_augmentation_v2
We are experiencing an electrical problem involving power outage in our neighbourhood. The problem has been continuing for some time.,electricity,english,NYC311_seed_controlled_augmentation_v2
Please inspect the electrical issue involving lighting near the junction. This is causing inconvenience to the public.,electricity,english,NYC311_seed_controlled_augmentation_v2
"This environmental problem involves air: odor/fumes, restaurant on the main road. Please resolve this problem as soon as possible.",environment,english,NYC311_seed_controlled_augmentation_v2
Residents have reported power outage along the roadside. Please send the responsible team to inspect the area.,electricity,english,NYC311_seed_controlled_augmentation_v2
We are experiencing leak near our house. The problem has been continuing for some time.,water_supply,english,NYC311_seed_controlled_augmentation_v2
Drivers are facing problems because of pothole close to the bus stop.,roads,english,NYC311_seed_controlled_augmentation_v2
People in the area are affected by outlet/switch in our neighbourhood. Please resolve this problem as soon as possible.,electricity,english,NYC311_seed_controlled_augmentation_v2
There is a waste management problem involving bulk-missed collection near the school.,garbage,english,NYC311_seed_controlled_augmentation_v2
The electricity service has a problem with no lighting near our house.,electricity,english,NYC311_seed_controlled_augmentation_v2
"Air: Dust, Construction/Demolition is affecting the surrounding environment near the hospital. Residents are requesting assistance.",environment,english,NYC311_seed_controlled_augmentation_v2
Please check the water system because of heavy flow outside our building.,water_supply,english,NYC311_seed_controlled_augmentation_v2
Please address missed recycling - m/g/pl near the public market.,garbage,english,NYC311_seed_controlled_augmentation_v2
The drain is causing problems because of sewer or drain near the junction. This is causing inconvenience to the public.,drainage,english,NYC311_seed_controlled_augmentation_v2
Drivers are facing problems because of defective hardware near the hospital. Residents are requesting assistance.,roads,english,NYC311_seed_controlled_augmentation_v2
Garbage collection is affected by dirty sidewalk near our house. This is causing inconvenience to the public.,garbage,english,NYC311_seed_controlled_augmentation_v2
The drainage system is affected by street flooding outside our building.,drainage,english,NYC311_seed_controlled_augmentation_v2
Please inspect the environmental issue involving chemical vapors/gases/odors in our neighbourhood.,environment,english,NYC311_seed_controlled_augmentation_v2
There is missed collection near the junction. Please send the responsible team to inspect the area.,garbage,english,NYC311_seed_controlled_augmentation_v2
There is a waste management problem involving missed recycling-all materials on the main road.,garbage,english,NYC311_seed_controlled_augmentation_v2
Garbage collection is affected by missed collection close to the bus stop.,garbage,english,NYC311_seed_controlled_augmentation_v2
"There is an environmental issue involving oil spill on street, large near the junction. Please resolve this problem as soon as possible.",environment,english,NYC311_seed_controlled_augmentation_v2
The water service is affected by dirty water along the roadside. Please resolve this problem as soon as possible.,water_supply,english,NYC311_seed_controlled_augmentation_v2
There appears to be hydrant leaking near the school.,water_supply,english,NYC311_seed_controlled_augmentation_v2
The electricity service has a problem with street light out in our neighbourhood. Please investigate this issue.,electricity,english,NYC311_seed_controlled_augmentation_v2
People in the area are experiencing unknown odor/taste in drinking water outside our building. We would appreciate assistance with this problem.,water_supply,english,NYC311_seed_controlled_augmentation_v2
There appears to be heavy flow near the public market.,water_supply,english,NYC311_seed_controlled_augmentation_v2
RAIN GARDEN FLOODING is causing drainage problems along the roadside. Residents are requesting assistance.,drainage,english,NYC311_seed_controlled_augmentation_v2
Waste has become a problem due to missed collection near our house. Please investigate this issue.,garbage,english,NYC311_seed_controlled_augmentation_v2
We would like to report failed street repair near the public market. Residents are requesting assistance.,roads,english,NYC311_seed_controlled_augmentation_v2
We are experiencing heavy flow near the hospital.,water_supply,english,NYC311_seed_controlled_augmentation_v2
Please inspect the environmental issue involving asbestos complaint close to the town centre. Please resolve this problem as soon as possible.,environment,english,NYC311_seed_controlled_augmentation_v2
Our area is facing low water pressure on the main road. Please resolve this problem as soon as possible.,water_supply,english,NYC311_seed_controlled_augmentation_v2
Please inspect the electrical issue involving electrical wiring defective/exposed near the junction.,electricity,english,NYC311_seed_controlled_augmentation_v2
There is a water supply issue involving hydrant leaking near the junction. Please send the responsible team to inspect the area.,water_supply,english,NYC311_seed_controlled_augmentation_v2
The electrical system needs attention because of no lighting in the residential area.,electricity,english,NYC311_seed_controlled_augmentation_v2
The area needs cleaning because of missed recycling paper close to the town centre. Residents are requesting assistance.,garbage,english,NYC311_seed_controlled_augmentation_v2
There is catch basin clogged/flooding on the main road.,drainage,english,NYC311_seed_controlled_augmentation_v2
There is a waste management problem involving street cond/dump-out/drop-off in our neighbourhood.,garbage,english,NYC311_seed_controlled_augmentation_v2
"Our area is facing taste/odor, bitter/metallic near the hospital. Please take the necessary action.",water_supply,english,NYC311_seed_controlled_augmentation_v2
unknown odor/taste in drinking water is affecting the local water supply near the junction.,water_supply,english,NYC311_seed_controlled_augmentation_v2
Residents are concerned about chemical spill/release in our neighbourhood. Please take the necessary action.,environment,english,NYC311_seed_controlled_augmentation_v2
"Residents have reported cloudy or milky, other on the main road. Residents are requesting assistance.",water_supply,english,NYC311_seed_controlled_augmentation_v2
"There is an environmental issue involving air: odor/fumes, vehicle idling in our neighbourhood. Please investigate this issue.",environment,english,NYC311_seed_controlled_augmentation_v2
"This environmental problem involves air: dust, construction/demolition close to the bus stop.",environment,english,NYC311_seed_controlled_augmentation_v2
People in the area are affected by street light lamp dim on the main road. Please send the responsible team to inspect the area.,electricity,english,NYC311_seed_controlled_augmentation_v2
The road needs attention because of pothole along the roadside. Residents are requesting assistance.,roads,english,NYC311_seed_controlled_augmentation_v2
The electrical system needs attention because of lamppost knocked down near the public market.,electricity,english,NYC311_seed_controlled_augmentation_v2
Please repair cave-in near the hospital.,roads,english,NYC311_seed_controlled_augmentation_v2
The electricity service has a problem with outlet/switch near the junction. Please send the responsible team to inspect the area.,electricity,english,NYC311_seed_controlled_augmentation_v2
Please repair cave-in near the junction.,roads,english,NYC311_seed_controlled_augmentation_v2
Sewer Backup is causing drainage problems on the main road. Please arrange an inspection.,drainage,english,NYC311_seed_controlled_augmentation_v2
Missed Recycling - M/G/Pl is creating an unsanitary condition outside our building.,garbage,english,NYC311_seed_controlled_augmentation_v2
Drivers are facing problems because of cave-in on the main road.,roads,english,NYC311_seed_controlled_augmentation_v2
The electricity service has a problem with lighting near the school.,electricity,english,NYC311_seed_controlled_augmentation_v2
People nearby have complained about chemical odor near the school.,environment,english,NYC311_seed_controlled_augmentation_v2
The electricity service has a problem with lighting outside our building. Residents are requesting assistance.,electricity,english,NYC311_seed_controlled_augmentation_v2
Residents have complained about improper disposal near the school. This issue needs urgent attention.,garbage,english,NYC311_seed_controlled_augmentation_v2
Residents have complained about dirty sidewalk in our neighbourhood. Please resolve this problem as soon as possible.,garbage,english,NYC311_seed_controlled_augmentation_v2
Curb Defect-Metal Protruding is causing difficulties for vehicles near the junction.,roads,english,NYC311_seed_controlled_augmentation_v2
Please check the water system because of dirty water near the public market.,water_supply,english,NYC311_seed_controlled_augmentation_v2
The road has curb defect-metal protruding in the residential area. Please send the responsible team to inspect the area.,roads,english,NYC311_seed_controlled_augmentation_v2
The drain is causing problems because of sewer backup close to the bus stop. This is causing inconvenience to the public.,drainage,english,NYC311_seed_controlled_augmentation_v2
Please inspect the electrical issue involving no lighting in our neighbourhood. Residents are requesting assistance.,electricity,english,NYC311_seed_controlled_augmentation_v2
There is manhole overflow near the public market. We would appreciate assistance with this problem.,drainage,english,NYC311_seed_controlled_augmentation_v2
Street Cond/Dump-Out/Drop-Off is creating an unsanitary condition near the junction. Please take the necessary action.,garbage,english,NYC311_seed_controlled_augmentation_v2
People nearby have complained about chemical vapors/gases/odors near the public market. This issue needs urgent attention.,environment,english,NYC311_seed_controlled_augmentation_v2
Please resolve the drainage issue involving sewer backup outside our building. Please resolve this problem as soon as possible.,drainage,english,NYC311_seed_controlled_augmentation_v2
Our area is facing slow leak near the hospital.,water_supply,english,NYC311_seed_controlled_augmentation_v2
There is cave-in near the school.,roads,english,NYC311_seed_controlled_augmentation_v2
People nearby have complained about ventilation outside our building. This is causing inconvenience to the public.,environment,english,NYC311_seed_controlled_augmentation_v2
"There is an environmental issue involving oil spill on street, large near the school.",environment,english,NYC311_seed_controlled_augmentation_v2
Please address dirty sidewalk near the public market. Please resolve this problem as soon as possible.,garbage,english,NYC311_seed_controlled_augmentation_v2
Residents have reported lighting near the public market. Please investigate this issue.,electricity,english,NYC311_seed_controlled_augmentation_v2
POWER OUTAGE is affecting the area in the residential area. Please arrange an inspection.,electricity,english,NYC311_seed_controlled_augmentation_v2
Residents have complained about bulk-missed recy collection near our house.,garbage,english,NYC311_seed_controlled_augmentation_v2
Please resolve the drainage issue involving culvert blocked/needs cleaning near the public market. We would appreciate assistance with this problem.,drainage,english,NYC311_seed_controlled_augmentation_v2
Residents are requesting action regarding loose rubbish near the public market. Please take the necessary action.,garbage,english,NYC311_seed_controlled_augmentation_v2
Manhole Overflow is causing drainage problems outside our building.,drainage,english,NYC311_seed_controlled_augmentation_v2
There is street cond/dump-out/drop-off near the junction. We would appreciate assistance with this problem.,garbage,english,NYC311_seed_controlled_augmentation_v2
Residents are reporting catch basin clogged/flooding near our house. Please investigate this issue.,drainage,english,NYC311_seed_controlled_augmentation_v2
We are experiencing an electrical problem involving power outage on the main road. Please investigate this issue.,electricity,english,NYC311_seed_controlled_augmentation_v2
Please resolve the drainage issue involving sewage leak in the residential area. The problem has been continuing for some time.,drainage,english,NYC311_seed_controlled_augmentation_v2
Garbage collection is affected by missed recycling - m/g/pl close to the bus stop. Please resolve this problem as soon as possible.,garbage,english,NYC311_seed_controlled_augmentation_v2
The road needs attention because of wear & tear near the school. The problem has been continuing for some time.,roads,english,NYC311_seed_controlled_augmentation_v2
We are experiencing slow leak near the public market.,water_supply,english,NYC311_seed_controlled_augmentation_v2
Street Flooding is causing drainage problems in our neighbourhood. Residents are requesting assistance.,drainage,english,NYC311_seed_controlled_augmentation_v2
POWER OUTAGE is affecting the area on the main road. Please send the responsible team to inspect the area.,electricity,english,NYC311_seed_controlled_augmentation_v2
Residents are concerned about pothole near the hospital.,roads,english,NYC311_seed_controlled_augmentation_v2
"We have noticed air: odor/fumes, vehicle idling near the public market.",environment,english,NYC311_seed_controlled_augmentation_v2
Garbage collection is affected by dirty area/alleyway outside our building. Please resolve this problem as soon as possible.,garbage,english,NYC311_seed_controlled_augmentation_v2
Please investigate the water problem caused by unknown odor/taste in drinking water close to the town centre. This issue needs urgent attention.,water_supply,english,NYC311_seed_controlled_augmentation_v2
The electricity service has a problem with multiple street lights out near the hospital. Please resolve this problem as soon as possible.,electricity,english,NYC311_seed_controlled_augmentation_v2
Pothole - Highway is causing difficulties for vehicles near the public market. Please resolve this problem as soon as possible.,roads,english,NYC311_seed_controlled_augmentation_v2
"Residents are concerned about air: smoke, chimney or vent near the junction.",environment,english,NYC311_seed_controlled_augmentation_v2
There is a water supply issue involving unknown odor/taste in drinking water in our neighbourhood. Please investigate this issue.,water_supply,english,NYC311_seed_controlled_augmentation_v2
The drain is causing problems because of sewage leak near the public market. Please resolve this problem as soon as possible.,drainage,english,NYC311_seed_controlled_augmentation_v2
The road has pothole close to the town centre. Please arrange an inspection.,roads,english,NYC311_seed_controlled_augmentation_v2
Please send a technician because of outlet/switch on the main road. Please take the necessary action.,electricity,english,NYC311_seed_controlled_augmentation_v2
The drain is causing problems because of culvert blocked/needs cleaning near the junction.,drainage,english,NYC311_seed_controlled_augmentation_v2
The drain is causing problems because of culvert blocked/needs cleaning near the school.,drainage,english,NYC311_seed_controlled_augmentation_v2
Please resolve the drainage issue involving culvert blocked/needs cleaning near the hospital. Please arrange an inspection.,drainage,english,NYC311_seed_controlled_augmentation_v2
Residents are concerned about curb defect-metal protruding near our house. This issue needs urgent attention.,roads,english,NYC311_seed_controlled_augmentation_v2
The drain is causing problems because of sewage leak outside our building. The problem has been continuing for some time.,drainage,english,NYC311_seed_controlled_augmentation_v2
Residents have complained about missed collection near the junction. The problem has been continuing for some time.,garbage,english,NYC311_seed_controlled_augmentation_v2
Please repair wear & tear in the residential area. This issue needs urgent attention.,roads,english,NYC311_seed_controlled_augmentation_v2
"We have noticed unsafe chemical, abandoned near the school. Please resolve this problem as soon as possible.",environment,english,NYC311_seed_controlled_augmentation_v2
The electricity service has a problem with no lighting close to the town centre. Residents are requesting assistance.,electricity,english,NYC311_seed_controlled_augmentation_v2
POWER OUTAGE is affecting the area in our neighbourhood.,electricity,english,NYC311_seed_controlled_augmentation_v2
There appears to be outlet/switch in the residential area.,electricity,english,NYC311_seed_controlled_augmentation_v2
The road needs attention because of curb defect-metal protruding near the public market. Please arrange an inspection.,roads,english,NYC311_seed_controlled_augmentation_v2
We are experiencing dirty water near the hospital.,water_supply,english,NYC311_seed_controlled_augmentation_v2
Please address missed recycling - m/g/pl close to the bus stop. This is causing inconvenience to the public.,garbage,english,NYC311_seed_controlled_augmentation_v2
We are experiencing an electrical problem involving multiple street lights out along the roadside.,electricity,english,NYC311_seed_controlled_augmentation_v2
Please inspect the environmental issue involving chemical spill/release on the main road.,environment,english,NYC311_seed_controlled_augmentation_v2
There is a waste management problem involving missed collection close to the bus stop. Residents are requesting assistance.,garbage,english,NYC311_seed_controlled_augmentation_v2
We would like to report defective hardware close to the town centre. Please resolve this problem as soon as possible.,roads,english,NYC311_seed_controlled_augmentation_v2
The area needs cleaning because of street cond/dump-out/drop-off outside our building. This is causing inconvenience to the public.,garbage,english,NYC311_seed_controlled_augmentation_v2
Residents have reported power outage on the main road. This issue needs urgent attention.,electricity,english,NYC311_seed_controlled_augmentation_v2
"This environmental problem involves air: dust, other near the public market. This is causing inconvenience to the public.",environment,english,NYC311_seed_controlled_augmentation_v2
Residents have reported electrical wiring defective/exposed near the public market.,electricity,english,NYC311_seed_controlled_augmentation_v2
There is a waste management problem involving street cond/dump-out/drop-off near the school. Please take the necessary action.,garbage,english,NYC311_seed_controlled_augmentation_v2
Our area is facing damp spot close to the bus stop.,water_supply,english,NYC311_seed_controlled_augmentation_v2
Please investigate the water problem caused by unknown odor/taste in drinking water near our house. The problem has been continuing for some time.,water_supply,english,NYC311_seed_controlled_augmentation_v2
Drivers are facing problems because of wear & tear on the main road.,roads,english,NYC311_seed_controlled_augmentation_v2
"Please repair rough, pitted or cracked roads close to the bus stop. Please send the responsible team to inspect the area.",roads,english,NYC311_seed_controlled_augmentation_v2
The electricity service has a problem with street light lamp dim outside our building. Please send the responsible team to inspect the area.,electricity,english,NYC311_seed_controlled_augmentation_v2
Please inspect the electrical issue involving street light out close to the bus stop. Please send the responsible team to inspect the area.,electricity,english,NYC311_seed_controlled_augmentation_v2
"Residents are requesting action regarding oil spill on street, large near the public market. This issue needs urgent attention.",environment,english,NYC311_seed_controlled_augmentation_v2
Please resolve the drainage issue involving culvert blocked/needs cleaning near the junction. Please investigate this issue.,drainage,english,NYC311_seed_controlled_augmentation_v2
Our area is facing leak near the junction.,water_supply,english,NYC311_seed_controlled_augmentation_v2
We need assistance with sewer or drain in our neighbourhood. Please arrange an inspection.,drainage,english,NYC311_seed_controlled_augmentation_v2
There appears to be dirty water on the main road.,water_supply,english,NYC311_seed_controlled_augmentation_v2
Please send a technician because of lamppost knocked down close to the bus stop.,electricity,english,NYC311_seed_controlled_augmentation_v2
Please investigate air: other air problem near the school. Residents are requesting assistance.,environment,english,NYC311_seed_controlled_augmentation_v2
"People nearby have complained about oil spill on street, large near the school. This is causing inconvenience to the public.",environment,english,NYC311_seed_controlled_augmentation_v2
Residents have complained about missed recycling paper in our neighbourhood. Please take the necessary action.,garbage,english,NYC311_seed_controlled_augmentation_v2
We are experiencing an electrical problem involving street light lamp dim close to the bus stop. This is causing inconvenience to the public.,electricity,english,NYC311_seed_controlled_augmentation_v2
Residents are reporting sewage leak outside our building. Please send the responsible team to inspect the area.,drainage,english,NYC311_seed_controlled_augmentation_v2
"Please investigate air: smoke, vehicular in the residential area. Please send the responsible team to inspect the area.",environment,english,NYC311_seed_controlled_augmentation_v2
"Air: Smoke, Vehicular is affecting the surrounding environment outside our building.",environment,english,NYC311_seed_controlled_augmentation_v2
People in the area are experiencing slow leak close to the bus stop. Residents are requesting assistance.,water_supply,english,NYC311_seed_controlled_augmentation_v2
Missed Recycling - M/G/Pl is creating an unsanitary condition in the residential area. Please send the responsible team to inspect the area.,garbage,english,NYC311_seed_controlled_augmentation_v2
Please arrange cleaning because of dirty sidewalk outside our building. This is causing inconvenience to the public.,garbage,english,NYC311_seed_controlled_augmentation_v2
Please investigate the water problem caused by unknown odor/taste in drinking water near our house. This issue needs urgent attention.,water_supply,english,NYC311_seed_controlled_augmentation_v2
There is street flooding near our house. Please resolve this problem as soon as possible.,drainage,english,NYC311_seed_controlled_augmentation_v2
The electricity service has a problem with outlet/switch near our house.,electricity,english,NYC311_seed_controlled_augmentation_v2
Residents are requesting action regarding chemical vapors/gases/odors along the roadside. This issue needs urgent attention.,environment,english,NYC311_seed_controlled_augmentation_v2
WIRING is affecting the area on the main road.,electricity,english,NYC311_seed_controlled_augmentation_v2
Ponding is causing drainage problems on the main road. Please send the responsible team to inspect the area.,drainage,english,NYC311_seed_controlled_augmentation_v2
Drivers are facing problems because of pothole outside our building. Please send the responsible team to inspect the area.,roads,english,NYC311_seed_controlled_augmentation_v2
Sewage Leak is causing drainage problems outside our building. The problem has been continuing for some time.,drainage,english,NYC311_seed_controlled_augmentation_v2
The road needs attention because of cave-in near our house. Please take the necessary action.,roads,english,NYC311_seed_controlled_augmentation_v2
Garbage collection is affected by dirty sidewalk close to the bus stop. Please send the responsible team to inspect the area.,garbage,english,NYC311_seed_controlled_augmentation_v2
Residents have complained about bulk-missed collection near the hospital.,garbage,english,NYC311_seed_controlled_augmentation_v2
There is missed recycling paper close to the bus stop. Please investigate this issue.,garbage,english,NYC311_seed_controlled_augmentation_v2
There is a water supply issue involving hydrant leaking close to the town centre. This is causing inconvenience to the public.,water_supply,english,NYC311_seed_controlled_augmentation_v2
There is broken curb on the main road. The problem has been continuing for some time.,roads,english,NYC311_seed_controlled_augmentation_v2
Pothole is causing difficulties for vehicles close to the town centre.,roads,english,NYC311_seed_controlled_augmentation_v2
"Please investigate the water problem caused by taste/odor, bitter/metallic near our house. Residents are requesting assistance.",water_supply,english,NYC311_seed_controlled_augmentation_v2
The area needs cleaning because of bulk-missed collection near the hospital.,garbage,english,NYC311_seed_controlled_augmentation_v2
Please arrange cleaning because of street cond/dump-out/drop-off close to the bus stop. Please investigate this issue.,garbage,english,NYC311_seed_controlled_augmentation_v2
The drainage issue appears to involve street flooding near the junction. Please resolve this problem as soon as possible.,drainage,english,NYC311_seed_controlled_augmentation_v2
The electricity service has a problem with wiring near the junction. Residents are requesting assistance.,electricity,english,NYC311_seed_controlled_augmentation_v2
"Please investigate oil spill on street, small near the public market. Please take the necessary action.",environment,english,NYC311_seed_controlled_augmentation_v2
We are experiencing an electrical problem involving lamppost knocked down near the hospital. Please resolve this problem as soon as possible.,electricity,english,NYC311_seed_controlled_augmentation_v2
Please resolve the drainage issue involving street flooding outside our building.,drainage,english,NYC311_seed_controlled_augmentation_v2
Residents are reporting street flooding outside our building. Please send the responsible team to inspect the area.,drainage,english,NYC311_seed_controlled_augmentation_v2
Garbage collection is affected by receptacle violation near the public market. The problem has been continuing for some time.,garbage,english,NYC311_seed_controlled_augmentation_v2
"Taste/Odor, Bitter/Metallic is affecting the local water supply near the hospital.",water_supply,english,NYC311_seed_controlled_augmentation_v2
Please inspect the drain because of ponding near the hospital. Please send the responsible team to inspect the area.,drainage,english,NYC311_seed_controlled_augmentation_v2
The drainage issue appears to involve catch basin clogged/flooding on the main road. Please resolve this problem as soon as possible.,drainage,english,NYC311_seed_controlled_augmentation_v2
The electrical system needs attention because of street light lamp dim outside our building.,electricity,english,NYC311_seed_controlled_augmentation_v2
Please inspect the drain because of manhole overflow on the main road.,drainage,english,NYC311_seed_controlled_augmentation_v2
Dirty Sidewalk is creating an unsanitary condition near the school. Residents are requesting assistance.,garbage,english,NYC311_seed_controlled_augmentation_v2
People in the area are affected by power outage in our neighbourhood.,electricity,english,NYC311_seed_controlled_augmentation_v2
Please send a technician because of multiple street lights out outside our building.,electricity,english,NYC311_seed_controlled_augmentation_v2
The electricity service has a problem with street light out along the roadside. This is causing inconvenience to the public.,electricity,english,NYC311_seed_controlled_augmentation_v2
Residents have reported multiple street lights out near the public market.,electricity,english,NYC311_seed_controlled_augmentation_v2
"Please repair rough, pitted or cracked roads outside our building.",roads,english,NYC311_seed_controlled_augmentation_v2
The road needs attention because of pothole - highway near the school. Please resolve this problem as soon as possible.,roads,english,NYC311_seed_controlled_augmentation_v2
The electricity service has a problem with electrical wiring defective/exposed near our house. This issue needs urgent attention.,electricity,english,NYC311_seed_controlled_augmentation_v2
The area is affected by ventilation near our house. Please send the responsible team to inspect the area.,environment,english,NYC311_seed_controlled_augmentation_v2
We need assistance with ponding near our house. This issue needs urgent attention.,drainage,english,NYC311_seed_controlled_augmentation_v2
Vehicles are being affected by broken curb near the public market.,roads,english,NYC311_seed_controlled_augmentation_v2
Residents have complained about missed recycling paper near the public market. Please send the responsible team to inspect the area.,garbage,english,NYC311_seed_controlled_augmentation_v2
Please investigate the water problem caused by slow leak outside our building. Please send the responsible team to inspect the area.,water_supply,english,NYC311_seed_controlled_augmentation_v2
Residents are concerned about asbestos complaint outside our building. Please investigate this issue.,environment,english,NYC311_seed_controlled_augmentation_v2
There appears to be no lighting in our neighbourhood. Please investigate this issue.,electricity,english,NYC311_seed_controlled_augmentation_v2
"Oil Spill On Street, Small is affecting the surrounding environment outside our building.",environment,english,NYC311_seed_controlled_augmentation_v2
There is a waste management problem involving bulk-missed recy collection close to the town centre. Please arrange an inspection.,garbage,english,NYC311_seed_controlled_augmentation_v2
Catch Basin Clogged/Flooding is causing drainage problems close to the town centre. The problem has been continuing for some time.,drainage,english,NYC311_seed_controlled_augmentation_v2
Please repair broken curb along the roadside. Please resolve this problem as soon as possible.,roads,english,NYC311_seed_controlled_augmentation_v2
We would like to report curb defect-metal protruding on the main road. Please take the necessary action.,roads,english,NYC311_seed_controlled_augmentation_v2
Waste has become a problem due to street cond/dump-out/drop-off close to the town centre.,garbage,english,NYC311_seed_controlled_augmentation_v2
The road surface is damaged due to defective hardware near our house. Residents are requesting assistance.,roads,english,NYC311_seed_controlled_augmentation_v2
The electrical system needs attention because of power outage near the hospital. Please resolve this problem as soon as possible.,electricity,english,NYC311_seed_controlled_augmentation_v2
Please repair cave-in near our house. Please send the responsible team to inspect the area.,roads,english,NYC311_seed_controlled_augmentation_v2
There is no lighting near the hospital. Please send the responsible team to inspect the area.,electricity,english,NYC311_seed_controlled_augmentation_v2
The road surface is damaged due to curb defect-metal protruding near the public market.,roads,english,NYC311_seed_controlled_augmentation_v2
There appears to be unknown odor/taste in drinking water on the main road.,water_supply,english,NYC311_seed_controlled_augmentation_v2
Please address bulk-missed collection near the school. We would appreciate assistance with this problem.,garbage,english,NYC311_seed_controlled_augmentation_v2
People in the area are affected by lamppost wire exposed near our house.,electricity,english,NYC311_seed_controlled_augmentation_v2
"Taste/Odor, Bitter/Metallic is affecting the local water supply close to the bus stop.",water_supply,english,NYC311_seed_controlled_augmentation_v2
"Please check the water system because of cloudy or milky, other near our house. Residents are requesting assistance.",water_supply,english,NYC311_seed_controlled_augmentation_v2
This environmental problem involves chemical spill/release outside our building. Please resolve this problem as soon as possible.,environment,english,NYC311_seed_controlled_augmentation_v2
"Please investigate the water problem caused by taste/odor, chlorine on the main road.",water_supply,english,NYC311_seed_controlled_augmentation_v2
Garbage collection is affected by receptacle violation near the school. Please resolve this problem as soon as possible.,garbage,english,NYC311_seed_controlled_augmentation_v2
We would like to report cave-in near our house. The problem has been continuing for some time.,roads,english,NYC311_seed_controlled_augmentation_v2
Please inspect the drain because of sewage odor in our neighbourhood.,drainage,english,NYC311_seed_controlled_augmentation_v2
The road has broken curb near the school. This is causing inconvenience to the public.,roads,english,NYC311_seed_controlled_augmentation_v2
The drainage system is affected by sewer or drain near the school. Please take the necessary action.,drainage,english,NYC311_seed_controlled_augmentation_v2
Residents have complained about loose rubbish along the roadside. Please arrange an inspection.,garbage,english,NYC311_seed_controlled_augmentation_v2
There appears to be unknown odor/taste in drinking water in our neighbourhood. Please send the responsible team to inspect the area.,water_supply,english,NYC311_seed_controlled_augmentation_v2
Wastewater problems have occurred due to sewage odor on the main road. Please arrange an inspection.,drainage,english,NYC311_seed_controlled_augmentation_v2
Please inspect the drain because of rain garden flooding near our house.,drainage,english,NYC311_seed_controlled_augmentation_v2
"The area is affected by unsafe chemical, storage in the residential area.",environment,english,NYC311_seed_controlled_augmentation_v2
"Residents are concerned about air: odor/fumes, restaurant near our house. Please investigate this issue.",environment,english,NYC311_seed_controlled_augmentation_v2
Residents have complained about missed recycling - m/g/pl on the main road.,garbage,english,NYC311_seed_controlled_augmentation_v2
Improper Disposal is creating an unsanitary condition near the public market. Please take the necessary action.,garbage,english,NYC311_seed_controlled_augmentation_v2
Residents are requesting action regarding bulk-missed collection along the roadside.,garbage,english,NYC311_seed_controlled_augmentation_v2
"Residents are concerned about rough, pitted or cracked roads near the junction. We would appreciate assistance with this problem.",roads,english,NYC311_seed_controlled_augmentation_v2
Garbage collection is affected by improper disposal near the junction. Please investigate this issue.,garbage,english,NYC311_seed_controlled_augmentation_v2
There is an environmental issue involving air: other air problem outside our building. Please send the responsible team to inspect the area.,environment,english,NYC311_seed_controlled_augmentation_v2
The drainage issue appears to involve culvert blocked/needs cleaning along the roadside. This is causing inconvenience to the public.,drainage,english,NYC311_seed_controlled_augmentation_v2
The water service is affected by no water near our house. The problem has been continuing for some time.,water_supply,english,NYC311_seed_controlled_augmentation_v2
"This environmental problem involves oil spill on street, large near the public market. The problem has been continuing for some time.",environment,english,NYC311_seed_controlled_augmentation_v2
We are experiencing an electrical problem involving no lighting in our neighbourhood. Please take the necessary action.,electricity,english,NYC311_seed_controlled_augmentation_v2
"Please investigate air: odor/fumes, restaurant near the hospital. Please investigate this issue.",environment,english,NYC311_seed_controlled_augmentation_v2
Our area is facing heavy flow close to the town centre. Residents are requesting assistance.,water_supply,english,NYC311_seed_controlled_augmentation_v2
The electricity service has a problem with lighting near the junction. This issue needs urgent attention.,electricity,english,NYC311_seed_controlled_augmentation_v2
Please arrange cleaning because of missed recycling - m/g/pl close to the town centre. This is causing inconvenience to the public.,garbage,english,NYC311_seed_controlled_augmentation_v2
Please repair pothole - highway near the public market.,roads,english,NYC311_seed_controlled_augmentation_v2
Missed Recycling - M/G/Pl is creating an unsanitary condition near the hospital.,garbage,english,NYC311_seed_controlled_augmentation_v2
"Unsafe Chemical, Abandoned is affecting the surrounding environment outside our building.",environment,english,NYC311_seed_controlled_augmentation_v2
"Taste/Odor, Bitter/Metallic is affecting the local water supply on the main road. Please arrange an inspection.",water_supply,english,NYC311_seed_controlled_augmentation_v2
"Please investigate the water problem caused by cloudy or milky, other in the residential area. The problem has been continuing for some time.",water_supply,english,NYC311_seed_controlled_augmentation_v2
"Residents have reported taste/odor, bitter/metallic near the public market. Please take the necessary action.",water_supply,english,NYC311_seed_controlled_augmentation_v2
We are experiencing an electrical problem involving lamppost knocked down near the public market.,electricity,english,NYC311_seed_controlled_augmentation_v2
Garbage collection is affected by missed recycling paper close to the town centre. We would appreciate assistance with this problem.,garbage,english,NYC311_seed_controlled_augmentation_v2
The drainage issue appears to involve rain garden flooding near the hospital. Please resolve this problem as soon as possible.,drainage,english,NYC311_seed_controlled_augmentation_v2
We have noticed large number of mosquitoes near the junction. Please resolve this problem as soon as possible.,environment,english,NYC311_seed_controlled_augmentation_v2
"Please investigate the water problem caused by cloudy or milky, other along the roadside.",water_supply,english,NYC311_seed_controlled_augmentation_v2
"Please investigate oil spill on street, large along the roadside. Please resolve this problem as soon as possible.",environment,english,NYC311_seed_controlled_augmentation_v2
The electricity service has a problem with outlet/switch near the junction. Please arrange an inspection.,electricity,english,NYC311_seed_controlled_augmentation_v2
There is a waste management problem involving missed collection in the residential area.,garbage,english,NYC311_seed_controlled_augmentation_v2
"Vehicles are being affected by rough, pitted or cracked roads near the school. We would appreciate assistance with this problem.",roads,english,NYC311_seed_controlled_augmentation_v2
We would like to report pothole along the roadside.,roads,english,NYC311_seed_controlled_augmentation_v2
Curb Defect-Metal Protruding is causing difficulties for vehicles along the roadside. Please investigate this issue.,roads,english,NYC311_seed_controlled_augmentation_v2
Residents are requesting action regarding bulk-missed collection along the roadside. Please arrange an inspection.,garbage,english,NYC311_seed_controlled_augmentation_v2
Wastewater problems have occurred due to street flooding outside our building. The problem has been continuing for some time.,drainage,english,NYC311_seed_controlled_augmentation_v2
Residents are concerned about defective hardware near the junction. Residents are requesting assistance.,roads,english,NYC311_seed_controlled_augmentation_v2
Garbage collection is affected by missed recycling-all materials near the public market. Please send the responsible team to inspect the area.,garbage,english,NYC311_seed_controlled_augmentation_v2
We need assistance with sewer backup outside our building. We would appreciate assistance with this problem.,drainage,english,NYC311_seed_controlled_augmentation_v2
There appears to be lighting on the main road.,electricity,english,NYC311_seed_controlled_augmentation_v2
We would like to report failed street repair on the main road. Please take the necessary action.,roads,english,NYC311_seed_controlled_augmentation_v2
The road needs attention because of broken curb close to the town centre.,roads,english,NYC311_seed_controlled_augmentation_v2
The electrical system needs attention because of lamppost knocked down in the residential area. The problem has been continuing for some time.,electricity,english,NYC311_seed_controlled_augmentation_v2
"Please investigate air: smoke, chimney or vent near the hospital.",environment,english,NYC311_seed_controlled_augmentation_v2
Residents have reported power outage in our neighbourhood. This is causing inconvenience to the public.,electricity,english,NYC311_seed_controlled_augmentation_v2
Cave-in is causing difficulties for vehicles near the school. Please take the necessary action.,roads,english,NYC311_seed_controlled_augmentation_v2
Residents have reported lamppost knocked down in the residential area. The problem has been continuing for some time.,electricity,english,NYC311_seed_controlled_augmentation_v2
Failed Street Repair is causing difficulties for vehicles on the main road. We would appreciate assistance with this problem.,roads,english,NYC311_seed_controlled_augmentation_v2
The electricity service has a problem with electrical wiring defective/exposed near the junction.,electricity,english,NYC311_seed_controlled_augmentation_v2
People in the area are experiencing damp spot near the hospital.,water_supply,english,NYC311_seed_controlled_augmentation_v2
"Our area is facing taste/odor, chlorine close to the bus stop.",water_supply,english,NYC311_seed_controlled_augmentation_v2
The drainage system is affected by catch basin clogged/flooding in our neighbourhood.,drainage,english,NYC311_seed_controlled_augmentation_v2
WIRING is affecting the area outside our building.,electricity,english,NYC311_seed_controlled_augmentation_v2
The drain is causing problems because of sewer backup near the public market. Please investigate this issue.,drainage,english,NYC311_seed_controlled_augmentation_v2
There is a water supply issue involving no water close to the bus stop. This is causing inconvenience to the public.,water_supply,english,NYC311_seed_controlled_augmentation_v2
Please inspect the environmental issue involving ventilation near our house. Please resolve this problem as soon as possible.,environment,english,NYC311_seed_controlled_augmentation_v2
The drainage system is affected by rain garden flooding close to the town centre. Please arrange an inspection.,drainage,english,NYC311_seed_controlled_augmentation_v2
There is pothole in our neighbourhood. The problem has been continuing for some time.,roads,english,NYC311_seed_controlled_augmentation_v2
People in the area are affected by lighting in the residential area.,electricity,english,NYC311_seed_controlled_augmentation_v2
There is sewage leak on the main road. This is causing inconvenience to the public.,drainage,english,NYC311_seed_controlled_augmentation_v2
Ponding is causing drainage problems on the main road.,drainage,english,NYC311_seed_controlled_augmentation_v2
"We are experiencing taste/odor, chlorine in the residential area. Residents are requesting assistance.",water_supply,english,NYC311_seed_controlled_augmentation_v2
Please repair wear & tear in the residential area.,roads,english,NYC311_seed_controlled_augmentation_v2
Please arrange cleaning because of dirty area/alleyway near the hospital. This issue needs urgent attention.,garbage,english,NYC311_seed_controlled_augmentation_v2
The drainage issue appears to involve rain garden flooding near the public market.,drainage,english,NYC311_seed_controlled_augmentation_v2
The electricity service has a problem with lighting near the hospital. The problem has been continuing for some time.,electricity,english,NYC311_seed_controlled_augmentation_v2
Residents have reported multiple street lights out near our house.,electricity,english,NYC311_seed_controlled_augmentation_v2
The road needs attention because of broken curb near the junction. Please arrange an inspection.,roads,english,NYC311_seed_controlled_augmentation_v2
There is electrical wiring defective/exposed near the public market. We would appreciate assistance with this problem.,electricity,english,NYC311_seed_controlled_augmentation_v2
Pothole is causing difficulties for vehicles near the school.,roads,english,NYC311_seed_controlled_augmentation_v2
Residents are requesting action regarding bulk-missed collection on the main road. The problem has been continuing for some time.,garbage,english,NYC311_seed_controlled_augmentation_v2
We need assistance with sewer backup in our neighbourhood. This is causing inconvenience to the public.,drainage,english,NYC311_seed_controlled_augmentation_v2
Residents have complained about improper disposal close to the bus stop. Please take the necessary action.,garbage,english,NYC311_seed_controlled_augmentation_v2
There appears to be electrical wiring defective/exposed near the hospital. This issue needs urgent attention.,electricity,english,NYC311_seed_controlled_augmentation_v2
The road surface is damaged due to curb defect-metal protruding along the roadside. Please arrange an inspection.,roads,english,NYC311_seed_controlled_augmentation_v2
The electricity service has a problem with wiring near our house. Please investigate this issue.,electricity,english,NYC311_seed_controlled_augmentation_v2
Drivers are facing problems because of defective hardware near our house. Please send the responsible team to inspect the area.,roads,english,NYC311_seed_controlled_augmentation_v2
People in the area are affected by lamppost wire exposed close to the bus stop. Please resolve this problem as soon as possible.,electricity,english,NYC311_seed_controlled_augmentation_v2
People in the area are experiencing leak near our house.,water_supply,english,NYC311_seed_controlled_augmentation_v2
There appears to be power outage in our neighbourhood. Please investigate this issue.,electricity,english,NYC311_seed_controlled_augmentation_v2
"Please check the water system because of taste/odor, chlorine outside our building. Please resolve this problem as soon as possible.",water_supply,english,NYC311_seed_controlled_augmentation_v2
Please inspect the electrical issue involving street light lamp dim outside our building. Residents are requesting assistance.,electricity,english,NYC311_seed_controlled_augmentation_v2
We are experiencing hydrant leaking near our house. Please resolve this problem as soon as possible.,water_supply,english,NYC311_seed_controlled_augmentation_v2
Please arrange cleaning because of missed collection along the roadside. This is causing inconvenience to the public.,garbage,english,NYC311_seed_controlled_augmentation_v2
There is an environmental issue involving chemical spill/release near our house. Please send the responsible team to inspect the area.,environment,english,NYC311_seed_controlled_augmentation_v2
There is missed recycling paper along the roadside.,garbage,english,NYC311_seed_controlled_augmentation_v2
The road has pothole near our house. Please investigate this issue.,roads,english,NYC311_seed_controlled_augmentation_v2
Please investigate the water problem caused by low water pressure near our house. This is causing inconvenience to the public.,water_supply,english,NYC311_seed_controlled_augmentation_v2
People in the area are affected by street light lamp dim near the junction. Please investigate this issue.,electricity,english,NYC311_seed_controlled_augmentation_v2
Please arrange cleaning because of dirty area/alleyway in the residential area.,garbage,english,NYC311_seed_controlled_augmentation_v2
We need assistance with catch basin clogged/flooding near the public market. Please send the responsible team to inspect the area.,drainage,english,NYC311_seed_controlled_augmentation_v2
Residents are requesting action regarding missed recycling-all materials in our neighbourhood. We would appreciate assistance with this problem.,garbage,english,NYC311_seed_controlled_augmentation_v2
There appears to be no lighting on the main road. This issue needs urgent attention.,electricity,english,NYC311_seed_controlled_augmentation_v2
Please address missed collection near our house. Residents are requesting assistance.,garbage,english,NYC311_seed_controlled_augmentation_v2
There is sewage leak near the public market. Residents are requesting assistance.,drainage,english,NYC311_seed_controlled_augmentation_v2
The drainage system is affected by sewage odor close to the town centre.,drainage,english,NYC311_seed_controlled_augmentation_v2
Residents have reported lamppost knocked down outside our building. Please send the responsible team to inspect the area.,electricity,english,NYC311_seed_controlled_augmentation_v2
We are experiencing an electrical problem involving multiple street lights out near the public market. We would appreciate assistance with this problem.,electricity,english,NYC311_seed_controlled_augmentation_v2
"We have noticed oil spill on street, large in the residential area.",environment,english,NYC311_seed_controlled_augmentation_v2
Residents have reported slow leak near the hospital.,water_supply,english,NYC311_seed_controlled_augmentation_v2
Wastewater problems have occurred due to manhole overflow along the roadside. This is causing inconvenience to the public.,drainage,english,NYC311_seed_controlled_augmentation_v2
We need assistance with sewage odor near the school. Please arrange an inspection.,drainage,english,NYC311_seed_controlled_augmentation_v2
The road surface is damaged due to cave-in near the hospital. Please take the necessary action.,roads,english,NYC311_seed_controlled_augmentation_v2
Please inspect the electrical issue involving lamppost wire exposed close to the town centre.,electricity,english,NYC311_seed_controlled_augmentation_v2
Waste has become a problem due to dirty sidewalk outside our building.,garbage,english,NYC311_seed_controlled_augmentation_v2
"Residents are concerned about air: smoke, vehicular close to the bus stop. Residents are requesting assistance.",environment,english,NYC311_seed_controlled_augmentation_v2
The drain is causing problems because of manhole overflow close to the town centre. Please investigate this issue.,drainage,english,NYC311_seed_controlled_augmentation_v2
Residents have reported lighting along the roadside. Please arrange an inspection.,electricity,english,NYC311_seed_controlled_augmentation_v2
Garbage collection is affected by missed recycling - m/g/pl near the school.,garbage,english,NYC311_seed_controlled_augmentation_v2
People in the area are affected by street light lamp dim near the school. Please investigate this issue.,electricity,english,NYC311_seed_controlled_augmentation_v2
Please inspect the drain because of sewer or drain near the hospital. Please arrange an inspection.,drainage,english,NYC311_seed_controlled_augmentation_v2
"This environmental problem involves oil spill on street, large close to the town centre. Please investigate this issue.",environment,english,NYC311_seed_controlled_augmentation_v2
We have noticed chemical spill/release close to the bus stop. Please resolve this problem as soon as possible.,environment,english,NYC311_seed_controlled_augmentation_v2
"People nearby have complained about air: dust, other in the residential area. Please investigate this issue.",environment,english,NYC311_seed_controlled_augmentation_v2
The electrical system needs attention because of no lighting near the junction.,electricity,english,NYC311_seed_controlled_augmentation_v2
The drainage issue appears to involve rain garden flooding in the residential area. Please investigate this issue.,drainage,english,NYC311_seed_controlled_augmentation_v2
We would like to report cave-in in our neighbourhood. Residents are requesting assistance.,roads,english,NYC311_seed_controlled_augmentation_v2
The water service is affected by hydrant leaking near the school. We would appreciate assistance with this problem.,water_supply,english,NYC311_seed_controlled_augmentation_v2
OUTLET/SWITCH is affecting the area in the residential area.,electricity,english,NYC311_seed_controlled_augmentation_v2
"Residents have reported cloudy or milky, other close to the bus stop.",water_supply,english,NYC311_seed_controlled_augmentation_v2
Chemical Vapors/Gases/Odors is affecting the surrounding environment near the public market. The problem has been continuing for some time.,environment,english,NYC311_seed_controlled_augmentation_v2
There appears to be power outage near the hospital. This issue needs urgent attention.,electricity,english,NYC311_seed_controlled_augmentation_v2
Residents have reported street light out near the public market.,electricity,english,NYC311_seed_controlled_augmentation_v2
Garbage collection is affected by missed recycling paper near our house.,garbage,english,NYC311_seed_controlled_augmentation_v2
Residents are concerned about curb defect-metal protruding near the junction. This issue needs urgent attention.,roads,english,NYC311_seed_controlled_augmentation_v2
The area needs cleaning because of loose rubbish in our neighbourhood. Please send the responsible team to inspect the area.,garbage,english,NYC311_seed_controlled_augmentation_v2
Street Light Lamp Dim is affecting the area near the public market.,electricity,english,NYC311_seed_controlled_augmentation_v2
People in the area are affected by no lighting near the hospital. Please resolve this problem as soon as possible.,electricity,english,NYC311_seed_controlled_augmentation_v2
There is a water supply issue involving low water pressure near the school. The problem has been continuing for some time.,water_supply,english,NYC311_seed_controlled_augmentation_v2
There is sewage odor near our house. This issue needs urgent attention.,drainage,english,NYC311_seed_controlled_augmentation_v2
Wastewater problems have occurred due to sewer backup outside our building. Please arrange an inspection.,drainage,english,NYC311_seed_controlled_augmentation_v2
Multiple Street Lights Out is affecting the area near the junction. This issue needs urgent attention.,electricity,english,NYC311_seed_controlled_augmentation_v2
There is lamppost knocked down on the main road.,electricity,english,NYC311_seed_controlled_augmentation_v2
There is a water supply issue involving dirty water near the public market. Please send the responsible team to inspect the area.,water_supply,english,NYC311_seed_controlled_augmentation_v2
The drainage issue appears to involve catch basin clogged/flooding near our house. This is causing inconvenience to the public.,drainage,english,NYC311_seed_controlled_augmentation_v2
Residents have reported unknown odor/taste in drinking water on the main road. Residents are requesting assistance.,water_supply,english,NYC311_seed_controlled_augmentation_v2
Please inspect the drain because of street flooding near the hospital. Please send the responsible team to inspect the area.,drainage,english,NYC311_seed_controlled_augmentation_v2
We would like to report wear & tear close to the bus stop. The problem has been continuing for some time.,roads,english,NYC311_seed_controlled_augmentation_v2
Street Light Out is affecting the area outside our building.,electricity,english,NYC311_seed_controlled_augmentation_v2
Please inspect the drain because of sewer backup near the hospital. Please resolve this problem as soon as possible.,drainage,english,NYC311_seed_controlled_augmentation_v2
"Air: Odor/Fumes, Restaurant is affecting the surrounding environment near our house. We would appreciate assistance with this problem.",environment,english,NYC311_seed_controlled_augmentation_v2
There appears to be street light out along the roadside.,electricity,english,NYC311_seed_controlled_augmentation_v2
"The area is affected by air: dust, construction/demolition near our house. Residents are requesting assistance.",environment,english,NYC311_seed_controlled_augmentation_v2
"Please check the water system because of cloudy or milky, other close to the town centre. Please arrange an inspection.",water_supply,english,NYC311_seed_controlled_augmentation_v2
The road has cave-in near the school.,roads,english,NYC311_seed_controlled_augmentation_v2
Street Light Out is affecting the area near the junction. Please arrange an inspection.,electricity,english,NYC311_seed_controlled_augmentation_v2
There is curb defect-metal protruding near the junction.,roads,english,NYC311_seed_controlled_augmentation_v2
Residents have reported no lighting outside our building. Residents are requesting assistance.,electricity,english,NYC311_seed_controlled_augmentation_v2
Bulk-Missed Collection is creating an unsanitary condition close to the bus stop. Please resolve this problem as soon as possible.,garbage,english,NYC311_seed_controlled_augmentation_v2
Residents are reporting catch basin clogged/flooding in our neighbourhood. We would appreciate assistance with this problem.,drainage,english,NYC311_seed_controlled_augmentation_v2
There is electrical wiring defective/exposed near our house.,electricity,english,NYC311_seed_controlled_augmentation_v2
Drivers are facing problems because of curb defect-metal protruding close to the town centre. Residents are requesting assistance.,roads,english,NYC311_seed_controlled_augmentation_v2
Please resolve the drainage issue involving manhole overflow close to the town centre. Please investigate this issue.,drainage,english,NYC311_seed_controlled_augmentation_v2
There appears to be lamppost knocked down in our neighbourhood.,electricity,english,NYC311_seed_controlled_augmentation_v2
Please repair defective hardware near our house. Please resolve this problem as soon as possible.,roads,english,NYC311_seed_controlled_augmentation_v2
Residents have reported wiring near our house.,electricity,english,NYC311_seed_controlled_augmentation_v2
Electrical Wiring Defective/Exposed is affecting the area near the school. Residents are requesting assistance.,electricity,english,NYC311_seed_controlled_augmentation_v2
There is pothole close to the town centre. This is causing inconvenience to the public.,roads,english,NYC311_seed_controlled_augmentation_v2
Please address bulk-missed recy collection near the school. Please investigate this issue.,garbage,english,NYC311_seed_controlled_augmentation_v2
Please address loose rubbish along the roadside. This is causing inconvenience to the public.,garbage,english,NYC311_seed_controlled_augmentation_v2
Residents are concerned about wear & tear outside our building. The problem has been continuing for some time.,roads,english,NYC311_seed_controlled_augmentation_v2
The road has pothole - highway near the school.,roads,english,NYC311_seed_controlled_augmentation_v2
Residents are concerned about failed street repair near the school. This issue needs urgent attention.,roads,english,NYC311_seed_controlled_augmentation_v2
Residents are concerned about failed street repair near the junction. Please investigate this issue.,roads,english,NYC311_seed_controlled_augmentation_v2
Street Cond/Dump-Out/Drop-Off is creating an unsanitary condition near the school. Please send the responsible team to inspect the area.,garbage,english,NYC311_seed_controlled_augmentation_v2
"There is an environmental issue involving unsafe chemical, storage close to the town centre. Residents are requesting assistance.",environment,english,NYC311_seed_controlled_augmentation_v2
Multiple Street Lights Out is affecting the area close to the town centre. Please investigate this issue.,electricity,english,NYC311_seed_controlled_augmentation_v2
Please resolve the drainage issue involving sewer backup near the school. Please resolve this problem as soon as possible.,drainage,english,NYC311_seed_controlled_augmentation_v2
The road needs attention because of wear & tear near the public market. Please investigate this issue.,roads,english,NYC311_seed_controlled_augmentation_v2
People in the area are affected by outlet/switch outside our building. Please investigate this issue.,electricity,english,NYC311_seed_controlled_augmentation_v2
Please resolve the drainage issue involving sewage leak close to the bus stop. Please take the necessary action.,drainage,english,NYC311_seed_controlled_augmentation_v2
Residents have complained about loose rubbish along the roadside. Residents are requesting assistance.,garbage,english,NYC311_seed_controlled_augmentation_v2
The electricity service has a problem with multiple street lights out near the hospital. Residents are requesting assistance.,electricity,english,NYC311_seed_controlled_augmentation_v2
The road needs attention because of broken curb near our house. The problem has been continuing for some time.,roads,english,NYC311_seed_controlled_augmentation_v2
There is a waste management problem involving missed recycling-all materials in our neighbourhood. Please resolve this problem as soon as possible.,garbage,english,NYC311_seed_controlled_augmentation_v2
Residents have complained about missed recycling paper near the hospital.,garbage,english,NYC311_seed_controlled_augmentation_v2
"We are experiencing cloudy or milky, other near the school. Residents are requesting assistance.",water_supply,english,NYC311_seed_controlled_augmentation_v2
People in the area are affected by outlet/switch on the main road. Please arrange an inspection.,electricity,english,NYC311_seed_controlled_augmentation_v2
We need assistance with sewer backup along the roadside. The problem has been continuing for some time.,drainage,english,NYC311_seed_controlled_augmentation_v2
People nearby have complained about chemical spill/release outside our building.,environment,english,NYC311_seed_controlled_augmentation_v2
Please address dirty sidewalk in the residential area. Residents are requesting assistance.,garbage,english,NYC311_seed_controlled_augmentation_v2
"Residents are concerned about rough, pitted or cracked roads close to the bus stop. Please send the responsible team to inspect the area.",roads,english,NYC311_seed_controlled_augmentation_v2
There is wiring outside our building.,electricity,english,NYC311_seed_controlled_augmentation_v2
Please check the water system because of unknown odor/taste in drinking water on the main road. Please arrange an inspection.,water_supply,english,NYC311_seed_controlled_augmentation_v2
"People nearby have complained about air: dust, construction/demolition on the main road. This issue needs urgent attention.",environment,english,NYC311_seed_controlled_augmentation_v2
"The area is affected by unsafe chemical, abandoned outside our building.",environment,english,NYC311_seed_controlled_augmentation_v2
Wastewater problems have occurred due to sewer backup along the roadside.,drainage,english,NYC311_seed_controlled_augmentation_v2
"Residents are concerned about air: dust, construction/demolition near our house. The problem has been continuing for some time.",environment,english,NYC311_seed_controlled_augmentation_v2
The electricity service has a problem with power outage near our house.,electricity,english,NYC311_seed_controlled_augmentation_v2
"There is rough, pitted or cracked roads close to the bus stop. The problem has been continuing for some time.",roads,english,NYC311_seed_controlled_augmentation_v2
There appears to be street light lamp dim near the school. We would appreciate assistance with this problem.,electricity,english,NYC311_seed_controlled_augmentation_v2
Residents have reported street light out in our neighbourhood. This is causing inconvenience to the public.,electricity,english,NYC311_seed_controlled_augmentation_v2
Please resolve the drainage issue involving sewage odor near our house. Please send the responsible team to inspect the area.,drainage,english,NYC311_seed_controlled_augmentation_v2
Please repair failed street repair outside our building.,roads,english,NYC311_seed_controlled_augmentation_v2
There is failed street repair in the residential area. This is causing inconvenience to the public.,roads,english,NYC311_seed_controlled_augmentation_v2
Wastewater problems have occurred due to ponding on the main road.,drainage,english,NYC311_seed_controlled_augmentation_v2
Our area is facing slow leak along the roadside. Residents are requesting assistance.,water_supply,english,NYC311_seed_controlled_augmentation_v2
There appears to be lamppost wire exposed along the roadside.,electricity,english,NYC311_seed_controlled_augmentation_v2
Please investigate the water problem caused by possible water main break along the roadside. Please send the responsible team to inspect the area.,water_supply,english,NYC311_seed_controlled_augmentation_v2
Please inspect the electrical issue involving no lighting close to the town centre.,electricity,english,NYC311_seed_controlled_augmentation_v2
There is a water supply issue involving possible water main break near the school. This is causing inconvenience to the public.,water_supply,english,NYC311_seed_controlled_augmentation_v2
There is street flooding near the school.,drainage,english,NYC311_seed_controlled_augmentation_v2
Dirty Sidewalk is creating an unsanitary condition close to the town centre. Please send the responsible team to inspect the area.,garbage,english,NYC311_seed_controlled_augmentation_v2
Please investigate the water problem caused by unknown odor/taste in drinking water close to the bus stop.,water_supply,english,NYC311_seed_controlled_augmentation_v2
"The area is affected by air: smoke, chimney or vent near our house. Please take the necessary action.",environment,english,NYC311_seed_controlled_augmentation_v2
Please inspect the environmental issue involving chemical spill/release in the residential area. Please send the responsible team to inspect the area.,environment,english,NYC311_seed_controlled_augmentation_v2
Residents are requesting action regarding asbestos complaint near the junction. We would appreciate assistance with this problem.,environment,english,NYC311_seed_controlled_augmentation_v2
OUTLET/SWITCH is affecting the area near the school. This issue needs urgent attention.,electricity,english,NYC311_seed_controlled_augmentation_v2
Please address missed recycling - m/g/pl close to the bus stop.,garbage,english,NYC311_seed_controlled_augmentation_v2
"Please investigate air: smoke, chimney or vent near our house.",environment,english,NYC311_seed_controlled_augmentation_v2
Residents have complained about street cond/dump-out/drop-off along the roadside. This issue needs urgent attention.,garbage,english,NYC311_seed_controlled_augmentation_v2
Residents are concerned about air: other air problem on the main road. Please resolve this problem as soon as possible.,environment,english,NYC311_seed_controlled_augmentation_v2
The road needs attention because of wear & tear on the main road. Please arrange an inspection.,roads,english,NYC311_seed_controlled_augmentation_v2
Curb Defect-Metal Protruding is causing difficulties for vehicles near the hospital.,roads,english,NYC311_seed_controlled_augmentation_v2
Residents have complained about bulk-missed recy collection near the hospital.,garbage,english,NYC311_seed_controlled_augmentation_v2
Please arrange cleaning because of improper disposal on the main road. We would appreciate assistance with this problem.,garbage,english,NYC311_seed_controlled_augmentation_v2
Residents are concerned about chemical spill/release in the residential area.,environment,english,NYC311_seed_controlled_augmentation_v2
Please check the water system because of hydrant leaking near the school. Please resolve this problem as soon as possible.,water_supply,english,NYC311_seed_controlled_augmentation_v2
People in the area are affected by street light lamp dim close to the town centre.,electricity,english,NYC311_seed_controlled_augmentation_v2
Please resolve the drainage issue involving sewer or drain along the roadside.,drainage,english,NYC311_seed_controlled_augmentation_v2
No Water is affecting the local water supply near the public market.,water_supply,english,NYC311_seed_controlled_augmentation_v2
There is street light out near the junction. Please resolve this problem as soon as possible.,electricity,english,NYC311_seed_controlled_augmentation_v2
Asbestos Complaint is affecting the surrounding environment near the junction.,environment,english,NYC311_seed_controlled_augmentation_v2
We need assistance with manhole overflow close to the town centre.,drainage,english,NYC311_seed_controlled_augmentation_v2
Dirty Area/Alleyway is creating an unsanitary condition near our house. Please resolve this problem as soon as possible.,garbage,english,NYC311_seed_controlled_augmentation_v2
Please resolve the drainage issue involving rain garden flooding in the residential area. Please resolve this problem as soon as possible.,drainage,english,NYC311_seed_controlled_augmentation_v2
We have noticed chemical spill/release close to the bus stop.,environment,english,NYC311_seed_controlled_augmentation_v2
There is sewage odor in our neighbourhood. Please investigate this issue.,drainage,english,NYC311_seed_controlled_augmentation_v2
There is a waste management problem involving missed collection near our house. Please send the responsible team to inspect the area.,garbage,english,NYC311_seed_controlled_augmentation_v2
WIRING is affecting the area in our neighbourhood. Please take the necessary action.,electricity,english,NYC311_seed_controlled_augmentation_v2
The drainage system is affected by sewage odor near the public market.,drainage,english,NYC311_seed_controlled_augmentation_v2
"Residents are requesting action regarding air: smoke, vehicular close to the town centre. This is causing inconvenience to the public.",environment,english,NYC311_seed_controlled_augmentation_v2
Wastewater problems have occurred due to street flooding near our house. This issue needs urgent attention.,drainage,english,NYC311_seed_controlled_augmentation_v2
Please inspect the electrical issue involving lighting close to the bus stop.,electricity,english,NYC311_seed_controlled_augmentation_v2
Residents are concerned about defective hardware near the hospital. We would appreciate assistance with this problem.,roads,english,NYC311_seed_controlled_augmentation_v2
People nearby have complained about asbestos complaint near the hospital. The problem has been continuing for some time.,environment,english,NYC311_seed_controlled_augmentation_v2
People in the area are experiencing damp spot on the main road. Please resolve this problem as soon as possible.,water_supply,english,NYC311_seed_controlled_augmentation_v2
Please check the water system because of low water pressure near the hospital.,water_supply,english,NYC311_seed_controlled_augmentation_v2
Residents are requesting action regarding dirty sidewalk outside our building. Please resolve this problem as soon as possible.,garbage,english,NYC311_seed_controlled_augmentation_v2
There appears to be no water near the hospital.,water_supply,english,NYC311_seed_controlled_augmentation_v2
"Please check the water system because of cloudy or milky, other near our house. The problem has been continuing for some time.",water_supply,english,NYC311_seed_controlled_augmentation_v2
The area is affected by chemical vapors/gases/odors close to the town centre.,environment,english,NYC311_seed_controlled_augmentation_v2
There is lamppost knocked down near the junction. The problem has been continuing for some time.,electricity,english,NYC311_seed_controlled_augmentation_v2
There is a waste management problem involving loose rubbish on the main road. Please take the necessary action.,garbage,english,NYC311_seed_controlled_augmentation_v2
The road surface is damaged due to cave-in near the school. Please take the necessary action.,roads,english,NYC311_seed_controlled_augmentation_v2
There is a water supply issue involving heavy flow in the residential area. The problem has been continuing for some time.,water_supply,english,NYC311_seed_controlled_augmentation_v2
Wastewater problems have occurred due to culvert blocked/needs cleaning close to the bus stop.,drainage,english,NYC311_seed_controlled_augmentation_v2
Wastewater problems have occurred due to street flooding on the main road. Please take the necessary action.,drainage,english,NYC311_seed_controlled_augmentation_v2
"People nearby have complained about oil spill on street, small near the hospital. The problem has been continuing for some time.",environment,english,NYC311_seed_controlled_augmentation_v2
Please inspect the electrical issue involving power outage near the junction. This is causing inconvenience to the public.,electricity,english,NYC311_seed_controlled_augmentation_v2
The road has cave-in outside our building. We would appreciate assistance with this problem.,roads,english,NYC311_seed_controlled_augmentation_v2
There is an environmental issue involving chemical vapors/gases/odors near the school.,environment,english,NYC311_seed_controlled_augmentation_v2
Please investigate the water problem caused by low water pressure close to the town centre.,water_supply,english,NYC311_seed_controlled_augmentation_v2
Residents are requesting action regarding loose rubbish close to the bus stop.,garbage,english,NYC311_seed_controlled_augmentation_v2
Residents are concerned about curb defect-metal protruding near the school. This is causing inconvenience to the public.,roads,english,NYC311_seed_controlled_augmentation_v2
Please investigate the water problem caused by leak on the main road.,water_supply,english,NYC311_seed_controlled_augmentation_v2
The water service is affected by leak in the residential area.,water_supply,english,NYC311_seed_controlled_augmentation_v2
There is street light lamp dim near the junction.,electricity,english,NYC311_seed_controlled_augmentation_v2
Ponding is causing drainage problems near the school. We would appreciate assistance with this problem.,drainage,english,NYC311_seed_controlled_augmentation_v2
"Please investigate unsafe chemical, storage near the hospital.",environment,english,NYC311_seed_controlled_augmentation_v2
Residents have complained about receptacle violation close to the bus stop.,garbage,english,NYC311_seed_controlled_augmentation_v2
Please inspect the environmental issue involving ventilation along the roadside. Please arrange an inspection.,environment,english,NYC311_seed_controlled_augmentation_v2
"Please inspect the environmental issue involving air: smoke, vehicular close to the bus stop.",environment,english,NYC311_seed_controlled_augmentation_v2
The drainage system is affected by street flooding near the school.,drainage,english,NYC311_seed_controlled_augmentation_v2
Residents are reporting ponding near the junction.,drainage,english,NYC311_seed_controlled_augmentation_v2
Please address bulk-missed collection close to the town centre. This issue needs urgent attention.,garbage,english,NYC311_seed_controlled_augmentation_v2
Residents have reported lighting near the public market. This is causing inconvenience to the public.,electricity,english,NYC311_seed_controlled_augmentation_v2
Garbage collection is affected by street cond/dump-out/drop-off close to the bus stop. We would appreciate assistance with this problem.,garbage,english,NYC311_seed_controlled_augmentation_v2
Leak is affecting the local water supply on the main road. This is causing inconvenience to the public.,water_supply,english,NYC311_seed_controlled_augmentation_v2
Drivers are facing problems because of failed street repair on the main road.,roads,english,NYC311_seed_controlled_augmentation_v2
Please resolve the drainage issue involving street flooding near the school. Residents are requesting assistance.,drainage,english,NYC311_seed_controlled_augmentation_v2
Please resolve the drainage issue involving ponding outside our building.,drainage,english,NYC311_seed_controlled_augmentation_v2
Pothole - Highway is causing difficulties for vehicles outside our building. Please take the necessary action.,roads,english,NYC311_seed_controlled_augmentation_v2
Wastewater problems have occurred due to street flooding on the main road. The problem has been continuing for some time.,drainage,english,NYC311_seed_controlled_augmentation_v2
Please resolve the drainage issue involving manhole overflow along the roadside. Please investigate this issue.,drainage,english,NYC311_seed_controlled_augmentation_v2
There is bulk-missed recy collection near the hospital. Please arrange an inspection.,garbage,english,NYC311_seed_controlled_augmentation_v2
Residents have reported lamppost knocked down in the residential area.,electricity,english,NYC311_seed_controlled_augmentation_v2
The drainage system is affected by sewage leak near the hospital.,drainage,english,NYC311_seed_controlled_augmentation_v2
There is a waste management problem involving dirty sidewalk close to the bus stop.,garbage,english,NYC311_seed_controlled_augmentation_v2
People in the area are affected by lamppost wire exposed outside our building.,electricity,english,NYC311_seed_controlled_augmentation_v2
The area needs cleaning because of improper disposal along the roadside.,garbage,english,NYC311_seed_controlled_augmentation_v2
There is a waste management problem involving bulk-missed collection near our house. Please arrange an inspection.,garbage,english,NYC311_seed_controlled_augmentation_v2
The drainage issue appears to involve rain garden flooding close to the town centre. Please take the necessary action.,drainage,english,NYC311_seed_controlled_augmentation_v2
Please inspect the environmental issue involving chemical spill/release outside our building. This issue needs urgent attention.,environment,english,NYC311_seed_controlled_augmentation_v2
There is sewage leak in our neighbourhood. This issue needs urgent attention.,drainage,english,NYC311_seed_controlled_augmentation_v2
"Vehicles are being affected by rough, pitted or cracked roads close to the town centre.",roads,english,NYC311_seed_controlled_augmentation_v2
Street Flooding is causing drainage problems near the public market. We would appreciate assistance with this problem.,drainage,english,NYC311_seed_controlled_augmentation_v2
The road needs attention because of pothole - highway near the junction. Please arrange an inspection.,roads,english,NYC311_seed_controlled_augmentation_v2
"Please inspect the environmental issue involving air: dust, construction/demolition on the main road. Please investigate this issue.",environment,english,NYC311_seed_controlled_augmentation_v2
Please send a technician because of street light out close to the bus stop.,electricity,english,NYC311_seed_controlled_augmentation_v2
Chemical Vapors/Gases/Odors is affecting the surrounding environment near the junction.,environment,english,NYC311_seed_controlled_augmentation_v2
Please address dirty area/alleyway in the residential area. Please send the responsible team to inspect the area.,garbage,english,NYC311_seed_controlled_augmentation_v2
Broken Curb is causing difficulties for vehicles close to the bus stop. We would appreciate assistance with this problem.,roads,english,NYC311_seed_controlled_augmentation_v2
There appears to be heavy flow near the school. Please arrange an inspection.,water_supply,english,NYC311_seed_controlled_augmentation_v2
The electricity service has a problem with electrical wiring defective/exposed outside our building. We would appreciate assistance with this problem.,electricity,english,NYC311_seed_controlled_augmentation_v2
Please inspect the environmental issue involving chemical vapors/gases/odors close to the town centre.,environment,english,NYC311_seed_controlled_augmentation_v2
We would like to report pothole - highway close to the town centre. This is causing inconvenience to the public.,roads,english,NYC311_seed_controlled_augmentation_v2
The road surface is damaged due to pothole - highway near the school.,roads,english,NYC311_seed_controlled_augmentation_v2
The road has broken curb in our neighbourhood. We would appreciate assistance with this problem.,roads,english,NYC311_seed_controlled_augmentation_v2
Residents are reporting sewer backup near the school.,drainage,english,NYC311_seed_controlled_augmentation_v2
"Air: Dust, Other is affecting the surrounding environment near the junction. Residents are requesting assistance.",environment,english,NYC311_seed_controlled_augmentation_v2
Our area is facing heavy flow near our house.,water_supply,english,NYC311_seed_controlled_augmentation_v2
We are experiencing possible water main break near the school. The problem has been continuing for some time.,water_supply,english,NYC311_seed_controlled_augmentation_v2
The road needs attention because of failed street repair close to the town centre. This issue needs urgent attention.,roads,english,NYC311_seed_controlled_augmentation_v2
Residents have reported possible water main break outside our building. This issue needs urgent attention.,water_supply,english,NYC311_seed_controlled_augmentation_v2
"We would like to report rough, pitted or cracked roads outside our building.",roads,english,NYC311_seed_controlled_augmentation_v2
There is lamppost knocked down near the public market. Please send the responsible team to inspect the area.,electricity,english,NYC311_seed_controlled_augmentation_v2
There is pothole - highway near the hospital. This issue needs urgent attention.,roads,english,NYC311_seed_controlled_augmentation_v2
Residents are requesting action regarding bulk-missed recy collection outside our building.,garbage,english,NYC311_seed_controlled_augmentation_v2
The water service is affected by slow leak along the roadside.,water_supply,english,NYC311_seed_controlled_augmentation_v2
The drain is causing problems because of sewer backup along the roadside. Please arrange an inspection.,drainage,english,NYC311_seed_controlled_augmentation_v2
Pothole is causing difficulties for vehicles near the junction.,roads,english,NYC311_seed_controlled_augmentation_v2
Please repair wear & tear close to the bus stop. Please arrange an inspection.,roads,english,NYC311_seed_controlled_augmentation_v2
Pothole - Highway is causing difficulties for vehicles near our house. Please arrange an inspection.,roads,english,NYC311_seed_controlled_augmentation_v2
"There is a water supply issue involving cloudy or milky, other in our neighbourhood. Please investigate this issue.",water_supply,english,NYC311_seed_controlled_augmentation_v2
We would like to report failed street repair near our house. Please take the necessary action.,roads,english,NYC311_seed_controlled_augmentation_v2
There is street cond/dump-out/drop-off near the hospital.,garbage,english,NYC311_seed_controlled_augmentation_v2
"People in the area are experiencing taste/odor, bitter/metallic near the school.",water_supply,english,NYC311_seed_controlled_augmentation_v2
Residents have complained about receptacle violation along the roadside. Please arrange an inspection.,garbage,english,NYC311_seed_controlled_augmentation_v2
Please repair pothole near the school. Please take the necessary action.,roads,english,NYC311_seed_controlled_augmentation_v2
There is a waste management problem involving improper disposal close to the town centre. This issue needs urgent attention.,garbage,english,NYC311_seed_controlled_augmentation_v2
There appears to be multiple street lights out near the junction. This issue needs urgent attention.,electricity,english,NYC311_seed_controlled_augmentation_v2
Please check the water system because of possible water main break in the residential area. The problem has been continuing for some time.,water_supply,english,NYC311_seed_controlled_augmentation_v2
Residents are concerned about broken curb near the public market.,roads,english,NYC311_seed_controlled_augmentation_v2
The drainage system is affected by sewage odor close to the bus stop. This is causing inconvenience to the public.,drainage,english,NYC311_seed_controlled_augmentation_v2
We are experiencing low water pressure near the junction. Please arrange an inspection.,water_supply,english,NYC311_seed_controlled_augmentation_v2
People in the area are affected by lighting close to the town centre. Please resolve this problem as soon as possible.,electricity,english,NYC311_seed_controlled_augmentation_v2
The electricity service has a problem with wiring in our neighbourhood.,electricity,english,NYC311_seed_controlled_augmentation_v2
unknown odor/taste in drinking water is affecting the local water supply in our neighbourhood.,water_supply,english,NYC311_seed_controlled_augmentation_v2
There is a waste management problem involving bulk-missed recy collection close to the bus stop. Residents are requesting assistance.,garbage,english,NYC311_seed_controlled_augmentation_v2
The area is affected by chemical vapors/gases/odors outside our building. This issue needs urgent attention.,environment,english,NYC311_seed_controlled_augmentation_v2
Residents have reported heavy flow on the main road.,water_supply,english,NYC311_seed_controlled_augmentation_v2
The electrical system needs attention because of power outage along the roadside.,electricity,english,NYC311_seed_controlled_augmentation_v2
Please resolve the drainage issue involving sewage odor along the roadside. This issue needs urgent attention.,drainage,english,NYC311_seed_controlled_augmentation_v2
The road surface is damaged due to defective hardware near the junction.,roads,english,NYC311_seed_controlled_augmentation_v2
Garbage collection is affected by missed recycling-all materials near the school.,garbage,english,NYC311_seed_controlled_augmentation_v2
"There appears to be cloudy or milky, other near the school. The problem has been continuing for some time.",water_supply,english,NYC311_seed_controlled_augmentation_v2
Residents are reporting sewage odor near the hospital. We would appreciate assistance with this problem.,drainage,english,NYC311_seed_controlled_augmentation_v2
We are experiencing slow leak close to the bus stop. Residents are requesting assistance.,water_supply,english,NYC311_seed_controlled_augmentation_v2
"Please inspect the environmental issue involving oil spill on street, small close to the town centre.",environment,english,NYC311_seed_controlled_augmentation_v2
The water service is affected by low water pressure close to the bus stop. We would appreciate assistance with this problem.,water_supply,english,NYC311_seed_controlled_augmentation_v2
The drain is causing problems because of ponding along the roadside. This is causing inconvenience to the public.,drainage,english,NYC311_seed_controlled_augmentation_v2
DAMP SPOT is affecting the local water supply near the junction. We would appreciate assistance with this problem.,water_supply,english,NYC311_seed_controlled_augmentation_v2
There is wear & tear in our neighbourhood.,roads,english,NYC311_seed_controlled_augmentation_v2
The drain is causing problems because of street flooding along the roadside.,drainage,english,NYC311_seed_controlled_augmentation_v2
Please investigate the water problem caused by damp spot near the public market.,water_supply,english,NYC311_seed_controlled_augmentation_v2
There is an environmental issue involving air: other air problem near our house. This is causing inconvenience to the public.,environment,english,NYC311_seed_controlled_augmentation_v2
Residents have reported possible water main break in our neighbourhood.,water_supply,english,NYC311_seed_controlled_augmentation_v2
The road surface is damaged due to broken curb near the junction. Please take the necessary action.,roads,english,NYC311_seed_controlled_augmentation_v2
There is sewage odor on the main road. Please send the responsible team to inspect the area.,drainage,english,NYC311_seed_controlled_augmentation_v2
There is sewer backup outside our building. Please resolve this problem as soon as possible.,drainage,english,NYC311_seed_controlled_augmentation_v2
The drainage system is affected by street flooding in our neighbourhood. Please take the necessary action.,drainage,english,NYC311_seed_controlled_augmentation_v2
"Residents are requesting action regarding air: smoke, vehicular near our house. We would appreciate assistance with this problem.",environment,english,NYC311_seed_controlled_augmentation_v2
We are experiencing an electrical problem involving lamppost wire exposed outside our building. Please arrange an inspection.,electricity,english,NYC311_seed_controlled_augmentation_v2
Large Number of Mosquitoes is affecting the surrounding environment on the main road.,environment,english,NYC311_seed_controlled_augmentation_v2
The road surface is damaged due to curb defect-metal protruding near the school. Please investigate this issue.,roads,english,NYC311_seed_controlled_augmentation_v2
Residents are reporting catch basin clogged/flooding near our house. Please arrange an inspection.,drainage,english,NYC311_seed_controlled_augmentation_v2
"Please inspect the environmental issue involving air: smoke, chimney or vent near the junction.",environment,english,NYC311_seed_controlled_augmentation_v2
People in the area are experiencing hydrant leaking outside our building. The problem has been continuing for some time.,water_supply,english,NYC311_seed_controlled_augmentation_v2
There appears to be lamppost wire exposed close to the town centre.,electricity,english,NYC311_seed_controlled_augmentation_v2
We are experiencing low water pressure near our house.,water_supply,english,NYC311_seed_controlled_augmentation_v2
Please repair pothole - highway close to the bus stop.,roads,english,NYC311_seed_controlled_augmentation_v2
Residents are requesting action regarding bulk-missed collection on the main road.,garbage,english,NYC311_seed_controlled_augmentation_v2
"Residents have reported cloudy or milky, other near the school.",water_supply,english,NYC311_seed_controlled_augmentation_v2
Residents are requesting action regarding ventilation on the main road. The problem has been continuing for some time.,environment,english,NYC311_seed_controlled_augmentation_v2
Missed Collection is creating an unsanitary condition near the hospital. Please investigate this issue.,garbage,english,NYC311_seed_controlled_augmentation_v2
We are experiencing an electrical problem involving no lighting near the junction.,electricity,english,NYC311_seed_controlled_augmentation_v2
"People in the area are experiencing cloudy or milky, other close to the town centre. This issue needs urgent attention.",water_supply,english,NYC311_seed_controlled_augmentation_v2
"Residents are concerned about air: dust, construction/demolition in our neighbourhood.",environment,english,NYC311_seed_controlled_augmentation_v2
There is a waste management problem involving missed collection near the hospital. Please investigate this issue.,garbage,english,NYC311_seed_controlled_augmentation_v2
Garbage collection is affected by missed recycling - m/g/pl along the roadside.,garbage,english,NYC311_seed_controlled_augmentation_v2
Please resolve the drainage issue involving manhole overflow near the hospital. The problem has been continuing for some time.,drainage,english,NYC311_seed_controlled_augmentation_v2
This environmental problem involves air: other air problem along the roadside. Residents are requesting assistance.,environment,english,NYC311_seed_controlled_augmentation_v2
Wastewater problems have occurred due to sewer or drain near our house. We would appreciate assistance with this problem.,drainage,english,NYC311_seed_controlled_augmentation_v2
Drivers are facing problems because of pothole - highway in the residential area. Please resolve this problem as soon as possible.,roads,english,NYC311_seed_controlled_augmentation_v2
Residents have reported damp spot close to the town centre. Please take the necessary action.,water_supply,english,NYC311_seed_controlled_augmentation_v2
People in the area are affected by street light lamp dim outside our building.,electricity,english,NYC311_seed_controlled_augmentation_v2
We are experiencing an electrical problem involving lighting in the residential area. Residents are requesting assistance.,electricity,english,NYC311_seed_controlled_augmentation_v2
Drivers are facing problems because of broken curb near the junction. Please send the responsible team to inspect the area.,roads,english,NYC311_seed_controlled_augmentation_v2
Residents are requesting action regarding asbestos complaint along the roadside. Please take the necessary action.,environment,english,NYC311_seed_controlled_augmentation_v2
There is street light lamp dim near the hospital. We would appreciate assistance with this problem.,electricity,english,NYC311_seed_controlled_augmentation_v2
We are experiencing hydrant leaking near the hospital. Please resolve this problem as soon as possible.,water_supply,english,NYC311_seed_controlled_augmentation_v2
People nearby have complained about large number of mosquitoes in the residential area.,environment,english,NYC311_seed_controlled_augmentation_v2
The area needs cleaning because of receptacle violation near the school. Please investigate this issue.,garbage,english,NYC311_seed_controlled_augmentation_v2
"Unsafe Chemical, Storage is affecting the surrounding environment outside our building. Please investigate this issue.",environment,english,NYC311_seed_controlled_augmentation_v2
"The area is affected by oil spill on street, small outside our building. This issue needs urgent attention.",environment,english,NYC311_seed_controlled_augmentation_v2
Residents have complained about street cond/dump-out/drop-off close to the town centre. Please investigate this issue.,garbage,english,NYC311_seed_controlled_augmentation_v2
Possible Water Main Break is affecting the local water supply outside our building. Please resolve this problem as soon as possible.,water_supply,english,NYC311_seed_controlled_augmentation_v2
Residents are requesting action regarding dirty sidewalk near the public market. Residents are requesting assistance.,garbage,english,NYC311_seed_controlled_augmentation_v2
We have noticed chemical vapors/gases/odors near the school. We would appreciate assistance with this problem.,environment,english,NYC311_seed_controlled_augmentation_v2
Residents have complained about loose rubbish near the public market.,garbage,english,NYC311_seed_controlled_augmentation_v2
There is bulk-missed collection near our house.,garbage,english,NYC311_seed_controlled_augmentation_v2
Residents are requesting action regarding bulk-missed collection near our house. Residents are requesting assistance.,garbage,english,NYC311_seed_controlled_augmentation_v2
There is broken curb near our house. Residents are requesting assistance.,roads,english,NYC311_seed_controlled_augmentation_v2
Waste has become a problem due to missed recycling-all materials in our neighbourhood.,garbage,english,NYC311_seed_controlled_augmentation_v2
Residents are concerned about wear & tear outside our building. Please investigate this issue.,roads,english,NYC311_seed_controlled_augmentation_v2
There is a water supply issue involving leak close to the bus stop. Please resolve this problem as soon as possible.,water_supply,english,NYC311_seed_controlled_augmentation_v2
The electrical system needs attention because of no lighting near our house. We would appreciate assistance with this problem.,electricity,english,NYC311_seed_controlled_augmentation_v2
Drivers are facing problems because of curb defect-metal protruding close to the town centre.,roads,english,NYC311_seed_controlled_augmentation_v2
Wastewater problems have occurred due to manhole overflow near the junction. Please take the necessary action.,drainage,english,NYC311_seed_controlled_augmentation_v2
The drainage issue appears to involve street flooding along the roadside. The problem has been continuing for some time.,drainage,english,NYC311_seed_controlled_augmentation_v2
"We have noticed air: smoke, vehicular on the main road.",environment,english,NYC311_seed_controlled_augmentation_v2
Wear & Tear is causing difficulties for vehicles near the public market.,roads,english,NYC311_seed_controlled_augmentation_v2
Waste has become a problem due to missed recycling paper near the school. We would appreciate assistance with this problem.,garbage,english,NYC311_seed_controlled_augmentation_v2
The area needs cleaning because of missed recycling paper close to the bus stop. Please investigate this issue.,garbage,english,NYC311_seed_controlled_augmentation_v2
Residents have reported damp spot along the roadside. This is causing inconvenience to the public.,water_supply,english,NYC311_seed_controlled_augmentation_v2
Vehicles are being affected by pothole along the roadside. Residents are requesting assistance.,roads,english,NYC311_seed_controlled_augmentation_v2
There is loose rubbish along the roadside.,garbage,english,NYC311_seed_controlled_augmentation_v2
"Rough, Pitted or Cracked Roads is causing difficulties for vehicles near the hospital.",roads,english,NYC311_seed_controlled_augmentation_v2
"Taste/Odor, Bitter/Metallic is affecting the local water supply near the public market.",water_supply,english,NYC311_seed_controlled_augmentation_v2
The drain is causing problems because of culvert blocked/needs cleaning along the roadside. We would appreciate assistance with this problem.,drainage,english,NYC311_seed_controlled_augmentation_v2
The electrical system needs attention because of multiple street lights out along the roadside. Please take the necessary action.,electricity,english,NYC311_seed_controlled_augmentation_v2
The electrical system needs attention because of lamppost wire exposed near the public market. This issue needs urgent attention.,electricity,english,NYC311_seed_controlled_augmentation_v2
Residents are reporting sewage leak near the school.,drainage,english,NYC311_seed_controlled_augmentation_v2
"We have noticed oil spill on street, large near our house. Residents are requesting assistance.",environment,english,NYC311_seed_controlled_augmentation_v2
"The water service is affected by taste/odor, chlorine in our neighbourhood.",water_supply,english,NYC311_seed_controlled_augmentation_v2
Vehicles are being affected by pothole - highway near the junction. We would appreciate assistance with this problem.,roads,english,NYC311_seed_controlled_augmentation_v2
There is street light out in the residential area.,electricity,english,NYC311_seed_controlled_augmentation_v2
Defective Hardware is causing difficulties for vehicles close to the town centre. Please investigate this issue.,roads,english,NYC311_seed_controlled_augmentation_v2
Residents are reporting street flooding close to the bus stop.,drainage,english,NYC311_seed_controlled_augmentation_v2
Missed Recycling-All Materials is creating an unsanitary condition outside our building. We would appreciate assistance with this problem.,garbage,english,NYC311_seed_controlled_augmentation_v2
Please arrange cleaning because of missed recycling paper outside our building. Please take the necessary action.,garbage,english,NYC311_seed_controlled_augmentation_v2
The drainage system is affected by manhole overflow near our house.,drainage,english,NYC311_seed_controlled_augmentation_v2
"Please check the water system because of cloudy or milky, other outside our building. The problem has been continuing for some time.",water_supply,english,NYC311_seed_controlled_augmentation_v2
"Cloudy Or Milky, Other is affecting the local water supply near the junction.",water_supply,english,NYC311_seed_controlled_augmentation_v2
Residents have reported hydrant leaking in our neighbourhood.,water_supply,english,NYC311_seed_controlled_augmentation_v2
"We would like to report rough, pitted or cracked roads near our house. Please investigate this issue.",roads,english,NYC311_seed_controlled_augmentation_v2
"We are experiencing cloudy or milky, other on the main road.",water_supply,english,NYC311_seed_controlled_augmentation_v2
Residents have complained about bulk-missed recy collection in our neighbourhood. Please investigate this issue.,garbage,english,NYC311_seed_controlled_augmentation_v2
The drainage issue appears to involve sewage odor in our neighbourhood.,drainage,english,NYC311_seed_controlled_augmentation_v2
There is an environmental issue involving asbestos complaint near the public market.,environment,english,NYC311_seed_controlled_augmentation_v2
The area needs cleaning because of bulk-missed recy collection outside our building.,garbage,english,NYC311_seed_controlled_augmentation_v2
Please address dirty area/alleyway near the hospital. The problem has been continuing for some time.,garbage,english,NYC311_seed_controlled_augmentation_v2
Residents are concerned about chemical vapors/gases/odors near the junction.,environment,english,NYC311_seed_controlled_augmentation_v2
Residents are requesting action regarding loose rubbish near the junction. Please resolve this problem as soon as possible.,garbage,english,NYC311_seed_controlled_augmentation_v2
"The road needs attention because of rough, pitted or cracked roads near the junction.",roads,english,NYC311_seed_controlled_augmentation_v2
Please investigate air: other air problem close to the town centre.,environment,english,NYC311_seed_controlled_augmentation_v2
OUTLET/SWITCH is affecting the area in our neighbourhood. Please arrange an inspection.,electricity,english,NYC311_seed_controlled_augmentation_v2
The area needs cleaning because of dirty sidewalk close to the bus stop.,garbage,english,NYC311_seed_controlled_augmentation_v2
Please arrange cleaning because of dirty sidewalk close to the town centre. This issue needs urgent attention.,garbage,english,NYC311_seed_controlled_augmentation_v2
The road has curb defect-metal protruding on the main road. Please arrange an inspection.,roads,english,NYC311_seed_controlled_augmentation_v2
The electrical system needs attention because of lamppost wire exposed outside our building.,electricity,english,NYC311_seed_controlled_augmentation_v2
"The area is affected by air: smoke, chimney or vent near our house. Please resolve this problem as soon as possible.",environment,english,NYC311_seed_controlled_augmentation_v2
The electrical system needs attention because of lamppost wire exposed along the roadside.,electricity,english,NYC311_seed_controlled_augmentation_v2
The road has defective hardware near the school. We would appreciate assistance with this problem.,roads,english,NYC311_seed_controlled_augmentation_v2
Lamppost Knocked Down is affecting the area close to the bus stop. This issue needs urgent attention.,electricity,english,NYC311_seed_controlled_augmentation_v2
Please investigate the water problem caused by unknown odor/taste in drinking water in our neighbourhood. This issue needs urgent attention.,water_supply,english,NYC311_seed_controlled_augmentation_v2
"Residents have reported taste/odor, chlorine along the roadside. The problem has been continuing for some time.",water_supply,english,NYC311_seed_controlled_augmentation_v2
Wastewater problems have occurred due to sewer backup along the roadside. Please arrange an inspection.,drainage,english,NYC311_seed_controlled_augmentation_v2
There appears to be no lighting along the roadside.,electricity,english,NYC311_seed_controlled_augmentation_v2
The road has pothole near the hospital. The problem has been continuing for some time.,roads,english,NYC311_seed_controlled_augmentation_v2
Our area is facing slow leak close to the bus stop. We would appreciate assistance with this problem.,water_supply,english,NYC311_seed_controlled_augmentation_v2
Please inspect the drain because of manhole overflow close to the bus stop. Residents are requesting assistance.,drainage,english,NYC311_seed_controlled_augmentation_v2
Please resolve the drainage issue involving catch basin clogged/flooding close to the bus stop. This issue needs urgent attention.,drainage,english,NYC311_seed_controlled_augmentation_v2
Residents have reported hydrant leaking close to the town centre. We would appreciate assistance with this problem.,water_supply,english,NYC311_seed_controlled_augmentation_v2
Residents are reporting sewage odor on the main road. Please resolve this problem as soon as possible.,drainage,english,NYC311_seed_controlled_augmentation_v2
Please inspect the electrical issue involving street light out in the residential area.,electricity,english,NYC311_seed_controlled_augmentation_v2
"There appears to be taste/odor, bitter/metallic near our house.",water_supply,english,NYC311_seed_controlled_augmentation_v2
Please send a technician because of lamppost wire exposed in the residential area.,electricity,english,NYC311_seed_controlled_augmentation_v2
"There is an environmental issue involving air: smoke, vehicular outside our building.",environment,english,NYC311_seed_controlled_augmentation_v2
RAIN GARDEN FLOODING is causing drainage problems near the hospital. Residents are requesting assistance.,drainage,english,NYC311_seed_controlled_augmentation_v2
Residents have complained about receptacle violation along the roadside.,garbage,english,NYC311_seed_controlled_augmentation_v2
Residents are concerned about chemical spill/release near the junction.,environment,english,NYC311_seed_controlled_augmentation_v2
Please resolve the drainage issue involving sewer backup along the roadside. Residents are requesting assistance.,drainage,english,NYC311_seed_controlled_augmentation_v2
"Residents are concerned about air: odor/fumes, restaurant near the public market. Please arrange an inspection.",environment,english,NYC311_seed_controlled_augmentation_v2
Vehicles are being affected by cave-in near the public market.,roads,english,NYC311_seed_controlled_augmentation_v2
"Please investigate the water problem caused by taste/odor, bitter/metallic outside our building. Please investigate this issue.",water_supply,english,NYC311_seed_controlled_augmentation_v2
People nearby have complained about large number of mosquitoes outside our building. The problem has been continuing for some time.,environment,english,NYC311_seed_controlled_augmentation_v2
Please inspect the drain because of sewage leak near our house. Please take the necessary action.,drainage,english,NYC311_seed_controlled_augmentation_v2
There is lamppost wire exposed close to the bus stop.,electricity,english,NYC311_seed_controlled_augmentation_v2
Please inspect the electrical issue involving no lighting in our neighbourhood. This is causing inconvenience to the public.,electricity,english,NYC311_seed_controlled_augmentation_v2
Residents have reported lighting close to the bus stop. This issue needs urgent attention.,electricity,english,NYC311_seed_controlled_augmentation_v2
There is a waste management problem involving bulk-missed collection outside our building. Please investigate this issue.,garbage,english,NYC311_seed_controlled_augmentation_v2
There is an environmental issue involving large number of mosquitoes in our neighbourhood.,environment,english,NYC311_seed_controlled_augmentation_v2
Residents are requesting action regarding missed recycling - m/g/pl on the main road. Please investigate this issue.,garbage,english,NYC311_seed_controlled_augmentation_v2
We would like to report failed street repair near our house. Please resolve this problem as soon as possible.,roads,english,NYC311_seed_controlled_augmentation_v2
We would like to report defective hardware near the hospital.,roads,english,NYC311_seed_controlled_augmentation_v2
"The area is affected by air: dust, other on the main road. Please send the responsible team to inspect the area.",environment,english,NYC311_seed_controlled_augmentation_v2
Please arrange cleaning because of street cond/dump-out/drop-off in the residential area. Please investigate this issue.,garbage,english,NYC311_seed_controlled_augmentation_v2
"Unsafe Chemical, Abandoned is affecting the surrounding environment in our neighbourhood. We would appreciate assistance with this problem.",environment,english,NYC311_seed_controlled_augmentation_v2
Residents are concerned about cave-in outside our building. This issue needs urgent attention.,roads,english,NYC311_seed_controlled_augmentation_v2
There is rain garden flooding near the school. Please resolve this problem as soon as possible.,drainage,english,NYC311_seed_controlled_augmentation_v2
Our area is facing leak in our neighbourhood. Please take the necessary action.,water_supply,english,NYC311_seed_controlled_augmentation_v2
Lamppost Knocked Down is affecting the area near the hospital.,electricity,english,NYC311_seed_controlled_augmentation_v2
Waste has become a problem due to dirty sidewalk on the main road. This is causing inconvenience to the public.,garbage,english,NYC311_seed_controlled_augmentation_v2
The electricity service has a problem with power outage on the main road. Please send the responsible team to inspect the area.,electricity,english,NYC311_seed_controlled_augmentation_v2
Residents have reported no lighting along the roadside. Please take the necessary action.,electricity,english,NYC311_seed_controlled_augmentation_v2
The road needs attention because of pothole on the main road. Please take the necessary action.,roads,english,NYC311_seed_controlled_augmentation_v2
"Residents are requesting action regarding air: smoke, chimney or vent close to the town centre. This is causing inconvenience to the public.",environment,english,NYC311_seed_controlled_augmentation_v2
"Residents are concerned about air: smoke, chimney or vent on the main road. This is causing inconvenience to the public.",environment,english,NYC311_seed_controlled_augmentation_v2
Please address street cond/dump-out/drop-off near the hospital.,garbage,english,NYC311_seed_controlled_augmentation_v2
The drainage system is affected by manhole overflow in the residential area. Please investigate this issue.,drainage,english,NYC311_seed_controlled_augmentation_v2
Sewer or Drain is causing drainage problems close to the town centre. This is causing inconvenience to the public.,drainage,english,NYC311_seed_controlled_augmentation_v2
The drain is causing problems because of culvert blocked/needs cleaning along the roadside.,drainage,english,NYC311_seed_controlled_augmentation_v2
Residents are reporting culvert blocked/needs cleaning in our neighbourhood. Please arrange an inspection.,drainage,english,NYC311_seed_controlled_augmentation_v2
"There appears to be cloudy or milky, other near the hospital.",water_supply,english,NYC311_seed_controlled_augmentation_v2
The road has pothole near the junction.,roads,english,NYC311_seed_controlled_augmentation_v2
"Taste/Odor, Chlorine is affecting the local water supply close to the bus stop. Please take the necessary action.",water_supply,english,NYC311_seed_controlled_augmentation_v2
People in the area are affected by street light lamp dim along the roadside. Residents are requesting assistance.,electricity,english,NYC311_seed_controlled_augmentation_v2
We would like to report broken curb on the main road. Please investigate this issue.,roads,english,NYC311_seed_controlled_augmentation_v2
There appears to be possible water main break outside our building. Please send the responsible team to inspect the area.,water_supply,english,NYC311_seed_controlled_augmentation_v2
The electricity service has a problem with lighting along the roadside. Please take the necessary action.,electricity,english,NYC311_seed_controlled_augmentation_v2
Please inspect the drain because of sewer backup on the main road. Please arrange an inspection.,drainage,english,NYC311_seed_controlled_augmentation_v2
Please send a technician because of no lighting near the junction. Please arrange an inspection.,electricity,english,NYC311_seed_controlled_augmentation_v2
The drain is causing problems because of sewage leak outside our building. Please arrange an inspection.,drainage,english,NYC311_seed_controlled_augmentation_v2
Please address improper disposal near our house. Please arrange an inspection.,garbage,english,NYC311_seed_controlled_augmentation_v2
We are experiencing an electrical problem involving power outage near our house. We would appreciate assistance with this problem.,electricity,english,NYC311_seed_controlled_augmentation_v2
There is lighting near our house. The problem has been continuing for some time.,electricity,english,NYC311_seed_controlled_augmentation_v2
There is defective hardware close to the town centre.,roads,english,NYC311_seed_controlled_augmentation_v2
The area needs cleaning because of missed collection in the residential area. Residents are requesting assistance.,garbage,english,NYC311_seed_controlled_augmentation_v2
Culvert Blocked/Needs Cleaning is causing drainage problems outside our building. The problem has been continuing for some time.,drainage,english,NYC311_seed_controlled_augmentation_v2
Residents have reported heavy flow near the public market. Please send the responsible team to inspect the area.,water_supply,english,NYC311_seed_controlled_augmentation_v2
Please inspect the environmental issue involving ventilation near the public market.,environment,english,NYC311_seed_controlled_augmentation_v2
People in the area are experiencing leak along the roadside. The problem has been continuing for some time.,water_supply,english,NYC311_seed_controlled_augmentation_v2
Please check the water system because of damp spot along the roadside. Residents are requesting assistance.,water_supply,english,NYC311_seed_controlled_augmentation_v2
There is power outage near the school.,electricity,english,NYC311_seed_controlled_augmentation_v2
This environmental problem involves large number of mosquitoes near the public market.,environment,english,NYC311_seed_controlled_augmentation_v2
There is a water supply issue involving dirty water close to the bus stop. Please arrange an inspection.,water_supply,english,NYC311_seed_controlled_augmentation_v2
"Drivers are facing problems because of rough, pitted or cracked roads near the school. Please send the responsible team to inspect the area.",roads,english,NYC311_seed_controlled_augmentation_v2
There is missed recycling-all materials in our neighbourhood. We would appreciate assistance with this problem.,garbage,english,NYC311_seed_controlled_augmentation_v2
People in the area are experiencing possible water main break near our house. We would appreciate assistance with this problem.,water_supply,english,NYC311_seed_controlled_augmentation_v2
Wastewater problems have occurred due to rain garden flooding near the hospital. The problem has been continuing for some time.,drainage,english,NYC311_seed_controlled_augmentation_v2
Drivers are facing problems because of cave-in close to the bus stop. Please take the necessary action.,roads,english,NYC311_seed_controlled_augmentation_v2
"We are experiencing cloudy or milky, other near the junction. Please resolve this problem as soon as possible.",water_supply,english,NYC311_seed_controlled_augmentation_v2
"Air: Odor/Fumes, Vehicle Idling is affecting the surrounding environment near the public market. Please take the necessary action.",environment,english,NYC311_seed_controlled_augmentation_v2
The area needs cleaning because of missed recycling - m/g/pl near our house.,garbage,english,NYC311_seed_controlled_augmentation_v2
There is a water supply issue involving heavy flow along the roadside. Please arrange an inspection.,water_supply,english,NYC311_seed_controlled_augmentation_v2
Please inspect the drain because of sewer or drain along the roadside.,drainage,english,NYC311_seed_controlled_augmentation_v2
Please repair curb defect-metal protruding near the hospital. This issue needs urgent attention.,roads,english,NYC311_seed_controlled_augmentation_v2
The drainage issue appears to involve culvert blocked/needs cleaning near our house.,drainage,english,NYC311_seed_controlled_augmentation_v2
"Residents are concerned about air: smoke, vehicular in our neighbourhood.",environment,english,NYC311_seed_controlled_augmentation_v2
Residents are reporting culvert blocked/needs cleaning near the public market. The problem has been continuing for some time.,drainage,english,NYC311_seed_controlled_augmentation_v2
Please repair wear & tear close to the town centre.,roads,english,NYC311_seed_controlled_augmentation_v2
There appears to be hydrant leaking on the main road. This issue needs urgent attention.,water_supply,english,NYC311_seed_controlled_augmentation_v2
Residents are reporting sewer backup on the main road.,drainage,english,NYC311_seed_controlled_augmentation_v2
The area needs cleaning because of missed collection near our house. The problem has been continuing for some time.,garbage,english,NYC311_seed_controlled_augmentation_v2
Please address missed collection near the school.,garbage,english,NYC311_seed_controlled_augmentation_v2
The area is affected by ventilation in the residential area. Residents are requesting assistance.,environment,english,NYC311_seed_controlled_augmentation_v2
Residents have reported unknown odor/taste in drinking water near the public market. This is causing inconvenience to the public.,water_supply,english,NYC311_seed_controlled_augmentation_v2
Please send a technician because of power outage near the hospital.,electricity,english,NYC311_seed_controlled_augmentation_v2
Garbage collection is affected by improper disposal on the main road. Please send the responsible team to inspect the area.,garbage,english,NYC311_seed_controlled_augmentation_v2
There is street light lamp dim near our house. Please investigate this issue.,electricity,english,NYC311_seed_controlled_augmentation_v2
Residents have complained about bulk-missed recy collection near the public market. This issue needs urgent attention.,garbage,english,NYC311_seed_controlled_augmentation_v2
"This environmental problem involves unsafe chemical, storage near the school. We would appreciate assistance with this problem.",environment,english,NYC311_seed_controlled_augmentation_v2
We are experiencing an electrical problem involving street light out near the hospital. This issue needs urgent attention.,electricity,english,NYC311_seed_controlled_augmentation_v2
Catch Basin Clogged/Flooding is causing drainage problems close to the town centre.,drainage,english,NYC311_seed_controlled_augmentation_v2
There is missed recycling-all materials near our house. Please investigate this issue.,garbage,english,NYC311_seed_controlled_augmentation_v2
People in the area are experiencing slow leak in our neighbourhood. This issue needs urgent attention.,water_supply,english,NYC311_seed_controlled_augmentation_v2
There is a waste management problem involving bulk-missed collection in the residential area. This issue needs urgent attention.,garbage,english,NYC311_seed_controlled_augmentation_v2
"Please investigate air: dust, construction/demolition near our house. Please arrange an inspection.",environment,english,NYC311_seed_controlled_augmentation_v2
"The water service is affected by taste/odor, bitter/metallic near our house. The problem has been continuing for some time.",water_supply,english,NYC311_seed_controlled_augmentation_v2
Please repair curb defect-metal protruding outside our building. The problem has been continuing for some time.,roads,english,NYC311_seed_controlled_augmentation_v2
The electrical system needs attention because of street light out along the roadside. Please take the necessary action.,electricity,english,NYC311_seed_controlled_augmentation_v2
We have noticed large number of mosquitoes along the roadside. We would appreciate assistance with this problem.,environment,english,NYC311_seed_controlled_augmentation_v2
The road has broken curb close to the bus stop. Please take the necessary action.,roads,english,NYC311_seed_controlled_augmentation_v2
We need assistance with ponding on the main road.,drainage,english,NYC311_seed_controlled_augmentation_v2
Please investigate the water problem caused by slow leak close to the town centre. This issue needs urgent attention.,water_supply,english,NYC311_seed_controlled_augmentation_v2
There is sewage odor close to the bus stop. Please take the necessary action.,drainage,english,NYC311_seed_controlled_augmentation_v2
There is a waste management problem involving missed recycling - m/g/pl in the residential area.,garbage,english,NYC311_seed_controlled_augmentation_v2
"Residents are concerned about rough, pitted or cracked roads near the junction.",roads,english,NYC311_seed_controlled_augmentation_v2
There is street light lamp dim near the public market.,electricity,english,NYC311_seed_controlled_augmentation_v2
Waste has become a problem due to loose rubbish close to the bus stop. The problem has been continuing for some time.,garbage,english,NYC311_seed_controlled_augmentation_v2
Please resolve the drainage issue involving sewer backup near the public market.,drainage,english,NYC311_seed_controlled_augmentation_v2
We are experiencing an electrical problem involving street light lamp dim near our house. Please take the necessary action.,electricity,english,NYC311_seed_controlled_augmentation_v2
"We have noticed air: odor/fumes, vehicle idling near the junction. This is causing inconvenience to the public.",environment,english,NYC311_seed_controlled_augmentation_v2
Garbage collection is affected by dirty sidewalk near the hospital. Please take the necessary action.,garbage,english,NYC311_seed_controlled_augmentation_v2
Please inspect the drain because of street flooding near the hospital. Please take the necessary action.,drainage,english,NYC311_seed_controlled_augmentation_v2
Please inspect the electrical issue involving power outage along the roadside. Residents are requesting assistance.,electricity,english,NYC311_seed_controlled_augmentation_v2
The drainage system is affected by catch basin clogged/flooding along the roadside. This is causing inconvenience to the public.,drainage,english,NYC311_seed_controlled_augmentation_v2
Air: Other Air Problem is affecting the surrounding environment outside our building.,environment,english,NYC311_seed_controlled_augmentation_v2
The road has broken curb in our neighbourhood.,roads,english,NYC311_seed_controlled_augmentation_v2
The drainage issue appears to involve sewage odor on the main road. Please investigate this issue.,drainage,english,NYC311_seed_controlled_augmentation_v2
Please inspect the drain because of culvert blocked/needs cleaning outside our building. Please send the responsible team to inspect the area.,drainage,english,NYC311_seed_controlled_augmentation_v2
SLOW LEAK is affecting the local water supply near our house. We would appreciate assistance with this problem.,water_supply,english,NYC311_seed_controlled_augmentation_v2
There is multiple street lights out near the junction. This is causing inconvenience to the public.,electricity,english,NYC311_seed_controlled_augmentation_v2
Please inspect the electrical issue involving multiple street lights out near the junction.,electricity,english,NYC311_seed_controlled_augmentation_v2
Please inspect the drain because of sewer backup close to the town centre. We would appreciate assistance with this problem.,drainage,english,NYC311_seed_controlled_augmentation_v2
Please arrange cleaning because of improper disposal near the hospital. This issue needs urgent attention.,garbage,english,NYC311_seed_controlled_augmentation_v2
Residents have complained about loose rubbish near our house. Please arrange an inspection.,garbage,english,NYC311_seed_controlled_augmentation_v2
The area needs cleaning because of missed collection near our house.,garbage,english,NYC311_seed_controlled_augmentation_v2
The road has wear & tear near our house. Please resolve this problem as soon as possible.,roads,english,NYC311_seed_controlled_augmentation_v2
The electrical system needs attention because of wiring in the residential area.,electricity,english,NYC311_seed_controlled_augmentation_v2
Please send a technician because of street light out near our house. We would appreciate assistance with this problem.,electricity,english,NYC311_seed_controlled_augmentation_v2
Please address loose rubbish near our house. Please resolve this problem as soon as possible.,garbage,english,NYC311_seed_controlled_augmentation_v2
We would like to report failed street repair near our house.,roads,english,NYC311_seed_controlled_augmentation_v2
Please resolve the drainage issue involving culvert blocked/needs cleaning near our house.,drainage,english,NYC311_seed_controlled_augmentation_v2
Please send a technician because of street light lamp dim near the hospital.,electricity,english,NYC311_seed_controlled_augmentation_v2
We need assistance with culvert blocked/needs cleaning near our house.,drainage,english,NYC311_seed_controlled_augmentation_v2
"Taste/Odor, Chlorine is affecting the local water supply in our neighbourhood. We would appreciate assistance with this problem.",water_supply,english,NYC311_seed_controlled_augmentation_v2
Please inspect the drain because of sewer backup along the roadside.,drainage,english,NYC311_seed_controlled_augmentation_v2
There appears to be leak along the roadside.,water_supply,english,NYC311_seed_controlled_augmentation_v2
Please investigate the water problem caused by damp spot on the main road. This is causing inconvenience to the public.,water_supply,english,NYC311_seed_controlled_augmentation_v2
We are experiencing unknown odor/taste in drinking water near our house.,water_supply,english,NYC311_seed_controlled_augmentation_v2
Drivers are facing problems because of cave-in close to the bus stop. Please investigate this issue.,roads,english,NYC311_seed_controlled_augmentation_v2
There is power outage along the roadside. Please arrange an inspection.,electricity,english,NYC311_seed_controlled_augmentation_v2
Residents are requesting action regarding chemical odor near the hospital. Please send the responsible team to inspect the area.,environment,english,NYC311_seed_controlled_augmentation_v2
Garbage collection is affected by loose rubbish in the residential area. Please arrange an inspection.,garbage,english,NYC311_seed_controlled_augmentation_v2
Residents have reported unknown odor/taste in drinking water on the main road.,water_supply,english,NYC311_seed_controlled_augmentation_v2
Vehicles are being affected by failed street repair outside our building. We would appreciate assistance with this problem.,roads,english,NYC311_seed_controlled_augmentation_v2
Garbage collection is affected by dirty area/alleyway near the school.,garbage,english,NYC311_seed_controlled_augmentation_v2
The road has defective hardware near the school. Residents are requesting assistance.,roads,english,NYC311_seed_controlled_augmentation_v2
The area needs cleaning because of bulk-missed recy collection near the public market. Please take the necessary action.,garbage,english,NYC311_seed_controlled_augmentation_v2
There appears to be possible water main break in our neighbourhood. This is causing inconvenience to the public.,water_supply,english,NYC311_seed_controlled_augmentation_v2
"Our area is facing cloudy or milky, other on the main road.",water_supply,english,NYC311_seed_controlled_augmentation_v2
"People in the area are experiencing cloudy or milky, other in our neighbourhood.",water_supply,english,NYC311_seed_controlled_augmentation_v2
There is missed recycling-all materials close to the town centre. This is causing inconvenience to the public.,garbage,english,NYC311_seed_controlled_augmentation_v2
Residents have reported power outage close to the town centre.,electricity,english,NYC311_seed_controlled_augmentation_v2
We are experiencing an electrical problem involving electrical wiring defective/exposed near our house. Please arrange an inspection.,electricity,english,NYC311_seed_controlled_augmentation_v2
"Please investigate air: odor/fumes, restaurant near the hospital. This issue needs urgent attention.",environment,english,NYC311_seed_controlled_augmentation_v2
People nearby have complained about ventilation on the main road.,environment,english,NYC311_seed_controlled_augmentation_v2
Wastewater problems have occurred due to sewage odor along the roadside. Please take the necessary action.,drainage,english,NYC311_seed_controlled_augmentation_v2
Vehicles are being affected by broken curb near our house. Please arrange an inspection.,roads,english,NYC311_seed_controlled_augmentation_v2
Residents have complained about missed recycling-all materials in the residential area. Please investigate this issue.,garbage,english,NYC311_seed_controlled_augmentation_v2
Our area is facing unknown odor/taste in drinking water close to the town centre. Please investigate this issue.,water_supply,english,NYC311_seed_controlled_augmentation_v2
Failed Street Repair is causing difficulties for vehicles near the hospital. This issue needs urgent attention.,roads,english,NYC311_seed_controlled_augmentation_v2
The water service is affected by possible water main break along the roadside.,water_supply,english,NYC311_seed_controlled_augmentation_v2
Please check the water system because of hydrant leaking near our house.,water_supply,english,NYC311_seed_controlled_augmentation_v2
Our area is facing possible water main break near the hospital.,water_supply,english,NYC311_seed_controlled_augmentation_v2
Missed Recycling-All Materials is creating an unsanitary condition in our neighbourhood. Residents are requesting assistance.,garbage,english,NYC311_seed_controlled_augmentation_v2
"Our area is facing cloudy or milky, other close to the bus stop. The problem has been continuing for some time.",water_supply,english,NYC311_seed_controlled_augmentation_v2
"Air: Odor/Fumes, Vehicle Idling is affecting the surrounding environment near the junction.",environment,english,NYC311_seed_controlled_augmentation_v2
Please inspect the electrical issue involving lamppost wire exposed near our house. Please investigate this issue.,electricity,english,NYC311_seed_controlled_augmentation_v2
Residents are requesting action regarding air: other air problem close to the bus stop. Please arrange an inspection.,environment,english,NYC311_seed_controlled_augmentation_v2
Please check the water system because of possible water main break near the hospital. Please take the necessary action.,water_supply,english,NYC311_seed_controlled_augmentation_v2
There is wiring close to the town centre. We would appreciate assistance with this problem.,electricity,english,NYC311_seed_controlled_augmentation_v2
Please arrange cleaning because of receptacle violation near the junction. Please investigate this issue.,garbage,english,NYC311_seed_controlled_augmentation_v2
"Please check the water system because of cloudy or milky, other near our house. Please arrange an inspection.",water_supply,english,NYC311_seed_controlled_augmentation_v2
Please send a technician because of lamppost wire exposed near our house. Please investigate this issue.,electricity,english,NYC311_seed_controlled_augmentation_v2
The area is affected by asbestos complaint near the public market. This is causing inconvenience to the public.,environment,english,NYC311_seed_controlled_augmentation_v2
"Please investigate air: odor/fumes, vehicle idling close to the town centre. Please resolve this problem as soon as possible.",environment,english,NYC311_seed_controlled_augmentation_v2
People in the area are affected by lamppost wire exposed on the main road. Please investigate this issue.,electricity,english,NYC311_seed_controlled_augmentation_v2
We are experiencing possible water main break in our neighbourhood. The problem has been continuing for some time.,water_supply,english,NYC311_seed_controlled_augmentation_v2
Please arrange cleaning because of missed recycling - m/g/pl near the school. Please take the necessary action.,garbage,english,NYC311_seed_controlled_augmentation_v2
Ponding is causing drainage problems near our house. Please arrange an inspection.,drainage,english,NYC311_seed_controlled_augmentation_v2
The water service is affected by dirty water in the residential area. We would appreciate assistance with this problem.,water_supply,english,NYC311_seed_controlled_augmentation_v2
Please send a technician because of lamppost knocked down on the main road. The problem has been continuing for some time.,electricity,english,NYC311_seed_controlled_augmentation_v2
Please resolve the drainage issue involving ponding in the residential area. Please take the necessary action.,drainage,english,NYC311_seed_controlled_augmentation_v2
There is manhole overflow outside our building. Residents are requesting assistance.,drainage,english,NYC311_seed_controlled_augmentation_v2
"People in the area are experiencing taste/odor, bitter/metallic near the hospital. Residents are requesting assistance.",water_supply,english,NYC311_seed_controlled_augmentation_v2
"Residents are requesting action regarding air: odor/fumes, vehicle idling along the roadside. This is causing inconvenience to the public.",environment,english,NYC311_seed_controlled_augmentation_v2
Sewer or Drain is causing drainage problems outside our building.,drainage,english,NYC311_seed_controlled_augmentation_v2
"Vehicles are being affected by rough, pitted or cracked roads along the roadside.",roads,english,NYC311_seed_controlled_augmentation_v2
There is failed street repair in the residential area. Please investigate this issue.,roads,english,NYC311_seed_controlled_augmentation_v2
We are experiencing slow leak near the hospital. Residents are requesting assistance.,water_supply,english,NYC311_seed_controlled_augmentation_v2
"There is an environmental issue involving air: odor/fumes, vehicle idling near our house.",environment,english,NYC311_seed_controlled_augmentation_v2
We are experiencing leak near the hospital. This issue needs urgent attention.,water_supply,english,NYC311_seed_controlled_augmentation_v2
Residents have reported lamppost wire exposed near the school. This is causing inconvenience to the public.,electricity,english,NYC311_seed_controlled_augmentation_v2
Garbage collection is affected by bulk-missed collection close to the town centre. This is causing inconvenience to the public.,garbage,english,NYC311_seed_controlled_augmentation_v2
The area needs cleaning because of loose rubbish near the school.,garbage,english,NYC311_seed_controlled_augmentation_v2
Culvert Blocked/Needs Cleaning is causing drainage problems outside our building. Please take the necessary action.,drainage,english,NYC311_seed_controlled_augmentation_v2
The road surface is damaged due to pothole - highway on the main road. Residents are requesting assistance.,roads,english,NYC311_seed_controlled_augmentation_v2
"There is an environmental issue involving air: smoke, chimney or vent in our neighbourhood.",environment,english,NYC311_seed_controlled_augmentation_v2
Residents are reporting street flooding near the hospital. Please arrange an inspection.,drainage,english,NYC311_seed_controlled_augmentation_v2
There appears to be lamppost knocked down near the school. This issue needs urgent attention.,electricity,english,NYC311_seed_controlled_augmentation_v2
The road surface is damaged due to cave-in near the junction. Please arrange an inspection.,roads,english,NYC311_seed_controlled_augmentation_v2
Garbage collection is affected by receptacle violation in our neighbourhood. Please resolve this problem as soon as possible.,garbage,english,NYC311_seed_controlled_augmentation_v2
DAMP SPOT is affecting the local water supply in the residential area. This is causing inconvenience to the public.,water_supply,english,NYC311_seed_controlled_augmentation_v2
Sewage Leak is causing drainage problems near our house.,drainage,english,NYC311_seed_controlled_augmentation_v2
"Please inspect the environmental issue involving air: odor/fumes, restaurant near our house. Please resolve this problem as soon as possible.",environment,english,NYC311_seed_controlled_augmentation_v2
Vehicles are being affected by pothole - highway near the public market.,roads,english,NYC311_seed_controlled_augmentation_v2
"We have noticed air: odor/fumes, vehicle idling near the school. The problem has been continuing for some time.",environment,english,NYC311_seed_controlled_augmentation_v2
We would like to report failed street repair in our neighbourhood. This issue needs urgent attention.,roads,english,NYC311_seed_controlled_augmentation_v2
Residents have reported damp spot near the junction.,water_supply,english,NYC311_seed_controlled_augmentation_v2
Please check the water system because of low water pressure in the residential area.,water_supply,english,NYC311_seed_controlled_augmentation_v2
There is an environmental issue involving chemical odor in the residential area. The problem has been continuing for some time.,environment,english,NYC311_seed_controlled_augmentation_v2
"We have noticed air: smoke, chimney or vent outside our building. The problem has been continuing for some time.",environment,english,NYC311_seed_controlled_augmentation_v2
"Drivers are facing problems because of rough, pitted or cracked roads in our neighbourhood.",roads,english,NYC311_seed_controlled_augmentation_v2
Residents are concerned about chemical spill/release outside our building. Please send the responsible team to inspect the area.,environment,english,NYC311_seed_controlled_augmentation_v2
Wastewater problems have occurred due to catch basin clogged/flooding close to the bus stop. Please resolve this problem as soon as possible.,drainage,english,NYC311_seed_controlled_augmentation_v2
The drainage issue appears to involve sewage odor near our house.,drainage,english,NYC311_seed_controlled_augmentation_v2
There is a waste management problem involving bulk-missed collection in the residential area. This is causing inconvenience to the public.,garbage,english,NYC311_seed_controlled_augmentation_v2
Waste has become a problem due to street cond/dump-out/drop-off outside our building. Residents are requesting assistance.,garbage,english,NYC311_seed_controlled_augmentation_v2
"There is an environmental issue involving air: smoke, vehicular on the main road. Residents are requesting assistance.",environment,english,NYC311_seed_controlled_augmentation_v2
Drivers are facing problems because of cave-in on the main road. This is causing inconvenience to the public.,roads,english,NYC311_seed_controlled_augmentation_v2
Please address bulk-missed recy collection near the school.,garbage,english,NYC311_seed_controlled_augmentation_v2
There is a waste management problem involving bulk-missed collection near the junction.,garbage,english,NYC311_seed_controlled_augmentation_v2
Residents are reporting ponding along the roadside. The problem has been continuing for some time.,drainage,english,NYC311_seed_controlled_augmentation_v2
POWER OUTAGE is affecting the area on the main road. Please arrange an inspection.,electricity,english,NYC311_seed_controlled_augmentation_v2
There is electrical wiring defective/exposed near our house. This issue needs urgent attention.,electricity,english,NYC311_seed_controlled_augmentation_v2
DAMP SPOT is affecting the local water supply near the hospital. This issue needs urgent attention.,water_supply,english,NYC311_seed_controlled_augmentation_v2
Please inspect the electrical issue involving lamppost knocked down on the main road. We would appreciate assistance with this problem.,electricity,english,NYC311_seed_controlled_augmentation_v2
POWER OUTAGE is affecting the area outside our building. Please take the necessary action.,electricity,english,NYC311_seed_controlled_augmentation_v2
"The road has rough, pitted or cracked roads close to the bus stop. Please resolve this problem as soon as possible.",roads,english,NYC311_seed_controlled_augmentation_v2
The drain is causing problems because of catch basin clogged/flooding in our neighbourhood.,drainage,english,NYC311_seed_controlled_augmentation_v2
We are experiencing an electrical problem involving electrical wiring defective/exposed near the hospital. Please take the necessary action.,electricity,english,NYC311_seed_controlled_augmentation_v2
This environmental problem involves chemical vapors/gases/odors close to the town centre.,environment,english,NYC311_seed_controlled_augmentation_v2
"Residents are requesting action regarding unsafe chemical, abandoned in our neighbourhood.",environment,english,NYC311_seed_controlled_augmentation_v2
The area needs cleaning because of receptacle violation along the roadside.,garbage,english,NYC311_seed_controlled_augmentation_v2
Please inspect the electrical issue involving no lighting near the public market. We would appreciate assistance with this problem.,electricity,english,NYC311_seed_controlled_augmentation_v2
"Residents have reported taste/odor, bitter/metallic outside our building. This is causing inconvenience to the public.",water_supply,english,NYC311_seed_controlled_augmentation_v2
Wastewater problems have occurred due to rain garden flooding in our neighbourhood. Please arrange an inspection.,drainage,english,NYC311_seed_controlled_augmentation_v2
Vehicles are being affected by cave-in near our house. This is causing inconvenience to the public.,roads,english,NYC311_seed_controlled_augmentation_v2
"We have noticed unsafe chemical, abandoned in our neighbourhood. This is causing inconvenience to the public.",environment,english,NYC311_seed_controlled_augmentation_v2
Please resolve the drainage issue involving street flooding near the public market. The problem has been continuing for some time.,drainage,english,NYC311_seed_controlled_augmentation_v2
Wastewater problems have occurred due to culvert blocked/needs cleaning in the residential area.,drainage,english,NYC311_seed_controlled_augmentation_v2
Street Cond/Dump-Out/Drop-Off is creating an unsanitary condition close to the town centre. Please resolve this problem as soon as possible.,garbage,english,NYC311_seed_controlled_augmentation_v2
The water service is affected by hydrant leaking in the residential area. Please resolve this problem as soon as possible.,water_supply,english,NYC311_seed_controlled_augmentation_v2
Residents are concerned about curb defect-metal protruding near the junction. Please send the responsible team to inspect the area.,roads,english,NYC311_seed_controlled_augmentation_v2
There is missed recycling-all materials close to the town centre. Residents are requesting assistance.,garbage,english,NYC311_seed_controlled_augmentation_v2
The area needs cleaning because of missed collection close to the town centre. Please resolve this problem as soon as possible.,garbage,english,NYC311_seed_controlled_augmentation_v2
Residents have complained about bulk-missed collection close to the bus stop.,garbage,english,NYC311_seed_controlled_augmentation_v2
We have noticed chemical vapors/gases/odors near the public market. This is causing inconvenience to the public.,environment,english,NYC311_seed_controlled_augmentation_v2
Possible Water Main Break is affecting the local water supply near our house. Please resolve this problem as soon as possible.,water_supply,english,NYC311_seed_controlled_augmentation_v2
Residents are concerned about curb defect-metal protruding along the roadside. Please resolve this problem as soon as possible.,roads,english,NYC311_seed_controlled_augmentation_v2
"Air: Odor/Fumes, Vehicle Idling is affecting the surrounding environment close to the town centre.",environment,english,NYC311_seed_controlled_augmentation_v2
"People nearby have complained about unsafe chemical, storage in our neighbourhood.",environment,english,NYC311_seed_controlled_augmentation_v2
Sewer Backup is causing drainage problems close to the bus stop. We would appreciate assistance with this problem.,drainage,english,NYC311_seed_controlled_augmentation_v2
HEAVY FLOW is affecting the local water supply along the roadside.,water_supply,english,NYC311_seed_controlled_augmentation_v2
The road has cave-in outside our building. Please investigate this issue.,roads,english,NYC311_seed_controlled_augmentation_v2
Residents are requesting action regarding receptacle violation near the public market. The problem has been continuing for some time.,garbage,english,NYC311_seed_controlled_augmentation_v2
The drainage system is affected by sewage odor near the hospital. Please resolve this problem as soon as possible.,drainage,english,NYC311_seed_controlled_augmentation_v2
Residents have reported unknown odor/taste in drinking water near the hospital. We would appreciate assistance with this problem.,water_supply,english,NYC311_seed_controlled_augmentation_v2
The area is affected by large number of mosquitoes along the roadside.,environment,english,NYC311_seed_controlled_augmentation_v2
The road needs attention because of cave-in in our neighbourhood. This is causing inconvenience to the public.,roads,english,NYC311_seed_controlled_augmentation_v2
"Residents have reported taste/odor, bitter/metallic near the hospital. This is causing inconvenience to the public.",water_supply,english,NYC311_seed_controlled_augmentation_v2
Vehicles are being affected by pothole near the public market.,roads,english,NYC311_seed_controlled_augmentation_v2
The area is affected by chemical odor near the public market.,environment,english,NYC311_seed_controlled_augmentation_v2
There is a waste management problem involving loose rubbish along the roadside.,garbage,english,NYC311_seed_controlled_augmentation_v2
Residents have reported low water pressure close to the bus stop. Residents are requesting assistance.,water_supply,english,NYC311_seed_controlled_augmentation_v2
Residents are requesting action regarding chemical vapors/gases/odors along the roadside.,environment,english,NYC311_seed_controlled_augmentation_v2
The electrical system needs attention because of lamppost wire exposed near the hospital.,electricity,english,NYC311_seed_controlled_augmentation_v2
Please investigate the water problem caused by heavy flow near the junction.,water_supply,english,NYC311_seed_controlled_augmentation_v2
Garbage collection is affected by street cond/dump-out/drop-off near the hospital. The problem has been continuing for some time.,garbage,english,NYC311_seed_controlled_augmentation_v2
People in the area are experiencing possible water main break near the school. Please resolve this problem as soon as possible.,water_supply,english,NYC311_seed_controlled_augmentation_v2
"The road surface is damaged due to rough, pitted or cracked roads close to the town centre. The problem has been continuing for some time.",roads,english,NYC311_seed_controlled_augmentation_v2
Residents are reporting manhole overflow close to the bus stop.,drainage,english,NYC311_seed_controlled_augmentation_v2
Our area is facing hydrant leaking close to the town centre. Please resolve this problem as soon as possible.,water_supply,english,NYC311_seed_controlled_augmentation_v2
The road has cave-in near the junction. This is causing inconvenience to the public.,roads,english,NYC311_seed_controlled_augmentation_v2
There appears to be damp spot near the junction.,water_supply,english,NYC311_seed_controlled_augmentation_v2
Residents are requesting action regarding street cond/dump-out/drop-off in our neighbourhood. Residents are requesting assistance.,garbage,english,NYC311_seed_controlled_augmentation_v2
Residents are requesting action regarding asbestos complaint near our house. The problem has been continuing for some time.,environment,english,NYC311_seed_controlled_augmentation_v2
"This environmental problem involves air: dust, other on the main road.",environment,english,NYC311_seed_controlled_augmentation_v2
Residents have reported lamppost wire exposed near the junction. Please resolve this problem as soon as possible.,electricity,english,NYC311_seed_controlled_augmentation_v2
The electricity service has a problem with outlet/switch near the junction. This issue needs urgent attention.,electricity,english,NYC311_seed_controlled_augmentation_v2
The electrical system needs attention because of street light out close to the town centre. Please take the necessary action.,electricity,english,NYC311_seed_controlled_augmentation_v2
People in the area are affected by multiple street lights out near the hospital.,electricity,english,NYC311_seed_controlled_augmentation_v2
Please repair failed street repair near the school. Please resolve this problem as soon as possible.,roads,english,NYC311_seed_controlled_augmentation_v2
Vehicles are being affected by failed street repair on the main road.,roads,english,NYC311_seed_controlled_augmentation_v2
There is missed recycling paper close to the town centre.,garbage,english,NYC311_seed_controlled_augmentation_v2
Garbage collection is affected by missed recycling - m/g/pl outside our building.,garbage,english,NYC311_seed_controlled_augmentation_v2
Residents are reporting culvert blocked/needs cleaning close to the town centre. Please send the responsible team to inspect the area.,drainage,english,NYC311_seed_controlled_augmentation_v2
There is sewer backup in the residential area. The problem has been continuing for some time.,drainage,english,NYC311_seed_controlled_augmentation_v2
"The area is affected by air: smoke, vehicular near the hospital.",environment,english,NYC311_seed_controlled_augmentation_v2
Please repair curb defect-metal protruding close to the bus stop. Please arrange an inspection.,roads,english,NYC311_seed_controlled_augmentation_v2
Wastewater problems have occurred due to rain garden flooding on the main road. The problem has been continuing for some time.,drainage,english,NYC311_seed_controlled_augmentation_v2
Please investigate the water problem caused by heavy flow close to the bus stop. This issue needs urgent attention.,water_supply,english,NYC311_seed_controlled_augmentation_v2
Wastewater problems have occurred due to sewage leak close to the bus stop.,drainage,english,NYC311_seed_controlled_augmentation_v2
People in the area are affected by lighting along the roadside. Please take the necessary action.,electricity,english,NYC311_seed_controlled_augmentation_v2
We need assistance with street flooding on the main road. Please investigate this issue.,drainage,english,NYC311_seed_controlled_augmentation_v2
Residents are concerned about pothole in our neighbourhood.,roads,english,NYC311_seed_controlled_augmentation_v2
"Residents are requesting action regarding air: odor/fumes, restaurant near the school. Please investigate this issue.",environment,english,NYC311_seed_controlled_augmentation_v2
Garbage collection is affected by bulk-missed recy collection along the roadside. We would appreciate assistance with this problem.,garbage,english,NYC311_seed_controlled_augmentation_v2
The drainage system is affected by sewage odor near our house. We would appreciate assistance with this problem.,drainage,english,NYC311_seed_controlled_augmentation_v2
There is missed recycling - m/g/pl near our house. This issue needs urgent attention.,garbage,english,NYC311_seed_controlled_augmentation_v2
"Please inspect the environmental issue involving air: dust, construction/demolition near the public market. Please arrange an inspection.",environment,english,NYC311_seed_controlled_augmentation_v2
Residents have complained about street cond/dump-out/drop-off near our house. The problem has been continuing for some time.,garbage,english,NYC311_seed_controlled_augmentation_v2
People in the area are affected by street light lamp dim in our neighbourhood.,electricity,english,NYC311_seed_controlled_augmentation_v2
There appears to be wiring on the main road.,electricity,english,NYC311_seed_controlled_augmentation_v2
People in the area are affected by lamppost knocked down on the main road. The problem has been continuing for some time.,electricity,english,NYC311_seed_controlled_augmentation_v2
Vehicles are being affected by pothole near the hospital. This issue needs urgent attention.,roads,english,NYC311_seed_controlled_augmentation_v2
Residents are concerned about chemical vapors/gases/odors near the public market. We would appreciate assistance with this problem.,environment,english,NYC311_seed_controlled_augmentation_v2
"Air: Dust, Other is affecting the surrounding environment near the public market. Please investigate this issue.",environment,english,NYC311_seed_controlled_augmentation_v2
"Please investigate air: dust, other in our neighbourhood. Please arrange an inspection.",environment,english,NYC311_seed_controlled_augmentation_v2
Vehicles are being affected by pothole near the junction. Please investigate this issue.,roads,english,NYC311_seed_controlled_augmentation_v2
Residents have reported unknown odor/taste in drinking water near the school. Residents are requesting assistance.,water_supply,english,NYC311_seed_controlled_augmentation_v2
The road surface is damaged due to defective hardware in the residential area. Please resolve this problem as soon as possible.,roads,english,NYC311_seed_controlled_augmentation_v2
We are experiencing an electrical problem involving no lighting in the residential area.,electricity,english,NYC311_seed_controlled_augmentation_v2
Drivers are facing problems because of failed street repair on the main road. Please resolve this problem as soon as possible.,roads,english,NYC311_seed_controlled_augmentation_v2
"This environmental problem involves air: odor/fumes, restaurant on the main road. Please investigate this issue.",environment,english,NYC311_seed_controlled_augmentation_v2
The road surface is damaged due to wear & tear near the public market. Please arrange an inspection.,roads,english,NYC311_seed_controlled_augmentation_v2
The drainage system is affected by street flooding near the hospital. This is causing inconvenience to the public.,drainage,english,NYC311_seed_controlled_augmentation_v2
We would like to report cave-in close to the town centre. Please take the necessary action.,roads,english,NYC311_seed_controlled_augmentation_v2
Vehicles are being affected by cave-in near the junction. The problem has been continuing for some time.,roads,english,NYC311_seed_controlled_augmentation_v2
There is a waste management problem involving loose rubbish near the junction. The problem has been continuing for some time.,garbage,english,NYC311_seed_controlled_augmentation_v2
There is a water supply issue involving damp spot near our house. Please resolve this problem as soon as possible.,water_supply,english,NYC311_seed_controlled_augmentation_v2
Please address loose rubbish on the main road. This issue needs urgent attention.,garbage,english,NYC311_seed_controlled_augmentation_v2
"Rough, Pitted or Cracked Roads is causing difficulties for vehicles on the main road. The problem has been continuing for some time.",roads,english,NYC311_seed_controlled_augmentation_v2
People in the area are experiencing damp spot close to the town centre. The problem has been continuing for some time.,water_supply,english,NYC311_seed_controlled_augmentation_v2
There is pothole - highway near the school. Please send the responsible team to inspect the area.,roads,english,NYC311_seed_controlled_augmentation_v2
Please resolve the drainage issue involving rain garden flooding near the school. Please resolve this problem as soon as possible.,drainage,english,NYC311_seed_controlled_augmentation_v2
The drainage issue appears to involve culvert blocked/needs cleaning outside our building. We would appreciate assistance with this problem.,drainage,english,NYC311_seed_controlled_augmentation_v2
The drainage issue appears to involve rain garden flooding along the roadside. We would appreciate assistance with this problem.,drainage,english,NYC311_seed_controlled_augmentation_v2
The road needs attention because of wear & tear near the junction.,roads,english,NYC311_seed_controlled_augmentation_v2
We need assistance with culvert blocked/needs cleaning near our house. Residents are requesting assistance.,drainage,english,NYC311_seed_controlled_augmentation_v2
Residents are concerned about pothole - highway near the public market.,roads,english,NYC311_seed_controlled_augmentation_v2
"The road surface is damaged due to rough, pitted or cracked roads near the hospital. Please send the responsible team to inspect the area.",roads,english,NYC311_seed_controlled_augmentation_v2
"The area is affected by air: dust, other close to the bus stop. We would appreciate assistance with this problem.",environment,english,NYC311_seed_controlled_augmentation_v2
Residents are requesting action regarding dirty area/alleyway near the hospital.,garbage,english,NYC311_seed_controlled_augmentation_v2
Please address missed recycling - m/g/pl close to the town centre.,garbage,english,NYC311_seed_controlled_augmentation_v2
Please address improper disposal in the residential area. This issue needs urgent attention.,garbage,english,NYC311_seed_controlled_augmentation_v2
Garbage collection is affected by missed recycling paper near the hospital. Please arrange an inspection.,garbage,english,NYC311_seed_controlled_augmentation_v2
We would like to report cave-in near the public market. The problem has been continuing for some time.,roads,english,NYC311_seed_controlled_augmentation_v2
"Please investigate oil spill on street, large on the main road.",environment,english,NYC311_seed_controlled_augmentation_v2
Please send a technician because of lamppost wire exposed on the main road.,electricity,english,NYC311_seed_controlled_augmentation_v2
Waste has become a problem due to missed recycling-all materials near the hospital.,garbage,english,NYC311_seed_controlled_augmentation_v2
"The road needs attention because of rough, pitted or cracked roads outside our building.",roads,english,NYC311_seed_controlled_augmentation_v2
Please resolve the drainage issue involving culvert blocked/needs cleaning near the school.,drainage,english,NYC311_seed_controlled_augmentation_v2
There is dirty area/alleyway close to the bus stop.,garbage,english,NYC311_seed_controlled_augmentation_v2
Please inspect the electrical issue involving power outage near the hospital. Please take the necessary action.,electricity,english,NYC311_seed_controlled_augmentation_v2
The electricity service has a problem with wiring in our neighbourhood. The problem has been continuing for some time.,electricity,english,NYC311_seed_controlled_augmentation_v2
Residents are reporting sewage odor near the public market. Please arrange an inspection.,drainage,english,NYC311_seed_controlled_augmentation_v2
There is a waste management problem involving missed collection close to the town centre. Please arrange an inspection.,garbage,english,NYC311_seed_controlled_augmentation_v2
Please repair pothole - highway near the school. Please arrange an inspection.,roads,english,NYC311_seed_controlled_augmentation_v2
"Residents are concerned about rough, pitted or cracked roads near the school. Please send the responsible team to inspect the area.",roads,english,NYC311_seed_controlled_augmentation_v2
Please inspect the electrical issue involving wiring close to the town centre. Please arrange an inspection.,electricity,english,NYC311_seed_controlled_augmentation_v2
Wastewater problems have occurred due to rain garden flooding outside our building. Please resolve this problem as soon as possible.,drainage,english,NYC311_seed_controlled_augmentation_v2
There is street light out in our neighbourhood. The problem has been continuing for some time.,electricity,english,NYC311_seed_controlled_augmentation_v2
Waste has become a problem due to street cond/dump-out/drop-off along the roadside. The problem has been continuing for some time.,garbage,english,NYC311_seed_controlled_augmentation_v2
We are experiencing no water near the hospital.,water_supply,english,NYC311_seed_controlled_augmentation_v2
There is missed recycling-all materials near the public market. Please send the responsible team to inspect the area.,garbage,english,NYC311_seed_controlled_augmentation_v2
Drivers are facing problems because of curb defect-metal protruding outside our building.,roads,english,NYC311_seed_controlled_augmentation_v2
The road surface is damaged due to pothole in the residential area.,roads,english,NYC311_seed_controlled_augmentation_v2
LOW WATER PRESSURE is affecting the local water supply along the roadside. Please take the necessary action.,water_supply,english,NYC311_seed_controlled_augmentation_v2
Please address improper disposal in the residential area.,garbage,english,NYC311_seed_controlled_augmentation_v2
We would like to report pothole - highway outside our building. Please resolve this problem as soon as possible.,roads,english,NYC311_seed_controlled_augmentation_v2
This environmental problem involves chemical vapors/gases/odors in the residential area. Please send the responsible team to inspect the area.,environment,english,NYC311_seed_controlled_augmentation_v2
We would like to report cave-in near the school. Please resolve this problem as soon as possible.,roads,english,NYC311_seed_controlled_augmentation_v2
"Air: Odor/Fumes, Vehicle Idling is affecting the surrounding environment near the junction. Please investigate this issue.",environment,english,NYC311_seed_controlled_augmentation_v2
We need assistance with ponding close to the bus stop.,drainage,english,NYC311_seed_controlled_augmentation_v2
Please address dirty area/alleyway along the roadside. This is causing inconvenience to the public.,garbage,english,NYC311_seed_controlled_augmentation_v2
Vehicles are being affected by failed street repair near the public market. This issue needs urgent attention.,roads,english,NYC311_seed_controlled_augmentation_v2
Please address missed collection close to the town centre. We would appreciate assistance with this problem.,garbage,english,NYC311_seed_controlled_augmentation_v2
"Please check the water system because of cloudy or milky, other close to the town centre. Please resolve this problem as soon as possible.",water_supply,english,NYC311_seed_controlled_augmentation_v2
The electricity service has a problem with lamppost knocked down outside our building. Please investigate this issue.,electricity,english,NYC311_seed_controlled_augmentation_v2
"People nearby have complained about oil spill on street, large outside our building. Please investigate this issue.",environment,english,NYC311_seed_controlled_augmentation_v2
Street Flooding is causing drainage problems close to the bus stop. Residents are requesting assistance.,drainage,english,NYC311_seed_controlled_augmentation_v2
The area needs cleaning because of missed recycling - m/g/pl near the hospital. This is causing inconvenience to the public.,garbage,english,NYC311_seed_controlled_augmentation_v2
No Water is affecting the local water supply on the main road.,water_supply,english,NYC311_seed_controlled_augmentation_v2
"Please investigate unsafe chemical, abandoned close to the town centre. Residents are requesting assistance.",environment,english,NYC311_seed_controlled_augmentation_v2
"We have noticed oil spill on street, small in the residential area. Please take the necessary action.",environment,english,NYC311_seed_controlled_augmentation_v2
"Residents are concerned about unsafe chemical, storage near the junction. The problem has been continuing for some time.",environment,english,NYC311_seed_controlled_augmentation_v2
The road has curb defect-metal protruding close to the bus stop. This is causing inconvenience to the public.,roads,english,NYC311_seed_controlled_augmentation_v2
There is street flooding in our neighbourhood. This issue needs urgent attention.,drainage,english,NYC311_seed_controlled_augmentation_v2
Manhole Overflow is causing drainage problems on the main road. Please investigate this issue.,drainage,english,NYC311_seed_controlled_augmentation_v2
Waste has become a problem due to improper disposal in our neighbourhood.,garbage,english,NYC311_seed_controlled_augmentation_v2
We have noticed air: other air problem near the public market. This is causing inconvenience to the public.,environment,english,NYC311_seed_controlled_augmentation_v2
Ventilation is affecting the surrounding environment in the residential area. This issue needs urgent attention.,environment,english,NYC311_seed_controlled_augmentation_v2
We would like to report cave-in near our house.,roads,english,NYC311_seed_controlled_augmentation_v2
There is street light lamp dim along the roadside. Please take the necessary action.,electricity,english,NYC311_seed_controlled_augmentation_v2
The drainage system is affected by ponding close to the bus stop. Please arrange an inspection.,drainage,english,NYC311_seed_controlled_augmentation_v2
Our area is facing low water pressure near our house.,water_supply,english,NYC311_seed_controlled_augmentation_v2
The electrical system needs attention because of no lighting outside our building. We would appreciate assistance with this problem.,electricity,english,NYC311_seed_controlled_augmentation_v2
Please send a technician because of wiring in the residential area.,electricity,english,NYC311_seed_controlled_augmentation_v2
Residents are reporting sewer backup near the hospital. Please arrange an inspection.,drainage,english,NYC311_seed_controlled_augmentation_v2
The area needs cleaning because of bulk-missed collection in the residential area.,garbage,english,NYC311_seed_controlled_augmentation_v2
The drainage issue appears to involve catch basin clogged/flooding outside our building. The problem has been continuing for some time.,drainage,english,NYC311_seed_controlled_augmentation_v2
"Please investigate the water problem caused by cloudy or milky, other in the residential area.",water_supply,english,NYC311_seed_controlled_augmentation_v2
There is an environmental issue involving air: other air problem along the roadside. Please investigate this issue.,environment,english,NYC311_seed_controlled_augmentation_v2
We are experiencing slow leak near the junction. The problem has been continuing for some time.,water_supply,english,NYC311_seed_controlled_augmentation_v2
OUTLET/SWITCH is affecting the area near the junction. The problem has been continuing for some time.,electricity,english,NYC311_seed_controlled_augmentation_v2
The area needs cleaning because of dirty area/alleyway near our house. This issue needs urgent attention.,garbage,english,NYC311_seed_controlled_augmentation_v2
We have noticed air: other air problem close to the town centre. This is causing inconvenience to the public.,environment,english,NYC311_seed_controlled_augmentation_v2
The electrical system needs attention because of wiring on the main road. This issue needs urgent attention.,electricity,english,NYC311_seed_controlled_augmentation_v2
Please investigate the water problem caused by dirty water in the residential area. The problem has been continuing for some time.,water_supply,english,NYC311_seed_controlled_augmentation_v2
POWER OUTAGE is affecting the area outside our building.,electricity,english,NYC311_seed_controlled_augmentation_v2
"Oil Spill On Street, Large is affecting the surrounding environment near the junction.",environment,english,NYC311_seed_controlled_augmentation_v2
There appears to be electrical wiring defective/exposed along the roadside.,electricity,english,NYC311_seed_controlled_augmentation_v2
Please resolve the drainage issue involving street flooding near the hospital. Please take the necessary action.,drainage,english,NYC311_seed_controlled_augmentation_v2
"Drivers are facing problems because of rough, pitted or cracked roads near the public market. Please take the necessary action.",roads,english,NYC311_seed_controlled_augmentation_v2
Please inspect the electrical issue involving outlet/switch on the main road. Please take the necessary action.,electricity,english,NYC311_seed_controlled_augmentation_v2
Wastewater problems have occurred due to sewer backup near our house.,drainage,english,NYC311_seed_controlled_augmentation_v2
The area needs cleaning because of street cond/dump-out/drop-off near the school. Residents are requesting assistance.,garbage,english,NYC311_seed_controlled_augmentation_v2
There is a waste management problem involving missed recycling - m/g/pl near the school.,garbage,english,NYC311_seed_controlled_augmentation_v2
"Unsafe Chemical, Abandoned is affecting the surrounding environment near the public market. Please send the responsible team to inspect the area.",environment,english,NYC311_seed_controlled_augmentation_v2
We would like to report pothole - highway along the roadside.,roads,english,NYC311_seed_controlled_augmentation_v2
"Residents have reported taste/odor, bitter/metallic near the school. Residents are requesting assistance.",water_supply,english,NYC311_seed_controlled_augmentation_v2
Please resolve the drainage issue involving rain garden flooding close to the town centre. We would appreciate assistance with this problem.,drainage,english,NYC311_seed_controlled_augmentation_v2
The electrical system needs attention because of street light out near the public market.,electricity,english,NYC311_seed_controlled_augmentation_v2
"Please inspect the environmental issue involving air: dust, other outside our building. This issue needs urgent attention.",environment,english,NYC311_seed_controlled_augmentation_v2
Please inspect the drain because of sewage leak near the school. This issue needs urgent attention.,drainage,english,NYC311_seed_controlled_augmentation_v2
Dirty Area/Alleyway is creating an unsanitary condition near the junction. This is causing inconvenience to the public.,garbage,english,NYC311_seed_controlled_augmentation_v2
Residents have complained about loose rubbish in our neighbourhood. Please arrange an inspection.,garbage,english,NYC311_seed_controlled_augmentation_v2
We need assistance with sewage odor in our neighbourhood. We would appreciate assistance with this problem.,drainage,english,NYC311_seed_controlled_augmentation_v2
Please repair broken curb close to the bus stop. This is causing inconvenience to the public.,roads,english,NYC311_seed_controlled_augmentation_v2
There is an environmental issue involving ventilation close to the town centre. Please investigate this issue.,environment,english,NYC311_seed_controlled_augmentation_v2
The road has broken curb in the residential area.,roads,english,NYC311_seed_controlled_augmentation_v2
"People nearby have complained about oil spill on street, small near the public market.",environment,english,NYC311_seed_controlled_augmentation_v2
Please arrange cleaning because of dirty area/alleyway near the school. This is causing inconvenience to the public.,garbage,english,NYC311_seed_controlled_augmentation_v2
The road needs attention because of pothole - highway near our house.,roads,english,NYC311_seed_controlled_augmentation_v2
"People in the area are experiencing taste/odor, chlorine near the public market. Please resolve this problem as soon as possible.",water_supply,english,NYC311_seed_controlled_augmentation_v2
Please resolve the drainage issue involving rain garden flooding outside our building.,drainage,english,NYC311_seed_controlled_augmentation_v2
The road needs attention because of wear & tear close to the town centre. Please resolve this problem as soon as possible.,roads,english,NYC311_seed_controlled_augmentation_v2
"We have noticed air: odor/fumes, vehicle idling near the junction. This issue needs urgent attention.",environment,english,NYC311_seed_controlled_augmentation_v2
There is bulk-missed collection near the hospital. Please take the necessary action.,garbage,english,NYC311_seed_controlled_augmentation_v2
Please inspect the drain because of sewage odor near the junction.,drainage,english,NYC311_seed_controlled_augmentation_v2
"There is an environmental issue involving air: dust, construction/demolition near the junction. Please investigate this issue.",environment,english,NYC311_seed_controlled_augmentation_v2
Please inspect the drain because of street flooding in the residential area. This issue needs urgent attention.,drainage,english,NYC311_seed_controlled_augmentation_v2
The drain is causing problems because of catch basin clogged/flooding close to the town centre. Please take the necessary action.,drainage,english,NYC311_seed_controlled_augmentation_v2
"We have noticed air: dust, construction/demolition near the hospital.",environment,english,NYC311_seed_controlled_augmentation_v2
"People nearby have complained about unsafe chemical, abandoned close to the bus stop. Please resolve this problem as soon as possible.",environment,english,NYC311_seed_controlled_augmentation_v2
"Please inspect the environmental issue involving air: odor/fumes, vehicle idling close to the town centre. Please arrange an inspection.",environment,english,NYC311_seed_controlled_augmentation_v2
Please inspect the electrical issue involving outlet/switch outside our building. Please investigate this issue.,electricity,english,NYC311_seed_controlled_augmentation_v2
"Please inspect the environmental issue involving air: odor/fumes, vehicle idling close to the bus stop. This is causing inconvenience to the public.",environment,english,NYC311_seed_controlled_augmentation_v2
Please inspect the drain because of street flooding near the public market.,drainage,english,NYC311_seed_controlled_augmentation_v2
Residents have reported multiple street lights out on the main road.,electricity,english,NYC311_seed_controlled_augmentation_v2
The drainage system is affected by sewage odor on the main road. This is causing inconvenience to the public.,drainage,english,NYC311_seed_controlled_augmentation_v2
The drainage system is affected by manhole overflow close to the bus stop. This issue needs urgent attention.,drainage,english,NYC311_seed_controlled_augmentation_v2
There is wear & tear outside our building. Please take the necessary action.,roads,english,NYC311_seed_controlled_augmentation_v2
The road needs attention because of curb defect-metal protruding close to the bus stop. This is causing inconvenience to the public.,roads,english,NYC311_seed_controlled_augmentation_v2
There is bulk-missed collection in the residential area. Please resolve this problem as soon as possible.,garbage,english,NYC311_seed_controlled_augmentation_v2
The drainage issue appears to involve culvert blocked/needs cleaning outside our building.,drainage,english,NYC311_seed_controlled_augmentation_v2
"The area is affected by unsafe chemical, storage close to the town centre. This issue needs urgent attention.",environment,english,NYC311_seed_controlled_augmentation_v2
Chemical Odor is affecting the surrounding environment in our neighbourhood. Please send the responsible team to inspect the area.,environment,english,NYC311_seed_controlled_augmentation_v2
There is a waste management problem involving dirty sidewalk near our house. Residents are requesting assistance.,garbage,english,NYC311_seed_controlled_augmentation_v2
Please address missed recycling paper along the roadside. Please resolve this problem as soon as possible.,garbage,english,NYC311_seed_controlled_augmentation_v2
The drain is causing problems because of sewage odor near the hospital. This is causing inconvenience to the public.,drainage,english,NYC311_seed_controlled_augmentation_v2
People in the area are affected by multiple street lights out near the public market. Residents are requesting assistance.,electricity,english,NYC311_seed_controlled_augmentation_v2
"There is an environmental issue involving air: odor/fumes, restaurant near the school. This is causing inconvenience to the public.",environment,english,NYC311_seed_controlled_augmentation_v2
"The area is affected by air: odor/fumes, vehicle idling close to the bus stop.",environment,english,NYC311_seed_controlled_augmentation_v2
"Oil Spill On Street, Small is affecting the surrounding environment near the hospital. This issue needs urgent attention.",environment,english,NYC311_seed_controlled_augmentation_v2
"People in the area are experiencing taste/odor, chlorine close to the bus stop.",water_supply,english,NYC311_seed_controlled_augmentation_v2
Please resolve the drainage issue involving sewer or drain along the roadside. Please take the necessary action.,drainage,english,NYC311_seed_controlled_augmentation_v2
There is sewer backup close to the town centre. This issue needs urgent attention.,drainage,english,NYC311_seed_controlled_augmentation_v2
There is a water supply issue involving slow leak in our neighbourhood. The problem has been continuing for some time.,water_supply,english,NYC311_seed_controlled_augmentation_v2
Residents have reported electrical wiring defective/exposed near the junction. The problem has been continuing for some time.,electricity,english,NYC311_seed_controlled_augmentation_v2
There is an environmental issue involving air: other air problem near the hospital.,environment,english,NYC311_seed_controlled_augmentation_v2
There appears to be street light lamp dim near the hospital. The problem has been continuing for some time.,electricity,english,NYC311_seed_controlled_augmentation_v2
Please investigate the water problem caused by heavy flow near the hospital. We would appreciate assistance with this problem.,water_supply,english,NYC311_seed_controlled_augmentation_v2
We are experiencing an electrical problem involving lamppost wire exposed near the public market. Please send the responsible team to inspect the area.,electricity,english,NYC311_seed_controlled_augmentation_v2
Residents are concerned about asbestos complaint in our neighbourhood.,environment,english,NYC311_seed_controlled_augmentation_v2
"Residents are requesting action regarding air: dust, construction/demolition near the junction. Residents are requesting assistance.",environment,english,NYC311_seed_controlled_augmentation_v2
Please arrange cleaning because of missed recycling-all materials close to the bus stop. We would appreciate assistance with this problem.,garbage,english,NYC311_seed_controlled_augmentation_v2
"Please repair rough, pitted or cracked roads on the main road. Please take the necessary action.",roads,english,NYC311_seed_controlled_augmentation_v2
Dirty Water is affecting the local water supply near the public market.,water_supply,english,NYC311_seed_controlled_augmentation_v2
The road needs attention because of failed street repair near our house. We would appreciate assistance with this problem.,roads,english,NYC311_seed_controlled_augmentation_v2
"Please investigate oil spill on street, small along the roadside.",environment,english,NYC311_seed_controlled_augmentation_v2
The road has defective hardware in the residential area. We would appreciate assistance with this problem.,roads,english,NYC311_seed_controlled_augmentation_v2
Please arrange cleaning because of improper disposal in our neighbourhood. This issue needs urgent attention.,garbage,english,NYC311_seed_controlled_augmentation_v2
Please inspect the electrical issue involving electrical wiring defective/exposed near the junction. Please take the necessary action.,electricity,english,NYC311_seed_controlled_augmentation_v2
"Residents are requesting action regarding unsafe chemical, storage near the hospital.",environment,english,NYC311_seed_controlled_augmentation_v2
There appears to be street light out on the main road. Please resolve this problem as soon as possible.,electricity,english,NYC311_seed_controlled_augmentation_v2
Our area is facing leak along the roadside. Please arrange an inspection.,water_supply,english,NYC311_seed_controlled_augmentation_v2
The area is affected by air: other air problem in the residential area. We would appreciate assistance with this problem.,environment,english,NYC311_seed_controlled_augmentation_v2
"The road has rough, pitted or cracked roads on the main road. Please arrange an inspection.",roads,english,NYC311_seed_controlled_augmentation_v2
The area needs cleaning because of improper disposal near the hospital. This is causing inconvenience to the public.,garbage,english,NYC311_seed_controlled_augmentation_v2
Garbage collection is affected by missed collection close to the town centre. Please take the necessary action.,garbage,english,NYC311_seed_controlled_augmentation_v2
Please investigate ventilation near the junction. Please arrange an inspection.,environment,english,NYC311_seed_controlled_augmentation_v2
Please inspect the electrical issue involving street light lamp dim in the residential area. The problem has been continuing for some time.,electricity,english,NYC311_seed_controlled_augmentation_v2
Pothole is causing difficulties for vehicles outside our building. Please resolve this problem as soon as possible.,roads,english,NYC311_seed_controlled_augmentation_v2
Drivers are facing problems because of cave-in near the public market.,roads,english,NYC311_seed_controlled_augmentation_v2
There is a water supply issue involving damp spot close to the town centre.,water_supply,english,NYC311_seed_controlled_augmentation_v2
"We have noticed air: smoke, vehicular near the junction. Please resolve this problem as soon as possible.",environment,english,NYC311_seed_controlled_augmentation_v2
Residents have reported lamppost wire exposed close to the town centre. Please arrange an inspection.,electricity,english,NYC311_seed_controlled_augmentation_v2
LIGHTING is affecting the area close to the bus stop. Please investigate this issue.,electricity,english,NYC311_seed_controlled_augmentation_v2
The road needs attention because of pothole outside our building.,roads,english,NYC311_seed_controlled_augmentation_v2
LOW WATER PRESSURE is affecting the local water supply near our house. This issue needs urgent attention.,water_supply,english,NYC311_seed_controlled_augmentation_v2
Please investigate the water problem caused by no water on the main road. This issue needs urgent attention.,water_supply,english,NYC311_seed_controlled_augmentation_v2
There is a waste management problem involving receptacle violation close to the bus stop. Please resolve this problem as soon as possible.,garbage,english,NYC311_seed_controlled_augmentation_v2
Please resolve the drainage issue involving rain garden flooding near the hospital. This issue needs urgent attention.,drainage,english,NYC311_seed_controlled_augmentation_v2
People in the area are affected by multiple street lights out in our neighbourhood. Please investigate this issue.,electricity,english,NYC311_seed_controlled_augmentation_v2
Please send a technician because of multiple street lights out near the public market.,electricity,english,NYC311_seed_controlled_augmentation_v2
Please inspect the drain because of culvert blocked/needs cleaning near the junction. Please investigate this issue.,drainage,english,NYC311_seed_controlled_augmentation_v2
Drivers are facing problems because of broken curb near the hospital. Please resolve this problem as soon as possible.,roads,english,NYC311_seed_controlled_augmentation_v2
People in the area are affected by street light lamp dim in the residential area. Please take the necessary action.,electricity,english,NYC311_seed_controlled_augmentation_v2
Please investigate chemical vapors/gases/odors near the hospital. Please investigate this issue.,environment,english,NYC311_seed_controlled_augmentation_v2
The water service is affected by dirty water outside our building. We would appreciate assistance with this problem.,water_supply,english,NYC311_seed_controlled_augmentation_v2
There is defective hardware near the school. We would appreciate assistance with this problem.,roads,english,NYC311_seed_controlled_augmentation_v2
The electricity service has a problem with power outage along the roadside. This issue needs urgent attention.,electricity,english,NYC311_seed_controlled_augmentation_v2
Residents have reported outlet/switch on the main road.,electricity,english,NYC311_seed_controlled_augmentation_v2
There is sewer or drain on the main road.,drainage,english,NYC311_seed_controlled_augmentation_v2
Asbestos Complaint is affecting the surrounding environment near the hospital. The problem has been continuing for some time.,environment,english,NYC311_seed_controlled_augmentation_v2
There appears to be street light lamp dim near the hospital. This is causing inconvenience to the public.,electricity,english,NYC311_seed_controlled_augmentation_v2
Garbage collection is affected by street cond/dump-out/drop-off in the residential area. Please resolve this problem as soon as possible.,garbage,english,NYC311_seed_controlled_augmentation_v2
Garbage collection is affected by missed recycling paper close to the bus stop. Please resolve this problem as soon as possible.,garbage,english,NYC311_seed_controlled_augmentation_v2
Sewage Leak is causing drainage problems close to the bus stop. Please investigate this issue.,drainage,english,NYC311_seed_controlled_augmentation_v2
Please resolve the drainage issue involving manhole overflow in the residential area.,drainage,english,NYC311_seed_controlled_augmentation_v2
The water service is affected by leak close to the bus stop. Residents are requesting assistance.,water_supply,english,NYC311_seed_controlled_augmentation_v2
"Please inspect the environmental issue involving unsafe chemical, storage on the main road.",environment,english,NYC311_seed_controlled_augmentation_v2
There is an environmental issue involving ventilation on the main road. Please resolve this problem as soon as possible.,environment,english,NYC311_seed_controlled_augmentation_v2
"We have noticed air: odor/fumes, vehicle idling along the roadside. Please send the responsible team to inspect the area.",environment,english,NYC311_seed_controlled_augmentation_v2
Please investigate air: other air problem near the school. This issue needs urgent attention.,environment,english,NYC311_seed_controlled_augmentation_v2
"Please investigate the water problem caused by taste/odor, chlorine near the junction. This is causing inconvenience to the public.",water_supply,english,NYC311_seed_controlled_augmentation_v2
Residents have complained about dirty area/alleyway close to the town centre. Please arrange an inspection.,garbage,english,NYC311_seed_controlled_augmentation_v2
Please inspect the electrical issue involving wiring near the school.,electricity,english,NYC311_seed_controlled_augmentation_v2
The area is affected by air: other air problem along the roadside. Please send the responsible team to inspect the area.,environment,english,NYC311_seed_controlled_augmentation_v2
There appears to be damp spot near the hospital. This issue needs urgent attention.,water_supply,english,NYC311_seed_controlled_augmentation_v2
Please arrange cleaning because of missed recycling-all materials near the school.,garbage,english,NYC311_seed_controlled_augmentation_v2
We have noticed chemical spill/release along the roadside. Please resolve this problem as soon as possible.,environment,english,NYC311_seed_controlled_augmentation_v2
The electricity service has a problem with street light lamp dim along the roadside. Please resolve this problem as soon as possible.,electricity,english,NYC311_seed_controlled_augmentation_v2
Wastewater problems have occurred due to sewer or drain outside our building. This issue needs urgent attention.,drainage,english,NYC311_seed_controlled_augmentation_v2
The area needs cleaning because of missed collection close to the town centre. This issue needs urgent attention.,garbage,english,NYC311_seed_controlled_augmentation_v2
Residents have reported low water pressure in our neighbourhood. Please investigate this issue.,water_supply,english,NYC311_seed_controlled_augmentation_v2
The road needs attention because of failed street repair in the residential area. We would appreciate assistance with this problem.,roads,english,NYC311_seed_controlled_augmentation_v2
We are experiencing an electrical problem involving no lighting near the school. Please arrange an inspection.,electricity,english,NYC311_seed_controlled_augmentation_v2
This environmental problem involves large number of mosquitoes near the junction.,environment,english,NYC311_seed_controlled_augmentation_v2
We need assistance with rain garden flooding in our neighbourhood. Please investigate this issue.,drainage,english,NYC311_seed_controlled_augmentation_v2
People in the area are affected by wiring near the hospital.,electricity,english,NYC311_seed_controlled_augmentation_v2
There is a waste management problem involving missed collection outside our building. This is causing inconvenience to the public.,garbage,english,NYC311_seed_controlled_augmentation_v2
Our area is facing low water pressure in the residential area. We would appreciate assistance with this problem.,water_supply,english,NYC311_seed_controlled_augmentation_v2
There appears to be wiring on the main road. This issue needs urgent attention.,electricity,english,NYC311_seed_controlled_augmentation_v2
We have noticed chemical vapors/gases/odors close to the town centre.,environment,english,NYC311_seed_controlled_augmentation_v2
The area needs cleaning because of dirty area/alleyway in the residential area. We would appreciate assistance with this problem.,garbage,english,NYC311_seed_controlled_augmentation_v2
"This environmental problem involves oil spill on street, small close to the bus stop.",environment,english,NYC311_seed_controlled_augmentation_v2
There is outlet/switch near the school.,electricity,english,NYC311_seed_controlled_augmentation_v2
"Residents have reported taste/odor, bitter/metallic near the public market.",water_supply,english,NYC311_seed_controlled_augmentation_v2
The water service is affected by unknown odor/taste in drinking water close to the town centre. Please take the necessary action.,water_supply,english,NYC311_seed_controlled_augmentation_v2
"Please investigate the water problem caused by taste/odor, bitter/metallic near our house. The problem has been continuing for some time.",water_supply,english,NYC311_seed_controlled_augmentation_v2
Please inspect the drain because of sewage odor in our neighbourhood. Residents are requesting assistance.,drainage,english,NYC311_seed_controlled_augmentation_v2
People in the area are experiencing possible water main break in our neighbourhood.,water_supply,english,NYC311_seed_controlled_augmentation_v2
Garbage collection is affected by dirty sidewalk near the junction. Please arrange an inspection.,garbage,english,NYC311_seed_controlled_augmentation_v2
The drainage system is affected by sewage odor in our neighbourhood.,drainage,english,NYC311_seed_controlled_augmentation_v2
The electrical system needs attention because of lighting close to the bus stop.,electricity,english,NYC311_seed_controlled_augmentation_v2
There is sewage leak in our neighbourhood.,drainage,english,NYC311_seed_controlled_augmentation_v2
Please inspect the drain because of rain garden flooding in our neighbourhood.,drainage,english,NYC311_seed_controlled_augmentation_v2
Wastewater problems have occurred due to sewer or drain in our neighbourhood. Please resolve this problem as soon as possible.,drainage,english,NYC311_seed_controlled_augmentation_v2
"Residents are concerned about air: smoke, vehicular near the public market.",environment,english,NYC311_seed_controlled_augmentation_v2
Residents have complained about receptacle violation near the hospital. Please investigate this issue.,garbage,english,NYC311_seed_controlled_augmentation_v2
Please arrange cleaning because of missed recycling-all materials near our house. Please arrange an inspection.,garbage,english,NYC311_seed_controlled_augmentation_v2
The road needs attention because of broken curb near the school. Please investigate this issue.,roads,english,NYC311_seed_controlled_augmentation_v2
Broken Curb is causing difficulties for vehicles near the public market. Please investigate this issue.,roads,english,NYC311_seed_controlled_augmentation_v2
There is rain garden flooding near the school.,drainage,english,NYC311_seed_controlled_augmentation_v2
Please inspect the electrical issue involving no lighting close to the bus stop. Residents are requesting assistance.,electricity,english,NYC311_seed_controlled_augmentation_v2
Please inspect the electrical issue involving lamppost wire exposed near the school. This issue needs urgent attention.,electricity,english,NYC311_seed_controlled_augmentation_v2
Waste has become a problem due to dirty sidewalk close to the town centre. We would appreciate assistance with this problem.,garbage,english,NYC311_seed_controlled_augmentation_v2
The road surface is damaged due to failed street repair close to the bus stop.,roads,english,NYC311_seed_controlled_augmentation_v2
The road has defective hardware near the junction.,roads,english,NYC311_seed_controlled_augmentation_v2
People nearby have complained about chemical spill/release near the junction. The problem has been continuing for some time.,environment,english,NYC311_seed_controlled_augmentation_v2
We need assistance with sewage odor outside our building. Please take the necessary action.,drainage,english,NYC311_seed_controlled_augmentation_v2
Please repair cave-in near the public market. Please investigate this issue.,roads,english,NYC311_seed_controlled_augmentation_v2
"Please inspect the environmental issue involving unsafe chemical, abandoned in the residential area. This issue needs urgent attention.",environment,english,NYC311_seed_controlled_augmentation_v2
LIGHTING is affecting the area near the junction.,electricity,english,NYC311_seed_controlled_augmentation_v2
Please inspect the environmental issue involving ventilation outside our building. This issue needs urgent attention.,environment,english,NYC311_seed_controlled_augmentation_v2
Missed Recycling-All Materials is creating an unsanitary condition along the roadside.,garbage,english,NYC311_seed_controlled_augmentation_v2
Please investigate the water problem caused by leak in our neighbourhood. We would appreciate assistance with this problem.,water_supply,english,NYC311_seed_controlled_augmentation_v2
Residents are requesting action regarding dirty sidewalk in the residential area. Please investigate this issue.,garbage,english,NYC311_seed_controlled_augmentation_v2
Please resolve the drainage issue involving sewer backup near our house. This is causing inconvenience to the public.,drainage,english,NYC311_seed_controlled_augmentation_v2
Drivers are facing problems because of defective hardware close to the bus stop.,roads,english,NYC311_seed_controlled_augmentation_v2
Residents have reported possible water main break near our house.,water_supply,english,NYC311_seed_controlled_augmentation_v2
There appears to be hydrant leaking in our neighbourhood.,water_supply,english,NYC311_seed_controlled_augmentation_v2
Ventilation is affecting the surrounding environment near the public market.,environment,english,NYC311_seed_controlled_augmentation_v2
Drivers are facing problems because of pothole - highway close to the bus stop.,roads,english,NYC311_seed_controlled_augmentation_v2
"We are experiencing taste/odor, bitter/metallic close to the town centre.",water_supply,english,NYC311_seed_controlled_augmentation_v2
"The area is affected by air: smoke, vehicular close to the town centre. This issue needs urgent attention.",environment,english,NYC311_seed_controlled_augmentation_v2
The road needs attention because of wear & tear near the junction. This is causing inconvenience to the public.,roads,english,NYC311_seed_controlled_augmentation_v2
Please inspect the drain because of culvert blocked/needs cleaning in our neighbourhood. Please arrange an inspection.,drainage,english,NYC311_seed_controlled_augmentation_v2
Improper Disposal is creating an unsanitary condition in our neighbourhood. The problem has been continuing for some time.,garbage,english,NYC311_seed_controlled_augmentation_v2
Residents have reported low water pressure in the residential area.,water_supply,english,NYC311_seed_controlled_augmentation_v2
"We have noticed air: smoke, chimney or vent outside our building.",environment,english,NYC311_seed_controlled_augmentation_v2
No Water is affecting the local water supply outside our building. We would appreciate assistance with this problem.,water_supply,english,NYC311_seed_controlled_augmentation_v2
"Residents have reported taste/odor, chlorine along the roadside. This is causing inconvenience to the public.",water_supply,english,NYC311_seed_controlled_augmentation_v2
Residents have complained about missed collection close to the town centre.,garbage,english,NYC311_seed_controlled_augmentation_v2
"Please check the water system because of taste/odor, chlorine close to the bus stop. Please resolve this problem as soon as possible.",water_supply,english,NYC311_seed_controlled_augmentation_v2
"Cloudy Or Milky, Other is affecting the local water supply outside our building. The problem has been continuing for some time.",water_supply,english,NYC311_seed_controlled_augmentation_v2
"Please investigate air: smoke, chimney or vent close to the bus stop.",environment,english,NYC311_seed_controlled_augmentation_v2
Residents are concerned about broken curb close to the town centre. This issue needs urgent attention.,roads,english,NYC311_seed_controlled_augmentation_v2
The electrical system needs attention because of street light out in the residential area.,electricity,english,NYC311_seed_controlled_augmentation_v2
The electricity service has a problem with electrical wiring defective/exposed near our house. Please send the responsible team to inspect the area.,electricity,english,NYC311_seed_controlled_augmentation_v2
"Residents are requesting action regarding air: odor/fumes, vehicle idling near the hospital. Please take the necessary action.",environment,english,NYC311_seed_controlled_augmentation_v2
Please resolve the drainage issue involving rain garden flooding along the roadside. Please send the responsible team to inspect the area.,drainage,english,NYC311_seed_controlled_augmentation_v2
There is an environmental issue involving asbestos complaint near the school.,environment,english,NYC311_seed_controlled_augmentation_v2
POWER OUTAGE is affecting the area near the junction. This is causing inconvenience to the public.,electricity,english,NYC311_seed_controlled_augmentation_v2
The drainage issue appears to involve ponding near the junction. Please send the responsible team to inspect the area.,drainage,english,NYC311_seed_controlled_augmentation_v2
The area needs cleaning because of missed recycling paper near our house. Please resolve this problem as soon as possible.,garbage,english,NYC311_seed_controlled_augmentation_v2
Vehicles are being affected by defective hardware in our neighbourhood. Residents are requesting assistance.,roads,english,NYC311_seed_controlled_augmentation_v2
The road has defective hardware close to the town centre. Residents are requesting assistance.,roads,english,NYC311_seed_controlled_augmentation_v2
The road surface is damaged due to wear & tear in our neighbourhood. Please arrange an inspection.,roads,english,NYC311_seed_controlled_augmentation_v2
The electricity service has a problem with lamppost wire exposed close to the bus stop. Please send the responsible team to inspect the area.,electricity,english,NYC311_seed_controlled_augmentation_v2
Residents are reporting manhole overflow outside our building. Please resolve this problem as soon as possible.,drainage,english,NYC311_seed_controlled_augmentation_v2
There is a water supply issue involving no water near the hospital. Please resolve this problem as soon as possible.,water_supply,english,NYC311_seed_controlled_augmentation_v2
People in the area are affected by no lighting close to the town centre.,electricity,english,NYC311_seed_controlled_augmentation_v2
The drain is causing problems because of sewer or drain close to the bus stop. We would appreciate assistance with this problem.,drainage,english,NYC311_seed_controlled_augmentation_v2
Please resolve the drainage issue involving manhole overflow near the junction. We would appreciate assistance with this problem.,drainage,english,NYC311_seed_controlled_augmentation_v2
There is power outage along the roadside. We would appreciate assistance with this problem.,electricity,english,NYC311_seed_controlled_augmentation_v2
Vehicles are being affected by cave-in in the residential area.,roads,english,NYC311_seed_controlled_augmentation_v2
The drainage system is affected by rain garden flooding outside our building. This issue needs urgent attention.,drainage,english,NYC311_seed_controlled_augmentation_v2
Please check the water system because of low water pressure close to the bus stop.,water_supply,english,NYC311_seed_controlled_augmentation_v2
The area is affected by large number of mosquitoes near the public market. Please investigate this issue.,environment,english,NYC311_seed_controlled_augmentation_v2
Garbage collection is affected by receptacle violation on the main road. Residents are requesting assistance.,garbage,english,NYC311_seed_controlled_augmentation_v2
Residents have reported street light lamp dim close to the bus stop. This is causing inconvenience to the public.,electricity,english,NYC311_seed_controlled_augmentation_v2
We need assistance with sewage leak in our neighbourhood. Please take the necessary action.,drainage,english,NYC311_seed_controlled_augmentation_v2
There is pothole - highway near the junction. We would appreciate assistance with this problem.,roads,english,NYC311_seed_controlled_augmentation_v2
Please repair defective hardware in the residential area. The problem has been continuing for some time.,roads,english,NYC311_seed_controlled_augmentation_v2
Street Light Lamp Dim is affecting the area outside our building.,electricity,english,NYC311_seed_controlled_augmentation_v2
Failed Street Repair is causing difficulties for vehicles near the school. Please investigate this issue.,roads,english,NYC311_seed_controlled_augmentation_v2
We need assistance with ponding close to the town centre.,drainage,english,NYC311_seed_controlled_augmentation_v2
There is missed recycling-all materials along the roadside.,garbage,english,NYC311_seed_controlled_augmentation_v2
Drivers are facing problems because of pothole near the hospital. Please resolve this problem as soon as possible.,roads,english,NYC311_seed_controlled_augmentation_v2
Residents have complained about dirty area/alleyway near the public market. Residents are requesting assistance.,garbage,english,NYC311_seed_controlled_augmentation_v2
The drain is causing problems because of sewer or drain outside our building. This issue needs urgent attention.,drainage,english,NYC311_seed_controlled_augmentation_v2
Please send a technician because of power outage near the school.,electricity,english,NYC311_seed_controlled_augmentation_v2
"Our area is facing taste/odor, chlorine near the hospital. This issue needs urgent attention.",water_supply,english,NYC311_seed_controlled_augmentation_v2
We would like to report failed street repair close to the bus stop. This issue needs urgent attention.,roads,english,NYC311_seed_controlled_augmentation_v2
Residents are reporting sewage odor near the hospital. Please investigate this issue.,drainage,english,NYC311_seed_controlled_augmentation_v2
"There appears to be cloudy or milky, other in our neighbourhood.",water_supply,english,NYC311_seed_controlled_augmentation_v2
Vehicles are being affected by curb defect-metal protruding in the residential area. The problem has been continuing for some time.,roads,english,NYC311_seed_controlled_augmentation_v2
Garbage collection is affected by dirty sidewalk outside our building. The problem has been continuing for some time.,garbage,english,NYC311_seed_controlled_augmentation_v2
We would like to report failed street repair on the main road. Please send the responsible team to inspect the area.,roads,english,NYC311_seed_controlled_augmentation_v2
There is receptacle violation along the roadside. We would appreciate assistance with this problem.,garbage,english,NYC311_seed_controlled_augmentation_v2
Missed Recycling-All Materials is creating an unsanitary condition near the public market. This issue needs urgent attention.,garbage,english,NYC311_seed_controlled_augmentation_v2
The drainage issue appears to involve sewage leak near the school. Residents are requesting assistance.,drainage,english,NYC311_seed_controlled_augmentation_v2
"We have noticed oil spill on street, large near the junction. Please arrange an inspection.",environment,english,NYC311_seed_controlled_augmentation_v2
There is a water supply issue involving possible water main break near the hospital. The problem has been continuing for some time.,water_supply,english,NYC311_seed_controlled_augmentation_v2
There appears to be outlet/switch in our neighbourhood. This is causing inconvenience to the public.,electricity,english,NYC311_seed_controlled_augmentation_v2
The electricity service has a problem with street light out along the roadside. Please resolve this problem as soon as possible.,electricity,english,NYC311_seed_controlled_augmentation_v2
The road surface is damaged due to pothole outside our building.,roads,english,NYC311_seed_controlled_augmentation_v2
Please repair failed street repair on the main road. Please take the necessary action.,roads,english,NYC311_seed_controlled_augmentation_v2
Wastewater problems have occurred due to ponding near our house. Please investigate this issue.,drainage,english,NYC311_seed_controlled_augmentation_v2
"We have noticed air: odor/fumes, vehicle idling outside our building. The problem has been continuing for some time.",environment,english,NYC311_seed_controlled_augmentation_v2
Dirty Sidewalk is creating an unsanitary condition near our house.,garbage,english,NYC311_seed_controlled_augmentation_v2
Curb Defect-Metal Protruding is causing difficulties for vehicles close to the bus stop. Please investigate this issue.,roads,english,NYC311_seed_controlled_augmentation_v2
Residents are concerned about failed street repair near the junction. The problem has been continuing for some time.,roads,english,NYC311_seed_controlled_augmentation_v2
Waste has become a problem due to street cond/dump-out/drop-off near the public market. This issue needs urgent attention.,garbage,english,NYC311_seed_controlled_augmentation_v2
People in the area are affected by no lighting near the junction.,electricity,english,NYC311_seed_controlled_augmentation_v2
This environmental problem involves asbestos complaint near the public market.,environment,english,NYC311_seed_controlled_augmentation_v2
Residents have reported dirty water near our house. Please send the responsible team to inspect the area.,water_supply,english,NYC311_seed_controlled_augmentation_v2
"There is a water supply issue involving taste/odor, chlorine on the main road. The problem has been continuing for some time.",water_supply,english,NYC311_seed_controlled_augmentation_v2
Possible Water Main Break is affecting the local water supply near the hospital. Please take the necessary action.,water_supply,english,NYC311_seed_controlled_augmentation_v2
Please arrange cleaning because of improper disposal near the school. We would appreciate assistance with this problem.,garbage,english,NYC311_seed_controlled_augmentation_v2
We need assistance with manhole overflow outside our building. Please take the necessary action.,drainage,english,NYC311_seed_controlled_augmentation_v2
There is dirty sidewalk near the public market.,garbage,english,NYC311_seed_controlled_augmentation_v2
"Please inspect the environmental issue involving air: dust, construction/demolition near the school.",environment,english,NYC311_seed_controlled_augmentation_v2
The area is affected by air: other air problem in the residential area.,environment,english,NYC311_seed_controlled_augmentation_v2
There is dirty area/alleyway near the hospital.,garbage,english,NYC311_seed_controlled_augmentation_v2
People in the area are experiencing possible water main break near our house. Please arrange an inspection.,water_supply,english,NYC311_seed_controlled_augmentation_v2
"The area is affected by air: smoke, chimney or vent close to the bus stop.",environment,english,NYC311_seed_controlled_augmentation_v2
The drainage issue appears to involve manhole overflow near our house. This is causing inconvenience to the public.,drainage,english,NYC311_seed_controlled_augmentation_v2
People in the area are experiencing no water in the residential area.,water_supply,english,NYC311_seed_controlled_augmentation_v2
Residents are reporting sewer or drain near the junction.,drainage,english,NYC311_seed_controlled_augmentation_v2
We are experiencing an electrical problem involving lamppost knocked down close to the town centre.,electricity,english,NYC311_seed_controlled_augmentation_v2
The area needs cleaning because of loose rubbish in our neighbourhood. Please arrange an inspection.,garbage,english,NYC311_seed_controlled_augmentation_v2
"There is a water supply issue involving taste/odor, bitter/metallic near our house.",water_supply,english,NYC311_seed_controlled_augmentation_v2
Residents have reported low water pressure near the school. The problem has been continuing for some time.,water_supply,english,NYC311_seed_controlled_augmentation_v2
Residents have reported electrical wiring defective/exposed near the hospital.,electricity,english,NYC311_seed_controlled_augmentation_v2
Residents are concerned about air: other air problem near the public market. This is causing inconvenience to the public.,environment,english,NYC311_seed_controlled_augmentation_v2
Failed Street Repair is causing difficulties for vehicles near the school. This is causing inconvenience to the public.,roads,english,NYC311_seed_controlled_augmentation_v2
Please inspect the environmental issue involving asbestos complaint outside our building. This issue needs urgent attention.,environment,english,NYC311_seed_controlled_augmentation_v2
The drain is causing problems because of sewer or drain near the junction.,drainage,english,NYC311_seed_controlled_augmentation_v2
There is missed recycling paper near our house.,garbage,english,NYC311_seed_controlled_augmentation_v2
People in the area are affected by street light out in the residential area. Residents are requesting assistance.,electricity,english,NYC311_seed_controlled_augmentation_v2
We need assistance with street flooding along the roadside. The problem has been continuing for some time.,drainage,english,NYC311_seed_controlled_augmentation_v2
We have noticed large number of mosquitoes near our house.,environment,english,NYC311_seed_controlled_augmentation_v2
Waste has become a problem due to missed recycling paper near the hospital. Please arrange an inspection.,garbage,english,NYC311_seed_controlled_augmentation_v2
We would like to report pothole - highway on the main road. Please take the necessary action.,roads,english,NYC311_seed_controlled_augmentation_v2
"We would like to report rough, pitted or cracked roads in the residential area.",roads,english,NYC311_seed_controlled_augmentation_v2
Please arrange cleaning because of receptacle violation near the public market.,garbage,english,NYC311_seed_controlled_augmentation_v2
Please send a technician because of street light lamp dim near the school.,electricity,english,NYC311_seed_controlled_augmentation_v2
Wastewater problems have occurred due to sewer backup close to the bus stop. Residents are requesting assistance.,drainage,english,NYC311_seed_controlled_augmentation_v2
Garbage collection is affected by bulk-missed recy collection along the roadside. Please take the necessary action.,garbage,english,NYC311_seed_controlled_augmentation_v2
We need assistance with catch basin clogged/flooding close to the bus stop. Please resolve this problem as soon as possible.,drainage,english,NYC311_seed_controlled_augmentation_v2
Please resolve the drainage issue involving sewer or drain close to the town centre. This is causing inconvenience to the public.,drainage,english,NYC311_seed_controlled_augmentation_v2
The road has failed street repair close to the town centre. Please investigate this issue.,roads,english,NYC311_seed_controlled_augmentation_v2
People in the area are affected by street light lamp dim along the roadside.,electricity,english,NYC311_seed_controlled_augmentation_v2
Residents have reported no water along the roadside. Residents are requesting assistance.,water_supply,english,NYC311_seed_controlled_augmentation_v2
Residents are requesting action regarding chemical vapors/gases/odors outside our building. Please arrange an inspection.,environment,english,NYC311_seed_controlled_augmentation_v2
Please address missed recycling - m/g/pl close to the bus stop. Please arrange an inspection.,garbage,english,NYC311_seed_controlled_augmentation_v2
Please inspect the environmental issue involving ventilation near the junction.,environment,english,NYC311_seed_controlled_augmentation_v2
Please repair broken curb outside our building. This issue needs urgent attention.,roads,english,NYC311_seed_controlled_augmentation_v2
The drainage system is affected by sewer backup along the roadside. Please resolve this problem as soon as possible.,drainage,english,NYC311_seed_controlled_augmentation_v2
Residents are requesting action regarding bulk-missed recy collection in the residential area. Please investigate this issue.,garbage,english,NYC311_seed_controlled_augmentation_v2
"Please investigate air: odor/fumes, restaurant outside our building.",environment,english,NYC311_seed_controlled_augmentation_v2
Residents are reporting rain garden flooding near the junction. Residents are requesting assistance.,drainage,english,NYC311_seed_controlled_augmentation_v2
Wastewater problems have occurred due to catch basin clogged/flooding near the hospital. We would appreciate assistance with this problem.,drainage,english,NYC311_seed_controlled_augmentation_v2
"We have noticed air: dust, other near the public market. Please take the necessary action.",environment,english,NYC311_seed_controlled_augmentation_v2
We would like to report pothole on the main road. Please take the necessary action.,roads,english,NYC311_seed_controlled_augmentation_v2
We are experiencing damp spot in our neighbourhood. Please investigate this issue.,water_supply,english,NYC311_seed_controlled_augmentation_v2
There appears to be slow leak outside our building.,water_supply,english,NYC311_seed_controlled_augmentation_v2
"Our area is facing taste/odor, bitter/metallic outside our building. Please investigate this issue.",water_supply,english,NYC311_seed_controlled_augmentation_v2
Please resolve the drainage issue involving ponding close to the bus stop.,drainage,english,NYC311_seed_controlled_augmentation_v2
There is broken curb near the junction. We would appreciate assistance with this problem.,roads,english,NYC311_seed_controlled_augmentation_v2
The drain is causing problems because of manhole overflow close to the bus stop. Please send the responsible team to inspect the area.,drainage,english,NYC311_seed_controlled_augmentation_v2
Please investigate the water problem caused by hydrant leaking close to the bus stop.,water_supply,english,NYC311_seed_controlled_augmentation_v2
Residents have reported leak close to the bus stop. Please take the necessary action.,water_supply,english,NYC311_seed_controlled_augmentation_v2
Please resolve the drainage issue involving sewer backup along the roadside. Please arrange an inspection.,drainage,english,NYC311_seed_controlled_augmentation_v2
Residents have reported unknown odor/taste in drinking water near the hospital. Please send the responsible team to inspect the area.,water_supply,english,NYC311_seed_controlled_augmentation_v2
There is a waste management problem involving receptacle violation near the junction. This is causing inconvenience to the public.,garbage,english,NYC311_seed_controlled_augmentation_v2
Electrical Wiring Defective/Exposed is affecting the area near the hospital. Please investigate this issue.,electricity,english,NYC311_seed_controlled_augmentation_v2
We would like to report curb defect-metal protruding near the junction.,roads,english,NYC311_seed_controlled_augmentation_v2
Street Light Lamp Dim is affecting the area near the hospital. Please send the responsible team to inspect the area.,electricity,english,NYC311_seed_controlled_augmentation_v2
"We have noticed air: smoke, chimney or vent near the public market. This is causing inconvenience to the public.",environment,english,NYC311_seed_controlled_augmentation_v2
Residents are requesting action regarding dirty area/alleyway close to the bus stop. Please send the responsible team to inspect the area.,garbage,english,NYC311_seed_controlled_augmentation_v2
Vehicles are being affected by pothole - highway close to the town centre.,roads,english,NYC311_seed_controlled_augmentation_v2
Chemical Odor is affecting the surrounding environment near the school. Please arrange an inspection.,environment,english,NYC311_seed_controlled_augmentation_v2
The area needs cleaning because of street cond/dump-out/drop-off near our house. Residents are requesting assistance.,garbage,english,NYC311_seed_controlled_augmentation_v2
The area needs cleaning because of missed recycling-all materials close to the bus stop. Please send the responsible team to inspect the area.,garbage,english,NYC311_seed_controlled_augmentation_v2
The area needs cleaning because of improper disposal close to the town centre. Please arrange an inspection.,garbage,english,NYC311_seed_controlled_augmentation_v2
Please investigate the water problem caused by dirty water near our house. Residents are requesting assistance.,water_supply,english,NYC311_seed_controlled_augmentation_v2
The drainage system is affected by street flooding along the roadside. Please take the necessary action.,drainage,english,NYC311_seed_controlled_augmentation_v2
Residents are concerned about broken curb near the junction. This issue needs urgent attention.,roads,english,NYC311_seed_controlled_augmentation_v2
There appears to be heavy flow in our neighbourhood. Residents are requesting assistance.,water_supply,english,NYC311_seed_controlled_augmentation_v2
Sewage Odor is causing drainage problems near the hospital. Please resolve this problem as soon as possible.,drainage,english,NYC311_seed_controlled_augmentation_v2
Garbage collection is affected by missed recycling paper close to the bus stop. Please send the responsible team to inspect the area.,garbage,english,NYC311_seed_controlled_augmentation_v2
Please inspect the environmental issue involving large number of mosquitoes close to the town centre. We would appreciate assistance with this problem.,environment,english,NYC311_seed_controlled_augmentation_v2
There is sewer or drain along the roadside. Please send the responsible team to inspect the area.,drainage,english,NYC311_seed_controlled_augmentation_v2
We need assistance with catch basin clogged/flooding in our neighbourhood.,drainage,english,NYC311_seed_controlled_augmentation_v2
The road has curb defect-metal protruding near the junction. This issue needs urgent attention.,roads,english,NYC311_seed_controlled_augmentation_v2
The drainage system is affected by sewer backup close to the town centre. This issue needs urgent attention.,drainage,english,NYC311_seed_controlled_augmentation_v2
Please address missed recycling - m/g/pl near the junction. This issue needs urgent attention.,garbage,english,NYC311_seed_controlled_augmentation_v2
Residents are concerned about pothole - highway close to the town centre.,roads,english,NYC311_seed_controlled_augmentation_v2
"Please investigate unsafe chemical, storage along the roadside. Please send the responsible team to inspect the area.",environment,english,NYC311_seed_controlled_augmentation_v2
There is a waste management problem involving missed recycling - m/g/pl near the junction. Please send the responsible team to inspect the area.,garbage,english,NYC311_seed_controlled_augmentation_v2
Street Light Out is affecting the area near the school. Please send the responsible team to inspect the area.,electricity,english,NYC311_seed_controlled_augmentation_v2
"Residents are requesting action regarding unsafe chemical, abandoned along the roadside. This is causing inconvenience to the public.",environment,english,NYC311_seed_controlled_augmentation_v2
Please inspect the drain because of rain garden flooding in the residential area.,drainage,english,NYC311_seed_controlled_augmentation_v2
RAIN GARDEN FLOODING is causing drainage problems close to the bus stop. Please resolve this problem as soon as possible.,drainage,english,NYC311_seed_controlled_augmentation_v2
Please check the water system because of low water pressure near the junction. Please investigate this issue.,water_supply,english,NYC311_seed_controlled_augmentation_v2
Please address loose rubbish near the junction.,garbage,english,NYC311_seed_controlled_augmentation_v2
People in the area are affected by outlet/switch near the school. Residents are requesting assistance.,electricity,english,NYC311_seed_controlled_augmentation_v2
There is a water supply issue involving dirty water near the public market. Please arrange an inspection.,water_supply,english,NYC311_seed_controlled_augmentation_v2
"Air: Smoke, Vehicular is affecting the surrounding environment near the hospital.",environment,english,NYC311_seed_controlled_augmentation_v2
There is manhole overflow on the main road. This issue needs urgent attention.,drainage,english,NYC311_seed_controlled_augmentation_v2
People nearby have complained about asbestos complaint close to the town centre. Please arrange an inspection.,environment,english,NYC311_seed_controlled_augmentation_v2
The drainage system is affected by sewage odor near the school. The problem has been continuing for some time.,drainage,english,NYC311_seed_controlled_augmentation_v2
"Please investigate air: smoke, vehicular near our house. Residents are requesting assistance.",environment,english,NYC311_seed_controlled_augmentation_v2
Sewage Odor is causing drainage problems near the school.,drainage,english,NYC311_seed_controlled_augmentation_v2
Residents are concerned about chemical odor near the hospital.,environment,english,NYC311_seed_controlled_augmentation_v2
"Please investigate the water problem caused by taste/odor, chlorine close to the town centre. Please resolve this problem as soon as possible.",water_supply,english,NYC311_seed_controlled_augmentation_v2
Residents have reported unknown odor/taste in drinking water near the junction.,water_supply,english,NYC311_seed_controlled_augmentation_v2
The drain is causing problems because of culvert blocked/needs cleaning near the school. We would appreciate assistance with this problem.,drainage,english,NYC311_seed_controlled_augmentation_v2
Curb Defect-Metal Protruding is causing difficulties for vehicles in the residential area. The problem has been continuing for some time.,roads,english,NYC311_seed_controlled_augmentation_v2
"People in the area are experiencing taste/odor, bitter/metallic along the roadside. Please arrange an inspection.",water_supply,english,NYC311_seed_controlled_augmentation_v2
There is multiple street lights out close to the bus stop.,electricity,english,NYC311_seed_controlled_augmentation_v2
Drivers are facing problems because of broken curb in our neighbourhood.,roads,english,NYC311_seed_controlled_augmentation_v2
Residents have reported wiring on the main road.,electricity,english,NYC311_seed_controlled_augmentation_v2
People in the area are experiencing possible water main break near the school. Please send the responsible team to inspect the area.,water_supply,english,NYC311_seed_controlled_augmentation_v2
We are experiencing slow leak close to the bus stop. Please investigate this issue.,water_supply,english,NYC311_seed_controlled_augmentation_v2
"People nearby have complained about unsafe chemical, storage near the public market. Please take the necessary action.",environment,english,NYC311_seed_controlled_augmentation_v2
The electricity service has a problem with lamppost wire exposed along the roadside.,electricity,english,NYC311_seed_controlled_augmentation_v2
Residents have complained about street cond/dump-out/drop-off near the school.,garbage,english,NYC311_seed_controlled_augmentation_v2
The water service is affected by leak in the residential area. Please resolve this problem as soon as possible.,water_supply,english,NYC311_seed_controlled_augmentation_v2
Our area is facing hydrant leaking near the public market. The problem has been continuing for some time.,water_supply,english,NYC311_seed_controlled_augmentation_v2
Garbage collection is affected by missed collection near the school. Please send the responsible team to inspect the area.,garbage,english,NYC311_seed_controlled_augmentation_v2
The drainage issue appears to involve catch basin clogged/flooding near the junction. Please take the necessary action.,drainage,english,NYC311_seed_controlled_augmentation_v2
"There is an environmental issue involving air: smoke, chimney or vent near the public market. Residents are requesting assistance.",environment,english,NYC311_seed_controlled_augmentation_v2
People in the area are affected by lamppost knocked down close to the bus stop. Please investigate this issue.,electricity,english,NYC311_seed_controlled_augmentation_v2
The drain is causing problems because of culvert blocked/needs cleaning near our house.,drainage,english,NYC311_seed_controlled_augmentation_v2
Failed Street Repair is causing difficulties for vehicles along the roadside. Please send the responsible team to inspect the area.,roads,english,NYC311_seed_controlled_augmentation_v2
Sewage Leak is causing drainage problems along the roadside. Residents are requesting assistance.,drainage,english,NYC311_seed_controlled_augmentation_v2
Garbage collection is affected by missed recycling paper in the residential area.,garbage,english,NYC311_seed_controlled_augmentation_v2
The drainage issue appears to involve ponding close to the bus stop. Please send the responsible team to inspect the area.,drainage,english,NYC311_seed_controlled_augmentation_v2
Please inspect the electrical issue involving power outage outside our building. Please investigate this issue.,electricity,english,NYC311_seed_controlled_augmentation_v2
Please send a technician because of lamppost wire exposed close to the town centre.,electricity,english,NYC311_seed_controlled_augmentation_v2
We are experiencing an electrical problem involving street light lamp dim near the public market. Please take the necessary action.,electricity,english,NYC311_seed_controlled_augmentation_v2
Residents are concerned about large number of mosquitoes near the hospital. We would appreciate assistance with this problem.,environment,english,NYC311_seed_controlled_augmentation_v2
The water service is affected by leak near our house.,water_supply,english,NYC311_seed_controlled_augmentation_v2
NO LIGHTING is affecting the area close to the town centre. The problem has been continuing for some time.,electricity,english,NYC311_seed_controlled_augmentation_v2
There appears to be slow leak near the public market.,water_supply,english,NYC311_seed_controlled_augmentation_v2
Waste has become a problem due to missed recycling-all materials outside our building.,garbage,english,NYC311_seed_controlled_augmentation_v2
The electricity service has a problem with no lighting near our house. Please resolve this problem as soon as possible.,electricity,english,NYC311_seed_controlled_augmentation_v2
Drivers are facing problems because of pothole close to the town centre. This issue needs urgent attention.,roads,english,NYC311_seed_controlled_augmentation_v2
There is street flooding near our house. Residents are requesting assistance.,drainage,english,NYC311_seed_controlled_augmentation_v2
"The area is affected by oil spill on street, large near the hospital. Please arrange an inspection.",environment,english,NYC311_seed_controlled_augmentation_v2
The electrical system needs attention because of wiring near our house. This issue needs urgent attention.,electricity,english,NYC311_seed_controlled_augmentation_v2
Please inspect the drain because of catch basin clogged/flooding in the residential area.,drainage,english,NYC311_seed_controlled_augmentation_v2
Vehicles are being affected by cave-in near our house. Please resolve this problem as soon as possible.,roads,english,NYC311_seed_controlled_augmentation_v2
"Please investigate air: smoke, chimney or vent in the residential area. Please send the responsible team to inspect the area.",environment,english,NYC311_seed_controlled_augmentation_v2
We would like to report failed street repair in the residential area. This issue needs urgent attention.,roads,english,NYC311_seed_controlled_augmentation_v2
Please address missed recycling paper on the main road.,garbage,english,NYC311_seed_controlled_augmentation_v2
People in the area are affected by lamppost wire exposed near the public market. Please arrange an inspection.,electricity,english,NYC311_seed_controlled_augmentation_v2
Residents are requesting action regarding missed recycling - m/g/pl near the junction. This is causing inconvenience to the public.,garbage,english,NYC311_seed_controlled_augmentation_v2
The road has failed street repair near the school.,roads,english,NYC311_seed_controlled_augmentation_v2
Pothole is causing difficulties for vehicles near our house. The problem has been continuing for some time.,roads,english,NYC311_seed_controlled_augmentation_v2
Residents have reported possible water main break in our neighbourhood. The problem has been continuing for some time.,water_supply,english,NYC311_seed_controlled_augmentation_v2
Curb Defect-Metal Protruding is causing difficulties for vehicles on the main road. Please arrange an inspection.,roads,english,NYC311_seed_controlled_augmentation_v2
There is an environmental issue involving asbestos complaint near our house. Please resolve this problem as soon as possible.,environment,english,NYC311_seed_controlled_augmentation_v2
We have noticed chemical spill/release in our neighbourhood.,environment,english,NYC311_seed_controlled_augmentation_v2
People in the area are experiencing possible water main break along the roadside. Please investigate this issue.,water_supply,english,NYC311_seed_controlled_augmentation_v2
Vehicles are being affected by defective hardware on the main road.,roads,english,NYC311_seed_controlled_augmentation_v2
Bulk-Missed Collection is creating an unsanitary condition close to the bus stop. This issue needs urgent attention.,garbage,english,NYC311_seed_controlled_augmentation_v2
"There is a water supply issue involving taste/odor, bitter/metallic near the junction. Please resolve this problem as soon as possible.",water_supply,english,NYC311_seed_controlled_augmentation_v2
The water service is affected by hydrant leaking near the public market. Please investigate this issue.,water_supply,english,NYC311_seed_controlled_augmentation_v2
"Residents are requesting action regarding unsafe chemical, abandoned along the roadside. This issue needs urgent attention.",environment,english,NYC311_seed_controlled_augmentation_v2
The area is affected by asbestos complaint along the roadside. Residents are requesting assistance.,environment,english,NYC311_seed_controlled_augmentation_v2
"Our area is facing taste/odor, bitter/metallic close to the bus stop. The problem has been continuing for some time.",water_supply,english,NYC311_seed_controlled_augmentation_v2
Residents are reporting manhole overflow on the main road. Please arrange an inspection.,drainage,english,NYC311_seed_controlled_augmentation_v2
There is street flooding near the hospital.,drainage,english,NYC311_seed_controlled_augmentation_v2
People in the area are affected by power outage near the junction. Residents are requesting assistance.,electricity,english,NYC311_seed_controlled_augmentation_v2
Residents are reporting sewer or drain in the residential area.,drainage,english,NYC311_seed_controlled_augmentation_v2
"People nearby have complained about air: odor/fumes, vehicle idling in the residential area.",environment,english,NYC311_seed_controlled_augmentation_v2
Residents are reporting street flooding on the main road.,drainage,english,NYC311_seed_controlled_augmentation_v2
Vehicles are being affected by cave-in along the roadside. Please investigate this issue.,roads,english,NYC311_seed_controlled_augmentation_v2
Please investigate the water problem caused by no water along the roadside. Please take the necessary action.,water_supply,english,NYC311_seed_controlled_augmentation_v2
Please inspect the electrical issue involving street light lamp dim near the school. Please send the responsible team to inspect the area.,electricity,english,NYC311_seed_controlled_augmentation_v2
Residents are requesting action regarding missed recycling paper along the roadside.,garbage,english,NYC311_seed_controlled_augmentation_v2
Garbage collection is affected by missed recycling-all materials close to the bus stop. Please send the responsible team to inspect the area.,garbage,english,NYC311_seed_controlled_augmentation_v2
The area needs cleaning because of improper disposal near the school.,garbage,english,NYC311_seed_controlled_augmentation_v2
We are experiencing an electrical problem involving multiple street lights out outside our building.,electricity,english,NYC311_seed_controlled_augmentation_v2
Drivers are facing problems because of curb defect-metal protruding in the residential area. Please resolve this problem as soon as possible.,roads,english,NYC311_seed_controlled_augmentation_v2
People in the area are affected by electrical wiring defective/exposed near the school. The problem has been continuing for some time.,electricity,english,NYC311_seed_controlled_augmentation_v2
There is broken curb near the public market. Please investigate this issue.,roads,english,NYC311_seed_controlled_augmentation_v2
Residents are requesting action regarding loose rubbish near the hospital. This is causing inconvenience to the public.,garbage,english,NYC311_seed_controlled_augmentation_v2
Residents are concerned about pothole - highway near the hospital. The problem has been continuing for some time.,roads,english,NYC311_seed_controlled_augmentation_v2
There is lamppost knocked down close to the town centre.,electricity,english,NYC311_seed_controlled_augmentation_v2
There is manhole overflow on the main road. Please investigate this issue.,drainage,english,NYC311_seed_controlled_augmentation_v2
We would like to report wear & tear along the roadside. Residents are requesting assistance.,roads,english,NYC311_seed_controlled_augmentation_v2
"We have noticed air: dust, construction/demolition in our neighbourhood. This is causing inconvenience to the public.",environment,english,NYC311_seed_controlled_augmentation_v2
Residents are reporting sewage odor close to the town centre.,drainage,english,NYC311_seed_controlled_augmentation_v2
Vehicles are being affected by pothole - highway in our neighbourhood.,roads,english,NYC311_seed_controlled_augmentation_v2
We are experiencing possible water main break on the main road. Please resolve this problem as soon as possible.,water_supply,english,NYC311_seed_controlled_augmentation_v2
Sewer or Drain is causing drainage problems outside our building. We would appreciate assistance with this problem.,drainage,english,NYC311_seed_controlled_augmentation_v2
"Oil Spill On Street, Small is affecting the surrounding environment near the school. Residents are requesting assistance.",environment,english,NYC311_seed_controlled_augmentation_v2
Please resolve the drainage issue involving catch basin clogged/flooding in the residential area. Residents are requesting assistance.,drainage,english,NYC311_seed_controlled_augmentation_v2
The drain is causing problems because of ponding close to the town centre. The problem has been continuing for some time.,drainage,english,NYC311_seed_controlled_augmentation_v2
We would like to report wear & tear near our house. Please take the necessary action.,roads,english,NYC311_seed_controlled_augmentation_v2
The drainage system is affected by culvert blocked/needs cleaning near our house.,drainage,english,NYC311_seed_controlled_augmentation_v2
Residents are reporting street flooding outside our building. Please arrange an inspection.,drainage,english,NYC311_seed_controlled_augmentation_v2
The water service is affected by dirty water near the school.,water_supply,english,NYC311_seed_controlled_augmentation_v2
Drivers are facing problems because of wear & tear along the roadside.,roads,english,NYC311_seed_controlled_augmentation_v2
The area needs cleaning because of missed recycling paper in the residential area. This issue needs urgent attention.,garbage,english,NYC311_seed_controlled_augmentation_v2
People nearby have complained about chemical odor in our neighbourhood. Please arrange an inspection.,environment,english,NYC311_seed_controlled_augmentation_v2
We would like to report wear & tear in the residential area.,roads,english,NYC311_seed_controlled_augmentation_v2
Please inspect the drain because of catch basin clogged/flooding in the residential area. Residents are requesting assistance.,drainage,english,NYC311_seed_controlled_augmentation_v2
We are experiencing an electrical problem involving outlet/switch near the school. This issue needs urgent attention.,electricity,english,NYC311_seed_controlled_augmentation_v2
Please investigate the water problem caused by hydrant leaking in the residential area. We would appreciate assistance with this problem.,water_supply,english,NYC311_seed_controlled_augmentation_v2
Drivers are facing problems because of defective hardware in our neighbourhood.,roads,english,NYC311_seed_controlled_augmentation_v2
Residents are concerned about pothole - highway close to the town centre. We would appreciate assistance with this problem.,roads,english,NYC311_seed_controlled_augmentation_v2
Residents are requesting action regarding bulk-missed recy collection close to the bus stop.,garbage,english,NYC311_seed_controlled_augmentation_v2
Waste has become a problem due to improper disposal in the residential area. This issue needs urgent attention.,garbage,english,NYC311_seed_controlled_augmentation_v2
Pothole is causing difficulties for vehicles near the hospital. Please arrange an inspection.,roads,english,NYC311_seed_controlled_augmentation_v2
There is sewer or drain near the junction. Please send the responsible team to inspect the area.,drainage,english,NYC311_seed_controlled_augmentation_v2
"The area is affected by air: odor/fumes, restaurant outside our building. Please take the necessary action.",environment,english,NYC311_seed_controlled_augmentation_v2
Please inspect the electrical issue involving street light lamp dim near the public market. Please resolve this problem as soon as possible.,electricity,english,NYC311_seed_controlled_augmentation_v2
The electricity service has a problem with no lighting near the junction. The problem has been continuing for some time.,electricity,english,NYC311_seed_controlled_augmentation_v2
"Residents are requesting action regarding unsafe chemical, storage near our house. Please arrange an inspection.",environment,english,NYC311_seed_controlled_augmentation_v2
Please investigate large number of mosquitoes along the roadside.,environment,english,NYC311_seed_controlled_augmentation_v2
Vehicles are being affected by wear & tear outside our building. This is causing inconvenience to the public.,roads,english,NYC311_seed_controlled_augmentation_v2
Missed Collection is creating an unsanitary condition close to the bus stop.,garbage,english,NYC311_seed_controlled_augmentation_v2
Residents have reported street light out along the roadside.,electricity,english,NYC311_seed_controlled_augmentation_v2
Residents are concerned about wear & tear near the school.,roads,english,NYC311_seed_controlled_augmentation_v2
DAMP SPOT is affecting the local water supply near the school. Residents are requesting assistance.,water_supply,english,NYC311_seed_controlled_augmentation_v2
The road has cave-in close to the bus stop. Please resolve this problem as soon as possible.,roads,english,NYC311_seed_controlled_augmentation_v2
Residents are requesting action regarding bulk-missed collection outside our building.,garbage,english,NYC311_seed_controlled_augmentation_v2
The road surface is damaged due to failed street repair along the roadside.,roads,english,NYC311_seed_controlled_augmentation_v2
"Residents are concerned about oil spill on street, small in the residential area. Please arrange an inspection.",environment,english,NYC311_seed_controlled_augmentation_v2
There appears to be lamppost knocked down near the hospital.,electricity,english,NYC311_seed_controlled_augmentation_v2
Wastewater problems have occurred due to sewer or drain near the school. The problem has been continuing for some time.,drainage,english,NYC311_seed_controlled_augmentation_v2
Wastewater problems have occurred due to ponding in the residential area. Please send the responsible team to inspect the area.,drainage,english,NYC311_seed_controlled_augmentation_v2
"Please check the water system because of taste/odor, chlorine near the junction. This is causing inconvenience to the public.",water_supply,english,NYC311_seed_controlled_augmentation_v2
Please investigate the water problem caused by leak on the main road. This issue needs urgent attention.,water_supply,english,NYC311_seed_controlled_augmentation_v2
The road surface is damaged due to pothole - highway in our neighbourhood.,roads,english,NYC311_seed_controlled_augmentation_v2
The area needs cleaning because of missed collection on the main road. Please investigate this issue.,garbage,english,NYC311_seed_controlled_augmentation_v2
Residents are reporting catch basin clogged/flooding in the residential area. Please take the necessary action.,drainage,english,NYC311_seed_controlled_augmentation_v2
"There is an environmental issue involving oil spill on street, small on the main road. This is causing inconvenience to the public.",environment,english,NYC311_seed_controlled_augmentation_v2
"Please investigate unsafe chemical, storage in the residential area. Residents are requesting assistance.",environment,english,NYC311_seed_controlled_augmentation_v2
Wastewater problems have occurred due to manhole overflow near our house. Please take the necessary action.,drainage,english,NYC311_seed_controlled_augmentation_v2
The road surface is damaged due to curb defect-metal protruding along the roadside. Please take the necessary action.,roads,english,NYC311_seed_controlled_augmentation_v2
There is street cond/dump-out/drop-off close to the town centre.,garbage,english,NYC311_seed_controlled_augmentation_v2
Residents have complained about missed collection close to the bus stop. Please resolve this problem as soon as possible.,garbage,english,NYC311_seed_controlled_augmentation_v2
"The area is affected by air: dust, other outside our building. Please resolve this problem as soon as possible.",environment,english,NYC311_seed_controlled_augmentation_v2
There appears to be multiple street lights out in the residential area. This is causing inconvenience to the public.,electricity,english,NYC311_seed_controlled_augmentation_v2
LOW WATER PRESSURE is affecting the local water supply in the residential area. This issue needs urgent attention.,water_supply,english,NYC311_seed_controlled_augmentation_v2
Wastewater problems have occurred due to sewer backup close to the town centre.,drainage,english,NYC311_seed_controlled_augmentation_v2
"The road has rough, pitted or cracked roads in our neighbourhood. Please resolve this problem as soon as possible.",roads,english,NYC311_seed_controlled_augmentation_v2
Leak is affecting the local water supply outside our building. Please send the responsible team to inspect the area.,water_supply,english,NYC311_seed_controlled_augmentation_v2
Please check the water system because of unknown odor/taste in drinking water near our house. The problem has been continuing for some time.,water_supply,english,NYC311_seed_controlled_augmentation_v2
Please inspect the electrical issue involving street light out near the junction. The problem has been continuing for some time.,electricity,english,NYC311_seed_controlled_augmentation_v2
The road has cave-in near the hospital. Please send the responsible team to inspect the area.,roads,english,NYC311_seed_controlled_augmentation_v2
Please arrange cleaning because of improper disposal in the residential area.,garbage,english,NYC311_seed_controlled_augmentation_v2
Wastewater problems have occurred due to sewer or drain near the school.,drainage,english,NYC311_seed_controlled_augmentation_v2
The electrical system needs attention because of multiple street lights out outside our building. Please arrange an inspection.,electricity,english,NYC311_seed_controlled_augmentation_v2
We would like to report failed street repair close to the bus stop. This is causing inconvenience to the public.,roads,english,NYC311_seed_controlled_augmentation_v2
Please send a technician because of no lighting outside our building. The problem has been continuing for some time.,electricity,english,NYC311_seed_controlled_augmentation_v2
Please inspect the environmental issue involving air: other air problem on the main road. Please resolve this problem as soon as possible.,environment,english,NYC311_seed_controlled_augmentation_v2
Please investigate large number of mosquitoes near the school. We would appreciate assistance with this problem.,environment,english,NYC311_seed_controlled_augmentation_v2
Please inspect the environmental issue involving large number of mosquitoes along the roadside. Please resolve this problem as soon as possible.,environment,english,NYC311_seed_controlled_augmentation_v2
People in the area are affected by lighting near the school.,electricity,english,NYC311_seed_controlled_augmentation_v2
Residents have reported multiple street lights out near the public market. Please resolve this problem as soon as possible.,electricity,english,NYC311_seed_controlled_augmentation_v2
Residents are requesting action regarding missed recycling - m/g/pl on the main road.,garbage,english,NYC311_seed_controlled_augmentation_v2
Garbage collection is affected by missed recycling - m/g/pl close to the town centre. Please take the necessary action.,garbage,english,NYC311_seed_controlled_augmentation_v2
HEAVY FLOW is affecting the local water supply near our house.,water_supply,english,NYC311_seed_controlled_augmentation_v2
Please inspect the drain because of sewage leak along the roadside. Please resolve this problem as soon as possible.,drainage,english,NYC311_seed_controlled_augmentation_v2
Wastewater problems have occurred due to manhole overflow near the hospital.,drainage,english,NYC311_seed_controlled_augmentation_v2
Dirty Area/Alleyway is creating an unsanitary condition in our neighbourhood. Please send the responsible team to inspect the area.,garbage,english,NYC311_seed_controlled_augmentation_v2
The electricity service has a problem with no lighting near the public market. Please take the necessary action.,electricity,english,NYC311_seed_controlled_augmentation_v2
"There is an environmental issue involving air: smoke, chimney or vent along the roadside. The problem has been continuing for some time.",environment,english,NYC311_seed_controlled_augmentation_v2
The road surface is damaged due to pothole outside our building. Residents are requesting assistance.,roads,english,NYC311_seed_controlled_augmentation_v2
The road has cave-in near the public market.,roads,english,NYC311_seed_controlled_augmentation_v2
Please inspect the electrical issue involving multiple street lights out near the junction. Residents are requesting assistance.,electricity,english,NYC311_seed_controlled_augmentation_v2
Residents are concerned about curb defect-metal protruding along the roadside. This issue needs urgent attention.,roads,english,NYC311_seed_controlled_augmentation_v2
We need assistance with catch basin clogged/flooding near the public market. Please take the necessary action.,drainage,english,NYC311_seed_controlled_augmentation_v2
"Please inspect the environmental issue involving air: smoke, vehicular near the hospital.",environment,english,NYC311_seed_controlled_augmentation_v2
There appears to be street light out along the roadside. We would appreciate assistance with this problem.,electricity,english,NYC311_seed_controlled_augmentation_v2
"We are experiencing cloudy or milky, other near the junction. The problem has been continuing for some time.",water_supply,english,NYC311_seed_controlled_augmentation_v2
Pothole is causing difficulties for vehicles close to the bus stop. Please arrange an inspection.,roads,english,NYC311_seed_controlled_augmentation_v2
The drainage issue appears to involve catch basin clogged/flooding in the residential area. This issue needs urgent attention.,drainage,english,NYC311_seed_controlled_augmentation_v2
Residents are reporting sewage leak near the hospital. Please arrange an inspection.,drainage,english,NYC311_seed_controlled_augmentation_v2
There is a waste management problem involving bulk-missed collection near the public market. Please take the necessary action.,garbage,english,NYC311_seed_controlled_augmentation_v2
Drivers are facing problems because of curb defect-metal protruding near the school. The problem has been continuing for some time.,roads,english,NYC311_seed_controlled_augmentation_v2
"Unsafe Chemical, Storage is affecting the surrounding environment on the main road. Please arrange an inspection.",environment,english,NYC311_seed_controlled_augmentation_v2
The drainage issue appears to involve street flooding in our neighbourhood. Residents are requesting assistance.,drainage,english,NYC311_seed_controlled_augmentation_v2
"There is a water supply issue involving taste/odor, bitter/metallic in the residential area. Please resolve this problem as soon as possible.",water_supply,english,NYC311_seed_controlled_augmentation_v2
Please investigate the water problem caused by leak close to the town centre. The problem has been continuing for some time.,water_supply,english,NYC311_seed_controlled_augmentation_v2
There is an environmental issue involving large number of mosquitoes near the public market.,environment,english,NYC311_seed_controlled_augmentation_v2
Dirty Water is affecting the local water supply near the school.,water_supply,english,NYC311_seed_controlled_augmentation_v2
People in the area are affected by lamppost knocked down near the public market. This issue needs urgent attention.,electricity,english,NYC311_seed_controlled_augmentation_v2
The road needs attention because of failed street repair outside our building.,roads,english,NYC311_seed_controlled_augmentation_v2
There is an environmental issue involving large number of mosquitoes on the main road. Please take the necessary action.,environment,english,NYC311_seed_controlled_augmentation_v2
"Air: Smoke, Chimney or vent is affecting the surrounding environment on the main road. This issue needs urgent attention.",environment,english,NYC311_seed_controlled_augmentation_v2
"People nearby have complained about air: dust, other in our neighbourhood.",environment,english,NYC311_seed_controlled_augmentation_v2
We need assistance with sewer backup outside our building. This issue needs urgent attention.,drainage,english,NYC311_seed_controlled_augmentation_v2
Please arrange cleaning because of missed recycling-all materials in the residential area. The problem has been continuing for some time.,garbage,english,NYC311_seed_controlled_augmentation_v2
There is improper disposal near the school.,garbage,english,NYC311_seed_controlled_augmentation_v2
Wear & Tear is causing difficulties for vehicles close to the town centre.,roads,english,NYC311_seed_controlled_augmentation_v2
Wastewater problems have occurred due to street flooding in our neighbourhood. Residents are requesting assistance.,drainage,english,NYC311_seed_controlled_augmentation_v2
Please address bulk-missed recy collection near the junction. Please arrange an inspection.,garbage,english,NYC311_seed_controlled_augmentation_v2
We are experiencing an electrical problem involving street light out near the hospital. We would appreciate assistance with this problem.,electricity,english,NYC311_seed_controlled_augmentation_v2
We are experiencing slow leak close to the town centre. Please investigate this issue.,water_supply,english,NYC311_seed_controlled_augmentation_v2
Please inspect the drain because of rain garden flooding along the roadside.,drainage,english,NYC311_seed_controlled_augmentation_v2
Residents have complained about missed collection near our house.,garbage,english,NYC311_seed_controlled_augmentation_v2
Our area is facing dirty water along the roadside.,water_supply,english,NYC311_seed_controlled_augmentation_v2
The drainage system is affected by sewage leak near the hospital. Residents are requesting assistance.,drainage,english,NYC311_seed_controlled_augmentation_v2
Please inspect the environmental issue involving chemical odor near the hospital.,environment,english,NYC311_seed_controlled_augmentation_v2
The drainage issue appears to involve sewage leak along the roadside. Please investigate this issue.,drainage,english,NYC311_seed_controlled_augmentation_v2
Our area is facing hydrant leaking on the main road. This is causing inconvenience to the public.,water_supply,english,NYC311_seed_controlled_augmentation_v2
Please repair pothole on the main road. Please arrange an inspection.,roads,english,NYC311_seed_controlled_augmentation_v2
Residents are concerned about asbestos complaint outside our building. The problem has been continuing for some time.,environment,english,NYC311_seed_controlled_augmentation_v2
Waste has become a problem due to dirty area/alleyway close to the bus stop. This issue needs urgent attention.,garbage,english,NYC311_seed_controlled_augmentation_v2
Please send a technician because of lighting near our house. Please take the necessary action.,electricity,english,NYC311_seed_controlled_augmentation_v2
Waste has become a problem due to dirty area/alleyway along the roadside.,garbage,english,NYC311_seed_controlled_augmentation_v2
There is manhole overflow along the roadside. Please send the responsible team to inspect the area.,drainage,english,NYC311_seed_controlled_augmentation_v2
HEAVY FLOW is affecting the local water supply near the hospital. This issue needs urgent attention.,water_supply,english,NYC311_seed_controlled_augmentation_v2
There is a waste management problem involving receptacle violation close to the bus stop.,garbage,english,NYC311_seed_controlled_augmentation_v2
LIGHTING is affecting the area near the junction. We would appreciate assistance with this problem.,electricity,english,NYC311_seed_controlled_augmentation_v2
We would like to report failed street repair along the roadside. Please send the responsible team to inspect the area.,roads,english,NYC311_seed_controlled_augmentation_v2
There is electrical wiring defective/exposed in the residential area.,electricity,english,NYC311_seed_controlled_augmentation_v2
Sewer Backup is causing drainage problems near the public market. Please resolve this problem as soon as possible.,drainage,english,NYC311_seed_controlled_augmentation_v2
Residents have reported wiring near our house. Residents are requesting assistance.,electricity,english,NYC311_seed_controlled_augmentation_v2
The road has defective hardware near the public market.,roads,english,NYC311_seed_controlled_augmentation_v2
Please arrange cleaning because of missed recycling paper in the residential area.,garbage,english,NYC311_seed_controlled_augmentation_v2
Leak is affecting the local water supply near the school.,water_supply,english,NYC311_seed_controlled_augmentation_v2
Possible Water Main Break is affecting the local water supply in our neighbourhood. This is causing inconvenience to the public.,water_supply,english,NYC311_seed_controlled_augmentation_v2
"There is an environmental issue involving air: odor/fumes, restaurant in the residential area. Please take the necessary action.",environment,english,NYC311_seed_controlled_augmentation_v2
Please send a technician because of outlet/switch in the residential area. Residents are requesting assistance.,electricity,english,NYC311_seed_controlled_augmentation_v2
There appears to be no water near the junction.,water_supply,english,NYC311_seed_controlled_augmentation_v2
Wastewater problems have occurred due to street flooding near the junction. This issue needs urgent attention.,drainage,english,NYC311_seed_controlled_augmentation_v2
Waste has become a problem due to dirty sidewalk near the hospital. This is causing inconvenience to the public.,garbage,english,NYC311_seed_controlled_augmentation_v2
There appears to be no lighting in the residential area. This is causing inconvenience to the public.,electricity,english,NYC311_seed_controlled_augmentation_v2
The water service is affected by dirty water on the main road. Please arrange an inspection.,water_supply,english,NYC311_seed_controlled_augmentation_v2
We are experiencing an electrical problem involving street light out close to the bus stop.,electricity,english,NYC311_seed_controlled_augmentation_v2
The drain is causing problems because of sewer or drain in our neighbourhood.,drainage,english,NYC311_seed_controlled_augmentation_v2
We would like to report pothole on the main road. The problem has been continuing for some time.,roads,english,NYC311_seed_controlled_augmentation_v2
Please investigate the water problem caused by low water pressure on the main road. We would appreciate assistance with this problem.,water_supply,english,NYC311_seed_controlled_augmentation_v2
There is an environmental issue involving chemical odor along the roadside. This issue needs urgent attention.,environment,english,NYC311_seed_controlled_augmentation_v2
Please investigate the water problem caused by hydrant leaking near our house.,water_supply,english,NYC311_seed_controlled_augmentation_v2
"This environmental problem involves air: odor/fumes, vehicle idling along the roadside.",environment,english,NYC311_seed_controlled_augmentation_v2
"There is a water supply issue involving taste/odor, bitter/metallic near the public market.",water_supply,english,NYC311_seed_controlled_augmentation_v2
There is lamppost wire exposed on the main road. Please take the necessary action.,electricity,english,NYC311_seed_controlled_augmentation_v2
"Residents have reported cloudy or milky, other close to the town centre.",water_supply,english,NYC311_seed_controlled_augmentation_v2
Lamppost Knocked Down is affecting the area in the residential area. Please resolve this problem as soon as possible.,electricity,english,NYC311_seed_controlled_augmentation_v2
There is a waste management problem involving bulk-missed collection near the junction. This is causing inconvenience to the public.,garbage,english,NYC311_seed_controlled_augmentation_v2
Residents are concerned about wear & tear along the roadside. Please arrange an inspection.,roads,english,NYC311_seed_controlled_augmentation_v2
Residents have complained about missed recycling - m/g/pl close to the town centre. Please send the responsible team to inspect the area.,garbage,english,NYC311_seed_controlled_augmentation_v2
Please inspect the environmental issue involving chemical odor near the public market. This is causing inconvenience to the public.,environment,english,NYC311_seed_controlled_augmentation_v2
We are experiencing heavy flow on the main road.,water_supply,english,NYC311_seed_controlled_augmentation_v2
Please inspect the electrical issue involving street light out outside our building. Please resolve this problem as soon as possible.,electricity,english,NYC311_seed_controlled_augmentation_v2
There appears to be damp spot near the hospital. Residents are requesting assistance.,water_supply,english,NYC311_seed_controlled_augmentation_v2
Pothole is causing difficulties for vehicles near the public market. This issue needs urgent attention.,roads,english,NYC311_seed_controlled_augmentation_v2
People in the area are experiencing damp spot near the school. This is causing inconvenience to the public.,water_supply,english,NYC311_seed_controlled_augmentation_v2
Please address improper disposal near the junction.,garbage,english,NYC311_seed_controlled_augmentation_v2
We have noticed asbestos complaint close to the town centre. Please arrange an inspection.,environment,english,NYC311_seed_controlled_augmentation_v2
The electricity service has a problem with no lighting near the school. This issue needs urgent attention.,electricity,english,NYC311_seed_controlled_augmentation_v2
There is bulk-missed recy collection near our house. Please resolve this problem as soon as possible.,garbage,english,NYC311_seed_controlled_augmentation_v2
The road needs attention because of wear & tear near the public market. Please take the necessary action.,roads,english,NYC311_seed_controlled_augmentation_v2
The drainage system is affected by sewer or drain in our neighbourhood.,drainage,english,NYC311_seed_controlled_augmentation_v2
There appears to be lighting near the junction. The problem has been continuing for some time.,electricity,english,NYC311_seed_controlled_augmentation_v2
Waste has become a problem due to missed recycling-all materials close to the bus stop. Please resolve this problem as soon as possible.,garbage,english,NYC311_seed_controlled_augmentation_v2
Please inspect the electrical issue involving power outage near the public market. Please resolve this problem as soon as possible.,electricity,english,NYC311_seed_controlled_augmentation_v2
Residents are concerned about defective hardware near the school. Please resolve this problem as soon as possible.,roads,english,NYC311_seed_controlled_augmentation_v2
Vehicles are being affected by cave-in near the school. Residents are requesting assistance.,roads,english,NYC311_seed_controlled_augmentation_v2
Please inspect the environmental issue involving chemical vapors/gases/odors near our house. Please send the responsible team to inspect the area.,environment,english,NYC311_seed_controlled_augmentation_v2
Vehicles are being affected by broken curb near the junction. Please resolve this problem as soon as possible.,roads,english,NYC311_seed_controlled_augmentation_v2
"Our area is facing taste/odor, bitter/metallic along the roadside. Please resolve this problem as soon as possible.",water_supply,english,NYC311_seed_controlled_augmentation_v2
Waste has become a problem due to missed collection close to the bus stop. This issue needs urgent attention.,garbage,english,NYC311_seed_controlled_augmentation_v2
People in the area are affected by wiring in our neighbourhood. We would appreciate assistance with this problem.,electricity,english,NYC311_seed_controlled_augmentation_v2
The water service is affected by hydrant leaking close to the bus stop. Please send the responsible team to inspect the area.,water_supply,english,NYC311_seed_controlled_augmentation_v2
Wastewater problems have occurred due to street flooding near the hospital.,drainage,english,NYC311_seed_controlled_augmentation_v2
Residents are concerned about air: other air problem in the residential area.,environment,english,NYC311_seed_controlled_augmentation_v2
Ponding is causing drainage problems in our neighbourhood. Please take the necessary action.,drainage,english,NYC311_seed_controlled_augmentation_v2
We need assistance with catch basin clogged/flooding near the hospital. Residents are requesting assistance.,drainage,english,NYC311_seed_controlled_augmentation_v2
The area needs cleaning because of dirty area/alleyway in the residential area. Please investigate this issue.,garbage,english,NYC311_seed_controlled_augmentation_v2
Residents are requesting action regarding receptacle violation outside our building. Please take the necessary action.,garbage,english,NYC311_seed_controlled_augmentation_v2
Improper Disposal is creating an unsanitary condition near the hospital. We would appreciate assistance with this problem.,garbage,english,NYC311_seed_controlled_augmentation_v2
The electrical system needs attention because of lamppost wire exposed near our house. We would appreciate assistance with this problem.,electricity,english,NYC311_seed_controlled_augmentation_v2
Please send a technician because of lamppost knocked down near the school. Please resolve this problem as soon as possible.,electricity,english,NYC311_seed_controlled_augmentation_v2
"Residents are concerned about unsafe chemical, abandoned near the hospital. Please arrange an inspection.",environment,english,NYC311_seed_controlled_augmentation_v2
People in the area are experiencing damp spot close to the town centre.,water_supply,english,NYC311_seed_controlled_augmentation_v2
DAMP SPOT is affecting the local water supply along the roadside. Please resolve this problem as soon as possible.,water_supply,english,NYC311_seed_controlled_augmentation_v2
There is a water supply issue involving hydrant leaking outside our building. Please arrange an inspection.,water_supply,english,NYC311_seed_controlled_augmentation_v2
Bulk-Missed Collection is creating an unsanitary condition near the public market. This issue needs urgent attention.,garbage,english,NYC311_seed_controlled_augmentation_v2
There appears to be lighting near the hospital. This issue needs urgent attention.,electricity,english,NYC311_seed_controlled_augmentation_v2
Please address dirty area/alleyway near the school.,garbage,english,NYC311_seed_controlled_augmentation_v2
Residents have reported hydrant leaking in the residential area.,water_supply,english,NYC311_seed_controlled_augmentation_v2
There is lamppost wire exposed in our neighbourhood. Please send the responsible team to inspect the area.,electricity,english,NYC311_seed_controlled_augmentation_v2
The drainage issue appears to involve sewage leak in the residential area.,drainage,english,NYC311_seed_controlled_augmentation_v2
The drainage issue appears to involve culvert blocked/needs cleaning in the residential area. The problem has been continuing for some time.,drainage,english,NYC311_seed_controlled_augmentation_v2
"Residents are requesting action regarding oil spill on street, small near the hospital. Residents are requesting assistance.",environment,english,NYC311_seed_controlled_augmentation_v2
There appears to be possible water main break on the main road.,water_supply,english,NYC311_seed_controlled_augmentation_v2
Residents are requesting action regarding air: other air problem in our neighbourhood. Please send the responsible team to inspect the area.,environment,english,NYC311_seed_controlled_augmentation_v2
The area needs cleaning because of street cond/dump-out/drop-off near the public market. Please investigate this issue.,garbage,english,NYC311_seed_controlled_augmentation_v2
Residents are reporting sewage leak near the public market.,drainage,english,NYC311_seed_controlled_augmentation_v2
"People nearby have complained about air: dust, other on the main road.",environment,english,NYC311_seed_controlled_augmentation_v2
"There is rough, pitted or cracked roads near the hospital.",roads,english,NYC311_seed_controlled_augmentation_v2
We would like to report curb defect-metal protruding near the hospital. Please take the necessary action.,roads,english,NYC311_seed_controlled_augmentation_v2
Please send a technician because of power outage near our house. Residents are requesting assistance.,electricity,english,NYC311_seed_controlled_augmentation_v2
Please investigate the water problem caused by low water pressure near the junction.,water_supply,english,NYC311_seed_controlled_augmentation_v2
There is a water supply issue involving heavy flow near the hospital.,water_supply,english,NYC311_seed_controlled_augmentation_v2
The electrical system needs attention because of outlet/switch near the public market. We would appreciate assistance with this problem.,electricity,english,NYC311_seed_controlled_augmentation_v2
We need assistance with catch basin clogged/flooding along the roadside. The problem has been continuing for some time.,drainage,english,NYC311_seed_controlled_augmentation_v2
"People nearby have complained about air: smoke, vehicular close to the bus stop. Please investigate this issue.",environment,english,NYC311_seed_controlled_augmentation_v2
People in the area are affected by street light lamp dim near the school. Please take the necessary action.,electricity,english,NYC311_seed_controlled_augmentation_v2
"Air: Smoke, Chimney or vent is affecting the surrounding environment near the school. This is causing inconvenience to the public.",environment,english,NYC311_seed_controlled_augmentation_v2
Our area is facing dirty water along the roadside. Please investigate this issue.,water_supply,english,NYC311_seed_controlled_augmentation_v2
The road needs attention because of pothole near the junction. Please arrange an inspection.,roads,english,NYC311_seed_controlled_augmentation_v2
The area is affected by chemical spill/release outside our building. This is causing inconvenience to the public.,environment,english,NYC311_seed_controlled_augmentation_v2
"This environmental problem involves unsafe chemical, storage near the junction. Please take the necessary action.",environment,english,NYC311_seed_controlled_augmentation_v2
Please send a technician because of outlet/switch in the residential area.,electricity,english,NYC311_seed_controlled_augmentation_v2
"Please check the water system because of cloudy or milky, other near our house. Please resolve this problem as soon as possible.",water_supply,english,NYC311_seed_controlled_augmentation_v2
Garbage collection is affected by missed recycling-all materials near the junction. This issue needs urgent attention.,garbage,english,NYC311_seed_controlled_augmentation_v2
The drain is causing problems because of sewer backup near the junction. Please take the necessary action.,drainage,english,NYC311_seed_controlled_augmentation_v2
There is a water supply issue involving hydrant leaking near the hospital. We would appreciate assistance with this problem.,water_supply,english,NYC311_seed_controlled_augmentation_v2
"Residents are concerned about unsafe chemical, storage on the main road.",environment,english,NYC311_seed_controlled_augmentation_v2
We have noticed ventilation near the school. Please send the responsible team to inspect the area.,environment,english,NYC311_seed_controlled_augmentation_v2
Please inspect the drain because of sewer or drain in the residential area. Please take the necessary action.,drainage,english,NYC311_seed_controlled_augmentation_v2
The drainage system is affected by ponding close to the town centre. This is causing inconvenience to the public.,drainage,english,NYC311_seed_controlled_augmentation_v2
The electricity service has a problem with wiring on the main road. Please send the responsible team to inspect the area.,electricity,english,NYC311_seed_controlled_augmentation_v2
We are experiencing an electrical problem involving lamppost knocked down near our house. Please send the responsible team to inspect the area.,electricity,english,NYC311_seed_controlled_augmentation_v2
RAIN GARDEN FLOODING is causing drainage problems in the residential area. Please send the responsible team to inspect the area.,drainage,english,NYC311_seed_controlled_augmentation_v2
The drain is causing problems because of sewage leak on the main road.,drainage,english,NYC311_seed_controlled_augmentation_v2
The electricity service has a problem with lamppost wire exposed along the roadside. Please arrange an inspection.,electricity,english,NYC311_seed_controlled_augmentation_v2
"Please investigate oil spill on street, small near the public market. Please resolve this problem as soon as possible.",environment,english,NYC311_seed_controlled_augmentation_v2
People in the area are affected by electrical wiring defective/exposed along the roadside. Please resolve this problem as soon as possible.,electricity,english,NYC311_seed_controlled_augmentation_v2
Residents have reported hydrant leaking near our house. Please resolve this problem as soon as possible.,water_supply,english,NYC311_seed_controlled_augmentation_v2
We are experiencing an electrical problem involving power outage near our house.,electricity,english,NYC311_seed_controlled_augmentation_v2
The drainage issue appears to involve manhole overflow outside our building. Please investigate this issue.,drainage,english,NYC311_seed_controlled_augmentation_v2
People in the area are affected by lamppost knocked down near the school.,electricity,english,NYC311_seed_controlled_augmentation_v2
Please investigate the water problem caused by dirty water near the public market.,water_supply,english,NYC311_seed_controlled_augmentation_v2
There is dirty sidewalk near the junction. The problem has been continuing for some time.,garbage,english,NYC311_seed_controlled_augmentation_v2
"The area is affected by air: odor/fumes, vehicle idling near the school. Please investigate this issue.",environment,english,NYC311_seed_controlled_augmentation_v2
People in the area are experiencing slow leak near the hospital. Please resolve this problem as soon as possible.,water_supply,english,NYC311_seed_controlled_augmentation_v2
Residents have reported lamppost knocked down near the public market. This issue needs urgent attention.,electricity,english,NYC311_seed_controlled_augmentation_v2
There is sewer or drain outside our building. Residents are requesting assistance.,drainage,english,NYC311_seed_controlled_augmentation_v2
The electricity service has a problem with wiring near the public market. Please resolve this problem as soon as possible.,electricity,english,NYC311_seed_controlled_augmentation_v2
There is a waste management problem involving bulk-missed recy collection near the school.,garbage,english,NYC311_seed_controlled_augmentation_v2
"We would like to report rough, pitted or cracked roads in the residential area. Residents are requesting assistance.",roads,english,NYC311_seed_controlled_augmentation_v2
"The area is affected by air: odor/fumes, vehicle idling on the main road.",environment,english,NYC311_seed_controlled_augmentation_v2
We are experiencing an electrical problem involving lamppost knocked down in the residential area.,electricity,english,NYC311_seed_controlled_augmentation_v2
There is pothole outside our building.,roads,english,NYC311_seed_controlled_augmentation_v2
Vehicles are being affected by pothole outside our building.,roads,english,NYC311_seed_controlled_augmentation_v2
Please resolve the drainage issue involving rain garden flooding in the residential area. Please arrange an inspection.,drainage,english,NYC311_seed_controlled_augmentation_v2
The drainage issue appears to involve sewer or drain along the roadside. Please investigate this issue.,drainage,english,NYC311_seed_controlled_augmentation_v2
There is receptacle violation near the hospital.,garbage,english,NYC311_seed_controlled_augmentation_v2
This environmental problem involves ventilation near the public market. Please send the responsible team to inspect the area.,environment,english,NYC311_seed_controlled_augmentation_v2
There is a waste management problem involving street cond/dump-out/drop-off near the hospital. Please investigate this issue.,garbage,english,NYC311_seed_controlled_augmentation_v2
Wastewater problems have occurred due to sewer or drain close to the bus stop.,drainage,english,NYC311_seed_controlled_augmentation_v2
The drain is causing problems because of rain garden flooding near the junction. Please resolve this problem as soon as possible.,drainage,english,NYC311_seed_controlled_augmentation_v2
There is failed street repair near the public market. This issue needs urgent attention.,roads,english,NYC311_seed_controlled_augmentation_v2
Residents are reporting sewage leak near our house. Residents are requesting assistance.,drainage,english,NYC311_seed_controlled_augmentation_v2
"There appears to be cloudy or milky, other near our house. Residents are requesting assistance.",water_supply,english,NYC311_seed_controlled_augmentation_v2
Please investigate the water problem caused by unknown odor/taste in drinking water close to the bus stop. This is causing inconvenience to the public.,water_supply,english,NYC311_seed_controlled_augmentation_v2
We would like to report defective hardware along the roadside. Please send the responsible team to inspect the area.,roads,english,NYC311_seed_controlled_augmentation_v2
The road has pothole - highway in the residential area. Please arrange an inspection.,roads,english,NYC311_seed_controlled_augmentation_v2
We need assistance with rain garden flooding in our neighbourhood. We would appreciate assistance with this problem.,drainage,english,NYC311_seed_controlled_augmentation_v2
Please inspect the environmental issue involving large number of mosquitoes on the main road. We would appreciate assistance with this problem.,environment,english,NYC311_seed_controlled_augmentation_v2
Drivers are facing problems because of defective hardware in the residential area. Please investigate this issue.,roads,english,NYC311_seed_controlled_augmentation_v2
There appears to be dirty water outside our building.,water_supply,english,NYC311_seed_controlled_augmentation_v2
"There is a water supply issue involving cloudy or milky, other near the school.",water_supply,english,NYC311_seed_controlled_augmentation_v2
We need assistance with sewer backup near the public market. Please take the necessary action.,drainage,english,NYC311_seed_controlled_augmentation_v2
The electricity service has a problem with street light lamp dim near the public market. This issue needs urgent attention.,electricity,english,NYC311_seed_controlled_augmentation_v2
Residents are reporting sewer or drain in our neighbourhood.,drainage,english,NYC311_seed_controlled_augmentation_v2
"Cloudy Or Milky, Other is affecting the local water supply on the main road. The problem has been continuing for some time.",water_supply,english,NYC311_seed_controlled_augmentation_v2
We need assistance with sewer backup close to the town centre. This issue needs urgent attention.,drainage,english,NYC311_seed_controlled_augmentation_v2
Residents have complained about bulk-missed recy collection near our house. Please investigate this issue.,garbage,english,NYC311_seed_controlled_augmentation_v2
The drainage issue appears to involve manhole overflow near the junction. Please resolve this problem as soon as possible.,drainage,english,NYC311_seed_controlled_augmentation_v2
Please check the water system because of unknown odor/taste in drinking water near the junction. This is causing inconvenience to the public.,water_supply,english,NYC311_seed_controlled_augmentation_v2
The drainage system is affected by sewer backup near the hospital.,drainage,english,NYC311_seed_controlled_augmentation_v2
"Cloudy Or Milky, Other is affecting the local water supply near our house. The problem has been continuing for some time.",water_supply,english,NYC311_seed_controlled_augmentation_v2
Drivers are facing problems because of broken curb in the residential area. Please arrange an inspection.,roads,english,NYC311_seed_controlled_augmentation_v2
"Residents are requesting action regarding air: dust, construction/demolition near the junction. Please send the responsible team to inspect the area.",environment,english,NYC311_seed_controlled_augmentation_v2
The water service is affected by low water pressure close to the bus stop.,water_supply,english,NYC311_seed_controlled_augmentation_v2
Please investigate ventilation outside our building.,environment,english,NYC311_seed_controlled_augmentation_v2
Please inspect the drain because of sewer or drain near the hospital.,drainage,english,NYC311_seed_controlled_augmentation_v2
The drainage system is affected by rain garden flooding near the school. Please investigate this issue.,drainage,english,NYC311_seed_controlled_augmentation_v2
Vehicles are being affected by broken curb on the main road.,roads,english,NYC311_seed_controlled_augmentation_v2
Residents are concerned about chemical vapors/gases/odors near the hospital. Residents are requesting assistance.,environment,english,NYC311_seed_controlled_augmentation_v2
"Please investigate air: dust, other outside our building.",environment,english,NYC311_seed_controlled_augmentation_v2
Please send a technician because of lamppost knocked down outside our building.,electricity,english,NYC311_seed_controlled_augmentation_v2
There is wiring near the junction.,electricity,english,NYC311_seed_controlled_augmentation_v2
Residents are concerned about curb defect-metal protruding near our house. Please resolve this problem as soon as possible.,roads,english,NYC311_seed_controlled_augmentation_v2
We are experiencing an electrical problem involving lamppost wire exposed close to the town centre.,electricity,english,NYC311_seed_controlled_augmentation_v2
Please repair curb defect-metal protruding near the public market.,roads,english,NYC311_seed_controlled_augmentation_v2
"Please inspect the environmental issue involving oil spill on street, small close to the bus stop. Please take the necessary action.",environment,english,NYC311_seed_controlled_augmentation_v2
Wastewater problems have occurred due to street flooding in our neighbourhood. Please arrange an inspection.,drainage,english,NYC311_seed_controlled_augmentation_v2
"Residents are concerned about unsafe chemical, abandoned outside our building. This is causing inconvenience to the public.",environment,english,NYC311_seed_controlled_augmentation_v2
We are experiencing an electrical problem involving outlet/switch in our neighbourhood. Please take the necessary action.,electricity,english,NYC311_seed_controlled_augmentation_v2
Our area is facing no water close to the town centre.,water_supply,english,NYC311_seed_controlled_augmentation_v2
We would like to report failed street repair outside our building. Please investigate this issue.,roads,english,NYC311_seed_controlled_augmentation_v2
There is pothole - highway in the residential area.,roads,english,NYC311_seed_controlled_augmentation_v2
There is dirty sidewalk on the main road.,garbage,english,NYC311_seed_controlled_augmentation_v2
Waste has become a problem due to missed collection near the hospital.,garbage,english,NYC311_seed_controlled_augmentation_v2
Defective Hardware is causing difficulties for vehicles near the public market. Please investigate this issue.,roads,english,NYC311_seed_controlled_augmentation_v2
Please arrange cleaning because of missed recycling-all materials along the roadside.,garbage,english,NYC311_seed_controlled_augmentation_v2
Please investigate the water problem caused by no water near our house. The problem has been continuing for some time.,water_supply,english,NYC311_seed_controlled_augmentation_v2
Please inspect the environmental issue involving chemical spill/release in the residential area.,environment,english,NYC311_seed_controlled_augmentation_v2
The drainage system is affected by ponding in the residential area. Please take the necessary action.,drainage,english,NYC311_seed_controlled_augmentation_v2
The road surface is damaged due to pothole close to the town centre. Please investigate this issue.,roads,english,NYC311_seed_controlled_augmentation_v2
Ventilation is affecting the surrounding environment near our house.,environment,english,NYC311_seed_controlled_augmentation_v2
People nearby have complained about large number of mosquitoes close to the bus stop. The problem has been continuing for some time.,environment,english,NYC311_seed_controlled_augmentation_v2
Large Number of Mosquitoes is affecting the surrounding environment in our neighbourhood.,environment,english,NYC311_seed_controlled_augmentation_v2
There is rain garden flooding close to the bus stop.,drainage,english,NYC311_seed_controlled_augmentation_v2
LOW WATER PRESSURE is affecting the local water supply in our neighbourhood. Please take the necessary action.,water_supply,english,NYC311_seed_controlled_augmentation_v2
We have noticed air: other air problem near our house. Please arrange an inspection.,environment,english,NYC311_seed_controlled_augmentation_v2
"Please check the water system because of cloudy or milky, other near the junction. Please take the necessary action.",water_supply,english,NYC311_seed_controlled_augmentation_v2
"Residents are concerned about air: odor/fumes, vehicle idling close to the bus stop.",environment,english,NYC311_seed_controlled_augmentation_v2
"Please repair rough, pitted or cracked roads near the school. This is causing inconvenience to the public.",roads,english,NYC311_seed_controlled_augmentation_v2
"Residents have reported cloudy or milky, other near the junction.",water_supply,english,NYC311_seed_controlled_augmentation_v2
There is a waste management problem involving improper disposal in the residential area.,garbage,english,NYC311_seed_controlled_augmentation_v2
Wastewater problems have occurred due to rain garden flooding outside our building. The problem has been continuing for some time.,drainage,english,NYC311_seed_controlled_augmentation_v2
Residents have reported wiring close to the town centre. Please take the necessary action.,electricity,english,NYC311_seed_controlled_augmentation_v2
Residents are concerned about pothole on the main road.,roads,english,NYC311_seed_controlled_augmentation_v2
We need assistance with sewer or drain on the main road. This is causing inconvenience to the public.,drainage,english,NYC311_seed_controlled_augmentation_v2
Garbage collection is affected by missed recycling paper in our neighbourhood.,garbage,english,NYC311_seed_controlled_augmentation_v2
Please inspect the environmental issue involving chemical vapors/gases/odors near the junction. We would appreciate assistance with this problem.,environment,english,NYC311_seed_controlled_augmentation_v2
The road surface is damaged due to cave-in on the main road. Please send the responsible team to inspect the area.,roads,english,NYC311_seed_controlled_augmentation_v2
This environmental problem involves chemical spill/release in the residential area. Please resolve this problem as soon as possible.,environment,english,NYC311_seed_controlled_augmentation_v2
Waste has become a problem due to missed recycling - m/g/pl close to the town centre. Please arrange an inspection.,garbage,english,NYC311_seed_controlled_augmentation_v2
The drainage system is affected by manhole overflow near the public market. The problem has been continuing for some time.,drainage,english,NYC311_seed_controlled_augmentation_v2
Please investigate asbestos complaint in our neighbourhood. We would appreciate assistance with this problem.,environment,english,NYC311_seed_controlled_augmentation_v2
There is electrical wiring defective/exposed on the main road.,electricity,english,NYC311_seed_controlled_augmentation_v2
"Residents have reported taste/odor, chlorine close to the bus stop. Please send the responsible team to inspect the area.",water_supply,english,NYC311_seed_controlled_augmentation_v2
We would like to report defective hardware on the main road. This is causing inconvenience to the public.,roads,english,NYC311_seed_controlled_augmentation_v2
"There is an environmental issue involving air: smoke, chimney or vent on the main road. Please take the necessary action.",environment,english,NYC311_seed_controlled_augmentation_v2
There is street flooding in the residential area.,drainage,english,NYC311_seed_controlled_augmentation_v2
This environmental problem involves air: other air problem on the main road.,environment,english,NYC311_seed_controlled_augmentation_v2
There is a waste management problem involving loose rubbish near the school. Please send the responsible team to inspect the area.,garbage,english,NYC311_seed_controlled_augmentation_v2
"Oil Spill On Street, Small is affecting the surrounding environment outside our building. Please take the necessary action.",environment,english,NYC311_seed_controlled_augmentation_v2
We are experiencing an electrical problem involving power outage near the junction. This issue needs urgent attention.,electricity,english,NYC311_seed_controlled_augmentation_v2
The area is affected by ventilation near our house. The problem has been continuing for some time.,environment,english,NYC311_seed_controlled_augmentation_v2
"People nearby have complained about air: dust, construction/demolition on the main road. Please arrange an inspection.",environment,english,NYC311_seed_controlled_augmentation_v2
"The road surface is damaged due to rough, pitted or cracked roads near our house. The problem has been continuing for some time.",roads,english,NYC311_seed_controlled_augmentation_v2
Residents are reporting sewer or drain close to the bus stop. This is causing inconvenience to the public.,drainage,english,NYC311_seed_controlled_augmentation_v2
People in the area are experiencing dirty water along the roadside. This is causing inconvenience to the public.,water_supply,english,NYC311_seed_controlled_augmentation_v2
"The area is affected by air: dust, construction/demolition close to the bus stop. Please arrange an inspection.",environment,english,NYC311_seed_controlled_augmentation_v2
"Residents are concerned about air: odor/fumes, restaurant in our neighbourhood. Please resolve this problem as soon as possible.",environment,english,NYC311_seed_controlled_augmentation_v2
We are experiencing hydrant leaking near our house. Please take the necessary action.,water_supply,english,NYC311_seed_controlled_augmentation_v2
We have noticed air: other air problem in the residential area. Please investigate this issue.,environment,english,NYC311_seed_controlled_augmentation_v2
"We are experiencing taste/odor, chlorine close to the bus stop.",water_supply,english,NYC311_seed_controlled_augmentation_v2
Residents have reported lamppost knocked down in the residential area. Please send the responsible team to inspect the area.,electricity,english,NYC311_seed_controlled_augmentation_v2
Please inspect the environmental issue involving chemical vapors/gases/odors near the school. This is causing inconvenience to the public.,environment,english,NYC311_seed_controlled_augmentation_v2
Residents are concerned about cave-in in our neighbourhood.,roads,english,NYC311_seed_controlled_augmentation_v2
The road needs attention because of curb defect-metal protruding close to the town centre.,roads,english,NYC311_seed_controlled_augmentation_v2
Wastewater problems have occurred due to catch basin clogged/flooding near the school.,drainage,english,NYC311_seed_controlled_augmentation_v2
Residents are concerned about chemical vapors/gases/odors on the main road. Please resolve this problem as soon as possible.,environment,english,NYC311_seed_controlled_augmentation_v2
The road surface is damaged due to broken curb in the residential area. The problem has been continuing for some time.,roads,english,NYC311_seed_controlled_augmentation_v2
Please inspect the drain because of culvert blocked/needs cleaning close to the town centre. This is causing inconvenience to the public.,drainage,english,NYC311_seed_controlled_augmentation_v2
Residents have reported lighting near our house.,electricity,english,NYC311_seed_controlled_augmentation_v2
The road has failed street repair near the public market.,roads,english,NYC311_seed_controlled_augmentation_v2
"People nearby have complained about air: dust, construction/demolition close to the town centre.",environment,english,NYC311_seed_controlled_augmentation_v2
Residents have reported leak near our house. Please take the necessary action.,water_supply,english,NYC311_seed_controlled_augmentation_v2
There is wiring near the hospital. Please resolve this problem as soon as possible.,electricity,english,NYC311_seed_controlled_augmentation_v2
Please resolve the drainage issue involving culvert blocked/needs cleaning in the residential area. The problem has been continuing for some time.,drainage,english,NYC311_seed_controlled_augmentation_v2
"Residents are requesting action regarding unsafe chemical, abandoned near the junction. Please investigate this issue.",environment,english,NYC311_seed_controlled_augmentation_v2
There appears to be wiring near the public market. We would appreciate assistance with this problem.,electricity,english,NYC311_seed_controlled_augmentation_v2
We need assistance with ponding near the public market.,drainage,english,NYC311_seed_controlled_augmentation_v2
Please check the water system because of possible water main break along the roadside. Please investigate this issue.,water_supply,english,NYC311_seed_controlled_augmentation_v2
Residents have reported heavy flow near our house.,water_supply,english,NYC311_seed_controlled_augmentation_v2
Drivers are facing problems because of pothole - highway close to the town centre. Please arrange an inspection.,roads,english,NYC311_seed_controlled_augmentation_v2
There is cave-in on the main road. This is causing inconvenience to the public.,roads,english,NYC311_seed_controlled_augmentation_v2
Please inspect the electrical issue involving lamppost wire exposed close to the town centre. The problem has been continuing for some time.,electricity,english,NYC311_seed_controlled_augmentation_v2
Please inspect the electrical issue involving lamppost knocked down in the residential area.,electricity,english,NYC311_seed_controlled_augmentation_v2
Residents have complained about loose rubbish along the roadside.,garbage,english,NYC311_seed_controlled_augmentation_v2
The road needs attention because of wear & tear close to the bus stop. This issue needs urgent attention.,roads,english,NYC311_seed_controlled_augmentation_v2
Our area is facing dirty water on the main road.,water_supply,english,NYC311_seed_controlled_augmentation_v2
Dirty Area/Alleyway is creating an unsanitary condition outside our building. Please resolve this problem as soon as possible.,garbage,english,NYC311_seed_controlled_augmentation_v2
People in the area are experiencing slow leak close to the town centre.,water_supply,english,NYC311_seed_controlled_augmentation_v2
Please check the water system because of unknown odor/taste in drinking water close to the bus stop. Please send the responsible team to inspect the area.,water_supply,english,NYC311_seed_controlled_augmentation_v2
People in the area are experiencing slow leak outside our building. The problem has been continuing for some time.,water_supply,english,NYC311_seed_controlled_augmentation_v2
Please address bulk-missed recy collection near the junction. Please investigate this issue.,garbage,english,NYC311_seed_controlled_augmentation_v2
The water service is affected by damp spot in our neighbourhood. This is causing inconvenience to the public.,water_supply,english,NYC311_seed_controlled_augmentation_v2
"The area is affected by oil spill on street, small on the main road.",environment,english,NYC311_seed_controlled_augmentation_v2
"Please investigate the water problem caused by cloudy or milky, other in the residential area. Please take the necessary action.",water_supply,english,NYC311_seed_controlled_augmentation_v2
Residents are concerned about chemical spill/release outside our building. Please arrange an inspection.,environment,english,NYC311_seed_controlled_augmentation_v2
The electricity service has a problem with street light lamp dim along the roadside. Please take the necessary action.,electricity,english,NYC311_seed_controlled_augmentation_v2
Garbage collection is affected by bulk-missed collection near the school.,garbage,english,NYC311_seed_controlled_augmentation_v2
Failed Street Repair is causing difficulties for vehicles near our house.,roads,english,NYC311_seed_controlled_augmentation_v2
Multiple Street Lights Out is affecting the area close to the bus stop. Please investigate this issue.,electricity,english,NYC311_seed_controlled_augmentation_v2
We are experiencing an electrical problem involving power outage near the school. Residents are requesting assistance.,electricity,english,NYC311_seed_controlled_augmentation_v2
Failed Street Repair is causing difficulties for vehicles close to the bus stop. This is causing inconvenience to the public.,roads,english,NYC311_seed_controlled_augmentation_v2
Residents are concerned about pothole close to the town centre. The problem has been continuing for some time.,roads,english,NYC311_seed_controlled_augmentation_v2
There is rain garden flooding near the school. This issue needs urgent attention.,drainage,english,NYC311_seed_controlled_augmentation_v2
"There appears to be cloudy or milky, other in the residential area. This issue needs urgent attention.",water_supply,english,NYC311_seed_controlled_augmentation_v2
The electrical system needs attention because of lamppost wire exposed close to the bus stop.,electricity,english,NYC311_seed_controlled_augmentation_v2
Residents have complained about missed recycling-all materials near the public market. Please send the responsible team to inspect the area.,garbage,english,NYC311_seed_controlled_augmentation_v2
The road needs attention because of curb defect-metal protruding along the roadside. Please resolve this problem as soon as possible.,roads,english,NYC311_seed_controlled_augmentation_v2
Residents have reported power outage near our house. We would appreciate assistance with this problem.,electricity,english,NYC311_seed_controlled_augmentation_v2
The drainage issue appears to involve ponding outside our building.,drainage,english,NYC311_seed_controlled_augmentation_v2
The electricity service has a problem with street light lamp dim near the hospital.,electricity,english,NYC311_seed_controlled_augmentation_v2
Please investigate the water problem caused by leak near the junction.,water_supply,english,NYC311_seed_controlled_augmentation_v2
There appears to be lamppost knocked down near the junction.,electricity,english,NYC311_seed_controlled_augmentation_v2
Please investigate the water problem caused by dirty water near the hospital.,water_supply,english,NYC311_seed_controlled_augmentation_v2
Vehicles are being affected by curb defect-metal protruding close to the town centre. Please send the responsible team to inspect the area.,roads,english,NYC311_seed_controlled_augmentation_v2
The drainage issue appears to involve ponding in the residential area.,drainage,english,NYC311_seed_controlled_augmentation_v2
We have noticed ventilation in our neighbourhood. Please take the necessary action.,environment,english,NYC311_seed_controlled_augmentation_v2
The area needs cleaning because of missed recycling - m/g/pl near our house. This issue needs urgent attention.,garbage,english,NYC311_seed_controlled_augmentation_v2
"The road needs attention because of rough, pitted or cracked roads near our house. This is causing inconvenience to the public.",roads,english,NYC311_seed_controlled_augmentation_v2
People nearby have complained about air: other air problem close to the town centre. Please arrange an inspection.,environment,english,NYC311_seed_controlled_augmentation_v2
Waste has become a problem due to bulk-missed collection outside our building. Please send the responsible team to inspect the area.,garbage,english,NYC311_seed_controlled_augmentation_v2
There is a water supply issue involving heavy flow on the main road. Please investigate this issue.,water_supply,english,NYC311_seed_controlled_augmentation_v2
Vehicles are being affected by defective hardware in the residential area. This is causing inconvenience to the public.,roads,english,NYC311_seed_controlled_augmentation_v2
Vehicles are being affected by pothole close to the bus stop.,roads,english,NYC311_seed_controlled_augmentation_v2
There appears to be no water outside our building.,water_supply,english,NYC311_seed_controlled_augmentation_v2
People in the area are affected by outlet/switch close to the bus stop. Please take the necessary action.,electricity,english,NYC311_seed_controlled_augmentation_v2
Our area is facing hydrant leaking close to the bus stop. This is causing inconvenience to the public.,water_supply,english,NYC311_seed_controlled_augmentation_v2
The road has pothole on the main road. We would appreciate assistance with this problem.,roads,english,NYC311_seed_controlled_augmentation_v2
"There is rough, pitted or cracked roads along the roadside. This is causing inconvenience to the public.",roads,english,NYC311_seed_controlled_augmentation_v2
Residents are reporting ponding near the hospital. Please investigate this issue.,drainage,english,NYC311_seed_controlled_augmentation_v2
There is sewage leak along the roadside. Please investigate this issue.,drainage,english,NYC311_seed_controlled_augmentation_v2
Sewage Odor is causing drainage problems on the main road. Please take the necessary action.,drainage,english,NYC311_seed_controlled_augmentation_v2
Drivers are facing problems because of failed street repair near the public market.,roads,english,NYC311_seed_controlled_augmentation_v2
There is bulk-missed recy collection near the junction. Please investigate this issue.,garbage,english,NYC311_seed_controlled_augmentation_v2
Please check the water system because of slow leak close to the bus stop. Please resolve this problem as soon as possible.,water_supply,english,NYC311_seed_controlled_augmentation_v2
Sewer Backup is causing drainage problems near our house. Residents are requesting assistance.,drainage,english,NYC311_seed_controlled_augmentation_v2
The area needs cleaning because of loose rubbish near the school. Please take the necessary action.,garbage,english,NYC311_seed_controlled_augmentation_v2
The road has broken curb near the junction. This issue needs urgent attention.,roads,english,NYC311_seed_controlled_augmentation_v2
Residents have complained about dirty sidewalk close to the bus stop. The problem has been continuing for some time.,garbage,english,NYC311_seed_controlled_augmentation_v2
Our area is facing leak close to the town centre. We would appreciate assistance with this problem.,water_supply,english,NYC311_seed_controlled_augmentation_v2
Please inspect the drain because of sewage odor near the hospital. Residents are requesting assistance.,drainage,english,NYC311_seed_controlled_augmentation_v2
Please investigate the water problem caused by slow leak near the public market. Residents are requesting assistance.,water_supply,english,NYC311_seed_controlled_augmentation_v2
This environmental problem involves chemical spill/release along the roadside.,environment,english,NYC311_seed_controlled_augmentation_v2
"We have noticed air: dust, other close to the bus stop. This is causing inconvenience to the public.",environment,english,NYC311_seed_controlled_augmentation_v2
Residents are concerned about broken curb in the residential area. We would appreciate assistance with this problem.,roads,english,NYC311_seed_controlled_augmentation_v2
We need assistance with rain garden flooding near the junction. Please resolve this problem as soon as possible.,drainage,english,NYC311_seed_controlled_augmentation_v2
Please inspect the drain because of street flooding along the roadside. Please take the necessary action.,drainage,english,NYC311_seed_controlled_augmentation_v2
People in the area are experiencing possible water main break near the school. This issue needs urgent attention.,water_supply,english,NYC311_seed_controlled_augmentation_v2
Please repair wear & tear near the hospital. Please take the necessary action.,roads,english,NYC311_seed_controlled_augmentation_v2
The electrical system needs attention because of street light out near the school. We would appreciate assistance with this problem.,electricity,english,NYC311_seed_controlled_augmentation_v2
"There is an environmental issue involving air: dust, other close to the bus stop. Please investigate this issue.",environment,english,NYC311_seed_controlled_augmentation_v2
"Please inspect the environmental issue involving oil spill on street, small near the junction. Please resolve this problem as soon as possible.",environment,english,NYC311_seed_controlled_augmentation_v2
There appears to be possible water main break along the roadside. Please investigate this issue.,water_supply,english,NYC311_seed_controlled_augmentation_v2
People in the area are affected by multiple street lights out near our house.,electricity,english,NYC311_seed_controlled_augmentation_v2
Please check the water system because of no water along the roadside.,water_supply,english,NYC311_seed_controlled_augmentation_v2
"We have noticed unsafe chemical, abandoned outside our building. This is causing inconvenience to the public.",environment,english,NYC311_seed_controlled_augmentation_v2
Please check the water system because of damp spot in the residential area. Please arrange an inspection.,water_supply,english,NYC311_seed_controlled_augmentation_v2
The area is affected by air: other air problem near the junction. Please take the necessary action.,environment,english,NYC311_seed_controlled_augmentation_v2
The electrical system needs attention because of lamppost wire exposed close to the bus stop. Please investigate this issue.,electricity,english,NYC311_seed_controlled_augmentation_v2
Our area is facing low water pressure near the hospital. Residents are requesting assistance.,water_supply,english,NYC311_seed_controlled_augmentation_v2
The drainage system is affected by culvert blocked/needs cleaning near the hospital. Please investigate this issue.,drainage,english,NYC311_seed_controlled_augmentation_v2
The drain is causing problems because of sewage odor near the school. Please investigate this issue.,drainage,english,NYC311_seed_controlled_augmentation_v2
Please check the water system because of damp spot outside our building. Please take the necessary action.,water_supply,english,NYC311_seed_controlled_augmentation_v2
Drivers are facing problems because of broken curb close to the bus stop. Please take the necessary action.,roads,english,NYC311_seed_controlled_augmentation_v2
There is an environmental issue involving large number of mosquitoes along the roadside.,environment,english,NYC311_seed_controlled_augmentation_v2
There is receptacle violation close to the town centre.,garbage,english,NYC311_seed_controlled_augmentation_v2
There is sewer backup near the public market.,drainage,english,NYC311_seed_controlled_augmentation_v2
"This environmental problem involves oil spill on street, large near the school. The problem has been continuing for some time.",environment,english,NYC311_seed_controlled_augmentation_v2
Vehicles are being affected by broken curb close to the town centre. Please investigate this issue.,roads,english,NYC311_seed_controlled_augmentation_v2
The electrical system needs attention because of street light out near the public market. Please take the necessary action.,electricity,english,NYC311_seed_controlled_augmentation_v2
Residents are requesting action regarding chemical vapors/gases/odors on the main road. Please take the necessary action.,environment,english,NYC311_seed_controlled_augmentation_v2
Please investigate chemical spill/release near the junction. This issue needs urgent attention.,environment,english,NYC311_seed_controlled_augmentation_v2
Residents are requesting action regarding receptacle violation close to the bus stop.,garbage,english,NYC311_seed_controlled_augmentation_v2
No Water is affecting the local water supply near our house.,water_supply,english,NYC311_seed_controlled_augmentation_v2
Please inspect the environmental issue involving ventilation near our house. This is causing inconvenience to the public.,environment,english,NYC311_seed_controlled_augmentation_v2
"We are experiencing taste/odor, chlorine near the hospital.",water_supply,english,NYC311_seed_controlled_augmentation_v2
"We have noticed air: odor/fumes, restaurant near the junction.",environment,english,NYC311_seed_controlled_augmentation_v2
The electrical system needs attention because of lighting along the roadside. Please send the responsible team to inspect the area.,electricity,english,NYC311_seed_controlled_augmentation_v2
The road has failed street repair near the junction. We would appreciate assistance with this problem.,roads,english,NYC311_seed_controlled_augmentation_v2
"Residents are concerned about rough, pitted or cracked roads on the main road. This is causing inconvenience to the public.",roads,english,NYC311_seed_controlled_augmentation_v2
Manhole Overflow is causing drainage problems in the residential area. Please resolve this problem as soon as possible.,drainage,english,NYC311_seed_controlled_augmentation_v2
"This environmental problem involves air: odor/fumes, vehicle idling near the public market. This is causing inconvenience to the public.",environment,english,NYC311_seed_controlled_augmentation_v2
Broken Curb is causing difficulties for vehicles near the school.,roads,english,NYC311_seed_controlled_augmentation_v2
"Please repair rough, pitted or cracked roads near the hospital. This issue needs urgent attention.",roads,english,NYC311_seed_controlled_augmentation_v2
Our area is facing damp spot near our house. This is causing inconvenience to the public.,water_supply,english,NYC311_seed_controlled_augmentation_v2
There is defective hardware outside our building. This is causing inconvenience to the public.,roads,english,NYC311_seed_controlled_augmentation_v2
The electricity service has a problem with lighting near our house. Please resolve this problem as soon as possible.,electricity,english,NYC311_seed_controlled_augmentation_v2
Please investigate chemical vapors/gases/odors close to the bus stop.,environment,english,NYC311_seed_controlled_augmentation_v2
We would like to report broken curb close to the town centre.,roads,english,NYC311_seed_controlled_augmentation_v2
Waste has become a problem due to receptacle violation along the roadside.,garbage,english,NYC311_seed_controlled_augmentation_v2
The electricity service has a problem with wiring along the roadside.,electricity,english,NYC311_seed_controlled_augmentation_v2
Ventilation is affecting the surrounding environment in the residential area.,environment,english,NYC311_seed_controlled_augmentation_v2
Please inspect the electrical issue involving wiring on the main road. We would appreciate assistance with this problem.,electricity,english,NYC311_seed_controlled_augmentation_v2
The electrical system needs attention because of wiring along the roadside. We would appreciate assistance with this problem.,electricity,english,NYC311_seed_controlled_augmentation_v2
People in the area are affected by outlet/switch near the hospital. We would appreciate assistance with this problem.,electricity,english,NYC311_seed_controlled_augmentation_v2
"Residents are requesting action regarding air: smoke, vehicular near our house. This is causing inconvenience to the public.",environment,english,NYC311_seed_controlled_augmentation_v2
People nearby have complained about chemical vapors/gases/odors near our house. Please send the responsible team to inspect the area.,environment,english,NYC311_seed_controlled_augmentation_v2
The road surface is damaged due to pothole - highway near the school. Please send the responsible team to inspect the area.,roads,english,NYC311_seed_controlled_augmentation_v2
The electrical system needs attention because of street light out in our neighbourhood. Please send the responsible team to inspect the area.,electricity,english,NYC311_seed_controlled_augmentation_v2
We need assistance with sewage leak in our neighbourhood. Please resolve this problem as soon as possible.,drainage,english,NYC311_seed_controlled_augmentation_v2
RAIN GARDEN FLOODING is causing drainage problems in the residential area. This issue needs urgent attention.,drainage,english,NYC311_seed_controlled_augmentation_v2
"Residents are concerned about unsafe chemical, abandoned near our house. Please investigate this issue.",environment,english,NYC311_seed_controlled_augmentation_v2
Residents have reported lighting in the residential area. Please arrange an inspection.,electricity,english,NYC311_seed_controlled_augmentation_v2
This environmental problem involves chemical vapors/gases/odors in our neighbourhood.,environment,english,NYC311_seed_controlled_augmentation_v2
"There is an environmental issue involving air: smoke, chimney or vent near the junction. Residents are requesting assistance.",environment,english,NYC311_seed_controlled_augmentation_v2
Waste has become a problem due to improper disposal on the main road. Please arrange an inspection.,garbage,english,NYC311_seed_controlled_augmentation_v2
"Unsafe Chemical, Abandoned is affecting the surrounding environment near the school. This issue needs urgent attention.",environment,english,NYC311_seed_controlled_augmentation_v2
Please arrange cleaning because of loose rubbish close to the bus stop. Please take the necessary action.,garbage,english,NYC311_seed_controlled_augmentation_v2
"There appears to be taste/odor, bitter/metallic near the school.",water_supply,english,NYC311_seed_controlled_augmentation_v2
Lamppost Knocked Down is affecting the area near the junction.,electricity,english,NYC311_seed_controlled_augmentation_v2
"Rough, Pitted or Cracked Roads is causing difficulties for vehicles close to the town centre.",roads,english,NYC311_seed_controlled_augmentation_v2
Residents are requesting action regarding missed recycling - m/g/pl along the roadside. Please investigate this issue.,garbage,english,NYC311_seed_controlled_augmentation_v2
"Please repair rough, pitted or cracked roads near the public market. We would appreciate assistance with this problem.",roads,english,NYC311_seed_controlled_augmentation_v2
The electricity service has a problem with street light lamp dim close to the town centre. This is causing inconvenience to the public.,electricity,english,NYC311_seed_controlled_augmentation_v2
Please inspect the electrical issue involving lamppost wire exposed near the school.,electricity,english,NYC311_seed_controlled_augmentation_v2
"There is rough, pitted or cracked roads in the residential area. This issue needs urgent attention.",roads,english,NYC311_seed_controlled_augmentation_v2
There appears to be multiple street lights out near the public market.,electricity,english,NYC311_seed_controlled_augmentation_v2
"Please inspect the environmental issue involving unsafe chemical, storage in the residential area. Please resolve this problem as soon as possible.",environment,english,NYC311_seed_controlled_augmentation_v2
There is defective hardware near our house. Residents are requesting assistance.,roads,english,NYC311_seed_controlled_augmentation_v2
We would like to report broken curb along the roadside. This issue needs urgent attention.,roads,english,NYC311_seed_controlled_augmentation_v2
Residents are reporting street flooding outside our building.,drainage,english,NYC311_seed_controlled_augmentation_v2
Drivers are facing problems because of wear & tear on the main road. Please send the responsible team to inspect the area.,roads,english,NYC311_seed_controlled_augmentation_v2
Residents have reported street light lamp dim in our neighbourhood. Residents are requesting assistance.,electricity,english,NYC311_seed_controlled_augmentation_v2
The electrical system needs attention because of no lighting close to the bus stop.,electricity,english,NYC311_seed_controlled_augmentation_v2
Residents are concerned about chemical spill/release on the main road. Please send the responsible team to inspect the area.,environment,english,NYC311_seed_controlled_augmentation_v2
The electrical system needs attention because of electrical wiring defective/exposed close to the bus stop. Please take the necessary action.,electricity,english,NYC311_seed_controlled_augmentation_v2
People in the area are affected by electrical wiring defective/exposed near the hospital. Please take the necessary action.,electricity,english,NYC311_seed_controlled_augmentation_v2
There is defective hardware near the school. This is causing inconvenience to the public.,roads,english,NYC311_seed_controlled_augmentation_v2
The drain is causing problems because of sewer backup in the residential area. We would appreciate assistance with this problem.,drainage,english,NYC311_seed_controlled_augmentation_v2
Please inspect the electrical issue involving power outage near the public market.,electricity,english,NYC311_seed_controlled_augmentation_v2
There is a waste management problem involving bulk-missed collection near the public market. The problem has been continuing for some time.,garbage,english,NYC311_seed_controlled_augmentation_v2
Please investigate asbestos complaint in our neighbourhood.,environment,english,NYC311_seed_controlled_augmentation_v2
Residents are requesting action regarding dirty area/alleyway near our house.,garbage,english,NYC311_seed_controlled_augmentation_v2
Please arrange cleaning because of dirty area/alleyway close to the town centre.,garbage,english,NYC311_seed_controlled_augmentation_v2
Please investigate the water problem caused by heavy flow in our neighbourhood. Please take the necessary action.,water_supply,english,NYC311_seed_controlled_augmentation_v2
This environmental problem involves air: other air problem near the public market. Please send the responsible team to inspect the area.,environment,english,NYC311_seed_controlled_augmentation_v2
Please repair failed street repair on the main road. Please arrange an inspection.,roads,english,NYC311_seed_controlled_augmentation_v2
The road surface is damaged due to pothole - highway near the school. Residents are requesting assistance.,roads,english,NYC311_seed_controlled_augmentation_v2
We are experiencing leak near the public market.,water_supply,english,NYC311_seed_controlled_augmentation_v2
"We are experiencing cloudy or milky, other close to the bus stop.",water_supply,english,NYC311_seed_controlled_augmentation_v2
The road has pothole near our house. Please arrange an inspection.,roads,english,NYC311_seed_controlled_augmentation_v2
Please investigate the water problem caused by possible water main break close to the town centre.,water_supply,english,NYC311_seed_controlled_augmentation_v2
WIRING is affecting the area in the residential area.,electricity,english,NYC311_seed_controlled_augmentation_v2
The road has curb defect-metal protruding near the hospital.,roads,english,NYC311_seed_controlled_augmentation_v2
"Oil Spill On Street, Large is affecting the surrounding environment near the junction. Residents are requesting assistance.",environment,english,NYC311_seed_controlled_augmentation_v2
Please inspect the electrical issue involving outlet/switch near the school.,electricity,english,NYC311_seed_controlled_augmentation_v2
Our area is facing hydrant leaking on the main road. Please send the responsible team to inspect the area.,water_supply,english,NYC311_seed_controlled_augmentation_v2
The drainage issue appears to involve ponding near the hospital.,drainage,english,NYC311_seed_controlled_augmentation_v2
We would like to report defective hardware near the junction. Please resolve this problem as soon as possible.,roads,english,NYC311_seed_controlled_augmentation_v2
Cave-in is causing difficulties for vehicles near the junction. Please arrange an inspection.,roads,english,NYC311_seed_controlled_augmentation_v2
Residents have reported street light out near the public market. The problem has been continuing for some time.,electricity,english,NYC311_seed_controlled_augmentation_v2
There is a waste management problem involving loose rubbish near the junction.,garbage,english,NYC311_seed_controlled_augmentation_v2
The drainage issue appears to involve street flooding on the main road. Residents are requesting assistance.,drainage,english,NYC311_seed_controlled_augmentation_v2
Pothole is causing difficulties for vehicles along the roadside. Please arrange an inspection.,roads,english,NYC311_seed_controlled_augmentation_v2
Residents are requesting action regarding asbestos complaint near the junction. This is causing inconvenience to the public.,environment,english,NYC311_seed_controlled_augmentation_v2
There appears to be low water pressure near the junction. Please investigate this issue.,water_supply,english,NYC311_seed_controlled_augmentation_v2
The electrical system needs attention because of power outage close to the bus stop.,electricity,english,NYC311_seed_controlled_augmentation_v2
Please arrange cleaning because of missed recycling paper near the school. Please send the responsible team to inspect the area.,garbage,english,NYC311_seed_controlled_augmentation_v2
The drain is causing problems because of street flooding near the public market.,drainage,english,NYC311_seed_controlled_augmentation_v2
"Air: Smoke, Vehicular is affecting the surrounding environment in the residential area.",environment,english,NYC311_seed_controlled_augmentation_v2
"Cloudy Or Milky, Other is affecting the local water supply on the main road. This issue needs urgent attention.",water_supply,english,NYC311_seed_controlled_augmentation_v2
"There is an environmental issue involving air: smoke, chimney or vent close to the town centre.",environment,english,NYC311_seed_controlled_augmentation_v2
The drainage system is affected by sewer backup outside our building. Please resolve this problem as soon as possible.,drainage,english,NYC311_seed_controlled_augmentation_v2
Please send a technician because of lighting near the junction.,electricity,english,NYC311_seed_controlled_augmentation_v2
Please address improper disposal near our house. Please take the necessary action.,garbage,english,NYC311_seed_controlled_augmentation_v2
This environmental problem involves ventilation outside our building. Please take the necessary action.,environment,english,NYC311_seed_controlled_augmentation_v2
Please check the water system because of hydrant leaking near the hospital. Please send the responsible team to inspect the area.,water_supply,english,NYC311_seed_controlled_augmentation_v2
Please address missed collection along the roadside. Please resolve this problem as soon as possible.,garbage,english,NYC311_seed_controlled_augmentation_v2
Please send a technician because of street light lamp dim close to the bus stop. Please resolve this problem as soon as possible.,electricity,english,NYC311_seed_controlled_augmentation_v2
The drainage system is affected by sewer backup near the public market.,drainage,english,NYC311_seed_controlled_augmentation_v2
The area needs cleaning because of dirty area/alleyway in the residential area.,garbage,english,NYC311_seed_controlled_augmentation_v2
The electrical system needs attention because of street light lamp dim near the hospital. Residents are requesting assistance.,electricity,english,NYC311_seed_controlled_augmentation_v2
Asbestos Complaint is affecting the surrounding environment near the public market. We would appreciate assistance with this problem.,environment,english,NYC311_seed_controlled_augmentation_v2
Wastewater problems have occurred due to rain garden flooding near our house. Residents are requesting assistance.,drainage,english,NYC311_seed_controlled_augmentation_v2
"People in the area are experiencing taste/odor, chlorine near our house. Residents are requesting assistance.",water_supply,english,NYC311_seed_controlled_augmentation_v2
There is an environmental issue involving chemical odor near the school.,environment,english,NYC311_seed_controlled_augmentation_v2
The road needs attention because of defective hardware near the hospital.,roads,english,NYC311_seed_controlled_augmentation_v2
Please send a technician because of lamppost wire exposed close to the town centre. Residents are requesting assistance.,electricity,english,NYC311_seed_controlled_augmentation_v2
Street Cond/Dump-Out/Drop-Off is creating an unsanitary condition on the main road. This is causing inconvenience to the public.,garbage,english,NYC311_seed_controlled_augmentation_v2
People in the area are affected by wiring near the junction. Please resolve this problem as soon as possible.,electricity,english,NYC311_seed_controlled_augmentation_v2
Please investigate the water problem caused by unknown odor/taste in drinking water near the public market. This is causing inconvenience to the public.,water_supply,english,NYC311_seed_controlled_augmentation_v2
"We have noticed air: odor/fumes, vehicle idling near our house. This issue needs urgent attention.",environment,english,NYC311_seed_controlled_augmentation_v2
The water service is affected by low water pressure near the junction.,water_supply,english,NYC311_seed_controlled_augmentation_v2
Residents are reporting sewer backup near the junction.,drainage,english,NYC311_seed_controlled_augmentation_v2
Please address dirty sidewalk close to the town centre.,garbage,english,NYC311_seed_controlled_augmentation_v2
Residents are requesting action regarding street cond/dump-out/drop-off along the roadside. We would appreciate assistance with this problem.,garbage,english,NYC311_seed_controlled_augmentation_v2
Please arrange cleaning because of missed collection in the residential area.,garbage,english,NYC311_seed_controlled_augmentation_v2
Please arrange cleaning because of dirty area/alleyway along the roadside. This issue needs urgent attention.,garbage,english,NYC311_seed_controlled_augmentation_v2
Please send a technician because of no lighting in our neighbourhood. Please take the necessary action.,electricity,english,NYC311_seed_controlled_augmentation_v2
Lamppost Knocked Down is affecting the area in the residential area.,electricity,english,NYC311_seed_controlled_augmentation_v2
The electrical system needs attention because of street light lamp dim near the school.,electricity,english,NYC311_seed_controlled_augmentation_v2
Please investigate ventilation in our neighbourhood. Residents are requesting assistance.,environment,english,NYC311_seed_controlled_augmentation_v2
Please check the water system because of dirty water in the residential area.,water_supply,english,NYC311_seed_controlled_augmentation_v2
The area is affected by ventilation near the junction. Please arrange an inspection.,environment,english,NYC311_seed_controlled_augmentation_v2
There is street cond/dump-out/drop-off in our neighbourhood. Please take the necessary action.,garbage,english,NYC311_seed_controlled_augmentation_v2
There appears to be slow leak in the residential area. Please send the responsible team to inspect the area.,water_supply,english,NYC311_seed_controlled_augmentation_v2
"Please inspect the environmental issue involving air: dust, other in the residential area.",environment,english,NYC311_seed_controlled_augmentation_v2
The drain is causing problems because of culvert blocked/needs cleaning in the residential area. Please take the necessary action.,drainage,english,NYC311_seed_controlled_augmentation_v2
This environmental problem involves ventilation along the roadside. Please send the responsible team to inspect the area.,environment,english,NYC311_seed_controlled_augmentation_v2
Waste has become a problem due to bulk-missed collection close to the bus stop. Please take the necessary action.,garbage,english,NYC311_seed_controlled_augmentation_v2
The electricity service has a problem with lighting near the junction. This is causing inconvenience to the public.,electricity,english,NYC311_seed_controlled_augmentation_v2
The road surface is damaged due to pothole - highway near our house. We would appreciate assistance with this problem.,roads,english,NYC311_seed_controlled_augmentation_v2
LIGHTING is affecting the area near our house. Please take the necessary action.,electricity,english,NYC311_seed_controlled_augmentation_v2
Garbage collection is affected by bulk-missed collection on the main road. Please arrange an inspection.,garbage,english,NYC311_seed_controlled_augmentation_v2
The drainage system is affected by sewer or drain near the public market. The problem has been continuing for some time.,drainage,english,NYC311_seed_controlled_augmentation_v2
People in the area are affected by no lighting near the public market. Please send the responsible team to inspect the area.,electricity,english,NYC311_seed_controlled_augmentation_v2
"People nearby have complained about air: dust, other near our house. Please arrange an inspection.",environment,english,NYC311_seed_controlled_augmentation_v2
There is an environmental issue involving chemical odor near the hospital. This issue needs urgent attention.,environment,english,NYC311_seed_controlled_augmentation_v2
Bulk-Missed Collection is creating an unsanitary condition along the roadside. This is causing inconvenience to the public.,garbage,english,NYC311_seed_controlled_augmentation_v2
Please check the water system because of dirty water in our neighbourhood.,water_supply,english,NYC311_seed_controlled_augmentation_v2
Residents are concerned about chemical vapors/gases/odors near our house. This issue needs urgent attention.,environment,english,NYC311_seed_controlled_augmentation_v2
Please investigate chemical vapors/gases/odors near our house. We would appreciate assistance with this problem.,environment,english,NYC311_seed_controlled_augmentation_v2
There is lamppost knocked down near the junction. We would appreciate assistance with this problem.,electricity,english,NYC311_seed_controlled_augmentation_v2
Please inspect the drain because of ponding on the main road. Please send the responsible team to inspect the area.,drainage,english,NYC311_seed_controlled_augmentation_v2
Residents are requesting action regarding chemical spill/release near our house. This issue needs urgent attention.,environment,english,NYC311_seed_controlled_augmentation_v2
There is wear & tear outside our building. The problem has been continuing for some time.,roads,english,NYC311_seed_controlled_augmentation_v2
"Please inspect the environmental issue involving air: odor/fumes, vehicle idling close to the bus stop. The problem has been continuing for some time.",environment,english,NYC311_seed_controlled_augmentation_v2
"There is a water supply issue involving taste/odor, chlorine outside our building. Residents are requesting assistance.",water_supply,english,NYC311_seed_controlled_augmentation_v2
People in the area are experiencing heavy flow along the roadside. Please resolve this problem as soon as possible.,water_supply,english,NYC311_seed_controlled_augmentation_v2
Residents have reported street light out on the main road. Please send the responsible team to inspect the area.,electricity,english,NYC311_seed_controlled_augmentation_v2
Please investigate the water problem caused by no water outside our building. Please send the responsible team to inspect the area.,water_supply,english,NYC311_seed_controlled_augmentation_v2
The electricity service has a problem with wiring close to the bus stop. Please arrange an inspection.,electricity,english,NYC311_seed_controlled_augmentation_v2
We are experiencing unknown odor/taste in drinking water along the roadside. Please arrange an inspection.,water_supply,english,NYC311_seed_controlled_augmentation_v2
Please investigate chemical vapors/gases/odors outside our building. Please arrange an inspection.,environment,english,NYC311_seed_controlled_augmentation_v2
Please send a technician because of street light out close to the town centre. Residents are requesting assistance.,electricity,english,NYC311_seed_controlled_augmentation_v2
"The area is affected by air: smoke, chimney or vent on the main road. Please send the responsible team to inspect the area.",environment,english,NYC311_seed_controlled_augmentation_v2
Please repair pothole on the main road. This is causing inconvenience to the public.,roads,english,NYC311_seed_controlled_augmentation_v2
Garbage collection is affected by improper disposal near the school.,garbage,english,NYC311_seed_controlled_augmentation_v2
Residents have complained about missed recycling - m/g/pl in the residential area. We would appreciate assistance with this problem.,garbage,english,NYC311_seed_controlled_augmentation_v2
There is electrical wiring defective/exposed along the roadside.,electricity,english,NYC311_seed_controlled_augmentation_v2
Waste has become a problem due to dirty area/alleyway outside our building. The problem has been continuing for some time.,garbage,english,NYC311_seed_controlled_augmentation_v2
Residents are reporting catch basin clogged/flooding near the hospital.,drainage,english,NYC311_seed_controlled_augmentation_v2
Wastewater problems have occurred due to sewage leak near the hospital. Please send the responsible team to inspect the area.,drainage,english,NYC311_seed_controlled_augmentation_v2
The drainage system is affected by street flooding near the school. This issue needs urgent attention.,drainage,english,NYC311_seed_controlled_augmentation_v2
The road surface is damaged due to failed street repair near the hospital.,roads,english,NYC311_seed_controlled_augmentation_v2
Our area is facing possible water main break near the junction.,water_supply,english,NYC311_seed_controlled_augmentation_v2
The drainage system is affected by culvert blocked/needs cleaning on the main road.,drainage,english,NYC311_seed_controlled_augmentation_v2
There appears to be dirty water near our house. Please investigate this issue.,water_supply,english,NYC311_seed_controlled_augmentation_v2
The area is affected by chemical vapors/gases/odors close to the bus stop. Please investigate this issue.,environment,english,NYC311_seed_controlled_augmentation_v2
Wastewater problems have occurred due to manhole overflow near the school. Please take the necessary action.,drainage,english,NYC311_seed_controlled_augmentation_v2
There is lamppost knocked down close to the bus stop. Please investigate this issue.,electricity,english,NYC311_seed_controlled_augmentation_v2
Defective Hardware is causing difficulties for vehicles near the junction. Please investigate this issue.,roads,english,NYC311_seed_controlled_augmentation_v2
Waste has become a problem due to improper disposal close to the town centre.,garbage,english,NYC311_seed_controlled_augmentation_v2
Please investigate the water problem caused by dirty water near the public market. Residents are requesting assistance.,water_supply,english,NYC311_seed_controlled_augmentation_v2
Please arrange cleaning because of receptacle violation close to the bus stop.,garbage,english,NYC311_seed_controlled_augmentation_v2
Residents are reporting sewer or drain near the school. Please arrange an inspection.,drainage,english,NYC311_seed_controlled_augmentation_v2
People in the area are affected by lighting near the junction. The problem has been continuing for some time.,electricity,english,NYC311_seed_controlled_augmentation_v2
Please check the water system because of possible water main break near the hospital. This issue needs urgent attention.,water_supply,english,NYC311_seed_controlled_augmentation_v2
The road has failed street repair on the main road.,roads,english,NYC311_seed_controlled_augmentation_v2
Please resolve the drainage issue involving rain garden flooding close to the town centre.,drainage,english,NYC311_seed_controlled_augmentation_v2
"Residents are concerned about oil spill on street, small near the junction.",environment,english,NYC311_seed_controlled_augmentation_v2
The road surface is damaged due to wear & tear near the public market. Please investigate this issue.,roads,english,NYC311_seed_controlled_augmentation_v2
Please resolve the drainage issue involving catch basin clogged/flooding near the junction. Residents are requesting assistance.,drainage,english,NYC311_seed_controlled_augmentation_v2
Please inspect the electrical issue involving multiple street lights out on the main road.,electricity,english,NYC311_seed_controlled_augmentation_v2
The drainage system is affected by rain garden flooding near our house.,drainage,english,NYC311_seed_controlled_augmentation_v2
Residents are concerned about wear & tear close to the bus stop.,roads,english,NYC311_seed_controlled_augmentation_v2
Please send a technician because of power outage near the school. This issue needs urgent attention.,electricity,english,NYC311_seed_controlled_augmentation_v2
The electrical system needs attention because of lighting near the hospital. Please resolve this problem as soon as possible.,electricity,english,NYC311_seed_controlled_augmentation_v2
The drainage system is affected by ponding on the main road. Residents are requesting assistance.,drainage,english,NYC311_seed_controlled_augmentation_v2
There is broken curb close to the bus stop.,roads,english,NYC311_seed_controlled_augmentation_v2
Residents have complained about bulk-missed recy collection near the junction. Please arrange an inspection.,garbage,english,NYC311_seed_controlled_augmentation_v2
People in the area are affected by lamppost wire exposed close to the bus stop.,electricity,english,NYC311_seed_controlled_augmentation_v2
The drain is causing problems because of ponding outside our building.,drainage,english,NYC311_seed_controlled_augmentation_v2
Please address improper disposal near the hospital. This is causing inconvenience to the public.,garbage,english,NYC311_seed_controlled_augmentation_v2
Curb Defect-Metal Protruding is causing difficulties for vehicles on the main road.,roads,english,NYC311_seed_controlled_augmentation_v2
There is power outage near the school. Please arrange an inspection.,electricity,english,NYC311_seed_controlled_augmentation_v2
Please address receptacle violation near the school. This is causing inconvenience to the public.,garbage,english,NYC311_seed_controlled_augmentation_v2
Residents are requesting action regarding missed collection near the hospital.,garbage,english,NYC311_seed_controlled_augmentation_v2
There is a waste management problem involving improper disposal near the public market. Residents are requesting assistance.,garbage,english,NYC311_seed_controlled_augmentation_v2
Drivers are facing problems because of failed street repair along the roadside. Please arrange an inspection.,roads,english,NYC311_seed_controlled_augmentation_v2
The road needs attention because of cave-in close to the town centre.,roads,english,NYC311_seed_controlled_augmentation_v2
Electrical Wiring Defective/Exposed is affecting the area close to the bus stop. Please investigate this issue.,electricity,english,NYC311_seed_controlled_augmentation_v2
There is an environmental issue involving chemical spill/release in the residential area. Please resolve this problem as soon as possible.,environment,english,NYC311_seed_controlled_augmentation_v2
The road needs attention because of defective hardware close to the town centre. Please resolve this problem as soon as possible.,roads,english,NYC311_seed_controlled_augmentation_v2
Residents are concerned about chemical vapors/gases/odors on the main road. Please investigate this issue.,environment,english,NYC311_seed_controlled_augmentation_v2
This environmental problem involves chemical vapors/gases/odors near the public market.,environment,english,NYC311_seed_controlled_augmentation_v2
The road needs attention because of curb defect-metal protruding along the roadside. Residents are requesting assistance.,roads,english,NYC311_seed_controlled_augmentation_v2
Residents are concerned about wear & tear close to the bus stop. Please take the necessary action.,roads,english,NYC311_seed_controlled_augmentation_v2
Street Cond/Dump-Out/Drop-Off is creating an unsanitary condition in the residential area. The problem has been continuing for some time.,garbage,english,NYC311_seed_controlled_augmentation_v2
"Residents are requesting action regarding unsafe chemical, abandoned close to the town centre. Please resolve this problem as soon as possible.",environment,english,NYC311_seed_controlled_augmentation_v2
Residents have complained about missed recycling - m/g/pl close to the town centre. We would appreciate assistance with this problem.,garbage,english,NYC311_seed_controlled_augmentation_v2
"Residents are concerned about air: odor/fumes, restaurant near our house. This issue needs urgent attention.",environment,english,NYC311_seed_controlled_augmentation_v2
"This environmental problem involves unsafe chemical, storage near the hospital.",environment,english,NYC311_seed_controlled_augmentation_v2
Drivers are facing problems because of curb defect-metal protruding along the roadside.,roads,english,NYC311_seed_controlled_augmentation_v2
Failed Street Repair is causing difficulties for vehicles on the main road. Please arrange an inspection.,roads,english,NYC311_seed_controlled_augmentation_v2
We need assistance with street flooding near the public market.,drainage,english,NYC311_seed_controlled_augmentation_v2
Residents have reported multiple street lights out close to the bus stop. This issue needs urgent attention.,electricity,english,NYC311_seed_controlled_augmentation_v2
The electricity service has a problem with lighting in our neighbourhood. Please resolve this problem as soon as possible.,electricity,english,NYC311_seed_controlled_augmentation_v2
Garbage collection is affected by loose rubbish near the junction. Please investigate this issue.,garbage,english,NYC311_seed_controlled_augmentation_v2
Missed Recycling-All Materials is creating an unsanitary condition in our neighbourhood.,garbage,english,NYC311_seed_controlled_augmentation_v2
Please send a technician because of power outage close to the bus stop.,electricity,english,NYC311_seed_controlled_augmentation_v2
Residents have complained about receptacle violation in our neighbourhood.,garbage,english,NYC311_seed_controlled_augmentation_v2
We would like to report defective hardware along the roadside. Residents are requesting assistance.,roads,english,NYC311_seed_controlled_augmentation_v2
The road surface is damaged due to failed street repair near the junction. This issue needs urgent attention.,roads,english,NYC311_seed_controlled_augmentation_v2
We are experiencing an electrical problem involving lamppost wire exposed near the school.,electricity,english,NYC311_seed_controlled_augmentation_v2
Residents are concerned about broken curb in our neighbourhood.,roads,english,NYC311_seed_controlled_augmentation_v2
"People nearby have complained about oil spill on street, large on the main road. The problem has been continuing for some time.",environment,english,NYC311_seed_controlled_augmentation_v2
There is a waste management problem involving receptacle violation in the residential area. This issue needs urgent attention.,garbage,english,NYC311_seed_controlled_augmentation_v2
People in the area are experiencing no water close to the bus stop. Please take the necessary action.,water_supply,english,NYC311_seed_controlled_augmentation_v2
Drivers are facing problems because of pothole in our neighbourhood. Please take the necessary action.,roads,english,NYC311_seed_controlled_augmentation_v2
The drainage issue appears to involve manhole overflow outside our building. Please take the necessary action.,drainage,english,NYC311_seed_controlled_augmentation_v2
Please investigate ventilation near our house. Please take the necessary action.,environment,english,NYC311_seed_controlled_augmentation_v2
HEAVY FLOW is affecting the local water supply near the school. Residents are requesting assistance.,water_supply,english,NYC311_seed_controlled_augmentation_v2
Residents have reported hydrant leaking close to the town centre. The problem has been continuing for some time.,water_supply,english,NYC311_seed_controlled_augmentation_v2
The electricity service has a problem with lamppost knocked down along the roadside. Please resolve this problem as soon as possible.,electricity,english,NYC311_seed_controlled_augmentation_v2
The drainage system is affected by sewer backup near the school. Please arrange an inspection.,drainage,english,NYC311_seed_controlled_augmentation_v2
The road needs attention because of pothole - highway near our house. This issue needs urgent attention.,roads,english,NYC311_seed_controlled_augmentation_v2
"There is a water supply issue involving cloudy or milky, other near the school. Please resolve this problem as soon as possible.",water_supply,english,NYC311_seed_controlled_augmentation_v2
The electrical system needs attention because of no lighting in our neighbourhood. This issue needs urgent attention.,electricity,english,NYC311_seed_controlled_augmentation_v2
Please address dirty sidewalk near the school.,garbage,english,NYC311_seed_controlled_augmentation_v2
Waste has become a problem due to missed recycling paper on the main road. Please resolve this problem as soon as possible.,garbage,english,NYC311_seed_controlled_augmentation_v2
WIRING is affecting the area near our house. Please arrange an inspection.,electricity,english,NYC311_seed_controlled_augmentation_v2
"Taste/Odor, Bitter/Metallic is affecting the local water supply in our neighbourhood. This issue needs urgent attention.",water_supply,english,NYC311_seed_controlled_augmentation_v2
There is a water supply issue involving damp spot near the public market. The problem has been continuing for some time.,water_supply,english,NYC311_seed_controlled_augmentation_v2
The road has pothole along the roadside. Please send the responsible team to inspect the area.,roads,english,NYC311_seed_controlled_augmentation_v2
The road has wear & tear near the public market. Please resolve this problem as soon as possible.,roads,english,NYC311_seed_controlled_augmentation_v2
Please inspect the drain because of catch basin clogged/flooding outside our building.,drainage,english,NYC311_seed_controlled_augmentation_v2
"There is an environmental issue involving unsafe chemical, storage near the hospital. This issue needs urgent attention.",environment,english,NYC311_seed_controlled_augmentation_v2
There is a water supply issue involving unknown odor/taste in drinking water near the junction. This issue needs urgent attention.,water_supply,english,NYC311_seed_controlled_augmentation_v2
"Residents are concerned about air: odor/fumes, vehicle idling near the junction. Please resolve this problem as soon as possible.",environment,english,NYC311_seed_controlled_augmentation_v2
"This environmental problem involves air: smoke, vehicular near the public market. Please investigate this issue.",environment,english,NYC311_seed_controlled_augmentation_v2
There appears to be lighting near the school.,electricity,english,NYC311_seed_controlled_augmentation_v2
Waste has become a problem due to missed recycling paper in our neighbourhood. Please send the responsible team to inspect the area.,garbage,english,NYC311_seed_controlled_augmentation_v2
Residents have complained about missed recycling paper near our house.,garbage,english,NYC311_seed_controlled_augmentation_v2
Garbage collection is affected by bulk-missed collection close to the town centre.,garbage,english,NYC311_seed_controlled_augmentation_v2
The road surface is damaged due to curb defect-metal protruding near the school. Please arrange an inspection.,roads,english,NYC311_seed_controlled_augmentation_v2
Waste has become a problem due to bulk-missed collection near the public market.,garbage,english,NYC311_seed_controlled_augmentation_v2
The road needs attention because of failed street repair near the public market. This is causing inconvenience to the public.,roads,english,NYC311_seed_controlled_augmentation_v2
Residents have complained about missed collection near our house. Please arrange an inspection.,garbage,english,NYC311_seed_controlled_augmentation_v2
We are experiencing an electrical problem involving electrical wiring defective/exposed near our house. Please send the responsible team to inspect the area.,electricity,english,NYC311_seed_controlled_augmentation_v2
We are experiencing an electrical problem involving street light out near the junction. Please investigate this issue.,electricity,english,NYC311_seed_controlled_augmentation_v2
"The road needs attention because of rough, pitted or cracked roads near our house. Residents are requesting assistance.",roads,english,NYC311_seed_controlled_augmentation_v2
Pothole - Highway is causing difficulties for vehicles near the school. Please resolve this problem as soon as possible.,roads,english,NYC311_seed_controlled_augmentation_v2
We would like to report broken curb on the main road. Please resolve this problem as soon as possible.,roads,english,NYC311_seed_controlled_augmentation_v2
Residents are concerned about broken curb close to the town centre. Please resolve this problem as soon as possible.,roads,english,NYC311_seed_controlled_augmentation_v2
"There appears to be taste/odor, bitter/metallic close to the bus stop.",water_supply,english,NYC311_seed_controlled_augmentation_v2
Residents are concerned about asbestos complaint near the public market. Please take the necessary action.,environment,english,NYC311_seed_controlled_augmentation_v2
There is dirty area/alleyway along the roadside. This is causing inconvenience to the public.,garbage,english,NYC311_seed_controlled_augmentation_v2
We need assistance with manhole overflow near our house. Residents are requesting assistance.,drainage,english,NYC311_seed_controlled_augmentation_v2
"We would like to report rough, pitted or cracked roads near the school. This issue needs urgent attention.",roads,english,NYC311_seed_controlled_augmentation_v2
Please send a technician because of lamppost wire exposed along the roadside. Please send the responsible team to inspect the area.,electricity,english,NYC311_seed_controlled_augmentation_v2
Our area is facing unknown odor/taste in drinking water on the main road.,water_supply,english,NYC311_seed_controlled_augmentation_v2
The electrical system needs attention because of no lighting near our house. Please take the necessary action.,electricity,english,NYC311_seed_controlled_augmentation_v2
There is electrical wiring defective/exposed near our house. Please resolve this problem as soon as possible.,electricity,english,NYC311_seed_controlled_augmentation_v2
Sewer or Drain is causing drainage problems in our neighbourhood. This is causing inconvenience to the public.,drainage,english,NYC311_seed_controlled_augmentation_v2
The drainage system is affected by sewage leak along the roadside. This issue needs urgent attention.,drainage,english,NYC311_seed_controlled_augmentation_v2
Sewer Backup is causing drainage problems in our neighbourhood. This is causing inconvenience to the public.,drainage,english,NYC311_seed_controlled_augmentation_v2
Please inspect the drain because of culvert blocked/needs cleaning near the junction. Please send the responsible team to inspect the area.,drainage,english,NYC311_seed_controlled_augmentation_v2
We are experiencing an electrical problem involving lighting in our neighbourhood.,electricity,english,NYC311_seed_controlled_augmentation_v2
Residents have reported lamppost knocked down in the residential area. This issue needs urgent attention.,electricity,english,NYC311_seed_controlled_augmentation_v2
Please resolve the drainage issue involving culvert blocked/needs cleaning near the public market.,drainage,english,NYC311_seed_controlled_augmentation_v2
Vehicles are being affected by cave-in outside our building. We would appreciate assistance with this problem.,roads,english,NYC311_seed_controlled_augmentation_v2
Please inspect the drain because of culvert blocked/needs cleaning outside our building.,drainage,english,NYC311_seed_controlled_augmentation_v2
People in the area are experiencing possible water main break close to the town centre.,water_supply,english,NYC311_seed_controlled_augmentation_v2
The area is affected by large number of mosquitoes near our house. Residents are requesting assistance.,environment,english,NYC311_seed_controlled_augmentation_v2
"The road needs attention because of rough, pitted or cracked roads near the hospital.",roads,english,NYC311_seed_controlled_augmentation_v2
The road needs attention because of curb defect-metal protruding along the roadside.,roads,english,NYC311_seed_controlled_augmentation_v2
There is broken curb on the main road. We would appreciate assistance with this problem.,roads,english,NYC311_seed_controlled_augmentation_v2
The electricity service has a problem with multiple street lights out outside our building. Please send the responsible team to inspect the area.,electricity,english,NYC311_seed_controlled_augmentation_v2
"Air: Smoke, Vehicular is affecting the surrounding environment near the hospital. This is causing inconvenience to the public.",environment,english,NYC311_seed_controlled_augmentation_v2
There appears to be possible water main break along the roadside.,water_supply,english,NYC311_seed_controlled_augmentation_v2
The electrical system needs attention because of multiple street lights out in our neighbourhood. Please resolve this problem as soon as possible.,electricity,english,NYC311_seed_controlled_augmentation_v2
Please arrange cleaning because of missed collection near the hospital. This issue needs urgent attention.,garbage,english,NYC311_seed_controlled_augmentation_v2
"Residents are requesting action regarding oil spill on street, small outside our building.",environment,english,NYC311_seed_controlled_augmentation_v2
"Please investigate the water problem caused by cloudy or milky, other close to the bus stop. Please take the necessary action.",water_supply,english,NYC311_seed_controlled_augmentation_v2
Please investigate the water problem caused by dirty water near our house. The problem has been continuing for some time.,water_supply,english,NYC311_seed_controlled_augmentation_v2
People nearby have complained about chemical odor near the hospital.,environment,english,NYC311_seed_controlled_augmentation_v2
Garbage collection is affected by bulk-missed collection near the public market. The problem has been continuing for some time.,garbage,english,NYC311_seed_controlled_augmentation_v2
The area is affected by ventilation near our house.,environment,english,NYC311_seed_controlled_augmentation_v2
Please inspect the drain because of sewage odor in the residential area. This issue needs urgent attention.,drainage,english,NYC311_seed_controlled_augmentation_v2
Please resolve the drainage issue involving ponding near our house. Please resolve this problem as soon as possible.,drainage,english,NYC311_seed_controlled_augmentation_v2
The drain is causing problems because of culvert blocked/needs cleaning close to the bus stop.,drainage,english,NYC311_seed_controlled_augmentation_v2
"Residents are concerned about air: odor/fumes, restaurant on the main road. Please investigate this issue.",environment,english,NYC311_seed_controlled_augmentation_v2
We have noticed ventilation close to the town centre.,environment,english,NYC311_seed_controlled_augmentation_v2
Vehicles are being affected by broken curb close to the town centre.,roads,english,NYC311_seed_controlled_augmentation_v2
Please resolve the drainage issue involving catch basin clogged/flooding near the junction. Please arrange an inspection.,drainage,english,NYC311_seed_controlled_augmentation_v2
Please investigate the water problem caused by slow leak along the roadside.,water_supply,english,NYC311_seed_controlled_augmentation_v2
Please investigate the water problem caused by slow leak near the hospital.,water_supply,english,NYC311_seed_controlled_augmentation_v2
Please inspect the environmental issue involving large number of mosquitoes in our neighbourhood. Please send the responsible team to inspect the area.,environment,english,NYC311_seed_controlled_augmentation_v2
Residents have reported slow leak close to the bus stop. Please resolve this problem as soon as possible.,water_supply,english,NYC311_seed_controlled_augmentation_v2
There appears to be dirty water near the junction.,water_supply,english,NYC311_seed_controlled_augmentation_v2
Please address loose rubbish outside our building. This is causing inconvenience to the public.,garbage,english,NYC311_seed_controlled_augmentation_v2
Please arrange cleaning because of improper disposal on the main road.,garbage,english,NYC311_seed_controlled_augmentation_v2
There is bulk-missed collection outside our building. Please investigate this issue.,garbage,english,NYC311_seed_controlled_augmentation_v2
There is pothole - highway close to the town centre. Please arrange an inspection.,roads,english,NYC311_seed_controlled_augmentation_v2
The drain is causing problems because of culvert blocked/needs cleaning near the school. Please take the necessary action.,drainage,english,NYC311_seed_controlled_augmentation_v2
Please inspect the environmental issue involving chemical spill/release near the school. This issue needs urgent attention.,environment,english,NYC311_seed_controlled_augmentation_v2
Waste has become a problem due to missed recycling - m/g/pl near our house.,garbage,english,NYC311_seed_controlled_augmentation_v2
People nearby have complained about chemical odor near the hospital. The problem has been continuing for some time.,environment,english,NYC311_seed_controlled_augmentation_v2
There appears to be slow leak near the junction. Please investigate this issue.,water_supply,english,NYC311_seed_controlled_augmentation_v2
Residents have reported lighting near the hospital. Please arrange an inspection.,electricity,english,NYC311_seed_controlled_augmentation_v2
Chemical Spill/Release is affecting the surrounding environment near the school.,environment,english,NYC311_seed_controlled_augmentation_v2
The road needs attention because of failed street repair close to the bus stop. Please investigate this issue.,roads,english,NYC311_seed_controlled_augmentation_v2
The road surface is damaged due to broken curb near our house. This is causing inconvenience to the public.,roads,english,NYC311_seed_controlled_augmentation_v2
The electricity service has a problem with lamppost knocked down near the public market. Please take the necessary action.,electricity,english,NYC311_seed_controlled_augmentation_v2
Please repair wear & tear outside our building. Residents are requesting assistance.,roads,english,NYC311_seed_controlled_augmentation_v2
The road has broken curb near the school.,roads,english,NYC311_seed_controlled_augmentation_v2
The drainage system is affected by ponding on the main road. Please take the necessary action.,drainage,english,NYC311_seed_controlled_augmentation_v2
There is curb defect-metal protruding close to the bus stop. We would appreciate assistance with this problem.,roads,english,NYC311_seed_controlled_augmentation_v2
Garbage collection is affected by bulk-missed recy collection near the public market. Please take the necessary action.,garbage,english,NYC311_seed_controlled_augmentation_v2
Missed Recycling Paper is creating an unsanitary condition on the main road. Please resolve this problem as soon as possible.,garbage,english,NYC311_seed_controlled_augmentation_v2
Please check the water system because of damp spot near the public market.,water_supply,english,NYC311_seed_controlled_augmentation_v2
We are experiencing an electrical problem involving power outage outside our building. Residents are requesting assistance.,electricity,english,NYC311_seed_controlled_augmentation_v2
Please investigate chemical vapors/gases/odors near our house.,environment,english,NYC311_seed_controlled_augmentation_v2
We would like to report curb defect-metal protruding on the main road. Please resolve this problem as soon as possible.,roads,english,NYC311_seed_controlled_augmentation_v2
The area needs cleaning because of improper disposal close to the town centre. We would appreciate assistance with this problem.,garbage,english,NYC311_seed_controlled_augmentation_v2
There appears to be street light lamp dim close to the town centre. Residents are requesting assistance.,electricity,english,NYC311_seed_controlled_augmentation_v2
"Please inspect the environmental issue involving air: smoke, chimney or vent outside our building.",environment,english,NYC311_seed_controlled_augmentation_v2
Please repair failed street repair near the public market.,roads,english,NYC311_seed_controlled_augmentation_v2
"Residents are concerned about oil spill on street, large outside our building. Please take the necessary action.",environment,english,NYC311_seed_controlled_augmentation_v2
"There is a water supply issue involving taste/odor, bitter/metallic outside our building.",water_supply,english,NYC311_seed_controlled_augmentation_v2
Loose Rubbish is creating an unsanitary condition near the junction.,garbage,english,NYC311_seed_controlled_augmentation_v2
There is a water supply issue involving slow leak close to the town centre. This is causing inconvenience to the public.,water_supply,english,NYC311_seed_controlled_augmentation_v2
Please send a technician because of power outage near our house.,electricity,english,NYC311_seed_controlled_augmentation_v2
"Please repair rough, pitted or cracked roads outside our building. This issue needs urgent attention.",roads,english,NYC311_seed_controlled_augmentation_v2
Please address improper disposal along the roadside. Please take the necessary action.,garbage,english,NYC311_seed_controlled_augmentation_v2
"Residents are concerned about air: odor/fumes, restaurant near the junction. This is causing inconvenience to the public.",environment,english,NYC311_seed_controlled_augmentation_v2
Please investigate the water problem caused by possible water main break on the main road. The problem has been continuing for some time.,water_supply,english,NYC311_seed_controlled_augmentation_v2
Please investigate the water problem caused by no water near the public market. This is causing inconvenience to the public.,water_supply,english,NYC311_seed_controlled_augmentation_v2
Please inspect the environmental issue involving chemical vapors/gases/odors near the junction.,environment,english,NYC311_seed_controlled_augmentation_v2
Please repair wear & tear near the school. Please send the responsible team to inspect the area.,roads,english,NYC311_seed_controlled_augmentation_v2
Drivers are facing problems because of pothole outside our building. Please arrange an inspection.,roads,english,NYC311_seed_controlled_augmentation_v2
Residents have complained about dirty sidewalk near the hospital. Please resolve this problem as soon as possible.,garbage,english,NYC311_seed_controlled_augmentation_v2
We need assistance with sewer backup on the main road. Please send the responsible team to inspect the area.,drainage,english,NYC311_seed_controlled_augmentation_v2
"Residents are concerned about oil spill on street, large on the main road. Please resolve this problem as soon as possible.",environment,english,NYC311_seed_controlled_augmentation_v2
The drainage issue appears to involve manhole overflow on the main road.,drainage,english,NYC311_seed_controlled_augmentation_v2
There appears to be street light lamp dim outside our building. The problem has been continuing for some time.,electricity,english,NYC311_seed_controlled_augmentation_v2
Dirty Area/Alleyway is creating an unsanitary condition near the public market. We would appreciate assistance with this problem.,garbage,english,NYC311_seed_controlled_augmentation_v2
The water service is affected by no water near the hospital. This is causing inconvenience to the public.,water_supply,english,NYC311_seed_controlled_augmentation_v2
There is a water supply issue involving hydrant leaking near the junction.,water_supply,english,NYC311_seed_controlled_augmentation_v2
"Rough, Pitted or Cracked Roads is causing difficulties for vehicles in the residential area. This is causing inconvenience to the public.",roads,english,NYC311_seed_controlled_augmentation_v2
"This environmental problem involves air: smoke, chimney or vent near the public market. This is causing inconvenience to the public.",environment,english,NYC311_seed_controlled_augmentation_v2
The road has wear & tear on the main road. The problem has been continuing for some time.,roads,english,NYC311_seed_controlled_augmentation_v2
People in the area are experiencing possible water main break along the roadside. This is causing inconvenience to the public.,water_supply,english,NYC311_seed_controlled_augmentation_v2
Street Light Out is affecting the area in our neighbourhood. The problem has been continuing for some time.,electricity,english,NYC311_seed_controlled_augmentation_v2
Please address dirty area/alleyway near the junction.,garbage,english,NYC311_seed_controlled_augmentation_v2
Residents are requesting action regarding chemical odor near the school. Residents are requesting assistance.,environment,english,NYC311_seed_controlled_augmentation_v2
There is street light out near the junction. Please arrange an inspection.,electricity,english,NYC311_seed_controlled_augmentation_v2
The road needs attention because of failed street repair outside our building. This issue needs urgent attention.,roads,english,NYC311_seed_controlled_augmentation_v2
Residents have reported street light out near our house. This issue needs urgent attention.,electricity,english,NYC311_seed_controlled_augmentation_v2
Improper Disposal is creating an unsanitary condition near the hospital. Please investigate this issue.,garbage,english,NYC311_seed_controlled_augmentation_v2
"Please investigate air: odor/fumes, vehicle idling near the junction.",environment,english,NYC311_seed_controlled_augmentation_v2
"Please investigate the water problem caused by cloudy or milky, other close to the bus stop. Please investigate this issue.",water_supply,english,NYC311_seed_controlled_augmentation_v2
Please repair cave-in near our house. Please resolve this problem as soon as possible.,roads,english,NYC311_seed_controlled_augmentation_v2
"Residents are requesting action regarding air: smoke, vehicular in the residential area.",environment,english,NYC311_seed_controlled_augmentation_v2
Please inspect the environmental issue involving chemical spill/release in our neighbourhood. We would appreciate assistance with this problem.,environment,english,NYC311_seed_controlled_augmentation_v2
"Oil Spill On Street, Small is affecting the surrounding environment outside our building. Please resolve this problem as soon as possible.",environment,english,NYC311_seed_controlled_augmentation_v2
Please inspect the electrical issue involving wiring on the main road. Residents are requesting assistance.,electricity,english,NYC311_seed_controlled_augmentation_v2
Please inspect the electrical issue involving street light out close to the town centre.,electricity,english,NYC311_seed_controlled_augmentation_v2
Please repair curb defect-metal protruding close to the bus stop. Please resolve this problem as soon as possible.,roads,english,NYC311_seed_controlled_augmentation_v2
Dirty Water is affecting the local water supply near the public market. Please resolve this problem as soon as possible.,water_supply,english,NYC311_seed_controlled_augmentation_v2
The area needs cleaning because of missed recycling - m/g/pl near the public market.,garbage,english,NYC311_seed_controlled_augmentation_v2
There is missed recycling paper near the hospital. This is causing inconvenience to the public.,garbage,english,NYC311_seed_controlled_augmentation_v2
RAIN GARDEN FLOODING is causing drainage problems on the main road. Please send the responsible team to inspect the area.,drainage,english,NYC311_seed_controlled_augmentation_v2
LOW WATER PRESSURE is affecting the local water supply near our house. Please take the necessary action.,water_supply,english,NYC311_seed_controlled_augmentation_v2
We need assistance with manhole overflow in our neighbourhood. Residents are requesting assistance.,drainage,english,NYC311_seed_controlled_augmentation_v2
The drainage issue appears to involve rain garden flooding near the school. This issue needs urgent attention.,drainage,english,NYC311_seed_controlled_augmentation_v2
People in the area are affected by lighting outside our building. The problem has been continuing for some time.,electricity,english,NYC311_seed_controlled_augmentation_v2
Vehicles are being affected by curb defect-metal protruding on the main road.,roads,english,NYC311_seed_controlled_augmentation_v2
"Our area is facing taste/odor, bitter/metallic near our house. Please investigate this issue.",water_supply,english,NYC311_seed_controlled_augmentation_v2
"Please investigate the water problem caused by cloudy or milky, other near the public market.",water_supply,english,NYC311_seed_controlled_augmentation_v2
"This environmental problem involves unsafe chemical, storage in the residential area. Please take the necessary action.",environment,english,NYC311_seed_controlled_augmentation_v2
Please repair defective hardware in our neighbourhood. Please send the responsible team to inspect the area.,roads,english,NYC311_seed_controlled_augmentation_v2
The drainage issue appears to involve manhole overflow close to the bus stop. Please resolve this problem as soon as possible.,drainage,english,NYC311_seed_controlled_augmentation_v2
Please inspect the electrical issue involving street light out near the school. Please investigate this issue.,electricity,english,NYC311_seed_controlled_augmentation_v2
"Please investigate air: dust, construction/demolition on the main road. The problem has been continuing for some time.",environment,english,NYC311_seed_controlled_augmentation_v2
"Residents have reported taste/odor, chlorine in our neighbourhood. Please investigate this issue.",water_supply,english,NYC311_seed_controlled_augmentation_v2
There appears to be lamppost knocked down near the junction. Please send the responsible team to inspect the area.,electricity,english,NYC311_seed_controlled_augmentation_v2
There is sewer or drain close to the town centre.,drainage,english,NYC311_seed_controlled_augmentation_v2
Please send a technician because of power outage close to the town centre. This issue needs urgent attention.,electricity,english,NYC311_seed_controlled_augmentation_v2
The electricity service has a problem with no lighting along the roadside. Please resolve this problem as soon as possible.,electricity,english,NYC311_seed_controlled_augmentation_v2
Waste has become a problem due to receptacle violation close to the town centre. Please take the necessary action.,garbage,english,NYC311_seed_controlled_augmentation_v2
This environmental problem involves chemical spill/release near the school. We would appreciate assistance with this problem.,environment,english,NYC311_seed_controlled_augmentation_v2
"Please investigate air: dust, other near our house. Please resolve this problem as soon as possible.",environment,english,NYC311_seed_controlled_augmentation_v2
"The water service is affected by taste/odor, chlorine near our house. Please take the necessary action.",water_supply,english,NYC311_seed_controlled_augmentation_v2
NO LIGHTING is affecting the area close to the bus stop. Residents are requesting assistance.,electricity,english,NYC311_seed_controlled_augmentation_v2
Please arrange cleaning because of bulk-missed recy collection near our house. Please resolve this problem as soon as possible.,garbage,english,NYC311_seed_controlled_augmentation_v2
Residents are reporting manhole overflow near the school. Please arrange an inspection.,drainage,english,NYC311_seed_controlled_augmentation_v2
There is sewage odor near our house. We would appreciate assistance with this problem.,drainage,english,NYC311_seed_controlled_augmentation_v2
Please send a technician because of no lighting near the hospital. Please arrange an inspection.,electricity,english,NYC311_seed_controlled_augmentation_v2
We would like to report pothole - highway near the school.,roads,english,NYC311_seed_controlled_augmentation_v2
Vehicles are being affected by pothole - highway on the main road.,roads,english,NYC311_seed_controlled_augmentation_v2
People in the area are affected by street light lamp dim along the roadside. We would appreciate assistance with this problem.,electricity,english,NYC311_seed_controlled_augmentation_v2
There is an environmental issue involving air: other air problem on the main road.,environment,english,NYC311_seed_controlled_augmentation_v2
The road surface is damaged due to failed street repair near the public market. The problem has been continuing for some time.,roads,english,NYC311_seed_controlled_augmentation_v2
Defective Hardware is causing difficulties for vehicles near the public market.,roads,english,NYC311_seed_controlled_augmentation_v2
Residents are reporting culvert blocked/needs cleaning near the hospital. Please investigate this issue.,drainage,english,NYC311_seed_controlled_augmentation_v2
We are experiencing an electrical problem involving wiring near the junction.,electricity,english,NYC311_seed_controlled_augmentation_v2
"Oil Spill On Street, Small is affecting the surrounding environment outside our building. We would appreciate assistance with this problem.",environment,english,NYC311_seed_controlled_augmentation_v2
"Residents are concerned about air: smoke, chimney or vent close to the town centre. We would appreciate assistance with this problem.",environment,english,NYC311_seed_controlled_augmentation_v2
We need assistance with culvert blocked/needs cleaning in our neighbourhood. Please take the necessary action.,drainage,english,NYC311_seed_controlled_augmentation_v2
The area needs cleaning because of receptacle violation along the roadside. We would appreciate assistance with this problem.,garbage,english,NYC311_seed_controlled_augmentation_v2
Residents have complained about missed recycling-all materials close to the bus stop.,garbage,english,NYC311_seed_controlled_augmentation_v2
People nearby have complained about asbestos complaint in our neighbourhood.,environment,english,NYC311_seed_controlled_augmentation_v2
Please investigate large number of mosquitoes near the junction. Please send the responsible team to inspect the area.,environment,english,NYC311_seed_controlled_augmentation_v2
Please send a technician because of street light out near the public market. We would appreciate assistance with this problem.,electricity,english,NYC311_seed_controlled_augmentation_v2
The road has pothole - highway near the hospital. Please investigate this issue.,roads,english,NYC311_seed_controlled_augmentation_v2
Residents are concerned about broken curb along the roadside.,roads,english,NYC311_seed_controlled_augmentation_v2
We would like to report pothole outside our building. This issue needs urgent attention.,roads,english,NYC311_seed_controlled_augmentation_v2
Residents are concerned about curb defect-metal protruding near the junction.,roads,english,NYC311_seed_controlled_augmentation_v2
Residents are concerned about broken curb close to the bus stop. Please arrange an inspection.,roads,english,NYC311_seed_controlled_augmentation_v2
"The water service is affected by taste/odor, chlorine in the residential area.",water_supply,english,NYC311_seed_controlled_augmentation_v2
Garbage collection is affected by bulk-missed collection near the hospital. Please arrange an inspection.,garbage,english,NYC311_seed_controlled_augmentation_v2
Please inspect the environmental issue involving asbestos complaint near the school. Please send the responsible team to inspect the area.,environment,english,NYC311_seed_controlled_augmentation_v2
Please inspect the electrical issue involving wiring near the hospital. Please take the necessary action.,electricity,english,NYC311_seed_controlled_augmentation_v2
The road surface is damaged due to pothole - highway near the hospital. This is causing inconvenience to the public.,roads,english,NYC311_seed_controlled_augmentation_v2
Please investigate ventilation near the school. Residents are requesting assistance.,environment,english,NYC311_seed_controlled_augmentation_v2
The electricity service has a problem with street light lamp dim in the residential area. Please send the responsible team to inspect the area.,electricity,english,NYC311_seed_controlled_augmentation_v2
Wastewater problems have occurred due to culvert blocked/needs cleaning near our house.,drainage,english,NYC311_seed_controlled_augmentation_v2
"Residents are concerned about rough, pitted or cracked roads outside our building. The problem has been continuing for some time.",roads,english,NYC311_seed_controlled_augmentation_v2
Cave-in is causing difficulties for vehicles in the residential area. Please send the responsible team to inspect the area.,roads,english,NYC311_seed_controlled_augmentation_v2
The road has cave-in near the hospital.,roads,english,NYC311_seed_controlled_augmentation_v2
There appears to be possible water main break in our neighbourhood.,water_supply,english,NYC311_seed_controlled_augmentation_v2
Vehicles are being affected by defective hardware close to the town centre.,roads,english,NYC311_seed_controlled_augmentation_v2
There appears to be lamppost wire exposed near our house. The problem has been continuing for some time.,electricity,english,NYC311_seed_controlled_augmentation_v2
There is a waste management problem involving receptacle violation near the hospital.,garbage,english,NYC311_seed_controlled_augmentation_v2
Please arrange cleaning because of missed collection outside our building. We would appreciate assistance with this problem.,garbage,english,NYC311_seed_controlled_augmentation_v2
Asbestos Complaint is affecting the surrounding environment near the junction. This is causing inconvenience to the public.,environment,english,NYC311_seed_controlled_augmentation_v2
There is a waste management problem involving bulk-missed recy collection near the school. Please take the necessary action.,garbage,english,NYC311_seed_controlled_augmentation_v2
Vehicles are being affected by broken curb close to the town centre. Residents are requesting assistance.,roads,english,NYC311_seed_controlled_augmentation_v2
Please resolve the drainage issue involving rain garden flooding near the public market. Residents are requesting assistance.,drainage,english,NYC311_seed_controlled_augmentation_v2
We need assistance with culvert blocked/needs cleaning near the hospital. The problem has been continuing for some time.,drainage,english,NYC311_seed_controlled_augmentation_v2
"We have noticed air: smoke, vehicular on the main road. This issue needs urgent attention.",environment,english,NYC311_seed_controlled_augmentation_v2
People in the area are affected by lighting near our house. Please send the responsible team to inspect the area.,electricity,english,NYC311_seed_controlled_augmentation_v2
We are experiencing possible water main break near the hospital. Please arrange an inspection.,water_supply,english,NYC311_seed_controlled_augmentation_v2
We would like to report broken curb near the school. Please investigate this issue.,roads,english,NYC311_seed_controlled_augmentation_v2
Residents have complained about missed recycling-all materials near the hospital. Please resolve this problem as soon as possible.,garbage,english,NYC311_seed_controlled_augmentation_v2
The drainage issue appears to involve street flooding close to the town centre. Please resolve this problem as soon as possible.,drainage,english,NYC311_seed_controlled_augmentation_v2
We would like to report pothole - highway near the hospital. Please take the necessary action.,roads,english,NYC311_seed_controlled_augmentation_v2
Residents have complained about missed recycling - m/g/pl in the residential area.,garbage,english,NYC311_seed_controlled_augmentation_v2
There appears to be lamppost wire exposed in the residential area. Please arrange an inspection.,electricity,english,NYC311_seed_controlled_augmentation_v2
Garbage collection is affected by missed recycling - m/g/pl in the residential area.,garbage,english,NYC311_seed_controlled_augmentation_v2
The road needs attention because of failed street repair on the main road.,roads,english,NYC311_seed_controlled_augmentation_v2
We need assistance with street flooding near our house. The problem has been continuing for some time.,drainage,english,NYC311_seed_controlled_augmentation_v2
There is street light lamp dim on the main road. Please investigate this issue.,electricity,english,NYC311_seed_controlled_augmentation_v2
We would like to report cave-in along the roadside. The problem has been continuing for some time.,roads,english,NYC311_seed_controlled_augmentation_v2
Lamppost Knocked Down is affecting the area outside our building. Residents are requesting assistance.,electricity,english,NYC311_seed_controlled_augmentation_v2
"Residents are requesting action regarding air: dust, construction/demolition near the junction.",environment,english,NYC311_seed_controlled_augmentation_v2
"Please investigate the water problem caused by taste/odor, bitter/metallic near the public market.",water_supply,english,NYC311_seed_controlled_augmentation_v2
There is a water supply issue involving low water pressure along the roadside. Please send the responsible team to inspect the area.,water_supply,english,NYC311_seed_controlled_augmentation_v2
There is bulk-missed collection outside our building. We would appreciate assistance with this problem.,garbage,english,NYC311_seed_controlled_augmentation_v2
The road has pothole - highway in our neighbourhood. Please resolve this problem as soon as possible.,roads,english,NYC311_seed_controlled_augmentation_v2
"Please check the water system because of taste/odor, bitter/metallic near the junction. This issue needs urgent attention.",water_supply,english,NYC311_seed_controlled_augmentation_v2
unknown odor/taste in drinking water is affecting the local water supply close to the bus stop.,water_supply,english,NYC311_seed_controlled_augmentation_v2
There is cave-in near our house. Please resolve this problem as soon as possible.,roads,english,NYC311_seed_controlled_augmentation_v2
There is cave-in in our neighbourhood. The problem has been continuing for some time.,roads,english,NYC311_seed_controlled_augmentation_v2
Residents have complained about missed recycling - m/g/pl on the main road. The problem has been continuing for some time.,garbage,english,NYC311_seed_controlled_augmentation_v2
"We would like to report rough, pitted or cracked roads near the hospital.",roads,english,NYC311_seed_controlled_augmentation_v2
"Our area is facing cloudy or milky, other outside our building. We would appreciate assistance with this problem.",water_supply,english,NYC311_seed_controlled_augmentation_v2
We need assistance with sewage leak close to the town centre.,drainage,english,NYC311_seed_controlled_augmentation_v2
Residents have reported street light lamp dim near the school.,electricity,english,NYC311_seed_controlled_augmentation_v2
Please inspect the electrical issue involving lamppost wire exposed close to the bus stop. Please send the responsible team to inspect the area.,electricity,english,NYC311_seed_controlled_augmentation_v2
The road has pothole close to the town centre.,roads,english,NYC311_seed_controlled_augmentation_v2
People in the area are affected by electrical wiring defective/exposed near the hospital.,electricity,english,NYC311_seed_controlled_augmentation_v2
Missed Recycling Paper is creating an unsanitary condition on the main road.,garbage,english,NYC311_seed_controlled_augmentation_v2
Missed Collection is creating an unsanitary condition along the roadside. The problem has been continuing for some time.,garbage,english,NYC311_seed_controlled_augmentation_v2
The drainage system is affected by culvert blocked/needs cleaning in our neighbourhood. Please resolve this problem as soon as possible.,drainage,english,NYC311_seed_controlled_augmentation_v2
"Air: Dust, Construction/Demolition is affecting the surrounding environment close to the town centre.",environment,english,NYC311_seed_controlled_augmentation_v2
Drivers are facing problems because of broken curb near the junction.,roads,english,NYC311_seed_controlled_augmentation_v2
There appears to be power outage near the school.,electricity,english,NYC311_seed_controlled_augmentation_v2
We would like to report broken curb near the public market. Residents are requesting assistance.,roads,english,NYC311_seed_controlled_augmentation_v2
Possible Water Main Break is affecting the local water supply on the main road. The problem has been continuing for some time.,water_supply,english,NYC311_seed_controlled_augmentation_v2
The electrical system needs attention because of power outage in the residential area.,electricity,english,NYC311_seed_controlled_augmentation_v2
"We are experiencing taste/odor, chlorine close to the bus stop. We would appreciate assistance with this problem.",water_supply,english,NYC311_seed_controlled_augmentation_v2
Residents have reported slow leak close to the town centre. Residents are requesting assistance.,water_supply,english,NYC311_seed_controlled_augmentation_v2
There is wear & tear near the public market. This issue needs urgent attention.,roads,english,NYC311_seed_controlled_augmentation_v2
The drainage issue appears to involve ponding near the hospital. The problem has been continuing for some time.,drainage,english,NYC311_seed_controlled_augmentation_v2
The road needs attention because of cave-in near our house.,roads,english,NYC311_seed_controlled_augmentation_v2
People in the area are affected by no lighting close to the town centre. Please send the responsible team to inspect the area.,electricity,english,NYC311_seed_controlled_augmentation_v2
People nearby have complained about chemical odor outside our building.,environment,english,NYC311_seed_controlled_augmentation_v2
Drivers are facing problems because of pothole - highway near the junction. Please take the necessary action.,roads,english,NYC311_seed_controlled_augmentation_v2
There is missed recycling paper in the residential area. The problem has been continuing for some time.,garbage,english,NYC311_seed_controlled_augmentation_v2
The electricity service has a problem with outlet/switch in the residential area. This is causing inconvenience to the public.,electricity,english,NYC311_seed_controlled_augmentation_v2
There is a water supply issue involving damp spot along the roadside.,water_supply,english,NYC311_seed_controlled_augmentation_v2
There is catch basin clogged/flooding along the roadside.,drainage,english,NYC311_seed_controlled_augmentation_v2
Please repair pothole near the school. Please send the responsible team to inspect the area.,roads,english,NYC311_seed_controlled_augmentation_v2
The area needs cleaning because of dirty sidewalk in the residential area. This issue needs urgent attention.,garbage,english,NYC311_seed_controlled_augmentation_v2
There is an environmental issue involving ventilation in the residential area. Residents are requesting assistance.,environment,english,NYC311_seed_controlled_augmentation_v2
There appears to be multiple street lights out close to the bus stop. We would appreciate assistance with this problem.,electricity,english,NYC311_seed_controlled_augmentation_v2
Our area is facing low water pressure near the junction. Please send the responsible team to inspect the area.,water_supply,english,NYC311_seed_controlled_augmentation_v2
WIRING is affecting the area outside our building. Please take the necessary action.,electricity,english,NYC311_seed_controlled_augmentation_v2
The road needs attention because of cave-in in our neighbourhood. The problem has been continuing for some time.,roads,english,NYC311_seed_controlled_augmentation_v2
People in the area are experiencing leak close to the town centre. This issue needs urgent attention.,water_supply,english,NYC311_seed_controlled_augmentation_v2
"We have noticed air: dust, other near the junction.",environment,english,NYC311_seed_controlled_augmentation_v2
The electricity service has a problem with no lighting near the school. This is causing inconvenience to the public.,electricity,english,NYC311_seed_controlled_augmentation_v2
"There is an environmental issue involving air: odor/fumes, restaurant near the junction. Please take the necessary action.",environment,english,NYC311_seed_controlled_augmentation_v2
The drain is causing problems because of sewer backup close to the town centre.,drainage,english,NYC311_seed_controlled_augmentation_v2
Please send a technician because of no lighting close to the bus stop.,electricity,english,NYC311_seed_controlled_augmentation_v2
Please resolve the drainage issue involving culvert blocked/needs cleaning on the main road.,drainage,english,NYC311_seed_controlled_augmentation_v2
"Residents are requesting action regarding unsafe chemical, storage near the public market. This is causing inconvenience to the public.",environment,english,NYC311_seed_controlled_augmentation_v2
There appears to be wiring near the hospital. Residents are requesting assistance.,electricity,english,NYC311_seed_controlled_augmentation_v2
Residents are reporting sewage odor outside our building. Please arrange an inspection.,drainage,english,NYC311_seed_controlled_augmentation_v2
"There appears to be cloudy or milky, other near our house.",water_supply,english,NYC311_seed_controlled_augmentation_v2
Please investigate air: other air problem near the hospital. We would appreciate assistance with this problem.,environment,english,NYC311_seed_controlled_augmentation_v2
We are experiencing slow leak in the residential area.,water_supply,english,NYC311_seed_controlled_augmentation_v2
There appears to be lamppost wire exposed near the junction. This issue needs urgent attention.,electricity,english,NYC311_seed_controlled_augmentation_v2
The drain is causing problems because of manhole overflow near the school. The problem has been continuing for some time.,drainage,english,NYC311_seed_controlled_augmentation_v2
Wastewater problems have occurred due to ponding in our neighbourhood. Please arrange an inspection.,drainage,english,NYC311_seed_controlled_augmentation_v2
Dirty Water is affecting the local water supply near the public market. Please arrange an inspection.,water_supply,english,NYC311_seed_controlled_augmentation_v2
Bulk-Missed Recy Collection is creating an unsanitary condition near the hospital. Please arrange an inspection.,garbage,english,NYC311_seed_controlled_augmentation_v2
Please arrange cleaning because of dirty area/alleyway near our house. This issue needs urgent attention.,garbage,english,NYC311_seed_controlled_augmentation_v2
People nearby have complained about air: other air problem along the roadside. This is causing inconvenience to the public.,environment,english,NYC311_seed_controlled_augmentation_v2
Please arrange cleaning because of missed recycling paper close to the bus stop. Please arrange an inspection.,garbage,english,NYC311_seed_controlled_augmentation_v2
The road has pothole in the residential area.,roads,english,NYC311_seed_controlled_augmentation_v2
"We have noticed air: dust, other outside our building. Please arrange an inspection.",environment,english,NYC311_seed_controlled_augmentation_v2
Residents are concerned about broken curb outside our building. This issue needs urgent attention.,roads,english,NYC311_seed_controlled_augmentation_v2
"Oil Spill On Street, Large is affecting the surrounding environment outside our building.",environment,english,NYC311_seed_controlled_augmentation_v2
We need assistance with sewage odor near the public market.,drainage,english,NYC311_seed_controlled_augmentation_v2
Please inspect the electrical issue involving no lighting outside our building.,electricity,english,NYC311_seed_controlled_augmentation_v2
The road has broken curb close to the town centre.,roads,english,NYC311_seed_controlled_augmentation_v2
The road has curb defect-metal protruding in our neighbourhood. Please take the necessary action.,roads,english,NYC311_seed_controlled_augmentation_v2
Please inspect the environmental issue involving chemical odor near the school. This issue needs urgent attention.,environment,english,NYC311_seed_controlled_augmentation_v2
"There appears to be taste/odor, bitter/metallic along the roadside. The problem has been continuing for some time.",water_supply,english,NYC311_seed_controlled_augmentation_v2
"Please investigate unsafe chemical, storage near the school. We would appreciate assistance with this problem.",environment,english,NYC311_seed_controlled_augmentation_v2
The electrical system needs attention because of power outage in our neighbourhood. Please resolve this problem as soon as possible.,electricity,english,NYC311_seed_controlled_augmentation_v2
The drainage issue appears to involve catch basin clogged/flooding near the junction.,drainage,english,NYC311_seed_controlled_augmentation_v2
There is street cond/dump-out/drop-off near the junction.,garbage,english,NYC311_seed_controlled_augmentation_v2
"Residents are requesting action regarding unsafe chemical, abandoned near the hospital. This is causing inconvenience to the public.",environment,english,NYC311_seed_controlled_augmentation_v2
Sewer or Drain is causing drainage problems on the main road. Please arrange an inspection.,drainage,english,NYC311_seed_controlled_augmentation_v2
We would like to report curb defect-metal protruding close to the town centre. This is causing inconvenience to the public.,roads,english,NYC311_seed_controlled_augmentation_v2
Residents are reporting manhole overflow close to the town centre. The problem has been continuing for some time.,drainage,english,NYC311_seed_controlled_augmentation_v2
Loose Rubbish is creating an unsanitary condition in the residential area. Please take the necessary action.,garbage,english,NYC311_seed_controlled_augmentation_v2
There is failed street repair near the junction.,roads,english,NYC311_seed_controlled_augmentation_v2
Please inspect the electrical issue involving lamppost knocked down in our neighbourhood.,electricity,english,NYC311_seed_controlled_augmentation_v2
There is missed recycling - m/g/pl along the roadside. Residents are requesting assistance.,garbage,english,NYC311_seed_controlled_augmentation_v2
"Residents have reported taste/odor, bitter/metallic near the junction. Please take the necessary action.",water_supply,english,NYC311_seed_controlled_augmentation_v2
People in the area are affected by lamppost wire exposed near the school. Please arrange an inspection.,electricity,english,NYC311_seed_controlled_augmentation_v2
We would like to report wear & tear close to the bus stop. This is causing inconvenience to the public.,roads,english,NYC311_seed_controlled_augmentation_v2
Our area is facing slow leak outside our building. Please resolve this problem as soon as possible.,water_supply,english,NYC311_seed_controlled_augmentation_v2
RAIN GARDEN FLOODING is causing drainage problems near our house. Please arrange an inspection.,drainage,english,NYC311_seed_controlled_augmentation_v2
Residents have reported street light out in our neighbourhood. This issue needs urgent attention.,electricity,english,NYC311_seed_controlled_augmentation_v2
There is bulk-missed collection near our house. Please investigate this issue.,garbage,english,NYC311_seed_controlled_augmentation_v2
There is a water supply issue involving dirty water along the roadside.,water_supply,english,NYC311_seed_controlled_augmentation_v2
The drainage system is affected by culvert blocked/needs cleaning near the public market. Please take the necessary action.,drainage,english,NYC311_seed_controlled_augmentation_v2
Please address dirty area/alleyway along the roadside.,garbage,english,NYC311_seed_controlled_augmentation_v2
Please repair pothole near the junction.,roads,english,NYC311_seed_controlled_augmentation_v2
Wear & Tear is causing difficulties for vehicles near our house.,roads,english,NYC311_seed_controlled_augmentation_v2
Residents are requesting action regarding dirty sidewalk near the hospital.,garbage,english,NYC311_seed_controlled_augmentation_v2
The water service is affected by heavy flow in the residential area. We would appreciate assistance with this problem.,water_supply,english,NYC311_seed_controlled_augmentation_v2
The electrical system needs attention because of outlet/switch outside our building. This is causing inconvenience to the public.,electricity,english,NYC311_seed_controlled_augmentation_v2
There appears to be dirty water near the hospital. Please send the responsible team to inspect the area.,water_supply,english,NYC311_seed_controlled_augmentation_v2
There is sewage leak near the public market. This is causing inconvenience to the public.,drainage,english,NYC311_seed_controlled_augmentation_v2
Residents have reported street light out near the public market. Please send the responsible team to inspect the area.,electricity,english,NYC311_seed_controlled_augmentation_v2
Drivers are facing problems because of failed street repair in our neighbourhood. Please resolve this problem as soon as possible.,roads,english,NYC311_seed_controlled_augmentation_v2
There appears to be multiple street lights out outside our building. This issue needs urgent attention.,electricity,english,NYC311_seed_controlled_augmentation_v2
Please inspect the environmental issue involving chemical odor near the hospital. We would appreciate assistance with this problem.,environment,english,NYC311_seed_controlled_augmentation_v2
"Taste/Odor, Chlorine is affecting the local water supply close to the bus stop.",water_supply,english,NYC311_seed_controlled_augmentation_v2
Residents are concerned about defective hardware outside our building. Please arrange an inspection.,roads,english,NYC311_seed_controlled_augmentation_v2
The drain is causing problems because of manhole overflow close to the town centre. We would appreciate assistance with this problem.,drainage,english,NYC311_seed_controlled_augmentation_v2
Residents are concerned about broken curb close to the bus stop. We would appreciate assistance with this problem.,roads,english,NYC311_seed_controlled_augmentation_v2
Please repair wear & tear close to the bus stop. Please send the responsible team to inspect the area.,roads,english,NYC311_seed_controlled_augmentation_v2
Please inspect the environmental issue involving chemical vapors/gases/odors outside our building.,environment,english,NYC311_seed_controlled_augmentation_v2
Please investigate the water problem caused by hydrant leaking in the residential area. This issue needs urgent attention.,water_supply,english,NYC311_seed_controlled_augmentation_v2
The road surface is damaged due to failed street repair on the main road. Please resolve this problem as soon as possible.,roads,english,NYC311_seed_controlled_augmentation_v2
The drainage system is affected by sewage odor near the hospital.,drainage,english,NYC311_seed_controlled_augmentation_v2
Residents have reported street light out near the public market. We would appreciate assistance with this problem.,electricity,english,NYC311_seed_controlled_augmentation_v2
The electricity service has a problem with electrical wiring defective/exposed close to the bus stop. Residents are requesting assistance.,electricity,english,NYC311_seed_controlled_augmentation_v2
There appears to be hydrant leaking near our house.,water_supply,english,NYC311_seed_controlled_augmentation_v2
"Air: Odor/Fumes, Restaurant is affecting the surrounding environment close to the bus stop. This is causing inconvenience to the public.",environment,english,NYC311_seed_controlled_augmentation_v2
Vehicles are being affected by failed street repair near the junction. We would appreciate assistance with this problem.,roads,english,NYC311_seed_controlled_augmentation_v2
"This environmental problem involves air: smoke, vehicular close to the bus stop. Please investigate this issue.",environment,english,NYC311_seed_controlled_augmentation_v2
There is defective hardware near the school. Residents are requesting assistance.,roads,english,NYC311_seed_controlled_augmentation_v2
Residents have complained about improper disposal near the public market. Please investigate this issue.,garbage,english,NYC311_seed_controlled_augmentation_v2
"People nearby have complained about air: odor/fumes, restaurant near the school.",environment,english,NYC311_seed_controlled_augmentation_v2
"Residents are requesting action regarding air: smoke, vehicular near the school. Please send the responsible team to inspect the area.",environment,english,NYC311_seed_controlled_augmentation_v2
Please investigate the water problem caused by no water near our house.,water_supply,english,NYC311_seed_controlled_augmentation_v2
People in the area are experiencing low water pressure outside our building. This issue needs urgent attention.,water_supply,english,NYC311_seed_controlled_augmentation_v2
There is failed street repair close to the town centre.,roads,english,NYC311_seed_controlled_augmentation_v2
There is lamppost knocked down along the roadside. Please investigate this issue.,electricity,english,NYC311_seed_controlled_augmentation_v2
Please resolve the drainage issue involving culvert blocked/needs cleaning in our neighbourhood. Residents are requesting assistance.,drainage,english,NYC311_seed_controlled_augmentation_v2
Please resolve the drainage issue involving culvert blocked/needs cleaning near the hospital.,drainage,english,NYC311_seed_controlled_augmentation_v2
The water service is affected by hydrant leaking near the public market. Please resolve this problem as soon as possible.,water_supply,english,NYC311_seed_controlled_augmentation_v2
Residents are requesting action regarding missed recycling - m/g/pl near the hospital. This issue needs urgent attention.,garbage,english,NYC311_seed_controlled_augmentation_v2
People in the area are affected by no lighting along the roadside. Residents are requesting assistance.,electricity,english,NYC311_seed_controlled_augmentation_v2
There is street light out on the main road.,electricity,english,NYC311_seed_controlled_augmentation_v2
"Please check the water system because of taste/odor, chlorine near the junction.",water_supply,english,NYC311_seed_controlled_augmentation_v2
"We have noticed oil spill on street, large near the public market. This issue needs urgent attention.",environment,english,NYC311_seed_controlled_augmentation_v2
Please resolve the drainage issue involving catch basin clogged/flooding near the hospital. Please arrange an inspection.,drainage,english,NYC311_seed_controlled_augmentation_v2
"There is an environmental issue involving air: smoke, vehicular near our house.",environment,english,NYC311_seed_controlled_augmentation_v2
People in the area are affected by lighting near the hospital. Please investigate this issue.,electricity,english,NYC311_seed_controlled_augmentation_v2
Residents have reported unknown odor/taste in drinking water near the school. Please arrange an inspection.,water_supply,english,NYC311_seed_controlled_augmentation_v2
We need assistance with sewer backup near the hospital. We would appreciate assistance with this problem.,drainage,english,NYC311_seed_controlled_augmentation_v2
The area needs cleaning because of bulk-missed recy collection near our house. This issue needs urgent attention.,garbage,english,NYC311_seed_controlled_augmentation_v2
Residents are requesting action regarding dirty area/alleyway near the junction.,garbage,english,NYC311_seed_controlled_augmentation_v2
The road needs attention because of pothole in our neighbourhood. This is causing inconvenience to the public.,roads,english,NYC311_seed_controlled_augmentation_v2
Drivers are facing problems because of pothole along the roadside. Residents are requesting assistance.,roads,english,NYC311_seed_controlled_augmentation_v2
HEAVY FLOW is affecting the local water supply close to the town centre. We would appreciate assistance with this problem.,water_supply,english,NYC311_seed_controlled_augmentation_v2
People in the area are experiencing damp spot in the residential area.,water_supply,english,NYC311_seed_controlled_augmentation_v2
"There is an environmental issue involving air: odor/fumes, vehicle idling close to the town centre.",environment,english,NYC311_seed_controlled_augmentation_v2
Sewage Leak is causing drainage problems near the junction. We would appreciate assistance with this problem.,drainage,english,NYC311_seed_controlled_augmentation_v2
People in the area are experiencing slow leak in our neighbourhood. We would appreciate assistance with this problem.,water_supply,english,NYC311_seed_controlled_augmentation_v2
People in the area are affected by multiple street lights out near the junction. Please resolve this problem as soon as possible.,electricity,english,NYC311_seed_controlled_augmentation_v2
Please check the water system because of heavy flow close to the town centre. This issue needs urgent attention.,water_supply,english,NYC311_seed_controlled_augmentation_v2
Please send a technician because of no lighting near the junction. Please investigate this issue.,electricity,english,NYC311_seed_controlled_augmentation_v2
The road surface is damaged due to failed street repair on the main road.,roads,english,NYC311_seed_controlled_augmentation_v2
There is no lighting close to the town centre. Residents are requesting assistance.,electricity,english,NYC311_seed_controlled_augmentation_v2
There is broken curb near our house.,roads,english,NYC311_seed_controlled_augmentation_v2
Residents are requesting action regarding asbestos complaint near our house. This issue needs urgent attention.,environment,english,NYC311_seed_controlled_augmentation_v2
Please resolve the drainage issue involving sewer backup outside our building. Please arrange an inspection.,drainage,english,NYC311_seed_controlled_augmentation_v2
The drainage issue appears to involve sewage leak in our neighbourhood.,drainage,english,NYC311_seed_controlled_augmentation_v2
The road needs attention because of defective hardware near the public market. Please arrange an inspection.,roads,english,NYC311_seed_controlled_augmentation_v2
Street Flooding is causing drainage problems on the main road. This issue needs urgent attention.,drainage,english,NYC311_seed_controlled_augmentation_v2
"The road has rough, pitted or cracked roads on the main road. Residents are requesting assistance.",roads,english,NYC311_seed_controlled_augmentation_v2
People nearby have complained about air: other air problem along the roadside. Please resolve this problem as soon as possible.,environment,english,NYC311_seed_controlled_augmentation_v2
Please arrange cleaning because of bulk-missed recy collection close to the town centre. Please investigate this issue.,garbage,english,NYC311_seed_controlled_augmentation_v2
Residents have reported electrical wiring defective/exposed near our house.,electricity,english,NYC311_seed_controlled_augmentation_v2
The road has pothole in the residential area. We would appreciate assistance with this problem.,roads,english,NYC311_seed_controlled_augmentation_v2
"The water service is affected by taste/odor, bitter/metallic in our neighbourhood. This issue needs urgent attention.",water_supply,english,NYC311_seed_controlled_augmentation_v2
The area is affected by air: other air problem close to the town centre. Please send the responsible team to inspect the area.,environment,english,NYC311_seed_controlled_augmentation_v2
There appears to be low water pressure near the hospital. Please take the necessary action.,water_supply,english,NYC311_seed_controlled_augmentation_v2
People in the area are affected by lamppost wire exposed near the public market.,electricity,english,NYC311_seed_controlled_augmentation_v2
"Residents are requesting action regarding air: smoke, chimney or vent along the roadside.",environment,english,NYC311_seed_controlled_augmentation_v2
Dirty Water is affecting the local water supply near the hospital.,water_supply,english,NYC311_seed_controlled_augmentation_v2
There appears to be power outage close to the bus stop. Please resolve this problem as soon as possible.,electricity,english,NYC311_seed_controlled_augmentation_v2
There is a waste management problem involving bulk-missed recy collection on the main road. Residents are requesting assistance.,garbage,english,NYC311_seed_controlled_augmentation_v2
Please inspect the drain because of culvert blocked/needs cleaning close to the bus stop. Please investigate this issue.,drainage,english,NYC311_seed_controlled_augmentation_v2
Please inspect the drain because of street flooding outside our building.,drainage,english,NYC311_seed_controlled_augmentation_v2
This environmental problem involves chemical odor near the school.,environment,english,NYC311_seed_controlled_augmentation_v2
The drainage system is affected by culvert blocked/needs cleaning close to the bus stop.,drainage,english,NYC311_seed_controlled_augmentation_v2
Garbage collection is affected by missed recycling paper close to the bus stop. Residents are requesting assistance.,garbage,english,NYC311_seed_controlled_augmentation_v2
"People in the area are experiencing taste/odor, bitter/metallic near the school. Please send the responsible team to inspect the area.",water_supply,english,NYC311_seed_controlled_augmentation_v2
There is culvert blocked/needs cleaning outside our building.,drainage,english,NYC311_seed_controlled_augmentation_v2
There is missed recycling paper on the main road. Please arrange an inspection.,garbage,english,NYC311_seed_controlled_augmentation_v2
The electrical system needs attention because of street light lamp dim close to the bus stop. Residents are requesting assistance.,electricity,english,NYC311_seed_controlled_augmentation_v2
Our area is facing hydrant leaking in our neighbourhood. This is causing inconvenience to the public.,water_supply,english,NYC311_seed_controlled_augmentation_v2
"There is a water supply issue involving taste/odor, chlorine in the residential area. Please investigate this issue.",water_supply,english,NYC311_seed_controlled_augmentation_v2
Vehicles are being affected by broken curb in our neighbourhood. The problem has been continuing for some time.,roads,english,NYC311_seed_controlled_augmentation_v2
Please address dirty area/alleyway on the main road. Please resolve this problem as soon as possible.,garbage,english,NYC311_seed_controlled_augmentation_v2
Electrical Wiring Defective/Exposed is affecting the area near the hospital.,electricity,english,NYC311_seed_controlled_augmentation_v2
"Unsafe Chemical, Storage is affecting the surrounding environment close to the town centre.",environment,english,NYC311_seed_controlled_augmentation_v2
Residents are reporting sewage leak along the roadside.,drainage,english,NYC311_seed_controlled_augmentation_v2
Please check the water system because of heavy flow near the school. Please arrange an inspection.,water_supply,english,NYC311_seed_controlled_augmentation_v2
The drainage system is affected by culvert blocked/needs cleaning outside our building. This issue needs urgent attention.,drainage,english,NYC311_seed_controlled_augmentation_v2
HEAVY FLOW is affecting the local water supply near the hospital. This is causing inconvenience to the public.,water_supply,english,NYC311_seed_controlled_augmentation_v2
Please address street cond/dump-out/drop-off in our neighbourhood. The problem has been continuing for some time.,garbage,english,NYC311_seed_controlled_augmentation_v2
There appears to be lamppost wire exposed near the school. This issue needs urgent attention.,electricity,english,NYC311_seed_controlled_augmentation_v2
This environmental problem involves chemical odor on the main road. Please arrange an inspection.,environment,english,NYC311_seed_controlled_augmentation_v2
Residents are concerned about cave-in along the roadside. This issue needs urgent attention.,roads,english,NYC311_seed_controlled_augmentation_v2
LOW WATER PRESSURE is affecting the local water supply close to the bus stop. Please send the responsible team to inspect the area.,water_supply,english,NYC311_seed_controlled_augmentation_v2
Residents are requesting action regarding dirty area/alleyway near the public market. This is causing inconvenience to the public.,garbage,english,NYC311_seed_controlled_augmentation_v2
The drainage issue appears to involve catch basin clogged/flooding near the hospital.,drainage,english,NYC311_seed_controlled_augmentation_v2
Please investigate large number of mosquitoes along the roadside. We would appreciate assistance with this problem.,environment,english,NYC311_seed_controlled_augmentation_v2
The area needs cleaning because of missed recycling - m/g/pl near the school.,garbage,english,NYC311_seed_controlled_augmentation_v2
The road surface is damaged due to failed street repair near the school. Residents are requesting assistance.,roads,english,NYC311_seed_controlled_augmentation_v2
Please send a technician because of lamppost wire exposed near the hospital. This is causing inconvenience to the public.,electricity,english,NYC311_seed_controlled_augmentation_v2
We are experiencing leak near the junction. Residents are requesting assistance.,water_supply,english,NYC311_seed_controlled_augmentation_v2
"Please investigate air: odor/fumes, restaurant near the public market. Residents are requesting assistance.",environment,english,NYC311_seed_controlled_augmentation_v2
"This environmental problem involves air: dust, other close to the bus stop. We would appreciate assistance with this problem.",environment,english,NYC311_seed_controlled_augmentation_v2
"People in the area are experiencing taste/odor, bitter/metallic on the main road. Please investigate this issue.",water_supply,english,NYC311_seed_controlled_augmentation_v2
Wastewater problems have occurred due to ponding close to the town centre. Please arrange an inspection.,drainage,english,NYC311_seed_controlled_augmentation_v2
Residents are reporting sewer or drain close to the town centre. This issue needs urgent attention.,drainage,english,NYC311_seed_controlled_augmentation_v2
"Please investigate air: odor/fumes, restaurant near the junction.",environment,english,NYC311_seed_controlled_augmentation_v2
There is a waste management problem involving bulk-missed collection outside our building. Please resolve this problem as soon as possible.,garbage,english,NYC311_seed_controlled_augmentation_v2
"Vehicles are being affected by rough, pitted or cracked roads near our house. Please arrange an inspection.",roads,english,NYC311_seed_controlled_augmentation_v2
"We have noticed oil spill on street, large close to the bus stop. This is causing inconvenience to the public.",environment,english,NYC311_seed_controlled_augmentation_v2
There is loose rubbish close to the bus stop. The problem has been continuing for some time.,garbage,english,NYC311_seed_controlled_augmentation_v2
Please arrange cleaning because of missed collection near the school. Please investigate this issue.,garbage,english,NYC311_seed_controlled_augmentation_v2
We are experiencing damp spot along the roadside. We would appreciate assistance with this problem.,water_supply,english,NYC311_seed_controlled_augmentation_v2
Residents are requesting action regarding bulk-missed collection in our neighbourhood. Please take the necessary action.,garbage,english,NYC311_seed_controlled_augmentation_v2
Please repair cave-in on the main road.,roads,english,NYC311_seed_controlled_augmentation_v2
Please repair pothole - highway along the roadside. Please take the necessary action.,roads,english,NYC311_seed_controlled_augmentation_v2
We are experiencing heavy flow along the roadside. This issue needs urgent attention.,water_supply,english,NYC311_seed_controlled_augmentation_v2
We need assistance with ponding near the school.,drainage,english,NYC311_seed_controlled_augmentation_v2
"People nearby have complained about oil spill on street, large in the residential area. Please send the responsible team to inspect the area.",environment,english,NYC311_seed_controlled_augmentation_v2
The road needs attention because of curb defect-metal protruding near the school.,roads,english,NYC311_seed_controlled_augmentation_v2
Residents have reported slow leak along the roadside.,water_supply,english,NYC311_seed_controlled_augmentation_v2
There is a water supply issue involving no water along the roadside. This is causing inconvenience to the public.,water_supply,english,NYC311_seed_controlled_augmentation_v2
Please inspect the electrical issue involving lamppost wire exposed on the main road.,electricity,english,NYC311_seed_controlled_augmentation_v2
HEAVY FLOW is affecting the local water supply along the roadside. Please take the necessary action.,water_supply,english,NYC311_seed_controlled_augmentation_v2
There is a water supply issue involving no water near the school.,water_supply,english,NYC311_seed_controlled_augmentation_v2
Street Cond/Dump-Out/Drop-Off is creating an unsanitary condition in the residential area. This is causing inconvenience to the public.,garbage,english,NYC311_seed_controlled_augmentation_v2
Please arrange cleaning because of street cond/dump-out/drop-off along the roadside. The problem has been continuing for some time.,garbage,english,NYC311_seed_controlled_augmentation_v2
The water service is affected by dirty water on the main road. This issue needs urgent attention.,water_supply,english,NYC311_seed_controlled_augmentation_v2
The drainage system is affected by catch basin clogged/flooding along the roadside.,drainage,english,NYC311_seed_controlled_augmentation_v2
The water service is affected by dirty water on the main road.,water_supply,english,NYC311_seed_controlled_augmentation_v2
Please arrange cleaning because of missed recycling-all materials near our house. We would appreciate assistance with this problem.,garbage,english,NYC311_seed_controlled_augmentation_v2
There is bulk-missed collection on the main road.,garbage,english,NYC311_seed_controlled_augmentation_v2
"We are experiencing cloudy or milky, other in the residential area. Please arrange an inspection.",water_supply,english,NYC311_seed_controlled_augmentation_v2
Residents are reporting manhole overflow in our neighbourhood.,drainage,english,NYC311_seed_controlled_augmentation_v2
Missed Recycling - M/G/Pl is creating an unsanitary condition outside our building. The problem has been continuing for some time.,garbage,english,NYC311_seed_controlled_augmentation_v2
Residents have complained about receptacle violation close to the bus stop. Please resolve this problem as soon as possible.,garbage,english,NYC311_seed_controlled_augmentation_v2
We are experiencing low water pressure near the school. Please send the responsible team to inspect the area.,water_supply,english,NYC311_seed_controlled_augmentation_v2
Street Cond/Dump-Out/Drop-Off is creating an unsanitary condition outside our building. We would appreciate assistance with this problem.,garbage,english,NYC311_seed_controlled_augmentation_v2
There is cave-in near our house.,roads,english,NYC311_seed_controlled_augmentation_v2
Please arrange cleaning because of street cond/dump-out/drop-off outside our building.,garbage,english,NYC311_seed_controlled_augmentation_v2
We are experiencing an electrical problem involving lamppost wire exposed along the roadside.,electricity,english,NYC311_seed_controlled_augmentation_v2
"The road surface is damaged due to rough, pitted or cracked roads in the residential area.",roads,english,NYC311_seed_controlled_augmentation_v2
Drivers are facing problems because of broken curb close to the town centre. The problem has been continuing for some time.,roads,english,NYC311_seed_controlled_augmentation_v2
Residents are concerned about pothole near the public market. This issue needs urgent attention.,roads,english,NYC311_seed_controlled_augmentation_v2
There is electrical wiring defective/exposed close to the bus stop. This issue needs urgent attention.,electricity,english,NYC311_seed_controlled_augmentation_v2
Lamppost Knocked Down is affecting the area along the roadside. Please take the necessary action.,electricity,english,NYC311_seed_controlled_augmentation_v2
Wastewater problems have occurred due to rain garden flooding near our house.,drainage,english,NYC311_seed_controlled_augmentation_v2
"We have noticed air: dust, construction/demolition near the school.",environment,english,NYC311_seed_controlled_augmentation_v2
There is receptacle violation on the main road. Please take the necessary action.,garbage,english,NYC311_seed_controlled_augmentation_v2
"Please investigate air: odor/fumes, restaurant near the hospital. Please arrange an inspection.",environment,english,NYC311_seed_controlled_augmentation_v2
The drain is causing problems because of culvert blocked/needs cleaning in the residential area. Please arrange an inspection.,drainage,english,NYC311_seed_controlled_augmentation_v2
The road surface is damaged due to pothole in our neighbourhood. This issue needs urgent attention.,roads,english,NYC311_seed_controlled_augmentation_v2
There is a water supply issue involving slow leak in the residential area. Residents are requesting assistance.,water_supply,english,NYC311_seed_controlled_augmentation_v2
People nearby have complained about large number of mosquitoes on the main road. Please investigate this issue.,environment,english,NYC311_seed_controlled_augmentation_v2
"Please investigate air: dust, construction/demolition in our neighbourhood. Residents are requesting assistance.",environment,english,NYC311_seed_controlled_augmentation_v2
The area needs cleaning because of dirty sidewalk near the junction. The problem has been continuing for some time.,garbage,english,NYC311_seed_controlled_augmentation_v2
Residents are reporting street flooding in our neighbourhood. This is causing inconvenience to the public.,drainage,english,NYC311_seed_controlled_augmentation_v2
There is lighting outside our building. Please investigate this issue.,electricity,english,NYC311_seed_controlled_augmentation_v2
Please inspect the electrical issue involving multiple street lights out near the junction. Please resolve this problem as soon as possible.,electricity,english,NYC311_seed_controlled_augmentation_v2
We are experiencing dirty water along the roadside.,water_supply,english,NYC311_seed_controlled_augmentation_v2
The road has cave-in along the roadside. Please resolve this problem as soon as possible.,roads,english,NYC311_seed_controlled_augmentation_v2
Please inspect the drain because of catch basin clogged/flooding in the residential area. We would appreciate assistance with this problem.,drainage,english,NYC311_seed_controlled_augmentation_v2
There is dirty sidewalk near our house.,garbage,english,NYC311_seed_controlled_augmentation_v2
Wastewater problems have occurred due to culvert blocked/needs cleaning in our neighbourhood. Residents are requesting assistance.,drainage,english,NYC311_seed_controlled_augmentation_v2
The drain is causing problems because of sewer backup outside our building. Please arrange an inspection.,drainage,english,NYC311_seed_controlled_augmentation_v2
We would like to report curb defect-metal protruding in the residential area.,roads,english,NYC311_seed_controlled_augmentation_v2
Please send a technician because of street light out along the roadside. Please take the necessary action.,electricity,english,NYC311_seed_controlled_augmentation_v2
There is curb defect-metal protruding in the residential area. Please investigate this issue.,roads,english,NYC311_seed_controlled_augmentation_v2
Please send a technician because of lighting on the main road. Please resolve this problem as soon as possible.,electricity,english,NYC311_seed_controlled_augmentation_v2
Drivers are facing problems because of defective hardware in the residential area.,roads,english,NYC311_seed_controlled_augmentation_v2
"Taste/Odor, Bitter/Metallic is affecting the local water supply along the roadside.",water_supply,english,NYC311_seed_controlled_augmentation_v2
Defective Hardware is causing difficulties for vehicles near the junction. The problem has been continuing for some time.,roads,english,NYC311_seed_controlled_augmentation_v2
"This environmental problem involves oil spill on street, small in our neighbourhood. Please resolve this problem as soon as possible.",environment,english,NYC311_seed_controlled_augmentation_v2
The area is affected by asbestos complaint in the residential area. This issue needs urgent attention.,environment,english,NYC311_seed_controlled_augmentation_v2
Our area is facing damp spot near the hospital.,water_supply,english,NYC311_seed_controlled_augmentation_v2
Please send a technician because of multiple street lights out near the hospital.,electricity,english,NYC311_seed_controlled_augmentation_v2
"Residents are concerned about air: odor/fumes, vehicle idling outside our building. Please send the responsible team to inspect the area.",environment,english,NYC311_seed_controlled_augmentation_v2
Missed Recycling-All Materials is creating an unsanitary condition close to the bus stop. Please resolve this problem as soon as possible.,garbage,english,NYC311_seed_controlled_augmentation_v2
"Please investigate the water problem caused by taste/odor, bitter/metallic on the main road. Please investigate this issue.",water_supply,english,NYC311_seed_controlled_augmentation_v2
We have noticed asbestos complaint near our house. The problem has been continuing for some time.,environment,english,NYC311_seed_controlled_augmentation_v2
Waste has become a problem due to improper disposal outside our building. This issue needs urgent attention.,garbage,english,NYC311_seed_controlled_augmentation_v2
The drainage issue appears to involve rain garden flooding in our neighbourhood.,drainage,english,NYC311_seed_controlled_augmentation_v2
We are experiencing an electrical problem involving lamppost knocked down in our neighbourhood. Please arrange an inspection.,electricity,english,NYC311_seed_controlled_augmentation_v2
We are experiencing possible water main break in our neighbourhood. Please take the necessary action.,water_supply,english,NYC311_seed_controlled_augmentation_v2
Please inspect the drain because of catch basin clogged/flooding near the hospital. Please investigate this issue.,drainage,english,NYC311_seed_controlled_augmentation_v2
Residents are requesting action regarding bulk-missed recy collection in the residential area.,garbage,english,NYC311_seed_controlled_augmentation_v2
Waste has become a problem due to missed collection outside our building.,garbage,english,NYC311_seed_controlled_augmentation_v2
"Air: Dust, Other is affecting the surrounding environment in our neighbourhood. This is causing inconvenience to the public.",environment,english,NYC311_seed_controlled_augmentation_v2
Our area is facing slow leak on the main road. Please arrange an inspection.,water_supply,english,NYC311_seed_controlled_augmentation_v2
We have noticed asbestos complaint on the main road. Residents are requesting assistance.,environment,english,NYC311_seed_controlled_augmentation_v2
Wastewater problems have occurred due to ponding near the public market. We would appreciate assistance with this problem.,drainage,english,NYC311_seed_controlled_augmentation_v2
We are experiencing an electrical problem involving wiring on the main road.,electricity,english,NYC311_seed_controlled_augmentation_v2
We are experiencing an electrical problem involving electrical wiring defective/exposed near the hospital. The problem has been continuing for some time.,electricity,english,NYC311_seed_controlled_augmentation_v2
Residents are requesting action regarding street cond/dump-out/drop-off outside our building. We would appreciate assistance with this problem.,garbage,english,NYC311_seed_controlled_augmentation_v2
The drainage issue appears to involve manhole overflow along the roadside. The problem has been continuing for some time.,drainage,english,NYC311_seed_controlled_augmentation_v2
"People nearby have complained about oil spill on street, small close to the town centre. Residents are requesting assistance.",environment,english,NYC311_seed_controlled_augmentation_v2
"Air: Odor/Fumes, Vehicle Idling is affecting the surrounding environment in our neighbourhood. Residents are requesting assistance.",environment,english,NYC311_seed_controlled_augmentation_v2
Wastewater problems have occurred due to sewage leak in the residential area.,drainage,english,NYC311_seed_controlled_augmentation_v2
"People nearby have complained about air: dust, other in our neighbourhood. Please send the responsible team to inspect the area.",environment,english,NYC311_seed_controlled_augmentation_v2
We would like to report broken curb near our house. We would appreciate assistance with this problem.,roads,english,NYC311_seed_controlled_augmentation_v2
Please check the water system because of possible water main break close to the town centre. Please arrange an inspection.,water_supply,english,NYC311_seed_controlled_augmentation_v2
Please arrange cleaning because of missed recycling paper near the junction. Please resolve this problem as soon as possible.,garbage,english,NYC311_seed_controlled_augmentation_v2
The area needs cleaning because of dirty sidewalk along the roadside. Residents are requesting assistance.,garbage,english,NYC311_seed_controlled_augmentation_v2
NO LIGHTING is affecting the area near the junction.,electricity,english,NYC311_seed_controlled_augmentation_v2
Electrical Wiring Defective/Exposed is affecting the area near the hospital. Please take the necessary action.,electricity,english,NYC311_seed_controlled_augmentation_v2
Residents are requesting action regarding bulk-missed recy collection on the main road. Residents are requesting assistance.,garbage,english,NYC311_seed_controlled_augmentation_v2
People in the area are affected by power outage near the junction.,electricity,english,NYC311_seed_controlled_augmentation_v2
The drainage system is affected by manhole overflow on the main road. The problem has been continuing for some time.,drainage,english,NYC311_seed_controlled_augmentation_v2
The drainage issue appears to involve sewage odor outside our building. This is causing inconvenience to the public.,drainage,english,NYC311_seed_controlled_augmentation_v2
Chemical Vapors/Gases/Odors is affecting the surrounding environment near the school. Please investigate this issue.,environment,english,NYC311_seed_controlled_augmentation_v2
There is sewer or drain along the roadside.,drainage,english,NYC311_seed_controlled_augmentation_v2
"Residents are requesting action regarding air: odor/fumes, restaurant near the junction. Please take the necessary action.",environment,english,NYC311_seed_controlled_augmentation_v2
There appears to be multiple street lights out near the junction.,electricity,english,NYC311_seed_controlled_augmentation_v2
Residents have complained about bulk-missed recy collection near the school. Please investigate this issue.,garbage,english,NYC311_seed_controlled_augmentation_v2
"Please investigate unsafe chemical, abandoned close to the bus stop.",environment,english,NYC311_seed_controlled_augmentation_v2
Please resolve the drainage issue involving catch basin clogged/flooding close to the bus stop.,drainage,english,NYC311_seed_controlled_augmentation_v2
Ventilation is affecting the surrounding environment near the school.,environment,english,NYC311_seed_controlled_augmentation_v2
The water service is affected by no water near the school. Please investigate this issue.,water_supply,english,NYC311_seed_controlled_augmentation_v2
Wear & Tear is causing difficulties for vehicles in our neighbourhood. This is causing inconvenience to the public.,roads,english,NYC311_seed_controlled_augmentation_v2
"There is rough, pitted or cracked roads close to the town centre. The problem has been continuing for some time.",roads,english,NYC311_seed_controlled_augmentation_v2
Our area is facing leak near the school. The problem has been continuing for some time.,water_supply,english,NYC311_seed_controlled_augmentation_v2
There appears to be wiring on the main road. This is causing inconvenience to the public.,electricity,english,NYC311_seed_controlled_augmentation_v2
We are experiencing an electrical problem involving multiple street lights out near our house. Please investigate this issue.,electricity,english,NYC311_seed_controlled_augmentation_v2
People nearby have complained about large number of mosquitoes along the roadside. Please take the necessary action.,environment,english,NYC311_seed_controlled_augmentation_v2
This environmental problem involves air: other air problem near the public market.,environment,english,NYC311_seed_controlled_augmentation_v2
Lamppost Wire Exposed is affecting the area near the junction.,electricity,english,NYC311_seed_controlled_augmentation_v2
This environmental problem involves chemical vapors/gases/odors near the public market. The problem has been continuing for some time.,environment,english,NYC311_seed_controlled_augmentation_v2
Please inspect the drain because of rain garden flooding close to the town centre.,drainage,english,NYC311_seed_controlled_augmentation_v2
"The area is affected by air: smoke, vehicular near our house. Please send the responsible team to inspect the area.",environment,english,NYC311_seed_controlled_augmentation_v2
The electrical system needs attention because of electrical wiring defective/exposed along the roadside. This is causing inconvenience to the public.,electricity,english,NYC311_seed_controlled_augmentation_v2
There is pothole - highway on the main road.,roads,english,NYC311_seed_controlled_augmentation_v2
The area needs cleaning because of loose rubbish near the public market.,garbage,english,NYC311_seed_controlled_augmentation_v2
Residents have reported outlet/switch near the public market.,electricity,english,NYC311_seed_controlled_augmentation_v2
Residents have reported lamppost knocked down near the junction. The problem has been continuing for some time.,electricity,english,NYC311_seed_controlled_augmentation_v2
The electrical system needs attention because of lamppost wire exposed near our house.,electricity,english,NYC311_seed_controlled_augmentation_v2
Broken Curb is causing difficulties for vehicles close to the town centre. Please resolve this problem as soon as possible.,roads,english,NYC311_seed_controlled_augmentation_v2
We need assistance with sewage odor near the junction. Residents are requesting assistance.,drainage,english,NYC311_seed_controlled_augmentation_v2
The drain is causing problems because of street flooding near the junction. Please take the necessary action.,drainage,english,NYC311_seed_controlled_augmentation_v2
The road needs attention because of wear & tear close to the bus stop.,roads,english,NYC311_seed_controlled_augmentation_v2
Residents have reported slow leak in our neighbourhood.,water_supply,english,NYC311_seed_controlled_augmentation_v2
The area is affected by asbestos complaint outside our building.,environment,english,NYC311_seed_controlled_augmentation_v2
Please arrange cleaning because of bulk-missed recy collection outside our building.,garbage,english,NYC311_seed_controlled_augmentation_v2
Catch Basin Clogged/Flooding is causing drainage problems near the school. Please investigate this issue.,drainage,english,NYC311_seed_controlled_augmentation_v2
"Please investigate air: smoke, chimney or vent in the residential area.",environment,english,NYC311_seed_controlled_augmentation_v2
"The water service is affected by cloudy or milky, other in the residential area.",water_supply,english,NYC311_seed_controlled_augmentation_v2
The electrical system needs attention because of power outage close to the town centre. Please investigate this issue.,electricity,english,NYC311_seed_controlled_augmentation_v2
We have noticed large number of mosquitoes outside our building. This issue needs urgent attention.,environment,english,NYC311_seed_controlled_augmentation_v2
We would like to report broken curb near the hospital. Please investigate this issue.,roads,english,NYC311_seed_controlled_augmentation_v2
Residents are requesting action regarding air: other air problem in the residential area.,environment,english,NYC311_seed_controlled_augmentation_v2
"There is an environmental issue involving oil spill on street, large in the residential area. The problem has been continuing for some time.",environment,english,NYC311_seed_controlled_augmentation_v2
We are experiencing leak near the hospital.,water_supply,english,NYC311_seed_controlled_augmentation_v2
There appears to be slow leak along the roadside.,water_supply,english,NYC311_seed_controlled_augmentation_v2
Wastewater problems have occurred due to street flooding in our neighbourhood.,drainage,english,NYC311_seed_controlled_augmentation_v2
Garbage collection is affected by improper disposal on the main road. Please arrange an inspection.,garbage,english,NYC311_seed_controlled_augmentation_v2
There is wiring on the main road.,electricity,english,NYC311_seed_controlled_augmentation_v2
Our area is facing hydrant leaking along the roadside.,water_supply,english,NYC311_seed_controlled_augmentation_v2
The water service is affected by unknown odor/taste in drinking water near the public market. We would appreciate assistance with this problem.,water_supply,english,NYC311_seed_controlled_augmentation_v2
There is sewer or drain near the hospital. Please resolve this problem as soon as possible.,drainage,english,NYC311_seed_controlled_augmentation_v2
Please address receptacle violation close to the bus stop.,garbage,english,NYC311_seed_controlled_augmentation_v2
This environmental problem involves chemical vapors/gases/odors close to the bus stop. Please resolve this problem as soon as possible.,environment,english,NYC311_seed_controlled_augmentation_v2
There is cave-in outside our building.,roads,english,NYC311_seed_controlled_augmentation_v2
Residents have reported leak along the roadside. We would appreciate assistance with this problem.,water_supply,english,NYC311_seed_controlled_augmentation_v2
The area needs cleaning because of street cond/dump-out/drop-off along the roadside.,garbage,english,NYC311_seed_controlled_augmentation_v2
The road needs attention because of cave-in in our neighbourhood. We would appreciate assistance with this problem.,roads,english,NYC311_seed_controlled_augmentation_v2
"Residents are concerned about air: smoke, vehicular in the residential area.",environment,english,NYC311_seed_controlled_augmentation_v2
People in the area are affected by electrical wiring defective/exposed in our neighbourhood. Please investigate this issue.,electricity,english,NYC311_seed_controlled_augmentation_v2
The drainage system is affected by sewer backup near the public market. Please arrange an inspection.,drainage,english,NYC311_seed_controlled_augmentation_v2
Sewage Leak is causing drainage problems close to the bus stop.,drainage,english,NYC311_seed_controlled_augmentation_v2
Waste has become a problem due to dirty sidewalk along the roadside. Please resolve this problem as soon as possible.,garbage,english,NYC311_seed_controlled_augmentation_v2
Please inspect the electrical issue involving lamppost wire exposed near the junction. The problem has been continuing for some time.,electricity,english,NYC311_seed_controlled_augmentation_v2
The drainage issue appears to involve manhole overflow near our house. This issue needs urgent attention.,drainage,english,NYC311_seed_controlled_augmentation_v2
There is sewage leak near the hospital.,drainage,english,NYC311_seed_controlled_augmentation_v2
The road needs attention because of wear & tear in our neighbourhood.,roads,english,NYC311_seed_controlled_augmentation_v2
The drain is causing problems because of sewage leak in the residential area. This is causing inconvenience to the public.,drainage,english,NYC311_seed_controlled_augmentation_v2
RAIN GARDEN FLOODING is causing drainage problems near the public market. Please take the necessary action.,drainage,english,NYC311_seed_controlled_augmentation_v2
OUTLET/SWITCH is affecting the area in our neighbourhood. The problem has been continuing for some time.,electricity,english,NYC311_seed_controlled_augmentation_v2
The drain is causing problems because of sewage leak near the hospital. Residents are requesting assistance.,drainage,english,NYC311_seed_controlled_augmentation_v2
The road has wear & tear on the main road. This is causing inconvenience to the public.,roads,english,NYC311_seed_controlled_augmentation_v2
Residents are requesting action regarding bulk-missed collection near our house.,garbage,english,NYC311_seed_controlled_augmentation_v2
The road has pothole - highway on the main road. Please arrange an inspection.,roads,english,NYC311_seed_controlled_augmentation_v2
"We have noticed unsafe chemical, storage near the public market. Please send the responsible team to inspect the area.",environment,english,NYC311_seed_controlled_augmentation_v2
Please send a technician because of lamppost wire exposed in the residential area. Please send the responsible team to inspect the area.,electricity,english,NYC311_seed_controlled_augmentation_v2
Waste has become a problem due to receptacle violation near our house. Please arrange an inspection.,garbage,english,NYC311_seed_controlled_augmentation_v2
Vehicles are being affected by defective hardware close to the bus stop.,roads,english,NYC311_seed_controlled_augmentation_v2
There is curb defect-metal protruding outside our building. Please investigate this issue.,roads,english,NYC311_seed_controlled_augmentation_v2
Waste has become a problem due to loose rubbish near our house.,garbage,english,NYC311_seed_controlled_augmentation_v2
Please inspect the electrical issue involving street light lamp dim near the hospital.,electricity,english,NYC311_seed_controlled_augmentation_v2
The drainage system is affected by ponding near the public market. Please send the responsible team to inspect the area.,drainage,english,NYC311_seed_controlled_augmentation_v2
There appears to be heavy flow on the main road. Residents are requesting assistance.,water_supply,english,NYC311_seed_controlled_augmentation_v2
We need assistance with manhole overflow near the hospital. Please resolve this problem as soon as possible.,drainage,english,NYC311_seed_controlled_augmentation_v2
We need assistance with ponding in the residential area. Please send the responsible team to inspect the area.,drainage,english,NYC311_seed_controlled_augmentation_v2
"We have noticed oil spill on street, large outside our building.",environment,english,NYC311_seed_controlled_augmentation_v2
Residents are concerned about failed street repair in our neighbourhood. Please arrange an inspection.,roads,english,NYC311_seed_controlled_augmentation_v2
Waste has become a problem due to bulk-missed collection near the school. This is causing inconvenience to the public.,garbage,english,NYC311_seed_controlled_augmentation_v2
The area needs cleaning because of improper disposal on the main road.,garbage,english,NYC311_seed_controlled_augmentation_v2
"There is a water supply issue involving taste/odor, bitter/metallic close to the bus stop.",water_supply,english,NYC311_seed_controlled_augmentation_v2
Wastewater problems have occurred due to rain garden flooding near the hospital. This is causing inconvenience to the public.,drainage,english,NYC311_seed_controlled_augmentation_v2
Waste has become a problem due to bulk-missed recy collection near the public market. This issue needs urgent attention.,garbage,english,NYC311_seed_controlled_augmentation_v2
The drainage system is affected by sewage odor on the main road. Please take the necessary action.,drainage,english,NYC311_seed_controlled_augmentation_v2
There is cave-in close to the bus stop.,roads,english,NYC311_seed_controlled_augmentation_v2
Please address receptacle violation outside our building. This issue needs urgent attention.,garbage,english,NYC311_seed_controlled_augmentation_v2
Residents have complained about improper disposal near our house.,garbage,english,NYC311_seed_controlled_augmentation_v2
Please investigate ventilation in the residential area.,environment,english,NYC311_seed_controlled_augmentation_v2
There is a waste management problem involving receptacle violation in the residential area.,garbage,english,NYC311_seed_controlled_augmentation_v2
SLOW LEAK is affecting the local water supply near the junction. We would appreciate assistance with this problem.,water_supply,english,NYC311_seed_controlled_augmentation_v2
Residents are concerned about failed street repair on the main road.,roads,english,NYC311_seed_controlled_augmentation_v2
Residents are requesting action regarding missed collection in the residential area.,garbage,english,NYC311_seed_controlled_augmentation_v2
The area is affected by asbestos complaint in our neighbourhood. We would appreciate assistance with this problem.,environment,english,NYC311_seed_controlled_augmentation_v2
Vehicles are being affected by broken curb in the residential area.,roads,english,NYC311_seed_controlled_augmentation_v2
"We have noticed air: smoke, vehicular close to the town centre.",environment,english,NYC311_seed_controlled_augmentation_v2
Residents are requesting action regarding missed recycling-all materials near the school.,garbage,english,NYC311_seed_controlled_augmentation_v2
We need assistance with ponding near the school. Please send the responsible team to inspect the area.,drainage,english,NYC311_seed_controlled_augmentation_v2
Street Flooding is causing drainage problems near the hospital. Please take the necessary action.,drainage,english,NYC311_seed_controlled_augmentation_v2
There appears to be lighting near the junction. Residents are requesting assistance.,electricity,english,NYC311_seed_controlled_augmentation_v2
We need assistance with rain garden flooding on the main road. This issue needs urgent attention.,drainage,english,NYC311_seed_controlled_augmentation_v2
Missed Recycling Paper is creating an unsanitary condition close to the bus stop. The problem has been continuing for some time.,garbage,english,NYC311_seed_controlled_augmentation_v2
"The road surface is damaged due to rough, pitted or cracked roads in the residential area. Please resolve this problem as soon as possible.",roads,english,NYC311_seed_controlled_augmentation_v2
Please investigate the water problem caused by unknown odor/taste in drinking water in the residential area. Please send the responsible team to inspect the area.,water_supply,english,NYC311_seed_controlled_augmentation_v2
"People in the area are experiencing cloudy or milky, other on the main road. The problem has been continuing for some time.",water_supply,english,NYC311_seed_controlled_augmentation_v2
Please check the water system because of possible water main break near our house.,water_supply,english,NYC311_seed_controlled_augmentation_v2
People in the area are affected by street light lamp dim near the hospital.,electricity,english,NYC311_seed_controlled_augmentation_v2
There is defective hardware close to the bus stop.,roads,english,NYC311_seed_controlled_augmentation_v2
"Please investigate air: dust, construction/demolition outside our building.",environment,english,NYC311_seed_controlled_augmentation_v2
Dirty Water is affecting the local water supply near the junction. This issue needs urgent attention.,water_supply,english,NYC311_seed_controlled_augmentation_v2
The electrical system needs attention because of no lighting on the main road. Please resolve this problem as soon as possible.,electricity,english,NYC311_seed_controlled_augmentation_v2
Residents are requesting action regarding chemical vapors/gases/odors outside our building.,environment,english,NYC311_seed_controlled_augmentation_v2
Our area is facing slow leak near the public market. This is causing inconvenience to the public.,water_supply,english,NYC311_seed_controlled_augmentation_v2
Our area is facing leak near the public market.,water_supply,english,NYC311_seed_controlled_augmentation_v2
Drivers are facing problems because of pothole on the main road.,roads,english,NYC311_seed_controlled_augmentation_v2
"Residents are requesting action regarding oil spill on street, large in the residential area.",environment,english,NYC311_seed_controlled_augmentation_v2
Residents have reported dirty water close to the town centre.,water_supply,english,NYC311_seed_controlled_augmentation_v2
Please check the water system because of possible water main break outside our building.,water_supply,english,NYC311_seed_controlled_augmentation_v2
There is lamppost knocked down in our neighbourhood. This is causing inconvenience to the public.,electricity,english,NYC311_seed_controlled_augmentation_v2
Please address missed recycling-all materials near the school.,garbage,english,NYC311_seed_controlled_augmentation_v2
Please arrange cleaning because of loose rubbish close to the bus stop.,garbage,english,NYC311_seed_controlled_augmentation_v2
The electrical system needs attention because of no lighting close to the town centre. Please arrange an inspection.,electricity,english,NYC311_seed_controlled_augmentation_v2
There is an environmental issue involving large number of mosquitoes in the residential area.,environment,english,NYC311_seed_controlled_augmentation_v2
"We are experiencing taste/odor, bitter/metallic on the main road. Please send the responsible team to inspect the area.",water_supply,english,NYC311_seed_controlled_augmentation_v2
The area needs cleaning because of missed recycling - m/g/pl close to the bus stop.,garbage,english,NYC311_seed_controlled_augmentation_v2
Please check the water system because of slow leak outside our building. Please send the responsible team to inspect the area.,water_supply,english,NYC311_seed_controlled_augmentation_v2
The water service is affected by low water pressure close to the town centre.,water_supply,english,NYC311_seed_controlled_augmentation_v2
The electrical system needs attention because of lamppost knocked down along the roadside. Residents are requesting assistance.,electricity,english,NYC311_seed_controlled_augmentation_v2
Residents are reporting catch basin clogged/flooding near the public market. Please take the necessary action.,drainage,english,NYC311_seed_controlled_augmentation_v2
"There is an environmental issue involving unsafe chemical, storage close to the town centre. The problem has been continuing for some time.",environment,english,NYC311_seed_controlled_augmentation_v2
Please inspect the environmental issue involving air: other air problem on the main road. Please take the necessary action.,environment,english,NYC311_seed_controlled_augmentation_v2
Garbage collection is affected by improper disposal near the public market.,garbage,english,NYC311_seed_controlled_augmentation_v2
Please check the water system because of hydrant leaking outside our building. Please take the necessary action.,water_supply,english,NYC311_seed_controlled_augmentation_v2
There appears to be multiple street lights out outside our building. Please investigate this issue.,electricity,english,NYC311_seed_controlled_augmentation_v2
The area needs cleaning because of bulk-missed collection near the school. Residents are requesting assistance.,garbage,english,NYC311_seed_controlled_augmentation_v2
Please resolve the drainage issue involving ponding near the public market.,drainage,english,NYC311_seed_controlled_augmentation_v2
Please repair broken curb near the junction. This is causing inconvenience to the public.,roads,english,NYC311_seed_controlled_augmentation_v2
There is rain garden flooding close to the town centre. The problem has been continuing for some time.,drainage,english,NYC311_seed_controlled_augmentation_v2
Residents are reporting sewage leak in the residential area. We would appreciate assistance with this problem.,drainage,english,NYC311_seed_controlled_augmentation_v2
Please inspect the electrical issue involving wiring close to the bus stop.,electricity,english,NYC311_seed_controlled_augmentation_v2
Residents are concerned about chemical odor near the school. This is causing inconvenience to the public.,environment,english,NYC311_seed_controlled_augmentation_v2
RAIN GARDEN FLOODING is causing drainage problems close to the town centre.,drainage,english,NYC311_seed_controlled_augmentation_v2
We need assistance with sewer backup near the school.,drainage,english,NYC311_seed_controlled_augmentation_v2
Please repair wear & tear near the hospital. Residents are requesting assistance.,roads,english,NYC311_seed_controlled_augmentation_v2
Please send a technician because of street light out near the public market. This is causing inconvenience to the public.,electricity,english,NYC311_seed_controlled_augmentation_v2
Please resolve the drainage issue involving street flooding near the junction.,drainage,english,NYC311_seed_controlled_augmentation_v2
Residents are concerned about defective hardware along the roadside.,roads,english,NYC311_seed_controlled_augmentation_v2
Residents are concerned about defective hardware near the hospital. Please arrange an inspection.,roads,english,NYC311_seed_controlled_augmentation_v2
There appears to be leak along the roadside. Please take the necessary action.,water_supply,english,NYC311_seed_controlled_augmentation_v2
Please arrange cleaning because of loose rubbish near our house. Please resolve this problem as soon as possible.,garbage,english,NYC311_seed_controlled_augmentation_v2
The drainage system is affected by sewer or drain in our neighbourhood. The problem has been continuing for some time.,drainage,english,NYC311_seed_controlled_augmentation_v2
We need assistance with street flooding close to the town centre. Please resolve this problem as soon as possible.,drainage,english,NYC311_seed_controlled_augmentation_v2
We are experiencing an electrical problem involving no lighting close to the bus stop.,electricity,english,NYC311_seed_controlled_augmentation_v2
There is an environmental issue involving ventilation on the main road. We would appreciate assistance with this problem.,environment,english,NYC311_seed_controlled_augmentation_v2
Please check the water system because of low water pressure near the hospital. Please send the responsible team to inspect the area.,water_supply,english,NYC311_seed_controlled_augmentation_v2
Please inspect the drain because of sewage leak along the roadside.,drainage,english,NYC311_seed_controlled_augmentation_v2
The road has curb defect-metal protruding close to the town centre.,roads,english,NYC311_seed_controlled_augmentation_v2
"Please check the water system because of taste/odor, bitter/metallic in our neighbourhood. Please investigate this issue.",water_supply,english,NYC311_seed_controlled_augmentation_v2
Please check the water system because of possible water main break close to the bus stop. Please investigate this issue.,water_supply,english,NYC311_seed_controlled_augmentation_v2
The area needs cleaning because of bulk-missed recy collection on the main road. We would appreciate assistance with this problem.,garbage,english,NYC311_seed_controlled_augmentation_v2
Residents have reported damp spot close to the town centre. Residents are requesting assistance.,water_supply,english,NYC311_seed_controlled_augmentation_v2
People in the area are experiencing damp spot in our neighbourhood. Residents are requesting assistance.,water_supply,english,NYC311_seed_controlled_augmentation_v2
"The road surface is damaged due to rough, pitted or cracked roads close to the town centre.",roads,english,NYC311_seed_controlled_augmentation_v2
"Residents are requesting action regarding unsafe chemical, abandoned near our house. This issue needs urgent attention.",environment,english,NYC311_seed_controlled_augmentation_v2
The electricity service has a problem with lamppost wire exposed near the junction.,electricity,english,NYC311_seed_controlled_augmentation_v2
"People nearby have complained about oil spill on street, large near the junction. Please take the necessary action.",environment,english,NYC311_seed_controlled_augmentation_v2
Please check the water system because of slow leak near our house.,water_supply,english,NYC311_seed_controlled_augmentation_v2
We need assistance with rain garden flooding on the main road.,drainage,english,NYC311_seed_controlled_augmentation_v2
Residents have reported possible water main break near the public market.,water_supply,english,NYC311_seed_controlled_augmentation_v2
Street Light Lamp Dim is affecting the area near our house.,electricity,english,NYC311_seed_controlled_augmentation_v2
"People in the area are experiencing taste/odor, chlorine in our neighbourhood. Please take the necessary action.",water_supply,english,NYC311_seed_controlled_augmentation_v2
The drainage issue appears to involve culvert blocked/needs cleaning in our neighbourhood.,drainage,english,NYC311_seed_controlled_augmentation_v2
Please repair pothole - highway along the roadside. The problem has been continuing for some time.,roads,english,NYC311_seed_controlled_augmentation_v2
There is wear & tear outside our building. This is causing inconvenience to the public.,roads,english,NYC311_seed_controlled_augmentation_v2
There is an environmental issue involving chemical vapors/gases/odors near the school. Residents are requesting assistance.,environment,english,NYC311_seed_controlled_augmentation_v2
Vehicles are being affected by failed street repair outside our building. This issue needs urgent attention.,roads,english,NYC311_seed_controlled_augmentation_v2
Garbage collection is affected by dirty sidewalk near the hospital. Please arrange an inspection.,garbage,english,NYC311_seed_controlled_augmentation_v2
Waste has become a problem due to bulk-missed recy collection on the main road.,garbage,english,NYC311_seed_controlled_augmentation_v2
"This environmental problem involves air: dust, other outside our building. This is causing inconvenience to the public.",environment,english,NYC311_seed_controlled_augmentation_v2
Dirty Water is affecting the local water supply close to the town centre.,water_supply,english,NYC311_seed_controlled_augmentation_v2
Residents have reported street light out outside our building. Please investigate this issue.,electricity,english,NYC311_seed_controlled_augmentation_v2
Street Light Out is affecting the area along the roadside.,electricity,english,NYC311_seed_controlled_augmentation_v2
Curb Defect-Metal Protruding is causing difficulties for vehicles near the public market. Please investigate this issue.,roads,english,NYC311_seed_controlled_augmentation_v2
Residents are reporting sewage odor in our neighbourhood. We would appreciate assistance with this problem.,drainage,english,NYC311_seed_controlled_augmentation_v2
We need assistance with sewage odor near our house.,drainage,english,NYC311_seed_controlled_augmentation_v2
People in the area are affected by electrical wiring defective/exposed in our neighbourhood.,electricity,english,NYC311_seed_controlled_augmentation_v2
We have noticed air: other air problem in our neighbourhood.,environment,english,NYC311_seed_controlled_augmentation_v2
"People nearby have complained about air: dust, construction/demolition outside our building. The problem has been continuing for some time.",environment,english,NYC311_seed_controlled_augmentation_v2
Please inspect the electrical issue involving street light out in our neighbourhood. Please resolve this problem as soon as possible.,electricity,english,NYC311_seed_controlled_augmentation_v2
"The area is affected by air: dust, other near the school.",environment,english,NYC311_seed_controlled_augmentation_v2
"This environmental problem involves unsafe chemical, abandoned near the junction. We would appreciate assistance with this problem.",environment,english,NYC311_seed_controlled_augmentation_v2
"People nearby have complained about air: smoke, vehicular near the public market. Please investigate this issue.",environment,english,NYC311_seed_controlled_augmentation_v2
We are experiencing an electrical problem involving power outage outside our building.,electricity,english,NYC311_seed_controlled_augmentation_v2
There appears to be outlet/switch along the roadside. Please take the necessary action.,electricity,english,NYC311_seed_controlled_augmentation_v2
Please inspect the drain because of sewage leak in the residential area. Please send the responsible team to inspect the area.,drainage,english,NYC311_seed_controlled_augmentation_v2
Our area is facing damp spot near the school. Residents are requesting assistance.,water_supply,english,NYC311_seed_controlled_augmentation_v2
"Please investigate unsafe chemical, abandoned close to the town centre.",environment,english,NYC311_seed_controlled_augmentation_v2
"There appears to be taste/odor, bitter/metallic near the public market. Residents are requesting assistance.",water_supply,english,NYC311_seed_controlled_augmentation_v2
Vehicles are being affected by curb defect-metal protruding near the public market. We would appreciate assistance with this problem.,roads,english,NYC311_seed_controlled_augmentation_v2
HEAVY FLOW is affecting the local water supply close to the town centre. Please investigate this issue.,water_supply,english,NYC311_seed_controlled_augmentation_v2
"Please investigate the water problem caused by taste/odor, bitter/metallic near the hospital. This issue needs urgent attention.",water_supply,english,NYC311_seed_controlled_augmentation_v2
Wastewater problems have occurred due to manhole overflow near the public market.,drainage,english,NYC311_seed_controlled_augmentation_v2
The drainage system is affected by manhole overflow in the residential area.,drainage,english,NYC311_seed_controlled_augmentation_v2
Please investigate asbestos complaint along the roadside. This issue needs urgent attention.,environment,english,NYC311_seed_controlled_augmentation_v2
Please repair pothole on the main road.,roads,english,NYC311_seed_controlled_augmentation_v2
Please address bulk-missed collection in the residential area. Residents are requesting assistance.,garbage,english,NYC311_seed_controlled_augmentation_v2
We are experiencing leak near our house.,water_supply,english,NYC311_seed_controlled_augmentation_v2
We are experiencing an electrical problem involving power outage on the main road. This issue needs urgent attention.,electricity,english,NYC311_seed_controlled_augmentation_v2
"Residents have reported cloudy or milky, other along the roadside.",water_supply,english,NYC311_seed_controlled_augmentation_v2
There is bulk-missed recy collection on the main road.,garbage,english,NYC311_seed_controlled_augmentation_v2
Please arrange cleaning because of missed recycling paper outside our building.,garbage,english,NYC311_seed_controlled_augmentation_v2
We are experiencing an electrical problem involving street light lamp dim near the junction. Please investigate this issue.,electricity,english,NYC311_seed_controlled_augmentation_v2
There appears to be wiring near the school. Please resolve this problem as soon as possible.,electricity,english,NYC311_seed_controlled_augmentation_v2
Our area is facing dirty water near the hospital. Please arrange an inspection.,water_supply,english,NYC311_seed_controlled_augmentation_v2
People in the area are affected by lamppost wire exposed in our neighbourhood. This issue needs urgent attention.,electricity,english,NYC311_seed_controlled_augmentation_v2
Residents are concerned about curb defect-metal protruding near the hospital. Residents are requesting assistance.,roads,english,NYC311_seed_controlled_augmentation_v2
"Drivers are facing problems because of rough, pitted or cracked roads near the public market. This issue needs urgent attention.",roads,english,NYC311_seed_controlled_augmentation_v2
"Please check the water system because of taste/odor, bitter/metallic near our house.",water_supply,english,NYC311_seed_controlled_augmentation_v2
There is street light out close to the bus stop. The problem has been continuing for some time.,electricity,english,NYC311_seed_controlled_augmentation_v2
Hydrant Leaking is affecting the local water supply along the roadside. This is causing inconvenience to the public.,water_supply,english,NYC311_seed_controlled_augmentation_v2
People in the area are affected by lighting near the public market. We would appreciate assistance with this problem.,electricity,english,NYC311_seed_controlled_augmentation_v2
Please inspect the drain because of sewage leak near the junction.,drainage,english,NYC311_seed_controlled_augmentation_v2
The electricity service has a problem with wiring close to the town centre.,electricity,english,NYC311_seed_controlled_augmentation_v2
Residents are requesting action regarding bulk-missed collection outside our building. The problem has been continuing for some time.,garbage,english,NYC311_seed_controlled_augmentation_v2
We need assistance with sewer or drain near the junction.,drainage,english,NYC311_seed_controlled_augmentation_v2
"Residents are concerned about air: dust, construction/demolition near the hospital. Please arrange an inspection.",environment,english,NYC311_seed_controlled_augmentation_v2
"We are experiencing taste/odor, chlorine close to the town centre. This issue needs urgent attention.",water_supply,english,NYC311_seed_controlled_augmentation_v2
There appears to be wiring in our neighbourhood.,electricity,english,NYC311_seed_controlled_augmentation_v2
We are experiencing unknown odor/taste in drinking water outside our building. Please resolve this problem as soon as possible.,water_supply,english,NYC311_seed_controlled_augmentation_v2
There is a water supply issue involving unknown odor/taste in drinking water near our house.,water_supply,english,NYC311_seed_controlled_augmentation_v2
"Residents are requesting action regarding air: odor/fumes, restaurant near the hospital.",environment,english,NYC311_seed_controlled_augmentation_v2
There is a waste management problem involving bulk-missed recy collection near the junction.,garbage,english,NYC311_seed_controlled_augmentation_v2
Vehicles are being affected by broken curb close to the bus stop. Please resolve this problem as soon as possible.,roads,english,NYC311_seed_controlled_augmentation_v2
Cave-in is causing difficulties for vehicles near our house. Residents are requesting assistance.,roads,english,NYC311_seed_controlled_augmentation_v2
Residents have reported street light out close to the town centre. We would appreciate assistance with this problem.,electricity,english,NYC311_seed_controlled_augmentation_v2
There is sewage leak close to the town centre. Please send the responsible team to inspect the area.,drainage,english,NYC311_seed_controlled_augmentation_v2
There is curb defect-metal protruding along the roadside. Please investigate this issue.,roads,english,NYC311_seed_controlled_augmentation_v2
There appears to be slow leak near the school. Please investigate this issue.,water_supply,english,NYC311_seed_controlled_augmentation_v2
The drain is causing problems because of catch basin clogged/flooding near the junction.,drainage,english,NYC311_seed_controlled_augmentation_v2
Please investigate chemical vapors/gases/odors near our house. Please investigate this issue.,environment,english,NYC311_seed_controlled_augmentation_v2
There is multiple street lights out near our house.,electricity,english,NYC311_seed_controlled_augmentation_v2
Please inspect the drain because of rain garden flooding close to the bus stop. Residents are requesting assistance.,drainage,english,NYC311_seed_controlled_augmentation_v2
Please inspect the electrical issue involving lamppost knocked down on the main road. Please investigate this issue.,electricity,english,NYC311_seed_controlled_augmentation_v2
There is culvert blocked/needs cleaning along the roadside.,drainage,english,NYC311_seed_controlled_augmentation_v2
The electricity service has a problem with no lighting near the school.,electricity,english,NYC311_seed_controlled_augmentation_v2
Please send a technician because of lamppost wire exposed near the junction. Please resolve this problem as soon as possible.,electricity,english,NYC311_seed_controlled_augmentation_v2
The water service is affected by heavy flow near our house. This issue needs urgent attention.,water_supply,english,NYC311_seed_controlled_augmentation_v2
"There is a water supply issue involving cloudy or milky, other near the public market. Please send the responsible team to inspect the area.",water_supply,english,NYC311_seed_controlled_augmentation_v2
"We have noticed air: odor/fumes, restaurant along the roadside. The problem has been continuing for some time.",environment,english,NYC311_seed_controlled_augmentation_v2
"There appears to be taste/odor, bitter/metallic in the residential area. The problem has been continuing for some time.",water_supply,english,NYC311_seed_controlled_augmentation_v2
Please investigate air: other air problem near our house. Please arrange an inspection.,environment,english,NYC311_seed_controlled_augmentation_v2
Please resolve the drainage issue involving catch basin clogged/flooding near the school. This is causing inconvenience to the public.,drainage,english,NYC311_seed_controlled_augmentation_v2
The area needs cleaning because of missed recycling paper on the main road. This is causing inconvenience to the public.,garbage,english,NYC311_seed_controlled_augmentation_v2
Residents are concerned about failed street repair along the roadside. This issue needs urgent attention.,roads,english,NYC311_seed_controlled_augmentation_v2
People in the area are affected by power outage in our neighbourhood. Please take the necessary action.,electricity,english,NYC311_seed_controlled_augmentation_v2
Please arrange cleaning because of missed recycling paper near the school.,garbage,english,NYC311_seed_controlled_augmentation_v2
We are experiencing leak near our house. We would appreciate assistance with this problem.,water_supply,english,NYC311_seed_controlled_augmentation_v2
Garbage collection is affected by receptacle violation close to the town centre. Please resolve this problem as soon as possible.,garbage,english,NYC311_seed_controlled_augmentation_v2
"We have noticed air: smoke, vehicular near our house. Please resolve this problem as soon as possible.",environment,english,NYC311_seed_controlled_augmentation_v2
Please check the water system because of hydrant leaking along the roadside.,water_supply,english,NYC311_seed_controlled_augmentation_v2
There appears to be low water pressure near our house. This issue needs urgent attention.,water_supply,english,NYC311_seed_controlled_augmentation_v2
Please inspect the electrical issue involving lamppost knocked down near the junction. The problem has been continuing for some time.,electricity,english,NYC311_seed_controlled_augmentation_v2
Please repair pothole near the hospital. This is causing inconvenience to the public.,roads,english,NYC311_seed_controlled_augmentation_v2
There appears to be no water in the residential area. Please investigate this issue.,water_supply,english,NYC311_seed_controlled_augmentation_v2
"The road needs attention because of rough, pitted or cracked roads along the roadside. Please investigate this issue.",roads,english,NYC311_seed_controlled_augmentation_v2
There is broken curb near the public market.,roads,english,NYC311_seed_controlled_augmentation_v2
Residents have reported leak near the hospital. Please investigate this issue.,water_supply,english,NYC311_seed_controlled_augmentation_v2
"People nearby have complained about air: smoke, chimney or vent in our neighbourhood. Please resolve this problem as soon as possible.",environment,english,NYC311_seed_controlled_augmentation_v2
There is pothole near the school.,roads,english,NYC311_seed_controlled_augmentation_v2
Garbage collection is affected by receptacle violation near the school.,garbage,english,NYC311_seed_controlled_augmentation_v2
Waste has become a problem due to street cond/dump-out/drop-off on the main road. Please take the necessary action.,garbage,english,NYC311_seed_controlled_augmentation_v2
We need assistance with manhole overflow along the roadside.,drainage,english,NYC311_seed_controlled_augmentation_v2
The electricity service has a problem with lighting in our neighbourhood. Please send the responsible team to inspect the area.,electricity,english,NYC311_seed_controlled_augmentation_v2
Please resolve the drainage issue involving sewage odor near the hospital.,drainage,english,NYC311_seed_controlled_augmentation_v2
There is a waste management problem involving improper disposal near the junction. Please take the necessary action.,garbage,english,NYC311_seed_controlled_augmentation_v2
Please check the water system because of leak on the main road. Please investigate this issue.,water_supply,english,NYC311_seed_controlled_augmentation_v2
People nearby have complained about large number of mosquitoes outside our building.,environment,english,NYC311_seed_controlled_augmentation_v2
"We have noticed air: dust, other in our neighbourhood. Please take the necessary action.",environment,english,NYC311_seed_controlled_augmentation_v2
There is a waste management problem involving bulk-missed collection along the roadside. Residents are requesting assistance.,garbage,english,NYC311_seed_controlled_augmentation_v2
There is a water supply issue involving dirty water near the public market.,water_supply,english,NYC311_seed_controlled_augmentation_v2
Please inspect the environmental issue involving chemical odor close to the town centre.,environment,english,NYC311_seed_controlled_augmentation_v2
The area needs cleaning because of bulk-missed collection outside our building. This is causing inconvenience to the public.,garbage,english,NYC311_seed_controlled_augmentation_v2
We are experiencing an electrical problem involving power outage on the main road.,electricity,english,NYC311_seed_controlled_augmentation_v2
The road needs attention because of failed street repair along the roadside. Please arrange an inspection.,roads,english,NYC311_seed_controlled_augmentation_v2
"Drivers are facing problems because of rough, pitted or cracked roads close to the bus stop.",roads,english,NYC311_seed_controlled_augmentation_v2
Sewage Odor is causing drainage problems close to the town centre. We would appreciate assistance with this problem.,drainage,english,NYC311_seed_controlled_augmentation_v2
People in the area are affected by wiring near the school. We would appreciate assistance with this problem.,electricity,english,NYC311_seed_controlled_augmentation_v2
Chemical Odor is affecting the surrounding environment in our neighbourhood.,environment,english,NYC311_seed_controlled_augmentation_v2
The electricity service has a problem with multiple street lights out near the school. This issue needs urgent attention.,electricity,english,NYC311_seed_controlled_augmentation_v2
We would like to report defective hardware near our house.,roads,english,NYC311_seed_controlled_augmentation_v2
"People in the area are experiencing taste/odor, chlorine near our house. Please take the necessary action.",water_supply,english,NYC311_seed_controlled_augmentation_v2
Please send a technician because of no lighting near our house. Please send the responsible team to inspect the area.,electricity,english,NYC311_seed_controlled_augmentation_v2
"Residents are concerned about air: odor/fumes, restaurant near the junction. The problem has been continuing for some time.",environment,english,NYC311_seed_controlled_augmentation_v2
There is manhole overflow outside our building. This is causing inconvenience to the public.,drainage,english,NYC311_seed_controlled_augmentation_v2
People in the area are affected by power outage near the school. The problem has been continuing for some time.,electricity,english,NYC311_seed_controlled_augmentation_v2
Please address missed recycling - m/g/pl near the school.,garbage,english,NYC311_seed_controlled_augmentation_v2
Please arrange cleaning because of missed recycling paper along the roadside. Please send the responsible team to inspect the area.,garbage,english,NYC311_seed_controlled_augmentation_v2
Residents are concerned about pothole along the roadside.,roads,english,NYC311_seed_controlled_augmentation_v2
We are experiencing an electrical problem involving street light out near our house. Please resolve this problem as soon as possible.,electricity,english,NYC311_seed_controlled_augmentation_v2
Residents are requesting action regarding chemical vapors/gases/odors on the main road. Please send the responsible team to inspect the area.,environment,english,NYC311_seed_controlled_augmentation_v2
There is a waste management problem involving missed recycling - m/g/pl close to the bus stop. We would appreciate assistance with this problem.,garbage,english,NYC311_seed_controlled_augmentation_v2
Vehicles are being affected by wear & tear close to the town centre. Please resolve this problem as soon as possible.,roads,english,NYC311_seed_controlled_augmentation_v2
Residents have reported power outage along the roadside. We would appreciate assistance with this problem.,electricity,english,NYC311_seed_controlled_augmentation_v2
Residents are concerned about wear & tear in our neighbourhood. This is causing inconvenience to the public.,roads,english,NYC311_seed_controlled_augmentation_v2
We have noticed chemical odor on the main road. Please take the necessary action.,environment,english,NYC311_seed_controlled_augmentation_v2
Receptacle Violation is creating an unsanitary condition close to the bus stop. Please take the necessary action.,garbage,english,NYC311_seed_controlled_augmentation_v2
The water service is affected by hydrant leaking close to the bus stop. Please resolve this problem as soon as possible.,water_supply,english,NYC311_seed_controlled_augmentation_v2
We need assistance with manhole overflow outside our building. Please resolve this problem as soon as possible.,drainage,english,NYC311_seed_controlled_augmentation_v2
"Please investigate air: dust, construction/demolition close to the town centre.",environment,english,NYC311_seed_controlled_augmentation_v2
"There is an environmental issue involving unsafe chemical, abandoned outside our building. Please arrange an inspection.",environment,english,NYC311_seed_controlled_augmentation_v2
Garbage collection is affected by loose rubbish near the hospital.,garbage,english,NYC311_seed_controlled_augmentation_v2
Please repair failed street repair in the residential area.,roads,english,NYC311_seed_controlled_augmentation_v2
"Residents are requesting action regarding air: odor/fumes, vehicle idling near our house. This issue needs urgent attention.",environment,english,NYC311_seed_controlled_augmentation_v2
Residents have reported electrical wiring defective/exposed near the school.,electricity,english,NYC311_seed_controlled_augmentation_v2
There appears to be lamppost wire exposed close to the town centre. Please send the responsible team to inspect the area.,electricity,english,NYC311_seed_controlled_augmentation_v2
"The area is affected by air: smoke, vehicular close to the town centre.",environment,english,NYC311_seed_controlled_augmentation_v2
"People nearby have complained about air: smoke, chimney or vent near the hospital. Please investigate this issue.",environment,english,NYC311_seed_controlled_augmentation_v2
The area needs cleaning because of dirty sidewalk in our neighbourhood.,garbage,english,NYC311_seed_controlled_augmentation_v2
The road surface is damaged due to broken curb near the junction. Please resolve this problem as soon as possible.,roads,english,NYC311_seed_controlled_augmentation_v2
The electricity service has a problem with outlet/switch close to the town centre. Residents are requesting assistance.,electricity,english,NYC311_seed_controlled_augmentation_v2
The road needs attention because of failed street repair near the school. Please arrange an inspection.,roads,english,NYC311_seed_controlled_augmentation_v2
Residents have complained about improper disposal on the main road.,garbage,english,NYC311_seed_controlled_augmentation_v2
Garbage collection is affected by missed recycling - m/g/pl near the public market. Please arrange an inspection.,garbage,english,NYC311_seed_controlled_augmentation_v2
The water service is affected by heavy flow close to the town centre.,water_supply,english,NYC311_seed_controlled_augmentation_v2
We have noticed chemical vapors/gases/odors close to the town centre. Please send the responsible team to inspect the area.,environment,english,NYC311_seed_controlled_augmentation_v2
The drainage system is affected by sewage odor along the roadside. We would appreciate assistance with this problem.,drainage,english,NYC311_seed_controlled_augmentation_v2
The water service is affected by hydrant leaking near the school. This issue needs urgent attention.,water_supply,english,NYC311_seed_controlled_augmentation_v2
The road has broken curb along the roadside. Please take the necessary action.,roads,english,NYC311_seed_controlled_augmentation_v2
People in the area are affected by electrical wiring defective/exposed near the public market. This is causing inconvenience to the public.,electricity,english,NYC311_seed_controlled_augmentation_v2
Missed Recycling - M/G/Pl is creating an unsanitary condition along the roadside. Residents are requesting assistance.,garbage,english,NYC311_seed_controlled_augmentation_v2
We are experiencing an electrical problem involving wiring close to the bus stop. Please send the responsible team to inspect the area.,electricity,english,NYC311_seed_controlled_augmentation_v2
The drain is causing problems because of rain garden flooding on the main road. The problem has been continuing for some time.,drainage,english,NYC311_seed_controlled_augmentation_v2
Garbage collection is affected by missed collection near the school. Please take the necessary action.,garbage,english,NYC311_seed_controlled_augmentation_v2
There is dirty area/alleyway in the residential area. Residents are requesting assistance.,garbage,english,NYC311_seed_controlled_augmentation_v2
Please investigate the water problem caused by damp spot near our house.,water_supply,english,NYC311_seed_controlled_augmentation_v2
There is a waste management problem involving missed collection near the public market. This issue needs urgent attention.,garbage,english,NYC311_seed_controlled_augmentation_v2
Residents have complained about loose rubbish near our house.,garbage,english,NYC311_seed_controlled_augmentation_v2
The drainage system is affected by street flooding close to the town centre. Please investigate this issue.,drainage,english,NYC311_seed_controlled_augmentation_v2
"We have noticed air: odor/fumes, vehicle idling outside our building. Please arrange an inspection.",environment,english,NYC311_seed_controlled_augmentation_v2
Street Light Out is affecting the area near the hospital. This issue needs urgent attention.,electricity,english,NYC311_seed_controlled_augmentation_v2
There is pothole close to the bus stop. The problem has been continuing for some time.,roads,english,NYC311_seed_controlled_augmentation_v2
Please address bulk-missed collection near the school. Residents are requesting assistance.,garbage,english,NYC311_seed_controlled_augmentation_v2
The water service is affected by possible water main break near the school.,water_supply,english,NYC311_seed_controlled_augmentation_v2
Missed Recycling-All Materials is creating an unsanitary condition outside our building. Residents are requesting assistance.,garbage,english,NYC311_seed_controlled_augmentation_v2
Residents are requesting action regarding chemical odor near the hospital. This issue needs urgent attention.,environment,english,NYC311_seed_controlled_augmentation_v2
The electricity service has a problem with lamppost knocked down close to the town centre.,electricity,english,NYC311_seed_controlled_augmentation_v2
There is street light lamp dim near the public market. Please arrange an inspection.,electricity,english,NYC311_seed_controlled_augmentation_v2
People nearby have complained about air: other air problem on the main road. Please take the necessary action.,environment,english,NYC311_seed_controlled_augmentation_v2
There is manhole overflow near the hospital. Please investigate this issue.,drainage,english,NYC311_seed_controlled_augmentation_v2
Residents are concerned about chemical vapors/gases/odors close to the bus stop. We would appreciate assistance with this problem.,environment,english,NYC311_seed_controlled_augmentation_v2
We are experiencing an electrical problem involving outlet/switch near the school. Please arrange an inspection.,electricity,english,NYC311_seed_controlled_augmentation_v2
There is a waste management problem involving missed collection near the hospital. This is causing inconvenience to the public.,garbage,english,NYC311_seed_controlled_augmentation_v2
The road surface is damaged due to curb defect-metal protruding near our house.,roads,english,NYC311_seed_controlled_augmentation_v2
"Please investigate air: smoke, chimney or vent near the junction.",environment,english,NYC311_seed_controlled_augmentation_v2
Please check the water system because of slow leak along the roadside. Please arrange an inspection.,water_supply,english,NYC311_seed_controlled_augmentation_v2
Broken Curb is causing difficulties for vehicles near the public market. This issue needs urgent attention.,roads,english,NYC311_seed_controlled_augmentation_v2
"We have noticed air: odor/fumes, vehicle idling outside our building. We would appreciate assistance with this problem.",environment,english,NYC311_seed_controlled_augmentation_v2
"The area is affected by air: dust, construction/demolition near the junction. Please investigate this issue.",environment,english,NYC311_seed_controlled_augmentation_v2
Wastewater problems have occurred due to catch basin clogged/flooding near the junction. Residents are requesting assistance.,drainage,english,NYC311_seed_controlled_augmentation_v2
Please inspect the electrical issue involving multiple street lights out close to the bus stop. Please arrange an inspection.,electricity,english,NYC311_seed_controlled_augmentation_v2
Residents are reporting catch basin clogged/flooding along the roadside.,drainage,english,NYC311_seed_controlled_augmentation_v2
Please send a technician because of lighting near the junction. Please send the responsible team to inspect the area.,electricity,english,NYC311_seed_controlled_augmentation_v2
The area needs cleaning because of improper disposal close to the town centre.,garbage,english,NYC311_seed_controlled_augmentation_v2
The drain is causing problems because of sewage odor close to the bus stop.,drainage,english,NYC311_seed_controlled_augmentation_v2
We have noticed chemical vapors/gases/odors in the residential area. Residents are requesting assistance.,environment,english,NYC311_seed_controlled_augmentation_v2
We need assistance with sewage odor along the roadside. Residents are requesting assistance.,drainage,english,NYC311_seed_controlled_augmentation_v2
Please inspect the drain because of sewer or drain in our neighbourhood. We would appreciate assistance with this problem.,drainage,english,NYC311_seed_controlled_augmentation_v2
This environmental problem involves chemical spill/release outside our building. We would appreciate assistance with this problem.,environment,english,NYC311_seed_controlled_augmentation_v2
We would like to report failed street repair near the school. Please investigate this issue.,roads,english,NYC311_seed_controlled_augmentation_v2
Residents are requesting action regarding air: other air problem on the main road. Please investigate this issue.,environment,english,NYC311_seed_controlled_augmentation_v2
Residents are requesting action regarding air: other air problem near the school. Please take the necessary action.,environment,english,NYC311_seed_controlled_augmentation_v2
There appears to be multiple street lights out along the roadside. This issue needs urgent attention.,electricity,english,NYC311_seed_controlled_augmentation_v2
Wastewater problems have occurred due to sewer or drain near the public market. Please take the necessary action.,drainage,english,NYC311_seed_controlled_augmentation_v2
Residents have complained about missed recycling-all materials near the junction. This issue needs urgent attention.,garbage,english,NYC311_seed_controlled_augmentation_v2
Wastewater problems have occurred due to sewer or drain near our house.,drainage,english,NYC311_seed_controlled_augmentation_v2
"There appears to be cloudy or milky, other on the main road. This is causing inconvenience to the public.",water_supply,english,NYC311_seed_controlled_augmentation_v2
"People nearby have complained about air: smoke, chimney or vent near the hospital. The problem has been continuing for some time.",environment,english,NYC311_seed_controlled_augmentation_v2
There is a water supply issue involving no water close to the town centre.,water_supply,english,NYC311_seed_controlled_augmentation_v2
"Residents are concerned about oil spill on street, small near the hospital. Residents are requesting assistance.",environment,english,NYC311_seed_controlled_augmentation_v2
We need assistance with sewer backup on the main road.,drainage,english,NYC311_seed_controlled_augmentation_v2
"There is a water supply issue involving cloudy or milky, other near our house. The problem has been continuing for some time.",water_supply,english,NYC311_seed_controlled_augmentation_v2
"Air: Smoke, Chimney or vent is affecting the surrounding environment near the school. This issue needs urgent attention.",environment,english,NYC311_seed_controlled_augmentation_v2
Residents have complained about loose rubbish along the roadside. Please investigate this issue.,garbage,english,NYC311_seed_controlled_augmentation_v2
SLOW LEAK is affecting the local water supply in our neighbourhood.,water_supply,english,NYC311_seed_controlled_augmentation_v2
Pothole is causing difficulties for vehicles near our house. Please resolve this problem as soon as possible.,roads,english,NYC311_seed_controlled_augmentation_v2
Please arrange cleaning because of street cond/dump-out/drop-off close to the bus stop.,garbage,english,NYC311_seed_controlled_augmentation_v2
People in the area are experiencing dirty water in the residential area.,water_supply,english,NYC311_seed_controlled_augmentation_v2
There is street cond/dump-out/drop-off along the roadside.,garbage,english,NYC311_seed_controlled_augmentation_v2
Dirty Sidewalk is creating an unsanitary condition close to the bus stop.,garbage,english,NYC311_seed_controlled_augmentation_v2
"The area is affected by air: odor/fumes, restaurant along the roadside. Please send the responsible team to inspect the area.",environment,english,NYC311_seed_controlled_augmentation_v2
"Please investigate the water problem caused by taste/odor, bitter/metallic along the roadside. Please send the responsible team to inspect the area.",water_supply,english,NYC311_seed_controlled_augmentation_v2
Ponding is causing drainage problems near our house. Please send the responsible team to inspect the area.,drainage,english,NYC311_seed_controlled_augmentation_v2
Chemical Odor is affecting the surrounding environment near our house.,environment,english,NYC311_seed_controlled_augmentation_v2
There is a water supply issue involving leak near the school. Please resolve this problem as soon as possible.,water_supply,english,NYC311_seed_controlled_augmentation_v2
We would like to report failed street repair close to the town centre. This issue needs urgent attention.,roads,english,NYC311_seed_controlled_augmentation_v2
We are experiencing slow leak close to the bus stop.,water_supply,english,NYC311_seed_controlled_augmentation_v2
People in the area are experiencing slow leak near our house.,water_supply,english,NYC311_seed_controlled_augmentation_v2
There appears to be dirty water near the hospital. We would appreciate assistance with this problem.,water_supply,english,NYC311_seed_controlled_augmentation_v2
People in the area are experiencing heavy flow on the main road.,water_supply,english,NYC311_seed_controlled_augmentation_v2
The drain is causing problems because of rain garden flooding along the roadside. Residents are requesting assistance.,drainage,english,NYC311_seed_controlled_augmentation_v2
Waste has become a problem due to missed recycling paper near the junction. Please arrange an inspection.,garbage,english,NYC311_seed_controlled_augmentation_v2
Broken Curb is causing difficulties for vehicles in the residential area.,roads,english,NYC311_seed_controlled_augmentation_v2
Please address missed collection close to the bus stop.,garbage,english,NYC311_seed_controlled_augmentation_v2
Please send a technician because of no lighting in our neighbourhood. Please investigate this issue.,electricity,english,NYC311_seed_controlled_augmentation_v2
"We would like to report rough, pitted or cracked roads near the hospital. Please arrange an inspection.",roads,english,NYC311_seed_controlled_augmentation_v2
We would like to report cave-in near the junction.,roads,english,NYC311_seed_controlled_augmentation_v2
We have noticed chemical vapors/gases/odors close to the bus stop. Please take the necessary action.,environment,english,NYC311_seed_controlled_augmentation_v2
Please arrange cleaning because of missed recycling paper on the main road. Please take the necessary action.,garbage,english,NYC311_seed_controlled_augmentation_v2
"Residents are requesting action regarding unsafe chemical, abandoned near the public market.",environment,english,NYC311_seed_controlled_augmentation_v2
Residents are requesting action regarding street cond/dump-out/drop-off in the residential area.,garbage,english,NYC311_seed_controlled_augmentation_v2
There appears to be wiring near the hospital.,electricity,english,NYC311_seed_controlled_augmentation_v2
Wastewater problems have occurred due to rain garden flooding outside our building. Please take the necessary action.,drainage,english,NYC311_seed_controlled_augmentation_v2
We are experiencing an electrical problem involving street light out in our neighbourhood. We would appreciate assistance with this problem.,electricity,english,NYC311_seed_controlled_augmentation_v2
People nearby have complained about ventilation near the public market.,environment,english,NYC311_seed_controlled_augmentation_v2
The area needs cleaning because of receptacle violation along the roadside. Please take the necessary action.,garbage,english,NYC311_seed_controlled_augmentation_v2
Please repair defective hardware close to the bus stop. Residents are requesting assistance.,roads,english,NYC311_seed_controlled_augmentation_v2
There is an environmental issue involving air: other air problem near the public market. Please investigate this issue.,environment,english,NYC311_seed_controlled_augmentation_v2
The drainage system is affected by rain garden flooding on the main road. This is causing inconvenience to the public.,drainage,english,NYC311_seed_controlled_augmentation_v2
Please inspect the drain because of ponding near the public market. Please arrange an inspection.,drainage,english,NYC311_seed_controlled_augmentation_v2
The drainage issue appears to involve street flooding near the public market. Please take the necessary action.,drainage,english,NYC311_seed_controlled_augmentation_v2
Please repair failed street repair near the junction.,roads,english,NYC311_seed_controlled_augmentation_v2
"Please inspect the environmental issue involving oil spill on street, large outside our building.",environment,english,NYC311_seed_controlled_augmentation_v2
Drivers are facing problems because of pothole - highway close to the town centre.,roads,english,NYC311_seed_controlled_augmentation_v2
Residents are concerned about defective hardware in our neighbourhood. Please send the responsible team to inspect the area.,roads,english,NYC311_seed_controlled_augmentation_v2
"This environmental problem involves unsafe chemical, storage close to the town centre.",environment,english,NYC311_seed_controlled_augmentation_v2
"The area is affected by air: dust, construction/demolition in our neighbourhood. This issue needs urgent attention.",environment,english,NYC311_seed_controlled_augmentation_v2
We would like to report curb defect-metal protruding close to the bus stop. Please investigate this issue.,roads,english,NYC311_seed_controlled_augmentation_v2
The drain is causing problems because of street flooding near the junction. Please investigate this issue.,drainage,english,NYC311_seed_controlled_augmentation_v2
Please repair pothole close to the bus stop.,roads,english,NYC311_seed_controlled_augmentation_v2
There is a waste management problem involving dirty area/alleyway close to the town centre. This is causing inconvenience to the public.,garbage,english,NYC311_seed_controlled_augmentation_v2
There is street light lamp dim near the public market. This is causing inconvenience to the public.,electricity,english,NYC311_seed_controlled_augmentation_v2
Please send a technician because of wiring outside our building.,electricity,english,NYC311_seed_controlled_augmentation_v2
Wastewater problems have occurred due to manhole overflow outside our building. This is causing inconvenience to the public.,drainage,english,NYC311_seed_controlled_augmentation_v2
There is a waste management problem involving dirty area/alleyway near the hospital. The problem has been continuing for some time.,garbage,english,NYC311_seed_controlled_augmentation_v2
LIGHTING is affecting the area near the public market. Please take the necessary action.,electricity,english,NYC311_seed_controlled_augmentation_v2
Wastewater problems have occurred due to sewage leak near the junction.,drainage,english,NYC311_seed_controlled_augmentation_v2
"Our area is facing taste/odor, chlorine close to the town centre.",water_supply,english,NYC311_seed_controlled_augmentation_v2
Residents are requesting action regarding missed recycling - m/g/pl along the roadside. Please resolve this problem as soon as possible.,garbage,english,NYC311_seed_controlled_augmentation_v2
There is sewer or drain near the school. Residents are requesting assistance.,drainage,english,NYC311_seed_controlled_augmentation_v2
Residents are reporting sewage odor in the residential area. This is causing inconvenience to the public.,drainage,english,NYC311_seed_controlled_augmentation_v2
Residents are reporting sewage leak close to the bus stop. Please take the necessary action.,drainage,english,NYC311_seed_controlled_augmentation_v2
The area is affected by large number of mosquitoes outside our building. Residents are requesting assistance.,environment,english,NYC311_seed_controlled_augmentation_v2
Defective Hardware is causing difficulties for vehicles along the roadside.,roads,english,NYC311_seed_controlled_augmentation_v2
We are experiencing an electrical problem involving wiring near the school.,electricity,english,NYC311_seed_controlled_augmentation_v2
"People nearby have complained about air: dust, other outside our building.",environment,english,NYC311_seed_controlled_augmentation_v2
The road has broken curb near the junction.,roads,english,NYC311_seed_controlled_augmentation_v2
The water service is affected by unknown odor/taste in drinking water in the residential area. Please send the responsible team to inspect the area.,water_supply,english,NYC311_seed_controlled_augmentation_v2
Residents are reporting rain garden flooding near the public market. Residents are requesting assistance.,drainage,english,NYC311_seed_controlled_augmentation_v2
Please check the water system because of leak near the hospital. Please take the necessary action.,water_supply,english,NYC311_seed_controlled_augmentation_v2
"Please investigate air: smoke, chimney or vent in our neighbourhood. This is causing inconvenience to the public.",environment,english,NYC311_seed_controlled_augmentation_v2
"Cloudy Or Milky, Other is affecting the local water supply near our house.",water_supply,english,NYC311_seed_controlled_augmentation_v2
"Rough, Pitted or Cracked Roads is causing difficulties for vehicles near the public market. This is causing inconvenience to the public.",roads,english,NYC311_seed_controlled_augmentation_v2
Residents are requesting action regarding improper disposal near the school. Please investigate this issue.,garbage,english,NYC311_seed_controlled_augmentation_v2
We need assistance with sewer backup close to the bus stop. We would appreciate assistance with this problem.,drainage,english,NYC311_seed_controlled_augmentation_v2
We are experiencing an electrical problem involving lamppost wire exposed in our neighbourhood. Please investigate this issue.,electricity,english,NYC311_seed_controlled_augmentation_v2
Waste has become a problem due to bulk-missed collection close to the bus stop.,garbage,english,NYC311_seed_controlled_augmentation_v2
There appears to be hydrant leaking near the public market.,water_supply,english,NYC311_seed_controlled_augmentation_v2
Chemical Vapors/Gases/Odors is affecting the surrounding environment in the residential area.,environment,english,NYC311_seed_controlled_augmentation_v2
"Please check the water system because of taste/odor, chlorine in the residential area.",water_supply,english,NYC311_seed_controlled_augmentation_v2
Please check the water system because of unknown odor/taste in drinking water near the school. Please take the necessary action.,water_supply,english,NYC311_seed_controlled_augmentation_v2
"There is an environmental issue involving air: smoke, vehicular in the residential area. The problem has been continuing for some time.",environment,english,NYC311_seed_controlled_augmentation_v2
Residents have complained about missed recycling-all materials near the junction. The problem has been continuing for some time.,garbage,english,NYC311_seed_controlled_augmentation_v2
"We have noticed air: smoke, chimney or vent near the public market. Please take the necessary action.",environment,english,NYC311_seed_controlled_augmentation_v2
The area needs cleaning because of dirty area/alleyway near the hospital.,garbage,english,NYC311_seed_controlled_augmentation_v2
There is an environmental issue involving chemical vapors/gases/odors close to the bus stop. Please send the responsible team to inspect the area.,environment,english,NYC311_seed_controlled_augmentation_v2
The water service is affected by hydrant leaking along the roadside. Please send the responsible team to inspect the area.,water_supply,english,NYC311_seed_controlled_augmentation_v2
Wastewater problems have occurred due to catch basin clogged/flooding in our neighbourhood.,drainage,english,NYC311_seed_controlled_augmentation_v2
Residents have reported electrical wiring defective/exposed along the roadside.,electricity,english,NYC311_seed_controlled_augmentation_v2
The water service is affected by no water close to the bus stop. Please resolve this problem as soon as possible.,water_supply,english,NYC311_seed_controlled_augmentation_v2
Please arrange cleaning because of missed collection near the school.,garbage,english,NYC311_seed_controlled_augmentation_v2
unknown odor/taste in drinking water is affecting the local water supply near our house. Please send the responsible team to inspect the area.,water_supply,english,NYC311_seed_controlled_augmentation_v2
People nearby have complained about ventilation near the junction. We would appreciate assistance with this problem.,environment,english,NYC311_seed_controlled_augmentation_v2
Please check the water system because of slow leak near our house. Please resolve this problem as soon as possible.,water_supply,english,NYC311_seed_controlled_augmentation_v2
Please send a technician because of outlet/switch outside our building. Please investigate this issue.,electricity,english,NYC311_seed_controlled_augmentation_v2
Electrical Wiring Defective/Exposed is affecting the area along the roadside. The problem has been continuing for some time.,electricity,english,NYC311_seed_controlled_augmentation_v2
Please investigate the water problem caused by hydrant leaking along the roadside. Please take the necessary action.,water_supply,english,NYC311_seed_controlled_augmentation_v2
The drain is causing problems because of sewer or drain close to the town centre.,drainage,english,NYC311_seed_controlled_augmentation_v2
Residents have reported lighting outside our building. Please resolve this problem as soon as possible.,electricity,english,NYC311_seed_controlled_augmentation_v2
Please arrange cleaning because of dirty area/alleyway outside our building.,garbage,english,NYC311_seed_controlled_augmentation_v2
Residents are reporting sewage leak close to the bus stop. Please investigate this issue.,drainage,english,NYC311_seed_controlled_augmentation_v2
"Please repair rough, pitted or cracked roads near the public market.",roads,english,NYC311_seed_controlled_augmentation_v2
The drainage system is affected by sewer backup near the hospital. This is causing inconvenience to the public.,drainage,english,NYC311_seed_controlled_augmentation_v2
Please investigate the water problem caused by slow leak close to the town centre. Please take the necessary action.,water_supply,english,NYC311_seed_controlled_augmentation_v2
The drainage system is affected by sewage leak near our house. Please investigate this issue.,drainage,english,NYC311_seed_controlled_augmentation_v2
There appears to be slow leak near the hospital. Please resolve this problem as soon as possible.,water_supply,english,NYC311_seed_controlled_augmentation_v2
Please arrange cleaning because of missed recycling paper on the main road. Residents are requesting assistance.,garbage,english,NYC311_seed_controlled_augmentation_v2
The road needs attention because of pothole near the public market.,roads,english,NYC311_seed_controlled_augmentation_v2
Garbage collection is affected by missed recycling-all materials near the junction. Please arrange an inspection.,garbage,english,NYC311_seed_controlled_augmentation_v2
Wastewater problems have occurred due to sewer or drain in the residential area. This issue needs urgent attention.,drainage,english,NYC311_seed_controlled_augmentation_v2
Residents have reported leak on the main road. The problem has been continuing for some time.,water_supply,english,NYC311_seed_controlled_augmentation_v2
Residents are requesting action regarding missed recycling - m/g/pl close to the bus stop.,garbage,english,NYC311_seed_controlled_augmentation_v2
"There is an environmental issue involving air: smoke, chimney or vent close to the bus stop. Please arrange an inspection.",environment,english,NYC311_seed_controlled_augmentation_v2
Please resolve the drainage issue involving manhole overflow in our neighbourhood. Please send the responsible team to inspect the area.,drainage,english,NYC311_seed_controlled_augmentation_v2
There is a waste management problem involving missed collection along the roadside. This issue needs urgent attention.,garbage,english,NYC311_seed_controlled_augmentation_v2
Waste has become a problem due to bulk-missed collection in the residential area. Residents are requesting assistance.,garbage,english,NYC311_seed_controlled_augmentation_v2
Please resolve the drainage issue involving sewer or drain near our house.,drainage,english,NYC311_seed_controlled_augmentation_v2
There is electrical wiring defective/exposed close to the town centre.,electricity,english,NYC311_seed_controlled_augmentation_v2
There is bulk-missed recy collection near the school. Please arrange an inspection.,garbage,english,NYC311_seed_controlled_augmentation_v2
Please repair broken curb near the school.,roads,english,NYC311_seed_controlled_augmentation_v2
Garbage collection is affected by missed collection near our house.,garbage,english,NYC311_seed_controlled_augmentation_v2
"Residents are requesting action regarding oil spill on street, small on the main road. Residents are requesting assistance.",environment,english,NYC311_seed_controlled_augmentation_v2
The road needs attention because of pothole - highway near the public market. This issue needs urgent attention.,roads,english,NYC311_seed_controlled_augmentation_v2
"Please inspect the environmental issue involving air: odor/fumes, vehicle idling in our neighbourhood.",environment,english,NYC311_seed_controlled_augmentation_v2
Please address receptacle violation in the residential area. Please resolve this problem as soon as possible.,garbage,english,NYC311_seed_controlled_augmentation_v2
"People in the area are experiencing taste/odor, chlorine in the residential area. This is causing inconvenience to the public.",water_supply,english,NYC311_seed_controlled_augmentation_v2
We need assistance with street flooding close to the town centre. Please send the responsible team to inspect the area.,drainage,english,NYC311_seed_controlled_augmentation_v2
There is a waste management problem involving bulk-missed recy collection outside our building.,garbage,english,NYC311_seed_controlled_augmentation_v2
The drain is causing problems because of street flooding near our house.,drainage,english,NYC311_seed_controlled_augmentation_v2
"Residents are requesting action regarding air: dust, construction/demolition close to the town centre.",environment,english,NYC311_seed_controlled_augmentation_v2
"Residents are requesting action regarding air: dust, construction/demolition near the hospital. Please investigate this issue.",environment,english,NYC311_seed_controlled_augmentation_v2
Cave-in is causing difficulties for vehicles near the junction. Please investigate this issue.,roads,english,NYC311_seed_controlled_augmentation_v2
People in the area are experiencing slow leak outside our building.,water_supply,english,NYC311_seed_controlled_augmentation_v2
There is a water supply issue involving no water along the roadside.,water_supply,english,NYC311_seed_controlled_augmentation_v2
Please resolve the drainage issue involving sewage odor on the main road. This is causing inconvenience to the public.,drainage,english,NYC311_seed_controlled_augmentation_v2
The road needs attention because of pothole - highway outside our building. We would appreciate assistance with this problem.,roads,english,NYC311_seed_controlled_augmentation_v2
Please address receptacle violation along the roadside. This issue needs urgent attention.,garbage,english,NYC311_seed_controlled_augmentation_v2
Please inspect the drain because of sewer backup close to the bus stop.,drainage,english,NYC311_seed_controlled_augmentation_v2
There is an environmental issue involving chemical odor near the public market.,environment,english,NYC311_seed_controlled_augmentation_v2
Garbage collection is affected by bulk-missed collection near our house.,garbage,english,NYC311_seed_controlled_augmentation_v2
Defective Hardware is causing difficulties for vehicles in the residential area.,roads,english,NYC311_seed_controlled_augmentation_v2
Vehicles are being affected by curb defect-metal protruding near the junction. Please resolve this problem as soon as possible.,roads,english,NYC311_seed_controlled_augmentation_v2
"Rough, Pitted or Cracked Roads is causing difficulties for vehicles close to the town centre. Residents are requesting assistance.",roads,english,NYC311_seed_controlled_augmentation_v2
Please repair cave-in outside our building. This issue needs urgent attention.,roads,english,NYC311_seed_controlled_augmentation_v2
The road has pothole in our neighbourhood. Please take the necessary action.,roads,english,NYC311_seed_controlled_augmentation_v2
Ventilation is affecting the surrounding environment outside our building. The problem has been continuing for some time.,environment,english,NYC311_seed_controlled_augmentation_v2
Residents are reporting sewage odor near the public market. The problem has been continuing for some time.,drainage,english,NYC311_seed_controlled_augmentation_v2
Residents are reporting street flooding near the junction. Please take the necessary action.,drainage,english,NYC311_seed_controlled_augmentation_v2
Our area is facing slow leak near the junction.,water_supply,english,NYC311_seed_controlled_augmentation_v2
The water service is affected by no water near the school. Residents are requesting assistance.,water_supply,english,NYC311_seed_controlled_augmentation_v2
"Please inspect the environmental issue involving air: dust, construction/demolition near our house.",environment,english,NYC311_seed_controlled_augmentation_v2
Residents are reporting street flooding in the residential area.,drainage,english,NYC311_seed_controlled_augmentation_v2
"Residents are concerned about air: odor/fumes, vehicle idling close to the town centre. Please take the necessary action.",environment,english,NYC311_seed_controlled_augmentation_v2
SLOW LEAK is affecting the local water supply near the school. Please resolve this problem as soon as possible.,water_supply,english,NYC311_seed_controlled_augmentation_v2
Please investigate the water problem caused by low water pressure near the hospital. The problem has been continuing for some time.,water_supply,english,NYC311_seed_controlled_augmentation_v2
We have noticed chemical odor near the school. Please resolve this problem as soon as possible.,environment,english,NYC311_seed_controlled_augmentation_v2
The area needs cleaning because of missed recycling paper near the hospital. This issue needs urgent attention.,garbage,english,NYC311_seed_controlled_augmentation_v2
There is a waste management problem involving missed recycling paper near our house. Please send the responsible team to inspect the area.,garbage,english,NYC311_seed_controlled_augmentation_v2
The electricity service has a problem with wiring in the residential area.,electricity,english,NYC311_seed_controlled_augmentation_v2
Residents have reported lamppost wire exposed close to the town centre.,electricity,english,NYC311_seed_controlled_augmentation_v2
There appears to be no lighting outside our building. Please arrange an inspection.,electricity,english,NYC311_seed_controlled_augmentation_v2
Please address bulk-missed collection near our house. Please arrange an inspection.,garbage,english,NYC311_seed_controlled_augmentation_v2
Leak is affecting the local water supply close to the town centre. This issue needs urgent attention.,water_supply,english,NYC311_seed_controlled_augmentation_v2
Waste has become a problem due to missed collection on the main road. Please investigate this issue.,garbage,english,NYC311_seed_controlled_augmentation_v2
Please check the water system because of low water pressure in the residential area. We would appreciate assistance with this problem.,water_supply,english,NYC311_seed_controlled_augmentation_v2
There appears to be lighting close to the town centre. Please arrange an inspection.,electricity,english,NYC311_seed_controlled_augmentation_v2
The road needs attention because of curb defect-metal protruding close to the bus stop. This issue needs urgent attention.,roads,english,NYC311_seed_controlled_augmentation_v2
Please send a technician because of street light lamp dim on the main road.,electricity,english,NYC311_seed_controlled_augmentation_v2
"There appears to be taste/odor, bitter/metallic close to the town centre.",water_supply,english,NYC311_seed_controlled_augmentation_v2
We would like to report pothole - highway near the public market. The problem has been continuing for some time.,roads,english,NYC311_seed_controlled_augmentation_v2
Residents are reporting sewage leak near our house.,drainage,english,NYC311_seed_controlled_augmentation_v2
Electrical Wiring Defective/Exposed is affecting the area near the public market. Please resolve this problem as soon as possible.,electricity,english,NYC311_seed_controlled_augmentation_v2
"There is an environmental issue involving oil spill on street, large in the residential area.",environment,english,NYC311_seed_controlled_augmentation_v2
Residents have reported multiple street lights out along the roadside. Please resolve this problem as soon as possible.,electricity,english,NYC311_seed_controlled_augmentation_v2
The drainage issue appears to involve sewer or drain close to the town centre. Please take the necessary action.,drainage,english,NYC311_seed_controlled_augmentation_v2
This environmental problem involves ventilation on the main road. This is causing inconvenience to the public.,environment,english,NYC311_seed_controlled_augmentation_v2
"Taste/Odor, Bitter/Metallic is affecting the local water supply on the main road.",water_supply,english,NYC311_seed_controlled_augmentation_v2
Wastewater problems have occurred due to street flooding near our house. Please arrange an inspection.,drainage,english,NYC311_seed_controlled_augmentation_v2
The road needs attention because of pothole - highway near our house. Please send the responsible team to inspect the area.,roads,english,NYC311_seed_controlled_augmentation_v2
Wastewater problems have occurred due to culvert blocked/needs cleaning near the public market. This is causing inconvenience to the public.,drainage,english,NYC311_seed_controlled_augmentation_v2
Residents are requesting action regarding missed collection near the hospital. Please arrange an inspection.,garbage,english,NYC311_seed_controlled_augmentation_v2
People in the area are experiencing hydrant leaking on the main road.,water_supply,english,NYC311_seed_controlled_augmentation_v2
Wastewater problems have occurred due to street flooding close to the town centre. This issue needs urgent attention.,drainage,english,NYC311_seed_controlled_augmentation_v2
This environmental problem involves chemical spill/release in our neighbourhood.,environment,english,NYC311_seed_controlled_augmentation_v2
LOW WATER PRESSURE is affecting the local water supply near the hospital. This issue needs urgent attention.,water_supply,english,NYC311_seed_controlled_augmentation_v2
We are experiencing low water pressure near the hospital. We would appreciate assistance with this problem.,water_supply,english,NYC311_seed_controlled_augmentation_v2
Please investigate large number of mosquitoes near the school. This issue needs urgent attention.,environment,english,NYC311_seed_controlled_augmentation_v2
Our area is facing heavy flow along the roadside. We would appreciate assistance with this problem.,water_supply,english,NYC311_seed_controlled_augmentation_v2
"Residents are requesting action regarding air: dust, other close to the bus stop.",environment,english,NYC311_seed_controlled_augmentation_v2
We have noticed large number of mosquitoes close to the town centre.,environment,english,NYC311_seed_controlled_augmentation_v2
Please address dirty area/alleyway in the residential area.,garbage,english,NYC311_seed_controlled_augmentation_v2
"Please investigate oil spill on street, large near the hospital. Residents are requesting assistance.",environment,english,NYC311_seed_controlled_augmentation_v2
There is sewage odor along the roadside. Residents are requesting assistance.,drainage,english,NYC311_seed_controlled_augmentation_v2
We are experiencing an electrical problem involving no lighting outside our building. Please send the responsible team to inspect the area.,electricity,english,NYC311_seed_controlled_augmentation_v2
There is electrical wiring defective/exposed outside our building. Please investigate this issue.,electricity,english,NYC311_seed_controlled_augmentation_v2
Improper Disposal is creating an unsanitary condition near the school. Please take the necessary action.,garbage,english,NYC311_seed_controlled_augmentation_v2
We have noticed air: other air problem in the residential area. Please take the necessary action.,environment,english,NYC311_seed_controlled_augmentation_v2
There appears to be low water pressure close to the bus stop. Please take the necessary action.,water_supply,english,NYC311_seed_controlled_augmentation_v2
Missed Recycling - M/G/Pl is creating an unsanitary condition along the roadside.,garbage,english,NYC311_seed_controlled_augmentation_v2
Please inspect the drain because of manhole overflow along the roadside.,drainage,english,NYC311_seed_controlled_augmentation_v2
People nearby have complained about ventilation near our house.,environment,english,NYC311_seed_controlled_augmentation_v2
"People nearby have complained about air: smoke, chimney or vent along the roadside. This is causing inconvenience to the public.",environment,english,NYC311_seed_controlled_augmentation_v2
There is dirty sidewalk on the main road. Please resolve this problem as soon as possible.,garbage,english,NYC311_seed_controlled_augmentation_v2
Vehicles are being affected by defective hardware near our house.,roads,english,NYC311_seed_controlled_augmentation_v2
OUTLET/SWITCH is affecting the area in the residential area. Please arrange an inspection.,electricity,english,NYC311_seed_controlled_augmentation_v2
The drainage system is affected by street flooding outside our building. Residents are requesting assistance.,drainage,english,NYC311_seed_controlled_augmentation_v2
Our area is facing possible water main break outside our building. Please arrange an inspection.,water_supply,english,NYC311_seed_controlled_augmentation_v2
Garbage collection is affected by bulk-missed collection near the school. Please take the necessary action.,garbage,english,NYC311_seed_controlled_augmentation_v2
Waste has become a problem due to dirty area/alleyway in the residential area.,garbage,english,NYC311_seed_controlled_augmentation_v2
Please check the water system because of dirty water near the public market. Please investigate this issue.,water_supply,english,NYC311_seed_controlled_augmentation_v2
Please inspect the electrical issue involving street light out close to the town centre. Please arrange an inspection.,electricity,english,NYC311_seed_controlled_augmentation_v2
Garbage collection is affected by missed collection in our neighbourhood. Please send the responsible team to inspect the area.,garbage,english,NYC311_seed_controlled_augmentation_v2
The road needs attention because of curb defect-metal protruding close to the bus stop. Residents are requesting assistance.,roads,english,NYC311_seed_controlled_augmentation_v2
Air: Other Air Problem is affecting the surrounding environment near our house.,environment,english,NYC311_seed_controlled_augmentation_v2
People nearby have complained about ventilation along the roadside. Please arrange an inspection.,environment,english,NYC311_seed_controlled_augmentation_v2
Loose Rubbish is creating an unsanitary condition near the hospital. Please resolve this problem as soon as possible.,garbage,english,NYC311_seed_controlled_augmentation_v2
We have noticed asbestos complaint on the main road.,environment,english,NYC311_seed_controlled_augmentation_v2
Street Flooding is causing drainage problems near the junction.,drainage,english,NYC311_seed_controlled_augmentation_v2
"Our area is facing cloudy or milky, other near our house.",water_supply,english,NYC311_seed_controlled_augmentation_v2
There is receptacle violation near our house. Please resolve this problem as soon as possible.,garbage,english,NYC311_seed_controlled_augmentation_v2
The electricity service has a problem with lamppost knocked down near the public market. Please send the responsible team to inspect the area.,electricity,english,NYC311_seed_controlled_augmentation_v2
Please arrange cleaning because of missed collection close to the bus stop. This is causing inconvenience to the public.,garbage,english,NYC311_seed_controlled_augmentation_v2
Our area is facing possible water main break close to the bus stop.,water_supply,english,NYC311_seed_controlled_augmentation_v2
Please inspect the drain because of sewer backup near the hospital.,drainage,english,NYC311_seed_controlled_augmentation_v2
Residents are reporting sewage odor close to the bus stop.,drainage,english,NYC311_seed_controlled_augmentation_v2
Our area is facing possible water main break close to the bus stop. Please send the responsible team to inspect the area.,water_supply,english,NYC311_seed_controlled_augmentation_v2
There is a waste management problem involving bulk-missed recy collection close to the bus stop.,garbage,english,NYC311_seed_controlled_augmentation_v2
Residents have complained about missed recycling - m/g/pl close to the town centre.,garbage,english,NYC311_seed_controlled_augmentation_v2
We need assistance with ponding near the public market. Please resolve this problem as soon as possible.,drainage,english,NYC311_seed_controlled_augmentation_v2
We are experiencing an electrical problem involving no lighting near the public market. Residents are requesting assistance.,electricity,english,NYC311_seed_controlled_augmentation_v2
People in the area are affected by no lighting near the public market. The problem has been continuing for some time.,electricity,english,NYC311_seed_controlled_augmentation_v2
"Residents are concerned about oil spill on street, small near the school.",environment,english,NYC311_seed_controlled_augmentation_v2
unknown odor/taste in drinking water is affecting the local water supply close to the town centre.,water_supply,english,NYC311_seed_controlled_augmentation_v2
Residents have reported wiring close to the bus stop.,electricity,english,NYC311_seed_controlled_augmentation_v2
There is electrical wiring defective/exposed close to the town centre. This issue needs urgent attention.,electricity,english,NYC311_seed_controlled_augmentation_v2
The electricity service has a problem with electrical wiring defective/exposed along the roadside.,electricity,english,NYC311_seed_controlled_augmentation_v2
There is a waste management problem involving bulk-missed recy collection close to the town centre.,garbage,english,NYC311_seed_controlled_augmentation_v2
HEAVY FLOW is affecting the local water supply near the hospital.,water_supply,english,NYC311_seed_controlled_augmentation_v2
Please check the water system because of no water near the hospital. Please send the responsible team to inspect the area.,water_supply,english,NYC311_seed_controlled_augmentation_v2
There is sewage leak near the junction. We would appreciate assistance with this problem.,drainage,english,NYC311_seed_controlled_augmentation_v2
Please address receptacle violation in the residential area. We would appreciate assistance with this problem.,garbage,english,NYC311_seed_controlled_augmentation_v2
There is an environmental issue involving asbestos complaint in our neighbourhood. This issue needs urgent attention.,environment,english,NYC311_seed_controlled_augmentation_v2
The drainage issue appears to involve culvert blocked/needs cleaning in our neighbourhood. Please investigate this issue.,drainage,english,NYC311_seed_controlled_augmentation_v2
Waste has become a problem due to receptacle violation outside our building. Please resolve this problem as soon as possible.,garbage,english,NYC311_seed_controlled_augmentation_v2
Residents have reported low water pressure near our house.,water_supply,english,NYC311_seed_controlled_augmentation_v2
Please inspect the electrical issue involving lamppost knocked down near our house. This is causing inconvenience to the public.,electricity,english,NYC311_seed_controlled_augmentation_v2
There is multiple street lights out near the hospital. Please take the necessary action.,electricity,english,NYC311_seed_controlled_augmentation_v2
There is a waste management problem involving loose rubbish near the hospital.,garbage,english,NYC311_seed_controlled_augmentation_v2
Please investigate the water problem caused by leak near the junction. Please investigate this issue.,water_supply,english,NYC311_seed_controlled_augmentation_v2
"Residents are concerned about air: odor/fumes, restaurant near our house. Residents are requesting assistance.",environment,english,NYC311_seed_controlled_augmentation_v2
The drain is causing problems because of catch basin clogged/flooding near our house.,drainage,english,NYC311_seed_controlled_augmentation_v2
We need assistance with sewer or drain close to the town centre. Please send the responsible team to inspect the area.,drainage,english,NYC311_seed_controlled_augmentation_v2
There appears to be wiring along the roadside. Residents are requesting assistance.,electricity,english,NYC311_seed_controlled_augmentation_v2
Please send a technician because of lamppost wire exposed near the school. The problem has been continuing for some time.,electricity,english,NYC311_seed_controlled_augmentation_v2
Residents have reported lighting on the main road. Residents are requesting assistance.,electricity,english,NYC311_seed_controlled_augmentation_v2
"We are experiencing taste/odor, bitter/metallic along the roadside. Please investigate this issue.",water_supply,english,NYC311_seed_controlled_augmentation_v2
Residents are reporting sewage leak near the junction.,drainage,english,NYC311_seed_controlled_augmentation_v2
"This environmental problem involves oil spill on street, small in the residential area. We would appreciate assistance with this problem.",environment,english,NYC311_seed_controlled_augmentation_v2
The drainage issue appears to involve sewer backup outside our building. Please send the responsible team to inspect the area.,drainage,english,NYC311_seed_controlled_augmentation_v2
"This environmental problem involves unsafe chemical, storage near the junction.",environment,english,NYC311_seed_controlled_augmentation_v2
"There is an environmental issue involving unsafe chemical, abandoned near the hospital. This is causing inconvenience to the public.",environment,english,NYC311_seed_controlled_augmentation_v2
Residents have reported lamppost wire exposed near the junction. Please take the necessary action.,electricity,english,NYC311_seed_controlled_augmentation_v2
Loose Rubbish is creating an unsanitary condition on the main road. Please resolve this problem as soon as possible.,garbage,english,NYC311_seed_controlled_augmentation_v2
The area needs cleaning because of loose rubbish along the roadside. This is causing inconvenience to the public.,garbage,english,NYC311_seed_controlled_augmentation_v2
Waste has become a problem due to missed recycling - m/g/pl in the residential area. Please investigate this issue.,garbage,english,NYC311_seed_controlled_augmentation_v2
Waste has become a problem due to improper disposal near our house.,garbage,english,NYC311_seed_controlled_augmentation_v2
There is pothole - highway in our neighbourhood.,roads,english,NYC311_seed_controlled_augmentation_v2
"We have noticed unsafe chemical, storage outside our building. This issue needs urgent attention.",environment,english,NYC311_seed_controlled_augmentation_v2
Please send a technician because of no lighting along the roadside. Residents are requesting assistance.,electricity,english,NYC311_seed_controlled_augmentation_v2
The road has defective hardware in our neighbourhood. We would appreciate assistance with this problem.,roads,english,NYC311_seed_controlled_augmentation_v2
Residents have reported low water pressure near the hospital.,water_supply,english,NYC311_seed_controlled_augmentation_v2
There is pothole near the hospital. The problem has been continuing for some time.,roads,english,NYC311_seed_controlled_augmentation_v2
People in the area are affected by wiring near the public market.,electricity,english,NYC311_seed_controlled_augmentation_v2
Drivers are facing problems because of pothole near the junction. This issue needs urgent attention.,roads,english,NYC311_seed_controlled_augmentation_v2
Please resolve the drainage issue involving rain garden flooding near the hospital.,drainage,english,NYC311_seed_controlled_augmentation_v2
"Please investigate air: smoke, chimney or vent near the public market. This issue needs urgent attention.",environment,english,NYC311_seed_controlled_augmentation_v2
Residents have reported wiring close to the bus stop. Residents are requesting assistance.,electricity,english,NYC311_seed_controlled_augmentation_v2
Please arrange cleaning because of improper disposal along the roadside. We would appreciate assistance with this problem.,garbage,english,NYC311_seed_controlled_augmentation_v2
There is a water supply issue involving leak along the roadside.,water_supply,english,NYC311_seed_controlled_augmentation_v2
There is a waste management problem involving missed recycling paper near the public market.,garbage,english,NYC311_seed_controlled_augmentation_v2
Please resolve the drainage issue involving sewer or drain along the roadside. Please send the responsible team to inspect the area.,drainage,english,NYC311_seed_controlled_augmentation_v2
The drainage issue appears to involve sewage odor close to the town centre. Please take the necessary action.,drainage,english,NYC311_seed_controlled_augmentation_v2
The area needs cleaning because of missed recycling paper on the main road.,garbage,english,NYC311_seed_controlled_augmentation_v2
Please inspect the drain because of sewer or drain near the junction. Please send the responsible team to inspect the area.,drainage,english,NYC311_seed_controlled_augmentation_v2
Waste has become a problem due to missed collection near the hospital. Please arrange an inspection.,garbage,english,NYC311_seed_controlled_augmentation_v2
Please investigate the water problem caused by heavy flow in our neighbourhood. The problem has been continuing for some time.,water_supply,english,NYC311_seed_controlled_augmentation_v2
The area needs cleaning because of bulk-missed recy collection close to the bus stop. Residents are requesting assistance.,garbage,english,NYC311_seed_controlled_augmentation_v2
We are experiencing an electrical problem involving power outage along the roadside. Please investigate this issue.,electricity,english,NYC311_seed_controlled_augmentation_v2
Please arrange cleaning because of dirty area/alleyway near the junction. Please investigate this issue.,garbage,english,NYC311_seed_controlled_augmentation_v2
Residents are requesting action regarding missed recycling - m/g/pl close to the bus stop. Please take the necessary action.,garbage,english,NYC311_seed_controlled_augmentation_v2
Please address missed recycling paper close to the bus stop. Please take the necessary action.,garbage,english,NYC311_seed_controlled_augmentation_v2
"We would like to report rough, pitted or cracked roads near the junction.",roads,english,NYC311_seed_controlled_augmentation_v2
"The road needs attention because of rough, pitted or cracked roads on the main road.",roads,english,NYC311_seed_controlled_augmentation_v2
"Vehicles are being affected by rough, pitted or cracked roads close to the town centre. Please investigate this issue.",roads,english,NYC311_seed_controlled_augmentation_v2
"Air: Dust, Construction/Demolition is affecting the surrounding environment in the residential area.",environment,english,NYC311_seed_controlled_augmentation_v2
Residents have complained about missed collection along the roadside.,garbage,english,NYC311_seed_controlled_augmentation_v2
Please inspect the environmental issue involving chemical vapors/gases/odors outside our building. Please send the responsible team to inspect the area.,environment,english,NYC311_seed_controlled_augmentation_v2
The road surface is damaged due to broken curb near the school. Residents are requesting assistance.,roads,english,NYC311_seed_controlled_augmentation_v2
Please inspect the electrical issue involving multiple street lights out in the residential area. Please investigate this issue.,electricity,english,NYC311_seed_controlled_augmentation_v2
The electricity service has a problem with electrical wiring defective/exposed near the school. Please investigate this issue.,electricity,english,NYC311_seed_controlled_augmentation_v2
"Please inspect the environmental issue involving air: odor/fumes, vehicle idling along the roadside. Please investigate this issue.",environment,english,NYC311_seed_controlled_augmentation_v2
We are experiencing an electrical problem involving street light lamp dim near our house.,electricity,english,NYC311_seed_controlled_augmentation_v2
People nearby have complained about chemical spill/release close to the bus stop. Please arrange an inspection.,environment,english,NYC311_seed_controlled_augmentation_v2
Vehicles are being affected by pothole - highway outside our building. Residents are requesting assistance.,roads,english,NYC311_seed_controlled_augmentation_v2
There is cave-in near the public market. We would appreciate assistance with this problem.,roads,english,NYC311_seed_controlled_augmentation_v2
Waste has become a problem due to dirty area/alleyway near the hospital.,garbage,english,NYC311_seed_controlled_augmentation_v2
There is ponding close to the town centre. Please take the necessary action.,drainage,english,NYC311_seed_controlled_augmentation_v2
"The road needs attention because of rough, pitted or cracked roads close to the town centre. This is causing inconvenience to the public.",roads,english,NYC311_seed_controlled_augmentation_v2
The road has cave-in near the school. The problem has been continuing for some time.,roads,english,NYC311_seed_controlled_augmentation_v2
There appears to be lamppost wire exposed outside our building. This issue needs urgent attention.,electricity,english,NYC311_seed_controlled_augmentation_v2
"Residents are concerned about air: dust, construction/demolition near the school.",environment,english,NYC311_seed_controlled_augmentation_v2
Please send a technician because of power outage in the residential area.,electricity,english,NYC311_seed_controlled_augmentation_v2
Drivers are facing problems because of broken curb near the hospital.,roads,english,NYC311_seed_controlled_augmentation_v2
Please resolve the drainage issue involving sewage odor near our house. Please resolve this problem as soon as possible.,drainage,english,NYC311_seed_controlled_augmentation_v2
We would like to report broken curb near the public market.,roads,english,NYC311_seed_controlled_augmentation_v2
People in the area are experiencing low water pressure near the hospital. The problem has been continuing for some time.,water_supply,english,NYC311_seed_controlled_augmentation_v2
Please check the water system because of leak in our neighbourhood. Please resolve this problem as soon as possible.,water_supply,english,NYC311_seed_controlled_augmentation_v2
Residents are concerned about cave-in near our house.,roads,english,NYC311_seed_controlled_augmentation_v2
Residents are concerned about pothole near the junction. Please take the necessary action.,roads,english,NYC311_seed_controlled_augmentation_v2
Vehicles are being affected by pothole near the school. Please resolve this problem as soon as possible.,roads,english,NYC311_seed_controlled_augmentation_v2
Sewage Leak is causing drainage problems outside our building.,drainage,english,NYC311_seed_controlled_augmentation_v2
"Please inspect the environmental issue involving air: dust, other along the roadside. Please take the necessary action.",environment,english,NYC311_seed_controlled_augmentation_v2
OUTLET/SWITCH is affecting the area near the public market. We would appreciate assistance with this problem.,electricity,english,NYC311_seed_controlled_augmentation_v2
Garbage collection is affected by bulk-missed recy collection near the hospital. Please arrange an inspection.,garbage,english,NYC311_seed_controlled_augmentation_v2
Residents have reported heavy flow along the roadside.,water_supply,english,NYC311_seed_controlled_augmentation_v2
"Air: Smoke, Vehicular is affecting the surrounding environment close to the town centre. Please resolve this problem as soon as possible.",environment,english,NYC311_seed_controlled_augmentation_v2
"There is rough, pitted or cracked roads close to the bus stop. Please investigate this issue.",roads,english,NYC311_seed_controlled_augmentation_v2
Please investigate large number of mosquitoes near the junction. We would appreciate assistance with this problem.,environment,english,NYC311_seed_controlled_augmentation_v2
Please repair pothole in our neighbourhood.,roads,english,NYC311_seed_controlled_augmentation_v2
"Please check the water system because of taste/odor, bitter/metallic close to the town centre. Please take the necessary action.",water_supply,english,NYC311_seed_controlled_augmentation_v2
There is no lighting near our house.,electricity,english,NYC311_seed_controlled_augmentation_v2
The drainage issue appears to involve catch basin clogged/flooding close to the bus stop. Please investigate this issue.,drainage,english,NYC311_seed_controlled_augmentation_v2
Garbage collection is affected by loose rubbish in the residential area. Please take the necessary action.,garbage,english,NYC311_seed_controlled_augmentation_v2
LOW WATER PRESSURE is affecting the local water supply near our house. Residents are requesting assistance.,water_supply,english,NYC311_seed_controlled_augmentation_v2
There is sewage odor along the roadside.,drainage,english,NYC311_seed_controlled_augmentation_v2
There is bulk-missed collection near the hospital. Please investigate this issue.,garbage,english,NYC311_seed_controlled_augmentation_v2
Please arrange cleaning because of missed collection outside our building. Please investigate this issue.,garbage,english,NYC311_seed_controlled_augmentation_v2
People in the area are experiencing low water pressure in our neighbourhood. The problem has been continuing for some time.,water_supply,english,NYC311_seed_controlled_augmentation_v2
We would like to report failed street repair on the main road.,roads,english,NYC311_seed_controlled_augmentation_v2
Residents have reported damp spot close to the bus stop.,water_supply,english,NYC311_seed_controlled_augmentation_v2
We are experiencing low water pressure in the residential area.,water_supply,english,NYC311_seed_controlled_augmentation_v2
Garbage collection is affected by improper disposal close to the town centre. Please resolve this problem as soon as possible.,garbage,english,NYC311_seed_controlled_augmentation_v2
The area needs cleaning because of street cond/dump-out/drop-off near the hospital. This issue needs urgent attention.,garbage,english,NYC311_seed_controlled_augmentation_v2
The electrical system needs attention because of street light lamp dim in the residential area. This is causing inconvenience to the public.,electricity,english,NYC311_seed_controlled_augmentation_v2
The drain is causing problems because of sewage odor outside our building. This is causing inconvenience to the public.,drainage,english,NYC311_seed_controlled_augmentation_v2
We have noticed air: other air problem on the main road. Residents are requesting assistance.,environment,english,NYC311_seed_controlled_augmentation_v2
The drain is causing problems because of rain garden flooding close to the bus stop. Please send the responsible team to inspect the area.,drainage,english,NYC311_seed_controlled_augmentation_v2
Please resolve the drainage issue involving manhole overflow on the main road. The problem has been continuing for some time.,drainage,english,NYC311_seed_controlled_augmentation_v2
"There is rough, pitted or cracked roads in the residential area. The problem has been continuing for some time.",roads,english,NYC311_seed_controlled_augmentation_v2
Our area is facing slow leak along the roadside.,water_supply,english,NYC311_seed_controlled_augmentation_v2
There is catch basin clogged/flooding near the school.,drainage,english,NYC311_seed_controlled_augmentation_v2
The drain is causing problems because of rain garden flooding close to the town centre.,drainage,english,NYC311_seed_controlled_augmentation_v2
Residents are requesting action regarding bulk-missed collection on the main road. Please send the responsible team to inspect the area.,garbage,english,NYC311_seed_controlled_augmentation_v2
People in the area are affected by outlet/switch close to the town centre.,electricity,english,NYC311_seed_controlled_augmentation_v2
Waste has become a problem due to missed recycling paper near the hospital.,garbage,english,NYC311_seed_controlled_augmentation_v2
"We are experiencing cloudy or milky, other outside our building. Residents are requesting assistance.",water_supply,english,NYC311_seed_controlled_augmentation_v2
Sewer or Drain is causing drainage problems on the main road.,drainage,english,NYC311_seed_controlled_augmentation_v2
Please send a technician because of lighting close to the bus stop. We would appreciate assistance with this problem.,electricity,english,NYC311_seed_controlled_augmentation_v2
Wastewater problems have occurred due to catch basin clogged/flooding close to the bus stop. Please take the necessary action.,drainage,english,NYC311_seed_controlled_augmentation_v2
Please arrange cleaning because of dirty sidewalk near the junction.,garbage,english,NYC311_seed_controlled_augmentation_v2
Please address bulk-missed collection near the public market. Please send the responsible team to inspect the area.,garbage,english,NYC311_seed_controlled_augmentation_v2
People in the area are experiencing hydrant leaking close to the bus stop. This is causing inconvenience to the public.,water_supply,english,NYC311_seed_controlled_augmentation_v2
There appears to be street light out near our house. We would appreciate assistance with this problem.,electricity,english,NYC311_seed_controlled_augmentation_v2
There is a waste management problem involving missed recycling-all materials outside our building.,garbage,english,NYC311_seed_controlled_augmentation_v2
Residents have reported lamppost wire exposed in our neighbourhood. Please take the necessary action.,electricity,english,NYC311_seed_controlled_augmentation_v2
People in the area are affected by no lighting outside our building. Please arrange an inspection.,electricity,english,NYC311_seed_controlled_augmentation_v2
We need assistance with rain garden flooding in the residential area. This issue needs urgent attention.,drainage,english,NYC311_seed_controlled_augmentation_v2
Street Light Out is affecting the area in the residential area.,electricity,english,NYC311_seed_controlled_augmentation_v2
"The area is affected by oil spill on street, small near the hospital.",environment,english,NYC311_seed_controlled_augmentation_v2
Residents have complained about missed recycling paper close to the bus stop. This issue needs urgent attention.,garbage,english,NYC311_seed_controlled_augmentation_v2
Drivers are facing problems because of defective hardware close to the bus stop. Please investigate this issue.,roads,english,NYC311_seed_controlled_augmentation_v2
"There is an environmental issue involving air: dust, other near the junction. Residents are requesting assistance.",environment,english,NYC311_seed_controlled_augmentation_v2
There is a waste management problem involving dirty sidewalk on the main road. Please investigate this issue.,garbage,english,NYC311_seed_controlled_augmentation_v2
The drain is causing problems because of ponding near the junction. Please take the necessary action.,drainage,english,NYC311_seed_controlled_augmentation_v2
The road has failed street repair in the residential area.,roads,english,NYC311_seed_controlled_augmentation_v2
The electrical system needs attention because of lamppost knocked down near the junction. Please resolve this problem as soon as possible.,electricity,english,NYC311_seed_controlled_augmentation_v2
The area is affected by chemical odor outside our building. Please investigate this issue.,environment,english,NYC311_seed_controlled_augmentation_v2
"Please investigate the water problem caused by taste/odor, chlorine along the roadside.",water_supply,english,NYC311_seed_controlled_augmentation_v2
The water service is affected by unknown odor/taste in drinking water on the main road. Please arrange an inspection.,water_supply,english,NYC311_seed_controlled_augmentation_v2
We need assistance with street flooding along the roadside.,drainage,english,NYC311_seed_controlled_augmentation_v2
There is a waste management problem involving receptacle violation in the residential area. Please send the responsible team to inspect the area.,garbage,english,NYC311_seed_controlled_augmentation_v2
Please investigate the water problem caused by dirty water close to the bus stop. Please resolve this problem as soon as possible.,water_supply,english,NYC311_seed_controlled_augmentation_v2
"Air: Odor/Fumes, Restaurant is affecting the surrounding environment near our house. This is causing inconvenience to the public.",environment,english,NYC311_seed_controlled_augmentation_v2
Please inspect the electrical issue involving wiring near the hospital.,electricity,english,NYC311_seed_controlled_augmentation_v2
Please address missed recycling paper in our neighbourhood. Residents are requesting assistance.,garbage,english,NYC311_seed_controlled_augmentation_v2
The road needs attention because of defective hardware near the public market.,roads,english,NYC311_seed_controlled_augmentation_v2
We are experiencing possible water main break near the hospital.,water_supply,english,NYC311_seed_controlled_augmentation_v2
There appears to be slow leak close to the town centre. The problem has been continuing for some time.,water_supply,english,NYC311_seed_controlled_augmentation_v2
There is a water supply issue involving possible water main break on the main road. The problem has been continuing for some time.,water_supply,english,NYC311_seed_controlled_augmentation_v2
Please resolve the drainage issue involving sewer or drain near the school. We would appreciate assistance with this problem.,drainage,english,NYC311_seed_controlled_augmentation_v2
WIRING is affecting the area near the junction. We would appreciate assistance with this problem.,electricity,english,NYC311_seed_controlled_augmentation_v2
Our area is facing hydrant leaking near the school.,water_supply,english,NYC311_seed_controlled_augmentation_v2
There is a waste management problem involving loose rubbish in our neighbourhood. This issue needs urgent attention.,garbage,english,NYC311_seed_controlled_augmentation_v2
Large Number of Mosquitoes is affecting the surrounding environment near the junction.,environment,english,NYC311_seed_controlled_augmentation_v2
Please repair curb defect-metal protruding near the hospital.,roads,english,NYC311_seed_controlled_augmentation_v2
Drivers are facing problems because of pothole in the residential area. Residents are requesting assistance.,roads,english,NYC311_seed_controlled_augmentation_v2
Please repair pothole close to the bus stop. Please send the responsible team to inspect the area.,roads,english,NYC311_seed_controlled_augmentation_v2
Residents have complained about missed collection in our neighbourhood. This is causing inconvenience to the public.,garbage,english,NYC311_seed_controlled_augmentation_v2
unknown odor/taste in drinking water is affecting the local water supply near the school.,water_supply,english,NYC311_seed_controlled_augmentation_v2
The drainage issue appears to involve culvert blocked/needs cleaning near the school. This issue needs urgent attention.,drainage,english,NYC311_seed_controlled_augmentation_v2
The electricity service has a problem with power outage near the public market.,electricity,english,NYC311_seed_controlled_augmentation_v2
Chemical Odor is affecting the surrounding environment near the public market.,environment,english,NYC311_seed_controlled_augmentation_v2
People in the area are experiencing heavy flow near the hospital. Please arrange an inspection.,water_supply,english,NYC311_seed_controlled_augmentation_v2
Curb Defect-Metal Protruding is causing difficulties for vehicles along the roadside. We would appreciate assistance with this problem.,roads,english,NYC311_seed_controlled_augmentation_v2
Our area is facing low water pressure close to the bus stop.,water_supply,english,NYC311_seed_controlled_augmentation_v2
We would like to report broken curb in our neighbourhood. Please arrange an inspection.,roads,english,NYC311_seed_controlled_augmentation_v2
We need assistance with sewage leak near the hospital. The problem has been continuing for some time.,drainage,english,NYC311_seed_controlled_augmentation_v2
There is a waste management problem involving dirty sidewalk close to the bus stop. We would appreciate assistance with this problem.,garbage,english,NYC311_seed_controlled_augmentation_v2
The water service is affected by dirty water in our neighbourhood.,water_supply,english,NYC311_seed_controlled_augmentation_v2
Dirty Sidewalk is creating an unsanitary condition near the hospital. Please resolve this problem as soon as possible.,garbage,english,NYC311_seed_controlled_augmentation_v2
There is a water supply issue involving possible water main break near the public market. Please resolve this problem as soon as possible.,water_supply,english,NYC311_seed_controlled_augmentation_v2
Residents are requesting action regarding chemical spill/release outside our building. We would appreciate assistance with this problem.,environment,english,NYC311_seed_controlled_augmentation_v2
Waste has become a problem due to missed recycling - m/g/pl in our neighbourhood. The problem has been continuing for some time.,garbage,english,NYC311_seed_controlled_augmentation_v2
The road surface is damaged due to curb defect-metal protruding in the residential area. Please arrange an inspection.,roads,english,NYC311_seed_controlled_augmentation_v2
"People in the area are experiencing taste/odor, bitter/metallic in our neighbourhood. Residents are requesting assistance.",water_supply,english,NYC311_seed_controlled_augmentation_v2
We are experiencing an electrical problem involving multiple street lights out near the public market. This issue needs urgent attention.,electricity,english,NYC311_seed_controlled_augmentation_v2
We need assistance with ponding close to the town centre. Residents are requesting assistance.,drainage,english,NYC311_seed_controlled_augmentation_v2
Waste has become a problem due to missed recycling - m/g/pl outside our building. This issue needs urgent attention.,garbage,english,NYC311_seed_controlled_augmentation_v2
unknown odor/taste in drinking water is affecting the local water supply near the public market. Please investigate this issue.,water_supply,english,NYC311_seed_controlled_augmentation_v2
"Residents are concerned about oil spill on street, large near the school.",environment,english,NYC311_seed_controlled_augmentation_v2
Please resolve the drainage issue involving rain garden flooding close to the town centre. Please resolve this problem as soon as possible.,drainage,english,NYC311_seed_controlled_augmentation_v2
The road surface is damaged due to failed street repair near the public market.,roads,english,NYC311_seed_controlled_augmentation_v2
"Residents are concerned about oil spill on street, small near the hospital. Please arrange an inspection.",environment,english,NYC311_seed_controlled_augmentation_v2
This environmental problem involves chemical spill/release near the junction. We would appreciate assistance with this problem.,environment,english,NYC311_seed_controlled_augmentation_v2
"Residents are concerned about rough, pitted or cracked roads in our neighbourhood. Please arrange an inspection.",roads,english,NYC311_seed_controlled_augmentation_v2
There is a water supply issue involving no water in the residential area.,water_supply,english,NYC311_seed_controlled_augmentation_v2
We would like to report cave-in near the hospital.,roads,english,NYC311_seed_controlled_augmentation_v2
We are experiencing unknown odor/taste in drinking water near the school.,water_supply,english,NYC311_seed_controlled_augmentation_v2
"Residents are concerned about air: dust, construction/demolition near the hospital. Please send the responsible team to inspect the area.",environment,english,NYC311_seed_controlled_augmentation_v2
Garbage collection is affected by improper disposal close to the bus stop. Please investigate this issue.,garbage,english,NYC311_seed_controlled_augmentation_v2
The road has cave-in close to the bus stop. Please send the responsible team to inspect the area.,roads,english,NYC311_seed_controlled_augmentation_v2
"Please inspect the environmental issue involving oil spill on street, small near our house. Please investigate this issue.",environment,english,NYC311_seed_controlled_augmentation_v2
Please arrange cleaning because of missed recycling - m/g/pl near the hospital.,garbage,english,NYC311_seed_controlled_augmentation_v2
People in the area are affected by power outage close to the bus stop. The problem has been continuing for some time.,electricity,english,NYC311_seed_controlled_augmentation_v2
Dirty Area/Alleyway is creating an unsanitary condition close to the bus stop.,garbage,english,NYC311_seed_controlled_augmentation_v2
The road has defective hardware in the residential area. Please arrange an inspection.,roads,english,NYC311_seed_controlled_augmentation_v2
We are experiencing possible water main break near the hospital. Please send the responsible team to inspect the area.,water_supply,english,NYC311_seed_controlled_augmentation_v2
We need assistance with street flooding along the roadside. Please resolve this problem as soon as possible.,drainage,english,NYC311_seed_controlled_augmentation_v2
People in the area are affected by street light out near the junction.,electricity,english,NYC311_seed_controlled_augmentation_v2
The electrical system needs attention because of power outage near the hospital.,electricity,english,NYC311_seed_controlled_augmentation_v2
We have noticed chemical spill/release on the main road. This is causing inconvenience to the public.,environment,english,NYC311_seed_controlled_augmentation_v2
There is street cond/dump-out/drop-off along the roadside. Please investigate this issue.,garbage,english,NYC311_seed_controlled_augmentation_v2
Please inspect the electrical issue involving multiple street lights out outside our building.,electricity,english,NYC311_seed_controlled_augmentation_v2
Please investigate chemical spill/release outside our building.,environment,english,NYC311_seed_controlled_augmentation_v2
"This environmental problem involves air: dust, other near the junction.",environment,english,NYC311_seed_controlled_augmentation_v2
"People in the area are experiencing taste/odor, chlorine along the roadside. Please resolve this problem as soon as possible.",water_supply,english,NYC311_seed_controlled_augmentation_v2
Leak is affecting the local water supply close to the town centre. We would appreciate assistance with this problem.,water_supply,english,NYC311_seed_controlled_augmentation_v2
The electricity service has a problem with outlet/switch close to the bus stop.,electricity,english,NYC311_seed_controlled_augmentation_v2
Residents have complained about missed recycling paper in our neighbourhood.,garbage,english,NYC311_seed_controlled_augmentation_v2
We would like to report pothole near the public market. Please resolve this problem as soon as possible.,roads,english,NYC311_seed_controlled_augmentation_v2
The water service is affected by low water pressure near the school. The problem has been continuing for some time.,water_supply,english,NYC311_seed_controlled_augmentation_v2
The drainage system is affected by catch basin clogged/flooding in the residential area. This issue needs urgent attention.,drainage,english,NYC311_seed_controlled_augmentation_v2
Please check the water system because of hydrant leaking close to the bus stop.,water_supply,english,NYC311_seed_controlled_augmentation_v2
The area needs cleaning because of missed recycling-all materials near our house. Residents are requesting assistance.,garbage,english,NYC311_seed_controlled_augmentation_v2
Dirty Sidewalk is creating an unsanitary condition on the main road.,garbage,english,NYC311_seed_controlled_augmentation_v2
We are experiencing dirty water near the public market.,water_supply,english,NYC311_seed_controlled_augmentation_v2
Residents have reported no water near the public market. Please send the responsible team to inspect the area.,water_supply,english,NYC311_seed_controlled_augmentation_v2
The electricity service has a problem with lamppost knocked down near the school. Please take the necessary action.,electricity,english,NYC311_seed_controlled_augmentation_v2
"Residents have reported taste/odor, chlorine along the roadside. Please arrange an inspection.",water_supply,english,NYC311_seed_controlled_augmentation_v2
Residents are concerned about air: other air problem near the hospital. Please arrange an inspection.,environment,english,NYC311_seed_controlled_augmentation_v2
"This environmental problem involves oil spill on street, large on the main road. This issue needs urgent attention.",environment,english,NYC311_seed_controlled_augmentation_v2
Residents are reporting catch basin clogged/flooding close to the town centre. Please arrange an inspection.,drainage,english,NYC311_seed_controlled_augmentation_v2
There is curb defect-metal protruding near our house. We would appreciate assistance with this problem.,roads,english,NYC311_seed_controlled_augmentation_v2
"Please inspect the environmental issue involving air: dust, other near the hospital. Please take the necessary action.",environment,english,NYC311_seed_controlled_augmentation_v2
"We have noticed oil spill on street, small in the residential area.",environment,english,NYC311_seed_controlled_augmentation_v2
Residents are concerned about curb defect-metal protruding near the school. We would appreciate assistance with this problem.,roads,english,NYC311_seed_controlled_augmentation_v2
Residents have reported leak near the school. Please take the necessary action.,water_supply,english,NYC311_seed_controlled_augmentation_v2
"We would like to report rough, pitted or cracked roads close to the town centre. This is causing inconvenience to the public.",roads,english,NYC311_seed_controlled_augmentation_v2
"Please investigate unsafe chemical, storage in our neighbourhood. Residents are requesting assistance.",environment,english,NYC311_seed_controlled_augmentation_v2
We are experiencing no water near the school. The problem has been continuing for some time.,water_supply,english,NYC311_seed_controlled_augmentation_v2
The drainage system is affected by sewage leak outside our building. Please take the necessary action.,drainage,english,NYC311_seed_controlled_augmentation_v2
The area needs cleaning because of missed recycling - m/g/pl near the junction. Please send the responsible team to inspect the area.,garbage,english,NYC311_seed_controlled_augmentation_v2
"There appears to be taste/odor, bitter/metallic along the roadside.",water_supply,english,NYC311_seed_controlled_augmentation_v2
There is no lighting near the hospital.,electricity,english,NYC311_seed_controlled_augmentation_v2
The road surface is damaged due to cave-in outside our building. Please send the responsible team to inspect the area.,roads,english,NYC311_seed_controlled_augmentation_v2
Please send a technician because of electrical wiring defective/exposed outside our building. This issue needs urgent attention.,electricity,english,NYC311_seed_controlled_augmentation_v2
The water service is affected by heavy flow near the hospital. Please take the necessary action.,water_supply,english,NYC311_seed_controlled_augmentation_v2
The drainage issue appears to involve ponding close to the town centre.,drainage,english,NYC311_seed_controlled_augmentation_v2
The electricity service has a problem with no lighting close to the bus stop.,electricity,english,NYC311_seed_controlled_augmentation_v2
Cave-in is causing difficulties for vehicles close to the bus stop.,roads,english,NYC311_seed_controlled_augmentation_v2
Curb Defect-Metal Protruding is causing difficulties for vehicles close to the bus stop. This is causing inconvenience to the public.,roads,english,NYC311_seed_controlled_augmentation_v2
There appears to be lamppost knocked down near our house.,electricity,english,NYC311_seed_controlled_augmentation_v2
There is street flooding along the roadside.,drainage,english,NYC311_seed_controlled_augmentation_v2
Defective Hardware is causing difficulties for vehicles near the school. We would appreciate assistance with this problem.,roads,english,NYC311_seed_controlled_augmentation_v2
Residents have reported power outage on the main road. This is causing inconvenience to the public.,electricity,english,NYC311_seed_controlled_augmentation_v2
The area is affected by ventilation close to the bus stop. Please resolve this problem as soon as possible.,environment,english,NYC311_seed_controlled_augmentation_v2
Lamppost Wire Exposed is affecting the area in our neighbourhood. Please take the necessary action.,electricity,english,NYC311_seed_controlled_augmentation_v2
The road has pothole - highway outside our building. Please send the responsible team to inspect the area.,roads,english,NYC311_seed_controlled_augmentation_v2
Residents are concerned about chemical spill/release in our neighbourhood. Residents are requesting assistance.,environment,english,NYC311_seed_controlled_augmentation_v2
The electrical system needs attention because of lighting near our house.,electricity,english,NYC311_seed_controlled_augmentation_v2
The electrical system needs attention because of street light out near our house.,electricity,english,NYC311_seed_controlled_augmentation_v2
Drivers are facing problems because of curb defect-metal protruding near the public market. We would appreciate assistance with this problem.,roads,english,NYC311_seed_controlled_augmentation_v2
People in the area are experiencing leak near the public market.,water_supply,english,NYC311_seed_controlled_augmentation_v2
Vehicles are being affected by pothole near the junction. Please arrange an inspection.,roads,english,NYC311_seed_controlled_augmentation_v2
Please check the water system because of heavy flow in our neighbourhood. Please arrange an inspection.,water_supply,english,NYC311_seed_controlled_augmentation_v2
Residents have complained about missed collection on the main road.,garbage,english,NYC311_seed_controlled_augmentation_v2
Please inspect the drain because of street flooding near the junction.,drainage,english,NYC311_seed_controlled_augmentation_v2
There is pothole - highway near our house. Residents are requesting assistance.,roads,english,NYC311_seed_controlled_augmentation_v2
Residents have complained about receptacle violation near the junction. The problem has been continuing for some time.,garbage,english,NYC311_seed_controlled_augmentation_v2
The road needs attention because of wear & tear along the roadside. We would appreciate assistance with this problem.,roads,english,NYC311_seed_controlled_augmentation_v2
People nearby have complained about chemical vapors/gases/odors near the school.,environment,english,NYC311_seed_controlled_augmentation_v2
The water service is affected by unknown odor/taste in drinking water outside our building. Please send the responsible team to inspect the area.,water_supply,english,NYC311_seed_controlled_augmentation_v2
Please send a technician because of lamppost wire exposed outside our building. Residents are requesting assistance.,electricity,english,NYC311_seed_controlled_augmentation_v2
The area needs cleaning because of receptacle violation near the junction. We would appreciate assistance with this problem.,garbage,english,NYC311_seed_controlled_augmentation_v2
Residents are requesting action regarding dirty area/alleyway close to the bus stop.,garbage,english,NYC311_seed_controlled_augmentation_v2
Residents have complained about dirty area/alleyway in the residential area.,garbage,english,NYC311_seed_controlled_augmentation_v2
Please check the water system because of damp spot near the junction. The problem has been continuing for some time.,water_supply,english,NYC311_seed_controlled_augmentation_v2
The electrical system needs attention because of wiring near the hospital. Residents are requesting assistance.,electricity,english,NYC311_seed_controlled_augmentation_v2
Please inspect the electrical issue involving multiple street lights out near the school.,electricity,english,NYC311_seed_controlled_augmentation_v2
Please check the water system because of possible water main break near the hospital. We would appreciate assistance with this problem.,water_supply,english,NYC311_seed_controlled_augmentation_v2
"There is a water supply issue involving taste/odor, chlorine close to the bus stop. Please investigate this issue.",water_supply,english,NYC311_seed_controlled_augmentation_v2
Vehicles are being affected by defective hardware near our house. This is causing inconvenience to the public.,roads,english,NYC311_seed_controlled_augmentation_v2
The drain is causing problems because of manhole overflow near the hospital.,drainage,english,NYC311_seed_controlled_augmentation_v2
We are experiencing leak in the residential area. This issue needs urgent attention.,water_supply,english,NYC311_seed_controlled_augmentation_v2
Please send a technician because of power outage near the public market. Please take the necessary action.,electricity,english,NYC311_seed_controlled_augmentation_v2
The area is affected by air: other air problem outside our building.,environment,english,NYC311_seed_controlled_augmentation_v2
There is curb defect-metal protruding on the main road. This issue needs urgent attention.,roads,english,NYC311_seed_controlled_augmentation_v2
The drain is causing problems because of catch basin clogged/flooding on the main road. Please send the responsible team to inspect the area.,drainage,english,NYC311_seed_controlled_augmentation_v2
The electricity service has a problem with street light out near the junction. Please take the necessary action.,electricity,english,NYC311_seed_controlled_augmentation_v2
Please arrange cleaning because of improper disposal close to the town centre. The problem has been continuing for some time.,garbage,english,NYC311_seed_controlled_augmentation_v2
The road surface is damaged due to defective hardware on the main road.,roads,english,NYC311_seed_controlled_augmentation_v2
The road needs attention because of failed street repair near the junction. Please arrange an inspection.,roads,english,NYC311_seed_controlled_augmentation_v2
Drivers are facing problems because of curb defect-metal protruding close to the bus stop. This issue needs urgent attention.,roads,english,NYC311_seed_controlled_augmentation_v2
The road has pothole - highway in our neighbourhood. Residents are requesting assistance.,roads,english,NYC311_seed_controlled_augmentation_v2
The area is affected by ventilation near the junction. We would appreciate assistance with this problem.,environment,english,NYC311_seed_controlled_augmentation_v2
Garbage collection is affected by street cond/dump-out/drop-off near our house.,garbage,english,NYC311_seed_controlled_augmentation_v2
There is a water supply issue involving dirty water close to the town centre.,water_supply,english,NYC311_seed_controlled_augmentation_v2
Residents are concerned about defective hardware near the public market.,roads,english,NYC311_seed_controlled_augmentation_v2
The drain is causing problems because of sewer backup in our neighbourhood.,drainage,english,NYC311_seed_controlled_augmentation_v2
We need assistance with sewer or drain on the main road.,drainage,english,NYC311_seed_controlled_augmentation_v2
OUTLET/SWITCH is affecting the area near the hospital.,electricity,english,NYC311_seed_controlled_augmentation_v2
There is pothole - highway close to the bus stop.,roads,english,NYC311_seed_controlled_augmentation_v2
Please inspect the drain because of sewer or drain outside our building. Please arrange an inspection.,drainage,english,NYC311_seed_controlled_augmentation_v2
Please inspect the electrical issue involving street light out close to the town centre. This issue needs urgent attention.,electricity,english,NYC311_seed_controlled_augmentation_v2
The road surface is damaged due to curb defect-metal protruding along the roadside.,roads,english,NYC311_seed_controlled_augmentation_v2
People in the area are experiencing no water close to the bus stop. We would appreciate assistance with this problem.,water_supply,english,NYC311_seed_controlled_augmentation_v2
Drivers are facing problems because of failed street repair close to the bus stop.,roads,english,NYC311_seed_controlled_augmentation_v2
People in the area are affected by lighting along the roadside. Please resolve this problem as soon as possible.,electricity,english,NYC311_seed_controlled_augmentation_v2
Residents are requesting action regarding street cond/dump-out/drop-off close to the town centre. Please take the necessary action.,garbage,english,NYC311_seed_controlled_augmentation_v2
"Drivers are facing problems because of rough, pitted or cracked roads outside our building.",roads,english,NYC311_seed_controlled_augmentation_v2
The road surface is damaged due to wear & tear near the school. The problem has been continuing for some time.,roads,english,NYC311_seed_controlled_augmentation_v2
Drivers are facing problems because of defective hardware close to the town centre. We would appreciate assistance with this problem.,roads,english,NYC311_seed_controlled_augmentation_v2
People in the area are experiencing hydrant leaking on the main road. Residents are requesting assistance.,water_supply,english,NYC311_seed_controlled_augmentation_v2
There is bulk-missed recy collection in the residential area.,garbage,english,NYC311_seed_controlled_augmentation_v2
Please address street cond/dump-out/drop-off near the junction. This issue needs urgent attention.,garbage,english,NYC311_seed_controlled_augmentation_v2
Missed Collection is creating an unsanitary condition close to the town centre. This is causing inconvenience to the public.,garbage,english,NYC311_seed_controlled_augmentation_v2
Waste has become a problem due to bulk-missed recy collection in our neighbourhood. Please send the responsible team to inspect the area.,garbage,english,NYC311_seed_controlled_augmentation_v2
Residents are concerned about asbestos complaint along the roadside.,environment,english,NYC311_seed_controlled_augmentation_v2
We are experiencing unknown odor/taste in drinking water on the main road. Residents are requesting assistance.,water_supply,english,NYC311_seed_controlled_augmentation_v2
Please resolve the drainage issue involving sewage leak close to the town centre. Please resolve this problem as soon as possible.,drainage,english,NYC311_seed_controlled_augmentation_v2
People in the area are experiencing heavy flow near the hospital. Please send the responsible team to inspect the area.,water_supply,english,NYC311_seed_controlled_augmentation_v2
Residents are concerned about broken curb close to the bus stop. Please send the responsible team to inspect the area.,roads,english,NYC311_seed_controlled_augmentation_v2
Manhole Overflow is causing drainage problems close to the bus stop.,drainage,english,NYC311_seed_controlled_augmentation_v2
There is missed recycling-all materials on the main road. We would appreciate assistance with this problem.,garbage,english,NYC311_seed_controlled_augmentation_v2
The electricity service has a problem with lamppost wire exposed near our house.,electricity,english,NYC311_seed_controlled_augmentation_v2
Wastewater problems have occurred due to sewage odor near the hospital.,drainage,english,NYC311_seed_controlled_augmentation_v2
Residents are requesting action regarding chemical spill/release in the residential area. Please arrange an inspection.,environment,english,NYC311_seed_controlled_augmentation_v2
"Air: Dust, Construction/Demolition is affecting the surrounding environment outside our building.",environment,english,NYC311_seed_controlled_augmentation_v2
Please investigate the water problem caused by unknown odor/taste in drinking water in our neighbourhood.,water_supply,english,NYC311_seed_controlled_augmentation_v2
Please send a technician because of lighting close to the bus stop. Residents are requesting assistance.,electricity,english,NYC311_seed_controlled_augmentation_v2
NO LIGHTING is affecting the area close to the bus stop. The problem has been continuing for some time.,electricity,english,NYC311_seed_controlled_augmentation_v2
"Residents are concerned about oil spill on street, small in the residential area. Please take the necessary action.",environment,english,NYC311_seed_controlled_augmentation_v2
The water service is affected by unknown odor/taste in drinking water in our neighbourhood. Please resolve this problem as soon as possible.,water_supply,english,NYC311_seed_controlled_augmentation_v2
Please investigate the water problem caused by slow leak close to the town centre.,water_supply,english,NYC311_seed_controlled_augmentation_v2
unknown odor/taste in drinking water is affecting the local water supply along the roadside. Please arrange an inspection.,water_supply,english,NYC311_seed_controlled_augmentation_v2
The road has pothole - highway on the main road.,roads,english,NYC311_seed_controlled_augmentation_v2
There is a waste management problem involving street cond/dump-out/drop-off on the main road. The problem has been continuing for some time.,garbage,english,NYC311_seed_controlled_augmentation_v2
Please address loose rubbish along the roadside. Please resolve this problem as soon as possible.,garbage,english,NYC311_seed_controlled_augmentation_v2
"People in the area are experiencing taste/odor, bitter/metallic near the hospital.",water_supply,english,NYC311_seed_controlled_augmentation_v2
Our area is facing heavy flow along the roadside. Please take the necessary action.,water_supply,english,NYC311_seed_controlled_augmentation_v2
"There appears to be taste/odor, bitter/metallic close to the town centre. Residents are requesting assistance.",water_supply,english,NYC311_seed_controlled_augmentation_v2
Waste has become a problem due to dirty area/alleyway near the junction.,garbage,english,NYC311_seed_controlled_augmentation_v2
Bulk-Missed Collection is creating an unsanitary condition in the residential area. The problem has been continuing for some time.,garbage,english,NYC311_seed_controlled_augmentation_v2
There is an environmental issue involving ventilation near the hospital. Please resolve this problem as soon as possible.,environment,english,NYC311_seed_controlled_augmentation_v2
The road has defective hardware close to the bus stop. This is causing inconvenience to the public.,roads,english,NYC311_seed_controlled_augmentation_v2
Pothole - Highway is causing difficulties for vehicles near the public market.,roads,english,NYC311_seed_controlled_augmentation_v2
"We have noticed air: dust, other in the residential area. Please arrange an inspection.",environment,english,NYC311_seed_controlled_augmentation_v2
Please send a technician because of lighting near the public market. Please resolve this problem as soon as possible.,electricity,english,NYC311_seed_controlled_augmentation_v2
The water service is affected by low water pressure close to the town centre. Please resolve this problem as soon as possible.,water_supply,english,NYC311_seed_controlled_augmentation_v2
Please send a technician because of wiring near the junction. Please send the responsible team to inspect the area.,electricity,english,NYC311_seed_controlled_augmentation_v2
There appears to be lamppost knocked down near the school.,electricity,english,NYC311_seed_controlled_augmentation_v2
Lamppost Wire Exposed is affecting the area along the roadside.,electricity,english,NYC311_seed_controlled_augmentation_v2
People in the area are affected by power outage in the residential area. Please arrange an inspection.,electricity,english,NYC311_seed_controlled_augmentation_v2
There is street light out near our house. We would appreciate assistance with this problem.,electricity,english,NYC311_seed_controlled_augmentation_v2
Missed Recycling - M/G/Pl is creating an unsanitary condition close to the bus stop.,garbage,english,NYC311_seed_controlled_augmentation_v2
OUTLET/SWITCH is affecting the area near our house. Residents are requesting assistance.,electricity,english,NYC311_seed_controlled_augmentation_v2
There is a water supply issue involving low water pressure near the hospital. We would appreciate assistance with this problem.,water_supply,english,NYC311_seed_controlled_augmentation_v2
The drainage system is affected by culvert blocked/needs cleaning in the residential area. Please send the responsible team to inspect the area.,drainage,english,NYC311_seed_controlled_augmentation_v2
"Drivers are facing problems because of rough, pitted or cracked roads along the roadside. Please arrange an inspection.",roads,english,NYC311_seed_controlled_augmentation_v2
"Residents are concerned about air: smoke, vehicular along the roadside. We would appreciate assistance with this problem.",environment,english,NYC311_seed_controlled_augmentation_v2
Please resolve the drainage issue involving sewage odor near the public market.,drainage,english,NYC311_seed_controlled_augmentation_v2
People in the area are experiencing hydrant leaking close to the town centre.,water_supply,english,NYC311_seed_controlled_augmentation_v2
There is missed recycling - m/g/pl near the school. We would appreciate assistance with this problem.,garbage,english,NYC311_seed_controlled_augmentation_v2
"Residents are requesting action regarding air: odor/fumes, vehicle idling near the junction. Please arrange an inspection.",environment,english,NYC311_seed_controlled_augmentation_v2
Garbage collection is affected by bulk-missed recy collection along the roadside.,garbage,english,NYC311_seed_controlled_augmentation_v2
Garbage collection is affected by bulk-missed recy collection along the roadside. Please send the responsible team to inspect the area.,garbage,english,NYC311_seed_controlled_augmentation_v2
We have noticed chemical spill/release outside our building. Please investigate this issue.,environment,english,NYC311_seed_controlled_augmentation_v2
Residents are concerned about pothole near the public market. This is causing inconvenience to the public.,roads,english,NYC311_seed_controlled_augmentation_v2
Please investigate the water problem caused by dirty water along the roadside. Please arrange an inspection.,water_supply,english,NYC311_seed_controlled_augmentation_v2
Residents have complained about loose rubbish in our neighbourhood. Residents are requesting assistance.,garbage,english,NYC311_seed_controlled_augmentation_v2
Residents are requesting action regarding receptacle violation near the public market.,garbage,english,NYC311_seed_controlled_augmentation_v2
Please address loose rubbish near the hospital.,garbage,english,NYC311_seed_controlled_augmentation_v2
The electricity service has a problem with multiple street lights out on the main road.,electricity,english,NYC311_seed_controlled_augmentation_v2
Drivers are facing problems because of broken curb near the junction. Residents are requesting assistance.,roads,english,NYC311_seed_controlled_augmentation_v2
We need assistance with sewer or drain in our neighbourhood. Please investigate this issue.,drainage,english,NYC311_seed_controlled_augmentation_v2
Garbage collection is affected by loose rubbish near the school.,garbage,english,NYC311_seed_controlled_augmentation_v2
"Please investigate unsafe chemical, storage near the school. Please take the necessary action.",environment,english,NYC311_seed_controlled_augmentation_v2
"There is an environmental issue involving air: dust, construction/demolition close to the bus stop. Residents are requesting assistance.",environment,english,NYC311_seed_controlled_augmentation_v2
"Air: Smoke, Vehicular is affecting the surrounding environment along the roadside. We would appreciate assistance with this problem.",environment,english,NYC311_seed_controlled_augmentation_v2
The road surface is damaged due to pothole near our house. Please investigate this issue.,roads,english,NYC311_seed_controlled_augmentation_v2
We are experiencing an electrical problem involving lighting outside our building. Please arrange an inspection.,electricity,english,NYC311_seed_controlled_augmentation_v2
Residents have reported unknown odor/taste in drinking water close to the bus stop. Please resolve this problem as soon as possible.,water_supply,english,NYC311_seed_controlled_augmentation_v2
Residents have reported electrical wiring defective/exposed close to the town centre.,electricity,english,NYC311_seed_controlled_augmentation_v2
"We would like to report rough, pitted or cracked roads on the main road.",roads,english,NYC311_seed_controlled_augmentation_v2
There is failed street repair near our house.,roads,english,NYC311_seed_controlled_augmentation_v2
There is missed recycling - m/g/pl near the junction. We would appreciate assistance with this problem.,garbage,english,NYC311_seed_controlled_augmentation_v2
There is culvert blocked/needs cleaning along the roadside. We would appreciate assistance with this problem.,drainage,english,NYC311_seed_controlled_augmentation_v2
Vehicles are being affected by pothole near the school.,roads,english,NYC311_seed_controlled_augmentation_v2
The drain is causing problems because of catch basin clogged/flooding near the junction. Please resolve this problem as soon as possible.,drainage,english,NYC311_seed_controlled_augmentation_v2
There appears to be heavy flow on the main road. The problem has been continuing for some time.,water_supply,english,NYC311_seed_controlled_augmentation_v2
We need assistance with rain garden flooding near our house. The problem has been continuing for some time.,drainage,english,NYC311_seed_controlled_augmentation_v2
The area needs cleaning because of missed recycling-all materials in the residential area.,garbage,english,NYC311_seed_controlled_augmentation_v2
There appears to be hydrant leaking close to the bus stop. This issue needs urgent attention.,water_supply,english,NYC311_seed_controlled_augmentation_v2
Defective Hardware is causing difficulties for vehicles near the junction. We would appreciate assistance with this problem.,roads,english,NYC311_seed_controlled_augmentation_v2
Please resolve the drainage issue involving ponding near the junction. Residents are requesting assistance.,drainage,english,NYC311_seed_controlled_augmentation_v2
There is street flooding near the public market. Residents are requesting assistance.,drainage,english,NYC311_seed_controlled_augmentation_v2
We are experiencing an electrical problem involving street light out near the hospital.,electricity,english,NYC311_seed_controlled_augmentation_v2
"Please inspect the environmental issue involving air: smoke, vehicular near the junction. This is causing inconvenience to the public.",environment,english,NYC311_seed_controlled_augmentation_v2
"This environmental problem involves unsafe chemical, abandoned outside our building. Please resolve this problem as soon as possible.",environment,english,NYC311_seed_controlled_augmentation_v2
"People nearby have complained about air: dust, other near the school.",environment,english,NYC311_seed_controlled_augmentation_v2
Broken Curb is causing difficulties for vehicles on the main road. Please send the responsible team to inspect the area.,roads,english,NYC311_seed_controlled_augmentation_v2
Please resolve the drainage issue involving culvert blocked/needs cleaning in our neighbourhood.,drainage,english,NYC311_seed_controlled_augmentation_v2
"This environmental problem involves air: dust, construction/demolition near the junction. Please send the responsible team to inspect the area.",environment,english,NYC311_seed_controlled_augmentation_v2
Bulk-Missed Recy Collection is creating an unsanitary condition close to the town centre. This is causing inconvenience to the public.,garbage,english,NYC311_seed_controlled_augmentation_v2
Garbage collection is affected by missed recycling-all materials on the main road. Please arrange an inspection.,garbage,english,NYC311_seed_controlled_augmentation_v2
Please arrange cleaning because of receptacle violation outside our building. Residents are requesting assistance.,garbage,english,NYC311_seed_controlled_augmentation_v2
The drainage system is affected by sewer backup near our house. This issue needs urgent attention.,drainage,english,NYC311_seed_controlled_augmentation_v2
Please inspect the electrical issue involving no lighting in the residential area.,electricity,english,NYC311_seed_controlled_augmentation_v2
OUTLET/SWITCH is affecting the area near the hospital. Please take the necessary action.,electricity,english,NYC311_seed_controlled_augmentation_v2
"We have noticed unsafe chemical, abandoned near the hospital.",environment,english,NYC311_seed_controlled_augmentation_v2
"Residents are requesting action regarding oil spill on street, small in the residential area. Please arrange an inspection.",environment,english,NYC311_seed_controlled_augmentation_v2
Please arrange cleaning because of bulk-missed recy collection near our house.,garbage,english,NYC311_seed_controlled_augmentation_v2
People in the area are affected by wiring close to the town centre. This issue needs urgent attention.,electricity,english,NYC311_seed_controlled_augmentation_v2
There is a waste management problem involving missed recycling - m/g/pl near our house.,garbage,english,NYC311_seed_controlled_augmentation_v2
"Air: Odor/Fumes, Restaurant is affecting the surrounding environment on the main road. Please arrange an inspection.",environment,english,NYC311_seed_controlled_augmentation_v2
The drain is causing problems because of rain garden flooding along the roadside.,drainage,english,NYC311_seed_controlled_augmentation_v2
There is an environmental issue involving large number of mosquitoes close to the bus stop.,environment,english,NYC311_seed_controlled_augmentation_v2
Residents are requesting action regarding street cond/dump-out/drop-off on the main road.,garbage,english,NYC311_seed_controlled_augmentation_v2
Please arrange cleaning because of dirty area/alleyway outside our building. Please take the necessary action.,garbage,english,NYC311_seed_controlled_augmentation_v2
"The road needs attention because of rough, pitted or cracked roads on the main road. This issue needs urgent attention.",roads,english,NYC311_seed_controlled_augmentation_v2
We need assistance with ponding in our neighbourhood. This is causing inconvenience to the public.,drainage,english,NYC311_seed_controlled_augmentation_v2
The electricity service has a problem with lamppost wire exposed near the hospital. We would appreciate assistance with this problem.,electricity,english,NYC311_seed_controlled_augmentation_v2
"Air: Odor/Fumes, Restaurant is affecting the surrounding environment near the junction. Please arrange an inspection.",environment,english,NYC311_seed_controlled_augmentation_v2
The area needs cleaning because of improper disposal on the main road. This issue needs urgent attention.,garbage,english,NYC311_seed_controlled_augmentation_v2
Please resolve the drainage issue involving catch basin clogged/flooding in the residential area. The problem has been continuing for some time.,drainage,english,NYC311_seed_controlled_augmentation_v2
Residents have reported dirty water close to the bus stop.,water_supply,english,NYC311_seed_controlled_augmentation_v2
There is cave-in in our neighbourhood. Please take the necessary action.,roads,english,NYC311_seed_controlled_augmentation_v2
Our area is facing possible water main break in the residential area. We would appreciate assistance with this problem.,water_supply,english,NYC311_seed_controlled_augmentation_v2
We would like to report wear & tear near the hospital. We would appreciate assistance with this problem.,roads,english,NYC311_seed_controlled_augmentation_v2
"Please investigate unsafe chemical, abandoned on the main road. Please send the responsible team to inspect the area.",environment,english,NYC311_seed_controlled_augmentation_v2
The electrical system needs attention because of wiring near the hospital.,electricity,english,NYC311_seed_controlled_augmentation_v2
The water service is affected by slow leak in the residential area.,water_supply,english,NYC311_seed_controlled_augmentation_v2
There is ponding near our house.,drainage,english,NYC311_seed_controlled_augmentation_v2
People in the area are affected by street light lamp dim near the hospital. This is causing inconvenience to the public.,electricity,english,NYC311_seed_controlled_augmentation_v2
Residents have complained about street cond/dump-out/drop-off in the residential area. Please send the responsible team to inspect the area.,garbage,english,NYC311_seed_controlled_augmentation_v2
Our area is facing slow leak close to the bus stop.,water_supply,english,NYC311_seed_controlled_augmentation_v2
The drain is causing problems because of manhole overflow close to the town centre.,drainage,english,NYC311_seed_controlled_augmentation_v2
There appears to be power outage close to the town centre. This is causing inconvenience to the public.,electricity,english,NYC311_seed_controlled_augmentation_v2
There is curb defect-metal protruding on the main road. This is causing inconvenience to the public.,roads,english,NYC311_seed_controlled_augmentation_v2
There is failed street repair near the school.,roads,english,NYC311_seed_controlled_augmentation_v2
There appears to be multiple street lights out near the junction. We would appreciate assistance with this problem.,electricity,english,NYC311_seed_controlled_augmentation_v2
People in the area are affected by no lighting in our neighbourhood. This is causing inconvenience to the public.,electricity,english,NYC311_seed_controlled_augmentation_v2
Garbage collection is affected by loose rubbish on the main road. This issue needs urgent attention.,garbage,english,NYC311_seed_controlled_augmentation_v2
"The road needs attention because of rough, pitted or cracked roads close to the bus stop. Residents are requesting assistance.",roads,english,NYC311_seed_controlled_augmentation_v2
The electrical system needs attention because of wiring close to the bus stop. Please arrange an inspection.,electricity,english,NYC311_seed_controlled_augmentation_v2
"There appears to be taste/odor, chlorine near the public market. This issue needs urgent attention.",water_supply,english,NYC311_seed_controlled_augmentation_v2
Residents are requesting action regarding missed recycling-all materials in the residential area. Please take the necessary action.,garbage,english,NYC311_seed_controlled_augmentation_v2
"Please repair rough, pitted or cracked roads near the junction.",roads,english,NYC311_seed_controlled_augmentation_v2
We would like to report cave-in near the public market. Please arrange an inspection.,roads,english,NYC311_seed_controlled_augmentation_v2
Please arrange cleaning because of missed recycling - m/g/pl near the junction.,garbage,english,NYC311_seed_controlled_augmentation_v2
Pothole is causing difficulties for vehicles near the public market. Please take the necessary action.,roads,english,NYC311_seed_controlled_augmentation_v2
Please inspect the drain because of culvert blocked/needs cleaning in the residential area.,drainage,english,NYC311_seed_controlled_augmentation_v2
There is wear & tear near our house. Residents are requesting assistance.,roads,english,NYC311_seed_controlled_augmentation_v2
There is missed recycling - m/g/pl near our house. Please investigate this issue.,garbage,english,NYC311_seed_controlled_augmentation_v2
Residents are requesting action regarding missed collection along the roadside.,garbage,english,NYC311_seed_controlled_augmentation_v2
This environmental problem involves air: other air problem near the public market. Please arrange an inspection.,environment,english,NYC311_seed_controlled_augmentation_v2
WIRING is affecting the area close to the bus stop.,electricity,english,NYC311_seed_controlled_augmentation_v2
There appears to be hydrant leaking near our house. This is causing inconvenience to the public.,water_supply,english,NYC311_seed_controlled_augmentation_v2
The water service is affected by hydrant leaking near the hospital. This issue needs urgent attention.,water_supply,english,NYC311_seed_controlled_augmentation_v2
We are experiencing slow leak near the junction.,water_supply,english,NYC311_seed_controlled_augmentation_v2
Sewer Backup is causing drainage problems close to the town centre. We would appreciate assistance with this problem.,drainage,english,NYC311_seed_controlled_augmentation_v2
People in the area are experiencing hydrant leaking on the main road. This is causing inconvenience to the public.,water_supply,english,NYC311_seed_controlled_augmentation_v2
Please check the water system because of no water near our house.,water_supply,english,NYC311_seed_controlled_augmentation_v2
The water service is affected by slow leak in the residential area. Please investigate this issue.,water_supply,english,NYC311_seed_controlled_augmentation_v2
Please repair wear & tear near the school. Residents are requesting assistance.,roads,english,NYC311_seed_controlled_augmentation_v2
There is loose rubbish near the public market. Please arrange an inspection.,garbage,english,NYC311_seed_controlled_augmentation_v2
"This environmental problem involves unsafe chemical, storage near the hospital. Residents are requesting assistance.",environment,english,NYC311_seed_controlled_augmentation_v2
There is a waste management problem involving dirty area/alleyway in our neighbourhood.,garbage,english,NYC311_seed_controlled_augmentation_v2
Please send a technician because of no lighting in the residential area.,electricity,english,NYC311_seed_controlled_augmentation_v2
Drivers are facing problems because of broken curb outside our building. This is causing inconvenience to the public.,roads,english,NYC311_seed_controlled_augmentation_v2
We are experiencing an electrical problem involving lamppost knocked down on the main road. This issue needs urgent attention.,electricity,english,NYC311_seed_controlled_augmentation_v2
The electricity service has a problem with wiring near the public market. The problem has been continuing for some time.,electricity,english,NYC311_seed_controlled_augmentation_v2
There appears to be wiring in our neighbourhood. Residents are requesting assistance.,electricity,english,NYC311_seed_controlled_augmentation_v2
The drain is causing problems because of sewer or drain near the school. Please send the responsible team to inspect the area.,drainage,english,NYC311_seed_controlled_augmentation_v2
Residents have reported street light lamp dim in our neighbourhood. Please resolve this problem as soon as possible.,electricity,english,NYC311_seed_controlled_augmentation_v2
Residents have reported low water pressure near the junction.,water_supply,english,NYC311_seed_controlled_augmentation_v2
We need assistance with catch basin clogged/flooding near our house. Please investigate this issue.,drainage,english,NYC311_seed_controlled_augmentation_v2
"This environmental problem involves air: odor/fumes, restaurant in the residential area.",environment,english,NYC311_seed_controlled_augmentation_v2
HEAVY FLOW is affecting the local water supply near the public market. Please arrange an inspection.,water_supply,english,NYC311_seed_controlled_augmentation_v2
"Our area is facing taste/odor, chlorine close to the bus stop. Please take the necessary action.",water_supply,english,NYC311_seed_controlled_augmentation_v2
Please check the water system because of hydrant leaking in the residential area. This is causing inconvenience to the public.,water_supply,english,NYC311_seed_controlled_augmentation_v2
Waste has become a problem due to missed recycling paper in the residential area. Please take the necessary action.,garbage,english,NYC311_seed_controlled_augmentation_v2
The electricity service has a problem with lighting in our neighbourhood.,electricity,english,NYC311_seed_controlled_augmentation_v2
There is a waste management problem involving missed recycling - m/g/pl near the junction. Please investigate this issue.,garbage,english,NYC311_seed_controlled_augmentation_v2
"Please repair rough, pitted or cracked roads close to the town centre. Please resolve this problem as soon as possible.",roads,english,NYC311_seed_controlled_augmentation_v2
No Water is affecting the local water supply near the school. Please arrange an inspection.,water_supply,english,NYC311_seed_controlled_augmentation_v2
People in the area are affected by no lighting near the public market. Residents are requesting assistance.,electricity,english,NYC311_seed_controlled_augmentation_v2
"There is an environmental issue involving oil spill on street, large in our neighbourhood. We would appreciate assistance with this problem.",environment,english,NYC311_seed_controlled_augmentation_v2
"We have noticed air: smoke, chimney or vent in our neighbourhood.",environment,english,NYC311_seed_controlled_augmentation_v2
The drain is causing problems because of sewage leak near the junction. Residents are requesting assistance.,drainage,english,NYC311_seed_controlled_augmentation_v2
Please send a technician because of lighting in our neighbourhood.,electricity,english,NYC311_seed_controlled_augmentation_v2
We are experiencing an electrical problem involving outlet/switch near the hospital. This issue needs urgent attention.,electricity,english,NYC311_seed_controlled_augmentation_v2
Residents have reported outlet/switch near the junction.,electricity,english,NYC311_seed_controlled_augmentation_v2
Residents have complained about missed recycling-all materials along the roadside. This issue needs urgent attention.,garbage,english,NYC311_seed_controlled_augmentation_v2
We have noticed chemical vapors/gases/odors outside our building.,environment,english,NYC311_seed_controlled_augmentation_v2
There appears to be multiple street lights out near the hospital.,electricity,english,NYC311_seed_controlled_augmentation_v2
"There is a water supply issue involving taste/odor, bitter/metallic along the roadside.",water_supply,english,NYC311_seed_controlled_augmentation_v2
Wastewater problems have occurred due to culvert blocked/needs cleaning near the school. Please send the responsible team to inspect the area.,drainage,english,NYC311_seed_controlled_augmentation_v2
The electricity service has a problem with street light lamp dim close to the bus stop. The problem has been continuing for some time.,electricity,english,NYC311_seed_controlled_augmentation_v2
People in the area are affected by outlet/switch near the school.,electricity,english,NYC311_seed_controlled_augmentation_v2
Please resolve the drainage issue involving catch basin clogged/flooding near the hospital.,drainage,english,NYC311_seed_controlled_augmentation_v2
"Please investigate air: smoke, chimney or vent near the public market.",environment,english,NYC311_seed_controlled_augmentation_v2
Vehicles are being affected by pothole in our neighbourhood. Please send the responsible team to inspect the area.,roads,english,NYC311_seed_controlled_augmentation_v2
Please inspect the electrical issue involving street light lamp dim near the public market. Residents are requesting assistance.,electricity,english,NYC311_seed_controlled_augmentation_v2
The water service is affected by low water pressure near our house. Please investigate this issue.,water_supply,english,NYC311_seed_controlled_augmentation_v2
NO LIGHTING is affecting the area near our house. Residents are requesting assistance.,electricity,english,NYC311_seed_controlled_augmentation_v2
We need assistance with ponding in the residential area.,drainage,english,NYC311_seed_controlled_augmentation_v2
The road needs attention because of failed street repair near our house.,roads,english,NYC311_seed_controlled_augmentation_v2
Residents have reported power outage in our neighbourhood. Please investigate this issue.,electricity,english,NYC311_seed_controlled_augmentation_v2
The electricity service has a problem with street light out on the main road.,electricity,english,NYC311_seed_controlled_augmentation_v2
Residents are concerned about defective hardware near the hospital.,roads,english,NYC311_seed_controlled_augmentation_v2
The electrical system needs attention because of no lighting on the main road. Please arrange an inspection.,electricity,english,NYC311_seed_controlled_augmentation_v2
The electricity service has a problem with lighting in the residential area.,electricity,english,NYC311_seed_controlled_augmentation_v2
Waste has become a problem due to dirty area/alleyway near the school. The problem has been continuing for some time.,garbage,english,NYC311_seed_controlled_augmentation_v2
Please inspect the environmental issue involving large number of mosquitoes outside our building. The problem has been continuing for some time.,environment,english,NYC311_seed_controlled_augmentation_v2
"This environmental problem involves air: smoke, chimney or vent in the residential area. Please investigate this issue.",environment,english,NYC311_seed_controlled_augmentation_v2
Please investigate the water problem caused by slow leak on the main road. Please arrange an inspection.,water_supply,english,NYC311_seed_controlled_augmentation_v2
There is dirty sidewalk in the residential area.,garbage,english,NYC311_seed_controlled_augmentation_v2
Residents have complained about street cond/dump-out/drop-off along the roadside. Residents are requesting assistance.,garbage,english,NYC311_seed_controlled_augmentation_v2
Please inspect the electrical issue involving electrical wiring defective/exposed outside our building. Please send the responsible team to inspect the area.,electricity,english,NYC311_seed_controlled_augmentation_v2
Please inspect the drain because of catch basin clogged/flooding along the roadside.,drainage,english,NYC311_seed_controlled_augmentation_v2
"Please investigate unsafe chemical, storage close to the town centre. Please take the necessary action.",environment,english,NYC311_seed_controlled_augmentation_v2
There appears to be electrical wiring defective/exposed close to the bus stop.,electricity,english,NYC311_seed_controlled_augmentation_v2
Pothole - Highway is causing difficulties for vehicles near the school. This is causing inconvenience to the public.,roads,english,NYC311_seed_controlled_augmentation_v2
The road needs attention because of curb defect-metal protruding outside our building.,roads,english,NYC311_seed_controlled_augmentation_v2
There appears to be lighting near the junction. Please send the responsible team to inspect the area.,electricity,english,NYC311_seed_controlled_augmentation_v2
Please investigate air: other air problem outside our building.,environment,english,NYC311_seed_controlled_augmentation_v2
The drainage issue appears to involve catch basin clogged/flooding close to the town centre.,drainage,english,NYC311_seed_controlled_augmentation_v2
Residents are reporting manhole overflow in the residential area. This issue needs urgent attention.,drainage,english,NYC311_seed_controlled_augmentation_v2
Vehicles are being affected by defective hardware along the roadside.,roads,english,NYC311_seed_controlled_augmentation_v2
Residents have complained about bulk-missed collection near the school.,garbage,english,NYC311_seed_controlled_augmentation_v2
Residents have complained about loose rubbish outside our building. Please investigate this issue.,garbage,english,NYC311_seed_controlled_augmentation_v2
There appears to be no water near the junction. Please arrange an inspection.,water_supply,english,NYC311_seed_controlled_augmentation_v2
The road needs attention because of cave-in near the junction.,roads,english,NYC311_seed_controlled_augmentation_v2
"This environmental problem involves air: odor/fumes, restaurant near the junction. Please take the necessary action.",environment,english,NYC311_seed_controlled_augmentation_v2
Residents are concerned about broken curb along the roadside. Please arrange an inspection.,roads,english,NYC311_seed_controlled_augmentation_v2
Please investigate chemical odor near the hospital. Please investigate this issue.,environment,english,NYC311_seed_controlled_augmentation_v2
Please resolve the drainage issue involving culvert blocked/needs cleaning outside our building.,drainage,english,NYC311_seed_controlled_augmentation_v2
"Please investigate air: smoke, vehicular in our neighbourhood. This issue needs urgent attention.",environment,english,NYC311_seed_controlled_augmentation_v2
Please arrange cleaning because of missed recycling paper near the hospital. Please arrange an inspection.,garbage,english,NYC311_seed_controlled_augmentation_v2
Hydrant Leaking is affecting the local water supply in our neighbourhood. This is causing inconvenience to the public.,water_supply,english,NYC311_seed_controlled_augmentation_v2
Garbage collection is affected by dirty sidewalk in our neighbourhood.,garbage,english,NYC311_seed_controlled_augmentation_v2
Please arrange cleaning because of bulk-missed collection along the roadside. Please resolve this problem as soon as possible.,garbage,english,NYC311_seed_controlled_augmentation_v2
There is sewage leak near our house.,drainage,english,NYC311_seed_controlled_augmentation_v2
The road surface is damaged due to pothole near our house. Please send the responsible team to inspect the area.,roads,english,NYC311_seed_controlled_augmentation_v2
The water service is affected by low water pressure in the residential area.,water_supply,english,NYC311_seed_controlled_augmentation_v2
We need assistance with manhole overflow in the residential area. This is causing inconvenience to the public.,drainage,english,NYC311_seed_controlled_augmentation_v2
We are experiencing possible water main break near the school.,water_supply,english,NYC311_seed_controlled_augmentation_v2
Please send a technician because of lighting in the residential area. This is causing inconvenience to the public.,electricity,english,NYC311_seed_controlled_augmentation_v2
"There is an environmental issue involving oil spill on street, large in our neighbourhood. This issue needs urgent attention.",environment,english,NYC311_seed_controlled_augmentation_v2
Residents are requesting action regarding missed recycling - m/g/pl along the roadside. The problem has been continuing for some time.,garbage,english,NYC311_seed_controlled_augmentation_v2
There is pothole near the public market. Residents are requesting assistance.,roads,english,NYC311_seed_controlled_augmentation_v2
"The area is affected by oil spill on street, small close to the bus stop.",environment,english,NYC311_seed_controlled_augmentation_v2
Residents are reporting culvert blocked/needs cleaning near the hospital.,drainage,english,NYC311_seed_controlled_augmentation_v2
"There is rough, pitted or cracked roads along the roadside.",roads,english,NYC311_seed_controlled_augmentation_v2
Residents have reported no water near the school. This issue needs urgent attention.,water_supply,english,NYC311_seed_controlled_augmentation_v2
The drainage system is affected by catch basin clogged/flooding near the junction. Please resolve this problem as soon as possible.,drainage,english,NYC311_seed_controlled_augmentation_v2
"There is a water supply issue involving taste/odor, bitter/metallic along the roadside. Please resolve this problem as soon as possible.",water_supply,english,NYC311_seed_controlled_augmentation_v2
"Residents are concerned about air: smoke, chimney or vent near the school. This is causing inconvenience to the public.",environment,english,NYC311_seed_controlled_augmentation_v2
There is a waste management problem involving street cond/dump-out/drop-off near the school. This issue needs urgent attention.,garbage,english,NYC311_seed_controlled_augmentation_v2
There appears to be dirty water close to the town centre. We would appreciate assistance with this problem.,water_supply,english,NYC311_seed_controlled_augmentation_v2
Please investigate the water problem caused by hydrant leaking on the main road. The problem has been continuing for some time.,water_supply,english,NYC311_seed_controlled_augmentation_v2
Please address missed collection near the hospital. Please investigate this issue.,garbage,english,NYC311_seed_controlled_augmentation_v2
Wastewater problems have occurred due to sewer backup in our neighbourhood.,drainage,english,NYC311_seed_controlled_augmentation_v2
The area needs cleaning because of missed recycling - m/g/pl in the residential area. Please investigate this issue.,garbage,english,NYC311_seed_controlled_augmentation_v2
There appears to be lamppost knocked down near the school. Please arrange an inspection.,electricity,english,NYC311_seed_controlled_augmentation_v2
There is defective hardware outside our building. Please investigate this issue.,roads,english,NYC311_seed_controlled_augmentation_v2
We are experiencing an electrical problem involving lamppost knocked down along the roadside.,electricity,english,NYC311_seed_controlled_augmentation_v2
Vehicles are being affected by wear & tear near the public market.,roads,english,NYC311_seed_controlled_augmentation_v2
The electrical system needs attention because of electrical wiring defective/exposed near our house.,electricity,english,NYC311_seed_controlled_augmentation_v2
"Residents are requesting action regarding air: dust, other near the hospital. This issue needs urgent attention.",environment,english,NYC311_seed_controlled_augmentation_v2
People in the area are affected by lighting on the main road.,electricity,english,NYC311_seed_controlled_augmentation_v2
Please check the water system because of low water pressure in our neighbourhood. Please arrange an inspection.,water_supply,english,NYC311_seed_controlled_augmentation_v2
"Our area is facing taste/odor, bitter/metallic close to the bus stop. Residents are requesting assistance.",water_supply,english,NYC311_seed_controlled_augmentation_v2
There is a waste management problem involving missed recycling paper on the main road.,garbage,english,NYC311_seed_controlled_augmentation_v2
Please inspect the electrical issue involving wiring in the residential area. Please send the responsible team to inspect the area.,electricity,english,NYC311_seed_controlled_augmentation_v2
The electrical system needs attention because of electrical wiring defective/exposed in our neighbourhood.,electricity,english,NYC311_seed_controlled_augmentation_v2
The drain is causing problems because of sewage odor along the roadside. The problem has been continuing for some time.,drainage,english,NYC311_seed_controlled_augmentation_v2
"Drivers are facing problems because of rough, pitted or cracked roads near our house. Please arrange an inspection.",roads,english,NYC311_seed_controlled_augmentation_v2
We would like to report failed street repair on the main road. Please investigate this issue.,roads,english,NYC311_seed_controlled_augmentation_v2
People in the area are experiencing no water near the public market. Please arrange an inspection.,water_supply,english,NYC311_seed_controlled_augmentation_v2
The drain is causing problems because of rain garden flooding close to the bus stop. This issue needs urgent attention.,drainage,english,NYC311_seed_controlled_augmentation_v2
"Please investigate air: dust, construction/demolition near the public market. This issue needs urgent attention.",environment,english,NYC311_seed_controlled_augmentation_v2
Our area is facing no water near the public market.,water_supply,english,NYC311_seed_controlled_augmentation_v2
The electrical system needs attention because of lighting close to the bus stop. Please investigate this issue.,electricity,english,NYC311_seed_controlled_augmentation_v2
Wastewater problems have occurred due to sewage leak near the school. We would appreciate assistance with this problem.,drainage,english,NYC311_seed_controlled_augmentation_v2
Please address street cond/dump-out/drop-off near the public market. This issue needs urgent attention.,garbage,english,NYC311_seed_controlled_augmentation_v2
Residents are reporting street flooding near the junction. Please send the responsible team to inspect the area.,drainage,english,NYC311_seed_controlled_augmentation_v2
There is manhole overflow near the school. This issue needs urgent attention.,drainage,english,NYC311_seed_controlled_augmentation_v2
"We would like to report rough, pitted or cracked roads in our neighbourhood.",roads,english,NYC311_seed_controlled_augmentation_v2
The drainage system is affected by ponding near the public market.,drainage,english,NYC311_seed_controlled_augmentation_v2
Please inspect the environmental issue involving chemical odor near the junction. The problem has been continuing for some time.,environment,english,NYC311_seed_controlled_augmentation_v2
Please check the water system because of hydrant leaking near the hospital.,water_supply,english,NYC311_seed_controlled_augmentation_v2
This environmental problem involves air: other air problem close to the bus stop. Please arrange an inspection.,environment,english,NYC311_seed_controlled_augmentation_v2
There is culvert blocked/needs cleaning near our house. We would appreciate assistance with this problem.,drainage,english,NYC311_seed_controlled_augmentation_v2
The drainage system is affected by sewer or drain near the school.,drainage,english,NYC311_seed_controlled_augmentation_v2
There is wiring near the public market.,electricity,english,NYC311_seed_controlled_augmentation_v2
Garbage collection is affected by dirty sidewalk in the residential area. Residents are requesting assistance.,garbage,english,NYC311_seed_controlled_augmentation_v2
Please resolve the drainage issue involving street flooding near the hospital. Please arrange an inspection.,drainage,english,NYC311_seed_controlled_augmentation_v2
Please inspect the environmental issue involving chemical spill/release outside our building. Please resolve this problem as soon as possible.,environment,english,NYC311_seed_controlled_augmentation_v2
"We have noticed air: dust, construction/demolition close to the town centre.",environment,english,NYC311_seed_controlled_augmentation_v2
Garbage collection is affected by missed recycling paper on the main road.,garbage,english,NYC311_seed_controlled_augmentation_v2
Garbage collection is affected by missed recycling - m/g/pl on the main road.,garbage,english,NYC311_seed_controlled_augmentation_v2
There appears to be street light out near the school.,electricity,english,NYC311_seed_controlled_augmentation_v2
The area needs cleaning because of bulk-missed recy collection close to the town centre. Please investigate this issue.,garbage,english,NYC311_seed_controlled_augmentation_v2
Please resolve the drainage issue involving catch basin clogged/flooding in our neighbourhood. This is causing inconvenience to the public.,drainage,english,NYC311_seed_controlled_augmentation_v2
Garbage collection is affected by loose rubbish near the public market. Please take the necessary action.,garbage,english,NYC311_seed_controlled_augmentation_v2
There appears to be leak near the public market.,water_supply,english,NYC311_seed_controlled_augmentation_v2
There appears to be lighting close to the bus stop. Please send the responsible team to inspect the area.,electricity,english,NYC311_seed_controlled_augmentation_v2
"Please check the water system because of taste/odor, chlorine near our house.",water_supply,english,NYC311_seed_controlled_augmentation_v2
The water service is affected by hydrant leaking near the junction. We would appreciate assistance with this problem.,water_supply,english,NYC311_seed_controlled_augmentation_v2
Please arrange cleaning because of dirty area/alleyway outside our building. Residents are requesting assistance.,garbage,english,NYC311_seed_controlled_augmentation_v2
"The area is affected by unsafe chemical, storage near our house.",environment,english,NYC311_seed_controlled_augmentation_v2
The road needs attention because of pothole near the junction. Please resolve this problem as soon as possible.,roads,english,NYC311_seed_controlled_augmentation_v2
There is street flooding near our house. We would appreciate assistance with this problem.,drainage,english,NYC311_seed_controlled_augmentation_v2
Our area is facing unknown odor/taste in drinking water near the junction. Residents are requesting assistance.,water_supply,english,NYC311_seed_controlled_augmentation_v2
We need assistance with catch basin clogged/flooding near our house. This is causing inconvenience to the public.,drainage,english,NYC311_seed_controlled_augmentation_v2
Please repair failed street repair on the main road.,roads,english,NYC311_seed_controlled_augmentation_v2
There is a water supply issue involving possible water main break in the residential area. This issue needs urgent attention.,water_supply,english,NYC311_seed_controlled_augmentation_v2
Residents have reported slow leak close to the bus stop. The problem has been continuing for some time.,water_supply,english,NYC311_seed_controlled_augmentation_v2
"We are experiencing taste/odor, chlorine near the hospital. Please arrange an inspection.",water_supply,english,NYC311_seed_controlled_augmentation_v2
Please resolve the drainage issue involving culvert blocked/needs cleaning in our neighbourhood. The problem has been continuing for some time.,drainage,english,NYC311_seed_controlled_augmentation_v2
The drainage issue appears to involve catch basin clogged/flooding in our neighbourhood.,drainage,english,NYC311_seed_controlled_augmentation_v2
The area is affected by chemical spill/release outside our building.,environment,english,NYC311_seed_controlled_augmentation_v2
"Oil Spill On Street, Large is affecting the surrounding environment near our house. Residents are requesting assistance.",environment,english,NYC311_seed_controlled_augmentation_v2
We need assistance with manhole overflow in the residential area. Please take the necessary action.,drainage,english,NYC311_seed_controlled_augmentation_v2
Residents have reported heavy flow near the junction.,water_supply,english,NYC311_seed_controlled_augmentation_v2
The electricity service has a problem with street light out close to the town centre. We would appreciate assistance with this problem.,electricity,english,NYC311_seed_controlled_augmentation_v2
The road needs attention because of curb defect-metal protruding close to the town centre. Please resolve this problem as soon as possible.,roads,english,NYC311_seed_controlled_augmentation_v2
Please inspect the electrical issue involving power outage close to the town centre. This is causing inconvenience to the public.,electricity,english,NYC311_seed_controlled_augmentation_v2
Residents are requesting action regarding street cond/dump-out/drop-off outside our building.,garbage,english,NYC311_seed_controlled_augmentation_v2
Please inspect the drain because of sewer or drain near the hospital. This is causing inconvenience to the public.,drainage,english,NYC311_seed_controlled_augmentation_v2
The drain is causing problems because of culvert blocked/needs cleaning near our house. Residents are requesting assistance.,drainage,english,NYC311_seed_controlled_augmentation_v2
Lamppost Knocked Down is affecting the area close to the bus stop.,electricity,english,NYC311_seed_controlled_augmentation_v2
Residents are concerned about chemical odor on the main road. The problem has been continuing for some time.,environment,english,NYC311_seed_controlled_augmentation_v2
The area needs cleaning because of bulk-missed collection outside our building.,garbage,english,NYC311_seed_controlled_augmentation_v2
People in the area are experiencing possible water main break outside our building. The problem has been continuing for some time.,water_supply,english,NYC311_seed_controlled_augmentation_v2
Please inspect the electrical issue involving lamppost wire exposed near the public market.,electricity,english,NYC311_seed_controlled_augmentation_v2
The drainage issue appears to involve culvert blocked/needs cleaning near the hospital.,drainage,english,NYC311_seed_controlled_augmentation_v2
The drain is causing problems because of sewer or drain in our neighbourhood. Please take the necessary action.,drainage,english,NYC311_seed_controlled_augmentation_v2
"There appears to be cloudy or milky, other on the main road. The problem has been continuing for some time.",water_supply,english,NYC311_seed_controlled_augmentation_v2
The drain is causing problems because of sewer or drain on the main road. We would appreciate assistance with this problem.,drainage,english,NYC311_seed_controlled_augmentation_v2
Vehicles are being affected by curb defect-metal protruding along the roadside. This is causing inconvenience to the public.,roads,english,NYC311_seed_controlled_augmentation_v2
Please inspect the drain because of manhole overflow near the hospital. This issue needs urgent attention.,drainage,english,NYC311_seed_controlled_augmentation_v2
Residents are requesting action regarding missed recycling paper outside our building.,garbage,english,NYC311_seed_controlled_augmentation_v2
The road has cave-in near our house. We would appreciate assistance with this problem.,roads,english,NYC311_seed_controlled_augmentation_v2
"This environmental problem involves air: odor/fumes, restaurant close to the town centre. The problem has been continuing for some time.",environment,english,NYC311_seed_controlled_augmentation_v2
There is wiring near the hospital.,electricity,english,NYC311_seed_controlled_augmentation_v2
Please inspect the drain because of sewage odor near the hospital. Please take the necessary action.,drainage,english,NYC311_seed_controlled_augmentation_v2
"People nearby have complained about air: dust, construction/demolition on the main road.",environment,english,NYC311_seed_controlled_augmentation_v2
Residents are requesting action regarding improper disposal close to the town centre. We would appreciate assistance with this problem.,garbage,english,NYC311_seed_controlled_augmentation_v2
The road has pothole near the school. Please arrange an inspection.,roads,english,NYC311_seed_controlled_augmentation_v2
The electrical system needs attention because of lighting near the junction. Please resolve this problem as soon as possible.,electricity,english,NYC311_seed_controlled_augmentation_v2
There is failed street repair in our neighbourhood. Please arrange an inspection.,roads,english,NYC311_seed_controlled_augmentation_v2
"The area is affected by air: smoke, vehicular on the main road. Residents are requesting assistance.",environment,english,NYC311_seed_controlled_augmentation_v2
Wastewater problems have occurred due to culvert blocked/needs cleaning on the main road.,drainage,english,NYC311_seed_controlled_augmentation_v2
"Please repair rough, pitted or cracked roads in the residential area. The problem has been continuing for some time.",roads,english,NYC311_seed_controlled_augmentation_v2
The drain is causing problems because of manhole overflow outside our building. This is causing inconvenience to the public.,drainage,english,NYC311_seed_controlled_augmentation_v2
There appears to be dirty water in our neighbourhood. Please send the responsible team to inspect the area.,water_supply,english,NYC311_seed_controlled_augmentation_v2
People nearby have complained about chemical vapors/gases/odors along the roadside. Please send the responsible team to inspect the area.,environment,english,NYC311_seed_controlled_augmentation_v2
The drainage issue appears to involve manhole overflow near the public market. Please arrange an inspection.,drainage,english,NYC311_seed_controlled_augmentation_v2
The road needs attention because of broken curb in the residential area. The problem has been continuing for some time.,roads,english,NYC311_seed_controlled_augmentation_v2
Please investigate air: other air problem near the hospital.,environment,english,NYC311_seed_controlled_augmentation_v2
Asbestos Complaint is affecting the surrounding environment near the public market. Please send the responsible team to inspect the area.,environment,english,NYC311_seed_controlled_augmentation_v2
There appears to be street light out near our house. Please investigate this issue.,electricity,english,NYC311_seed_controlled_augmentation_v2
"There appears to be taste/odor, bitter/metallic near the junction. Please take the necessary action.",water_supply,english,NYC311_seed_controlled_augmentation_v2
There is sewage leak near the hospital. Please arrange an inspection.,drainage,english,NYC311_seed_controlled_augmentation_v2
The drain is causing problems because of culvert blocked/needs cleaning near the school. This is causing inconvenience to the public.,drainage,english,NYC311_seed_controlled_augmentation_v2
Residents have complained about missed collection along the roadside. The problem has been continuing for some time.,garbage,english,NYC311_seed_controlled_augmentation_v2
We would like to report curb defect-metal protruding near the hospital. We would appreciate assistance with this problem.,roads,english,NYC311_seed_controlled_augmentation_v2
"Residents are concerned about oil spill on street, large in the residential area. Please arrange an inspection.",environment,english,NYC311_seed_controlled_augmentation_v2
The water service is affected by possible water main break along the roadside. Please arrange an inspection.,water_supply,english,NYC311_seed_controlled_augmentation_v2
Please inspect the electrical issue involving power outage near our house. Please take the necessary action.,electricity,english,NYC311_seed_controlled_augmentation_v2
The drainage issue appears to involve culvert blocked/needs cleaning close to the town centre.,drainage,english,NYC311_seed_controlled_augmentation_v2
Waste has become a problem due to receptacle violation close to the town centre.,garbage,english,NYC311_seed_controlled_augmentation_v2
The road needs attention because of cave-in close to the town centre. Please send the responsible team to inspect the area.,roads,english,NYC311_seed_controlled_augmentation_v2
Residents are concerned about air: other air problem near the public market.,environment,english,NYC311_seed_controlled_augmentation_v2
Please inspect the drain because of sewage odor near the hospital.,drainage,english,NYC311_seed_controlled_augmentation_v2
The area needs cleaning because of dirty sidewalk close to the bus stop. We would appreciate assistance with this problem.,garbage,english,NYC311_seed_controlled_augmentation_v2
The road needs attention because of wear & tear outside our building. Please arrange an inspection.,roads,english,NYC311_seed_controlled_augmentation_v2
Residents are concerned about cave-in near the school. This issue needs urgent attention.,roads,english,NYC311_seed_controlled_augmentation_v2
Please address loose rubbish outside our building. Please investigate this issue.,garbage,english,NYC311_seed_controlled_augmentation_v2
Ponding is causing drainage problems near the junction.,drainage,english,NYC311_seed_controlled_augmentation_v2
Please inspect the drain because of culvert blocked/needs cleaning along the roadside.,drainage,english,NYC311_seed_controlled_augmentation_v2
Residents have reported slow leak outside our building. Please resolve this problem as soon as possible.,water_supply,english,NYC311_seed_controlled_augmentation_v2
"There appears to be taste/odor, bitter/metallic near the hospital. We would appreciate assistance with this problem.",water_supply,english,NYC311_seed_controlled_augmentation_v2
There is a water supply issue involving damp spot close to the bus stop. Please arrange an inspection.,water_supply,english,NYC311_seed_controlled_augmentation_v2
We need assistance with rain garden flooding in our neighbourhood. Please resolve this problem as soon as possible.,drainage,english,NYC311_seed_controlled_augmentation_v2
Residents have reported lamppost wire exposed near the junction.,electricity,english,NYC311_seed_controlled_augmentation_v2
There appears to be power outage close to the town centre.,electricity,english,NYC311_seed_controlled_augmentation_v2
Loose Rubbish is creating an unsanitary condition near the junction. This issue needs urgent attention.,garbage,english,NYC311_seed_controlled_augmentation_v2
Waste has become a problem due to dirty sidewalk near the hospital. We would appreciate assistance with this problem.,garbage,english,NYC311_seed_controlled_augmentation_v2
The area is affected by chemical odor near the public market. The problem has been continuing for some time.,environment,english,NYC311_seed_controlled_augmentation_v2
The area needs cleaning because of receptacle violation along the roadside. This is causing inconvenience to the public.,garbage,english,NYC311_seed_controlled_augmentation_v2
Please inspect the drain because of culvert blocked/needs cleaning near our house.,drainage,english,NYC311_seed_controlled_augmentation_v2
This environmental problem involves ventilation close to the bus stop.,environment,english,NYC311_seed_controlled_augmentation_v2
There is improper disposal in our neighbourhood. Please send the responsible team to inspect the area.,garbage,english,NYC311_seed_controlled_augmentation_v2
Residents are reporting street flooding close to the bus stop. Please resolve this problem as soon as possible.,drainage,english,NYC311_seed_controlled_augmentation_v2
"Residents have reported cloudy or milky, other in our neighbourhood. Please resolve this problem as soon as possible.",water_supply,english,NYC311_seed_controlled_augmentation_v2
There is street cond/dump-out/drop-off close to the town centre. Please resolve this problem as soon as possible.,garbage,english,NYC311_seed_controlled_augmentation_v2
People in the area are affected by lighting close to the town centre. Residents are requesting assistance.,electricity,english,NYC311_seed_controlled_augmentation_v2
Please inspect the drain because of ponding near the school. The problem has been continuing for some time.,drainage,english,NYC311_seed_controlled_augmentation_v2
We need assistance with catch basin clogged/flooding near the school. Please investigate this issue.,drainage,english,NYC311_seed_controlled_augmentation_v2
The area needs cleaning because of bulk-missed recy collection near the school. Please take the necessary action.,garbage,english,NYC311_seed_controlled_augmentation_v2
Garbage collection is affected by improper disposal close to the bus stop. This is causing inconvenience to the public.,garbage,english,NYC311_seed_controlled_augmentation_v2
Drivers are facing problems because of wear & tear near the school. Please take the necessary action.,roads,english,NYC311_seed_controlled_augmentation_v2
The electricity service has a problem with power outage near the hospital.,electricity,english,NYC311_seed_controlled_augmentation_v2
Garbage collection is affected by bulk-missed recy collection near the junction. This issue needs urgent attention.,garbage,english,NYC311_seed_controlled_augmentation_v2
"Please check the water system because of taste/odor, bitter/metallic outside our building.",water_supply,english,NYC311_seed_controlled_augmentation_v2
People in the area are affected by no lighting near the junction. We would appreciate assistance with this problem.,electricity,english,NYC311_seed_controlled_augmentation_v2
Residents are reporting ponding in the residential area.,drainage,english,NYC311_seed_controlled_augmentation_v2
The drain is causing problems because of sewer backup on the main road. Please arrange an inspection.,drainage,english,NYC311_seed_controlled_augmentation_v2
We would like to report failed street repair near our house. Please send the responsible team to inspect the area.,roads,english,NYC311_seed_controlled_augmentation_v2
Electrical Wiring Defective/Exposed is affecting the area on the main road. Please arrange an inspection.,electricity,english,NYC311_seed_controlled_augmentation_v2
We are experiencing an electrical problem involving street light out near the school.,electricity,english,NYC311_seed_controlled_augmentation_v2
There is a waste management problem involving loose rubbish near the hospital. Please resolve this problem as soon as possible.,garbage,english,NYC311_seed_controlled_augmentation_v2
There is improper disposal in the residential area. Please arrange an inspection.,garbage,english,NYC311_seed_controlled_augmentation_v2
Residents are reporting rain garden flooding on the main road.,drainage,english,NYC311_seed_controlled_augmentation_v2
There is street cond/dump-out/drop-off outside our building. This is causing inconvenience to the public.,garbage,english,NYC311_seed_controlled_augmentation_v2
Leak is affecting the local water supply near our house. Residents are requesting assistance.,water_supply,english,NYC311_seed_controlled_augmentation_v2
The road needs attention because of wear & tear along the roadside. Please take the necessary action.,roads,english,NYC311_seed_controlled_augmentation_v2
The road surface is damaged due to broken curb close to the bus stop. We would appreciate assistance with this problem.,roads,english,NYC311_seed_controlled_augmentation_v2
Residents are concerned about curb defect-metal protruding near the junction. Please resolve this problem as soon as possible.,roads,english,NYC311_seed_controlled_augmentation_v2
There is street flooding near the school. The problem has been continuing for some time.,drainage,english,NYC311_seed_controlled_augmentation_v2
Drivers are facing problems because of failed street repair in the residential area. We would appreciate assistance with this problem.,roads,english,NYC311_seed_controlled_augmentation_v2
The area needs cleaning because of dirty sidewalk near the hospital. Please resolve this problem as soon as possible.,garbage,english,NYC311_seed_controlled_augmentation_v2
People in the area are experiencing no water close to the bus stop. Please send the responsible team to inspect the area.,water_supply,english,NYC311_seed_controlled_augmentation_v2
Garbage collection is affected by missed recycling-all materials on the main road. This issue needs urgent attention.,garbage,english,NYC311_seed_controlled_augmentation_v2
We are experiencing damp spot outside our building.,water_supply,english,NYC311_seed_controlled_augmentation_v2
Garbage collection is affected by dirty area/alleyway outside our building. Please send the responsible team to inspect the area.,garbage,english,NYC311_seed_controlled_augmentation_v2
Please address dirty area/alleyway near the junction. We would appreciate assistance with this problem.,garbage,english,NYC311_seed_controlled_augmentation_v2
Please arrange cleaning because of dirty sidewalk outside our building. Please take the necessary action.,garbage,english,NYC311_seed_controlled_augmentation_v2
"The road has rough, pitted or cracked roads outside our building. Please investigate this issue.",roads,english,NYC311_seed_controlled_augmentation_v2
Residents have reported outlet/switch near our house. Please investigate this issue.,electricity,english,NYC311_seed_controlled_augmentation_v2
Vehicles are being affected by defective hardware near the junction.,roads,english,NYC311_seed_controlled_augmentation_v2
"There is an environmental issue involving air: smoke, vehicular in the residential area. We would appreciate assistance with this problem.",environment,english,NYC311_seed_controlled_augmentation_v2
Please resolve the drainage issue involving rain garden flooding in our neighbourhood. Please send the responsible team to inspect the area.,drainage,english,NYC311_seed_controlled_augmentation_v2
"There is a water supply issue involving taste/odor, chlorine near the hospital. Please take the necessary action.",water_supply,english,NYC311_seed_controlled_augmentation_v2
"We would like to report rough, pitted or cracked roads near the public market. The problem has been continuing for some time.",roads,english,NYC311_seed_controlled_augmentation_v2
Sewage Odor is causing drainage problems close to the bus stop. This issue needs urgent attention.,drainage,english,NYC311_seed_controlled_augmentation_v2
We are experiencing no water in the residential area. Residents are requesting assistance.,water_supply,english,NYC311_seed_controlled_augmentation_v2
There is lamppost knocked down in the residential area. The problem has been continuing for some time.,electricity,english,NYC311_seed_controlled_augmentation_v2
Garbage collection is affected by improper disposal in the residential area. Please arrange an inspection.,garbage,english,NYC311_seed_controlled_augmentation_v2
There is a waste management problem involving street cond/dump-out/drop-off near the junction.,garbage,english,NYC311_seed_controlled_augmentation_v2
"The area is affected by oil spill on street, small near the junction. Please arrange an inspection.",environment,english,NYC311_seed_controlled_augmentation_v2
"Please investigate oil spill on street, large along the roadside.",environment,english,NYC311_seed_controlled_augmentation_v2
Missed Recycling Paper is creating an unsanitary condition close to the town centre. Please investigate this issue.,garbage,english,NYC311_seed_controlled_augmentation_v2
People in the area are experiencing possible water main break near the public market. Please send the responsible team to inspect the area.,water_supply,english,NYC311_seed_controlled_augmentation_v2
The drain is causing problems because of sewer or drain near the hospital. Please arrange an inspection.,drainage,english,NYC311_seed_controlled_augmentation_v2
Wastewater problems have occurred due to manhole overflow close to the bus stop.,drainage,english,NYC311_seed_controlled_augmentation_v2
"People nearby have complained about oil spill on street, small near the hospital.",environment,english,NYC311_seed_controlled_augmentation_v2
"Please investigate air: odor/fumes, vehicle idling in our neighbourhood. Residents are requesting assistance.",environment,english,NYC311_seed_controlled_augmentation_v2
The drainage system is affected by rain garden flooding near the junction. Please send the responsible team to inspect the area.,drainage,english,NYC311_seed_controlled_augmentation_v2
Please address receptacle violation along the roadside. Residents are requesting assistance.,garbage,english,NYC311_seed_controlled_augmentation_v2
The drainage issue appears to involve sewage odor near our house. This is causing inconvenience to the public.,drainage,english,NYC311_seed_controlled_augmentation_v2
The drain is causing problems because of ponding near the school. Please resolve this problem as soon as possible.,drainage,english,NYC311_seed_controlled_augmentation_v2
"Please inspect the environmental issue involving air: odor/fumes, restaurant outside our building.",environment,english,NYC311_seed_controlled_augmentation_v2
Please repair pothole - highway near the junction. This is causing inconvenience to the public.,roads,english,NYC311_seed_controlled_augmentation_v2
The drainage system is affected by manhole overflow near the school.,drainage,english,NYC311_seed_controlled_augmentation_v2
"Air: Dust, Construction/Demolition is affecting the surrounding environment near our house.",environment,english,NYC311_seed_controlled_augmentation_v2
Please inspect the drain because of ponding close to the town centre.,drainage,english,NYC311_seed_controlled_augmentation_v2
We need assistance with catch basin clogged/flooding near the junction.,drainage,english,NYC311_seed_controlled_augmentation_v2
The electricity service has a problem with street light lamp dim on the main road. Please resolve this problem as soon as possible.,electricity,english,NYC311_seed_controlled_augmentation_v2
There appears to be electrical wiring defective/exposed in the residential area. Please take the necessary action.,electricity,english,NYC311_seed_controlled_augmentation_v2
"We are experiencing taste/odor, chlorine outside our building.",water_supply,english,NYC311_seed_controlled_augmentation_v2
There is rain garden flooding near the hospital. The problem has been continuing for some time.,drainage,english,NYC311_seed_controlled_augmentation_v2
Please investigate chemical vapors/gases/odors along the roadside.,environment,english,NYC311_seed_controlled_augmentation_v2
Please send a technician because of lamppost knocked down near the public market. This issue needs urgent attention.,electricity,english,NYC311_seed_controlled_augmentation_v2
"People nearby have complained about air: odor/fumes, restaurant near the public market. This is causing inconvenience to the public.",environment,english,NYC311_seed_controlled_augmentation_v2
Please resolve the drainage issue involving sewer backup close to the bus stop. Residents are requesting assistance.,drainage,english,NYC311_seed_controlled_augmentation_v2
People in the area are affected by lamppost knocked down on the main road. This is causing inconvenience to the public.,electricity,english,NYC311_seed_controlled_augmentation_v2
Please arrange cleaning because of receptacle violation in our neighbourhood.,garbage,english,NYC311_seed_controlled_augmentation_v2
There is wiring on the main road. We would appreciate assistance with this problem.,electricity,english,NYC311_seed_controlled_augmentation_v2
Please arrange cleaning because of missed collection near the school. Please send the responsible team to inspect the area.,garbage,english,NYC311_seed_controlled_augmentation_v2
Asbestos Complaint is affecting the surrounding environment near the junction. Please resolve this problem as soon as possible.,environment,english,NYC311_seed_controlled_augmentation_v2
The electricity service has a problem with lamppost wire exposed in our neighbourhood.,electricity,english,NYC311_seed_controlled_augmentation_v2
Our area is facing unknown odor/taste in drinking water near the school. The problem has been continuing for some time.,water_supply,english,NYC311_seed_controlled_augmentation_v2
We have noticed ventilation outside our building. Residents are requesting assistance.,environment,english,NYC311_seed_controlled_augmentation_v2
unknown odor/taste in drinking water is affecting the local water supply near the hospital. We would appreciate assistance with this problem.,water_supply,english,NYC311_seed_controlled_augmentation_v2
Please send a technician because of lamppost knocked down in the residential area. Please investigate this issue.,electricity,english,NYC311_seed_controlled_augmentation_v2
There appears to be damp spot on the main road. This is causing inconvenience to the public.,water_supply,english,NYC311_seed_controlled_augmentation_v2
Please send a technician because of no lighting close to the town centre. Please investigate this issue.,electricity,english,NYC311_seed_controlled_augmentation_v2
Please inspect the drain because of ponding near the junction. Please send the responsible team to inspect the area.,drainage,english,NYC311_seed_controlled_augmentation_v2
We are experiencing an electrical problem involving power outage near the school.,electricity,english,NYC311_seed_controlled_augmentation_v2
"Please investigate unsafe chemical, abandoned near the public market. Please take the necessary action.",environment,english,NYC311_seed_controlled_augmentation_v2
The drainage system is affected by culvert blocked/needs cleaning outside our building. This is causing inconvenience to the public.,drainage,english,NYC311_seed_controlled_augmentation_v2
Residents have complained about missed recycling paper along the roadside.,garbage,english,NYC311_seed_controlled_augmentation_v2
"There is an environmental issue involving oil spill on street, large near the junction.",environment,english,NYC311_seed_controlled_augmentation_v2
Residents are requesting action regarding chemical odor near the hospital. Please take the necessary action.,environment,english,NYC311_seed_controlled_augmentation_v2
There is street cond/dump-out/drop-off close to the bus stop.,garbage,english,NYC311_seed_controlled_augmentation_v2
There is a water supply issue involving heavy flow in the residential area.,water_supply,english,NYC311_seed_controlled_augmentation_v2
Waste has become a problem due to bulk-missed recy collection near our house. We would appreciate assistance with this problem.,garbage,english,NYC311_seed_controlled_augmentation_v2
The area needs cleaning because of improper disposal in our neighbourhood. Residents are requesting assistance.,garbage,english,NYC311_seed_controlled_augmentation_v2
"Residents are requesting action regarding air: odor/fumes, restaurant near the hospital. Please investigate this issue.",environment,english,NYC311_seed_controlled_augmentation_v2
"The water service is affected by taste/odor, bitter/metallic near the junction. Please take the necessary action.",water_supply,english,NYC311_seed_controlled_augmentation_v2
We are experiencing leak near the public market. Residents are requesting assistance.,water_supply,english,NYC311_seed_controlled_augmentation_v2
The drainage system is affected by ponding near the junction.,drainage,english,NYC311_seed_controlled_augmentation_v2
"Residents are concerned about air: odor/fumes, vehicle idling close to the town centre. Please resolve this problem as soon as possible.",environment,english,NYC311_seed_controlled_augmentation_v2
Garbage collection is affected by missed recycling-all materials close to the town centre.,garbage,english,NYC311_seed_controlled_augmentation_v2
The road surface is damaged due to failed street repair near the junction.,roads,english,NYC311_seed_controlled_augmentation_v2
We would like to report cave-in near the public market.,roads,english,NYC311_seed_controlled_augmentation_v2
People in the area are affected by electrical wiring defective/exposed near the school. Please take the necessary action.,electricity,english,NYC311_seed_controlled_augmentation_v2
Residents are concerned about air: other air problem in our neighbourhood.,environment,english,NYC311_seed_controlled_augmentation_v2
We would like to report cave-in near the hospital. We would appreciate assistance with this problem.,roads,english,NYC311_seed_controlled_augmentation_v2
The electricity service has a problem with wiring near the junction. Please investigate this issue.,electricity,english,NYC311_seed_controlled_augmentation_v2
"People nearby have complained about oil spill on street, small near the hospital. This is causing inconvenience to the public.",environment,english,NYC311_seed_controlled_augmentation_v2
Bulk-Missed Collection is creating an unsanitary condition in the residential area. Residents are requesting assistance.,garbage,english,NYC311_seed_controlled_augmentation_v2
People nearby have complained about chemical spill/release near our house.,environment,english,NYC311_seed_controlled_augmentation_v2
Cave-in is causing difficulties for vehicles near our house. This issue needs urgent attention.,roads,english,NYC311_seed_controlled_augmentation_v2
Please inspect the electrical issue involving multiple street lights out close to the town centre.,electricity,english,NYC311_seed_controlled_augmentation_v2
People in the area are experiencing hydrant leaking near the junction.,water_supply,english,NYC311_seed_controlled_augmentation_v2
There appears to be unknown odor/taste in drinking water close to the town centre. Please send the responsible team to inspect the area.,water_supply,english,NYC311_seed_controlled_augmentation_v2
Garbage collection is affected by dirty sidewalk near our house.,garbage,english,NYC311_seed_controlled_augmentation_v2
Vehicles are being affected by pothole near the hospital.,roads,english,NYC311_seed_controlled_augmentation_v2
People in the area are affected by lamppost knocked down outside our building. We would appreciate assistance with this problem.,electricity,english,NYC311_seed_controlled_augmentation_v2
We are experiencing dirty water in the residential area.,water_supply,english,NYC311_seed_controlled_augmentation_v2
Please inspect the environmental issue involving large number of mosquitoes near the school.,environment,english,NYC311_seed_controlled_augmentation_v2
"Residents are concerned about air: dust, construction/demolition near the school. The problem has been continuing for some time.",environment,english,NYC311_seed_controlled_augmentation_v2
The drainage issue appears to involve manhole overflow in the residential area. Please resolve this problem as soon as possible.,drainage,english,NYC311_seed_controlled_augmentation_v2
People in the area are experiencing low water pressure along the roadside. Please investigate this issue.,water_supply,english,NYC311_seed_controlled_augmentation_v2
There is missed recycling - m/g/pl near our house.,garbage,english,NYC311_seed_controlled_augmentation_v2
The road surface is damaged due to curb defect-metal protruding near the hospital. Please arrange an inspection.,roads,english,NYC311_seed_controlled_augmentation_v2
Please inspect the drain because of sewer or drain close to the town centre. This is causing inconvenience to the public.,drainage,english,NYC311_seed_controlled_augmentation_v2
The area needs cleaning because of missed recycling-all materials in the residential area. This issue needs urgent attention.,garbage,english,NYC311_seed_controlled_augmentation_v2
The electrical system needs attention because of power outage near the public market. The problem has been continuing for some time.,electricity,english,NYC311_seed_controlled_augmentation_v2
Residents are requesting action regarding missed recycling - m/g/pl outside our building. This is causing inconvenience to the public.,garbage,english,NYC311_seed_controlled_augmentation_v2
There is catch basin clogged/flooding near the hospital.,drainage,english,NYC311_seed_controlled_augmentation_v2
Please resolve the drainage issue involving sewage leak close to the bus stop. Please resolve this problem as soon as possible.,drainage,english,NYC311_seed_controlled_augmentation_v2
Bulk-Missed Recy Collection is creating an unsanitary condition near the public market.,garbage,english,NYC311_seed_controlled_augmentation_v2
We would like to report wear & tear near the public market. Residents are requesting assistance.,roads,english,NYC311_seed_controlled_augmentation_v2
The drain is causing problems because of sewer backup on the main road.,drainage,english,NYC311_seed_controlled_augmentation_v2
Please resolve the drainage issue involving ponding close to the town centre.,drainage,english,NYC311_seed_controlled_augmentation_v2
Please check the water system because of possible water main break near our house. Please send the responsible team to inspect the area.,water_supply,english,NYC311_seed_controlled_augmentation_v2
There appears to be power outage outside our building. Please send the responsible team to inspect the area.,electricity,english,NYC311_seed_controlled_augmentation_v2
We are experiencing an electrical problem involving electrical wiring defective/exposed outside our building. Please arrange an inspection.,electricity,english,NYC311_seed_controlled_augmentation_v2
There is pothole - highway close to the bus stop. This is causing inconvenience to the public.,roads,english,NYC311_seed_controlled_augmentation_v2
Curb Defect-Metal Protruding is causing difficulties for vehicles near our house. This is causing inconvenience to the public.,roads,english,NYC311_seed_controlled_augmentation_v2
There appears to be power outage close to the bus stop. Residents are requesting assistance.,electricity,english,NYC311_seed_controlled_augmentation_v2
Possible Water Main Break is affecting the local water supply near our house. Residents are requesting assistance.,water_supply,english,NYC311_seed_controlled_augmentation_v2
The drainage system is affected by street flooding on the main road. The problem has been continuing for some time.,drainage,english,NYC311_seed_controlled_augmentation_v2
"Please investigate air: smoke, chimney or vent close to the town centre.",environment,english,NYC311_seed_controlled_augmentation_v2
There appears to be no lighting near our house. We would appreciate assistance with this problem.,electricity,english,NYC311_seed_controlled_augmentation_v2
There is power outage in the residential area.,electricity,english,NYC311_seed_controlled_augmentation_v2
Please arrange cleaning because of missed collection in the residential area. Please arrange an inspection.,garbage,english,NYC311_seed_controlled_augmentation_v2
The electrical system needs attention because of street light out in the residential area. Please arrange an inspection.,electricity,english,NYC311_seed_controlled_augmentation_v2
The electrical system needs attention because of no lighting near the school. We would appreciate assistance with this problem.,electricity,english,NYC311_seed_controlled_augmentation_v2
Please investigate the water problem caused by heavy flow near the public market. Please investigate this issue.,water_supply,english,NYC311_seed_controlled_augmentation_v2
Please address dirty area/alleyway close to the bus stop. This is causing inconvenience to the public.,garbage,english,NYC311_seed_controlled_augmentation_v2
Please investigate large number of mosquitoes in our neighbourhood.,environment,english,NYC311_seed_controlled_augmentation_v2
The drain is causing problems because of street flooding in the residential area. Please send the responsible team to inspect the area.,drainage,english,NYC311_seed_controlled_augmentation_v2
Vehicles are being affected by pothole - highway outside our building. We would appreciate assistance with this problem.,roads,english,NYC311_seed_controlled_augmentation_v2
Please repair cave-in outside our building.,roads,english,NYC311_seed_controlled_augmentation_v2
We need assistance with sewer backup near the public market.,drainage,english,NYC311_seed_controlled_augmentation_v2
"Please inspect the environmental issue involving unsafe chemical, storage near the junction.",environment,english,NYC311_seed_controlled_augmentation_v2
There is sewer backup near our house.,drainage,english,NYC311_seed_controlled_augmentation_v2
This environmental problem involves chemical vapors/gases/odors outside our building. Please investigate this issue.,environment,english,NYC311_seed_controlled_augmentation_v2
"There is an environmental issue involving unsafe chemical, abandoned near the junction. Please investigate this issue.",environment,english,NYC311_seed_controlled_augmentation_v2
Residents have reported lamppost knocked down near the junction.,electricity,english,NYC311_seed_controlled_augmentation_v2
There is lamppost knocked down along the roadside. Residents are requesting assistance.,electricity,english,NYC311_seed_controlled_augmentation_v2
Residents have reported multiple street lights out in the residential area.,electricity,english,NYC311_seed_controlled_augmentation_v2
"Residents have reported taste/odor, chlorine near the school. Please take the necessary action.",water_supply,english,NYC311_seed_controlled_augmentation_v2
"Residents are requesting action regarding oil spill on street, large near the public market.",environment,english,NYC311_seed_controlled_augmentation_v2
There is sewer backup near the school. Residents are requesting assistance.,drainage,english,NYC311_seed_controlled_augmentation_v2
The drainage system is affected by ponding close to the town centre. The problem has been continuing for some time.,drainage,english,NYC311_seed_controlled_augmentation_v2
There is lamppost wire exposed near the public market.,electricity,english,NYC311_seed_controlled_augmentation_v2
The area needs cleaning because of missed recycling - m/g/pl near the hospital. Please take the necessary action.,garbage,english,NYC311_seed_controlled_augmentation_v2
Please investigate asbestos complaint outside our building. The problem has been continuing for some time.,environment,english,NYC311_seed_controlled_augmentation_v2
"Please inspect the environmental issue involving unsafe chemical, abandoned near the hospital. Please send the responsible team to inspect the area.",environment,english,NYC311_seed_controlled_augmentation_v2
Please inspect the drain because of sewer backup near the junction. Please take the necessary action.,drainage,english,NYC311_seed_controlled_augmentation_v2
The road has broken curb near the school. We would appreciate assistance with this problem.,roads,english,NYC311_seed_controlled_augmentation_v2
Residents are reporting rain garden flooding near the junction. We would appreciate assistance with this problem.,drainage,english,NYC311_seed_controlled_augmentation_v2
There is wear & tear outside our building. Please send the responsible team to inspect the area.,roads,english,NYC311_seed_controlled_augmentation_v2
The area needs cleaning because of loose rubbish near the junction.,garbage,english,NYC311_seed_controlled_augmentation_v2
There appears to be no lighting near the school. Please take the necessary action.,electricity,english,NYC311_seed_controlled_augmentation_v2
Please address bulk-missed collection close to the town centre. Please resolve this problem as soon as possible.,garbage,english,NYC311_seed_controlled_augmentation_v2
Residents are reporting manhole overflow on the main road. The problem has been continuing for some time.,drainage,english,NYC311_seed_controlled_augmentation_v2
People in the area are affected by no lighting outside our building.,electricity,english,NYC311_seed_controlled_augmentation_v2
Residents are reporting sewage odor near the public market. Please investigate this issue.,drainage,english,NYC311_seed_controlled_augmentation_v2
Waste has become a problem due to bulk-missed collection near the school. Please arrange an inspection.,garbage,english,NYC311_seed_controlled_augmentation_v2
Street Light Out is affecting the area near the junction. This is causing inconvenience to the public.,electricity,english,NYC311_seed_controlled_augmentation_v2
The drainage issue appears to involve street flooding near the public market. The problem has been continuing for some time.,drainage,english,NYC311_seed_controlled_augmentation_v2
The road surface is damaged due to broken curb near the school.,roads,english,NYC311_seed_controlled_augmentation_v2
The road surface is damaged due to wear & tear near the school. Please take the necessary action.,roads,english,NYC311_seed_controlled_augmentation_v2
"People nearby have complained about air: dust, construction/demolition near the public market. Please take the necessary action.",environment,english,NYC311_seed_controlled_augmentation_v2
"Our area is facing cloudy or milky, other close to the bus stop. Please take the necessary action.",water_supply,english,NYC311_seed_controlled_augmentation_v2
Our area is facing dirty water close to the bus stop. Please send the responsible team to inspect the area.,water_supply,english,NYC311_seed_controlled_augmentation_v2
Please inspect the environmental issue involving ventilation near our house. Residents are requesting assistance.,environment,english,NYC311_seed_controlled_augmentation_v2
Please resolve the drainage issue involving catch basin clogged/flooding near our house.,drainage,english,NYC311_seed_controlled_augmentation_v2
"Rough, Pitted or Cracked Roads is causing difficulties for vehicles in our neighbourhood. Please resolve this problem as soon as possible.",roads,english,NYC311_seed_controlled_augmentation_v2
Please investigate chemical odor along the roadside. Please resolve this problem as soon as possible.,environment,english,NYC311_seed_controlled_augmentation_v2
Please resolve the drainage issue involving culvert blocked/needs cleaning near the hospital. Residents are requesting assistance.,drainage,english,NYC311_seed_controlled_augmentation_v2
Wastewater problems have occurred due to sewage odor in the residential area.,drainage,english,NYC311_seed_controlled_augmentation_v2
"Residents are concerned about rough, pitted or cracked roads near the public market.",roads,english,NYC311_seed_controlled_augmentation_v2
Residents are reporting catch basin clogged/flooding on the main road. We would appreciate assistance with this problem.,drainage,english,NYC311_seed_controlled_augmentation_v2
Ventilation is affecting the surrounding environment on the main road. Residents are requesting assistance.,environment,english,NYC311_seed_controlled_augmentation_v2
Possible Water Main Break is affecting the local water supply close to the town centre. Please send the responsible team to inspect the area.,water_supply,english,NYC311_seed_controlled_augmentation_v2
There appears to be lamppost knocked down along the roadside.,electricity,english,NYC311_seed_controlled_augmentation_v2
Please address missed collection near the public market.,garbage,english,NYC311_seed_controlled_augmentation_v2
"Residents are concerned about unsafe chemical, storage near our house.",environment,english,NYC311_seed_controlled_augmentation_v2
There is a waste management problem involving receptacle violation close to the bus stop. Please take the necessary action.,garbage,english,NYC311_seed_controlled_augmentation_v2
Residents are requesting action regarding air: other air problem along the roadside. The problem has been continuing for some time.,environment,english,NYC311_seed_controlled_augmentation_v2
Residents are concerned about wear & tear on the main road. This issue needs urgent attention.,roads,english,NYC311_seed_controlled_augmentation_v2
Defective Hardware is causing difficulties for vehicles close to the town centre.,roads,english,NYC311_seed_controlled_augmentation_v2
Vehicles are being affected by cave-in along the roadside.,roads,english,NYC311_seed_controlled_augmentation_v2
The road needs attention because of broken curb close to the bus stop. This is causing inconvenience to the public.,roads,english,NYC311_seed_controlled_augmentation_v2
The road needs attention because of pothole in the residential area.,roads,english,NYC311_seed_controlled_augmentation_v2
Please investigate chemical odor near the school.,environment,english,NYC311_seed_controlled_augmentation_v2
The electrical system needs attention because of multiple street lights out near the school.,electricity,english,NYC311_seed_controlled_augmentation_v2
There is lamppost wire exposed near the public market. The problem has been continuing for some time.,electricity,english,NYC311_seed_controlled_augmentation_v2
Garbage collection is affected by missed recycling paper outside our building.,garbage,english,NYC311_seed_controlled_augmentation_v2
Wastewater problems have occurred due to manhole overflow in our neighbourhood. Please take the necessary action.,drainage,english,NYC311_seed_controlled_augmentation_v2
Sewer Backup is causing drainage problems in our neighbourhood. We would appreciate assistance with this problem.,drainage,english,NYC311_seed_controlled_augmentation_v2
The water service is affected by leak in our neighbourhood. We would appreciate assistance with this problem.,water_supply,english,NYC311_seed_controlled_augmentation_v2
The road needs attention because of curb defect-metal protruding in the residential area. Please send the responsible team to inspect the area.,roads,english,NYC311_seed_controlled_augmentation_v2
"The area is affected by air: smoke, vehicular along the roadside. Please send the responsible team to inspect the area.",environment,english,NYC311_seed_controlled_augmentation_v2
We would like to report broken curb near the school. This is causing inconvenience to the public.,roads,english,NYC311_seed_controlled_augmentation_v2
Please inspect the drain because of ponding in our neighbourhood. Please send the responsible team to inspect the area.,drainage,english,NYC311_seed_controlled_augmentation_v2
Residents have complained about receptacle violation near the public market. This is causing inconvenience to the public.,garbage,english,NYC311_seed_controlled_augmentation_v2
Residents are concerned about pothole near the school.,roads,english,NYC311_seed_controlled_augmentation_v2
People in the area are affected by wiring outside our building.,electricity,english,NYC311_seed_controlled_augmentation_v2
Defective Hardware is causing difficulties for vehicles near the hospital.,roads,english,NYC311_seed_controlled_augmentation_v2
"Residents are concerned about oil spill on street, small near our house. Please take the necessary action.",environment,english,NYC311_seed_controlled_augmentation_v2
The drainage issue appears to involve sewer or drain on the main road.,drainage,english,NYC311_seed_controlled_augmentation_v2
Garbage collection is affected by bulk-missed collection in our neighbourhood.,garbage,english,NYC311_seed_controlled_augmentation_v2
There is manhole overflow in our neighbourhood. Please take the necessary action.,drainage,english,NYC311_seed_controlled_augmentation_v2
We need assistance with sewer backup close to the bus stop. This is causing inconvenience to the public.,drainage,english,NYC311_seed_controlled_augmentation_v2
Garbage collection is affected by improper disposal near the school. Residents are requesting assistance.,garbage,english,NYC311_seed_controlled_augmentation_v2
The electrical system needs attention because of multiple street lights out near our house. This is causing inconvenience to the public.,electricity,english,NYC311_seed_controlled_augmentation_v2
"Please investigate the water problem caused by cloudy or milky, other close to the bus stop. Residents are requesting assistance.",water_supply,english,NYC311_seed_controlled_augmentation_v2
The road surface is damaged due to broken curb along the roadside. The problem has been continuing for some time.,roads,english,NYC311_seed_controlled_augmentation_v2
There is an environmental issue involving large number of mosquitoes in our neighbourhood. Residents are requesting assistance.,environment,english,NYC311_seed_controlled_augmentation_v2
Please inspect the drain because of sewer or drain near our house. The problem has been continuing for some time.,drainage,english,NYC311_seed_controlled_augmentation_v2
Waste has become a problem due to improper disposal near the school. The problem has been continuing for some time.,garbage,english,NYC311_seed_controlled_augmentation_v2
Please arrange cleaning because of dirty area/alleyway in the residential area. Please investigate this issue.,garbage,english,NYC311_seed_controlled_augmentation_v2
The drain is causing problems because of catch basin clogged/flooding in the residential area. Please investigate this issue.,drainage,english,NYC311_seed_controlled_augmentation_v2
Vehicles are being affected by cave-in near the school.,roads,english,NYC311_seed_controlled_augmentation_v2
Please repair curb defect-metal protruding near our house.,roads,english,NYC311_seed_controlled_augmentation_v2
"The area is affected by oil spill on street, large near the public market.",environment,english,NYC311_seed_controlled_augmentation_v2
"People in the area are experiencing cloudy or milky, other near the hospital. Please investigate this issue.",water_supply,english,NYC311_seed_controlled_augmentation_v2
"Residents are concerned about air: dust, construction/demolition near the junction.",environment,english,NYC311_seed_controlled_augmentation_v2
There is missed collection near the hospital. Please take the necessary action.,garbage,english,NYC311_seed_controlled_augmentation_v2
The electrical system needs attention because of lamppost knocked down close to the bus stop. This is causing inconvenience to the public.,electricity,english,NYC311_seed_controlled_augmentation_v2
The drain is causing problems because of ponding outside our building. Please arrange an inspection.,drainage,english,NYC311_seed_controlled_augmentation_v2
There is a water supply issue involving leak near the hospital.,water_supply,english,NYC311_seed_controlled_augmentation_v2
The electricity service has a problem with no lighting near the public market. We would appreciate assistance with this problem.,electricity,english,NYC311_seed_controlled_augmentation_v2
The road has defective hardware near the school.,roads,english,NYC311_seed_controlled_augmentation_v2
Please address improper disposal on the main road. We would appreciate assistance with this problem.,garbage,english,NYC311_seed_controlled_augmentation_v2
We need assistance with rain garden flooding near the public market. The problem has been continuing for some time.,drainage,english,NYC311_seed_controlled_augmentation_v2
"There is an environmental issue involving air: odor/fumes, vehicle idling near the public market. Please take the necessary action.",environment,english,NYC311_seed_controlled_augmentation_v2
Residents have reported leak near the junction. We would appreciate assistance with this problem.,water_supply,english,NYC311_seed_controlled_augmentation_v2
Vehicles are being affected by pothole - highway near our house. Please arrange an inspection.,roads,english,NYC311_seed_controlled_augmentation_v2
Please inspect the drain because of ponding close to the bus stop.,drainage,english,NYC311_seed_controlled_augmentation_v2
There is no lighting close to the town centre.,electricity,english,NYC311_seed_controlled_augmentation_v2
"People nearby have complained about air: dust, other near the junction.",environment,english,NYC311_seed_controlled_augmentation_v2
Broken Curb is causing difficulties for vehicles near the hospital. Please resolve this problem as soon as possible.,roads,english,NYC311_seed_controlled_augmentation_v2
The drainage system is affected by sewage odor along the roadside. This is causing inconvenience to the public.,drainage,english,NYC311_seed_controlled_augmentation_v2
We would like to report cave-in near the school.,roads,english,NYC311_seed_controlled_augmentation_v2
Please arrange cleaning because of loose rubbish in our neighbourhood.,garbage,english,NYC311_seed_controlled_augmentation_v2
There is catch basin clogged/flooding near our house.,drainage,english,NYC311_seed_controlled_augmentation_v2
There is cave-in in the residential area. Please arrange an inspection.,roads,english,NYC311_seed_controlled_augmentation_v2
There appears to be damp spot close to the bus stop. Please investigate this issue.,water_supply,english,NYC311_seed_controlled_augmentation_v2
There is street cond/dump-out/drop-off near the junction. The problem has been continuing for some time.,garbage,english,NYC311_seed_controlled_augmentation_v2
Wastewater problems have occurred due to sewage odor in our neighbourhood. Residents are requesting assistance.,drainage,english,NYC311_seed_controlled_augmentation_v2
Waste has become a problem due to loose rubbish near the public market.,garbage,english,NYC311_seed_controlled_augmentation_v2
Sewage Odor is causing drainage problems close to the town centre. Please investigate this issue.,drainage,english,NYC311_seed_controlled_augmentation_v2
There is a water supply issue involving hydrant leaking in our neighbourhood.,water_supply,english,NYC311_seed_controlled_augmentation_v2
People in the area are experiencing unknown odor/taste in drinking water on the main road. This is causing inconvenience to the public.,water_supply,english,NYC311_seed_controlled_augmentation_v2
Please address dirty area/alleyway outside our building.,garbage,english,NYC311_seed_controlled_augmentation_v2
Residents have complained about missed collection close to the bus stop. Please send the responsible team to inspect the area.,garbage,english,NYC311_seed_controlled_augmentation_v2
Please check the water system because of heavy flow along the roadside. Please arrange an inspection.,water_supply,english,NYC311_seed_controlled_augmentation_v2
"There is an environmental issue involving oil spill on street, small in our neighbourhood.",environment,english,NYC311_seed_controlled_augmentation_v2
OUTLET/SWITCH is affecting the area near our house.,electricity,english,NYC311_seed_controlled_augmentation_v2
"There appears to be taste/odor, chlorine close to the bus stop.",water_supply,english,NYC311_seed_controlled_augmentation_v2
Drivers are facing problems because of defective hardware near our house. This issue needs urgent attention.,roads,english,NYC311_seed_controlled_augmentation_v2
"There is rough, pitted or cracked roads near the hospital. This issue needs urgent attention.",roads,english,NYC311_seed_controlled_augmentation_v2
The drain is causing problems because of manhole overflow in our neighbourhood. The problem has been continuing for some time.,drainage,english,NYC311_seed_controlled_augmentation_v2
The drainage system is affected by manhole overflow close to the bus stop.,drainage,english,NYC311_seed_controlled_augmentation_v2
Please address receptacle violation on the main road.,garbage,english,NYC311_seed_controlled_augmentation_v2
The electrical system needs attention because of power outage on the main road. This is causing inconvenience to the public.,electricity,english,NYC311_seed_controlled_augmentation_v2
We are experiencing damp spot along the roadside. Please arrange an inspection.,water_supply,english,NYC311_seed_controlled_augmentation_v2
Bulk-Missed Recy Collection is creating an unsanitary condition close to the town centre. Please take the necessary action.,garbage,english,NYC311_seed_controlled_augmentation_v2
Residents have complained about bulk-missed collection outside our building. This issue needs urgent attention.,garbage,english,NYC311_seed_controlled_augmentation_v2
The drainage system is affected by sewer backup near the public market. This issue needs urgent attention.,drainage,english,NYC311_seed_controlled_augmentation_v2
Residents have complained about missed recycling paper near our house. We would appreciate assistance with this problem.,garbage,english,NYC311_seed_controlled_augmentation_v2
Residents have reported low water pressure near the public market.,water_supply,english,NYC311_seed_controlled_augmentation_v2
Waste has become a problem due to missed recycling paper on the main road. Residents are requesting assistance.,garbage,english,NYC311_seed_controlled_augmentation_v2
There appears to be dirty water close to the town centre. Residents are requesting assistance.,water_supply,english,NYC311_seed_controlled_augmentation_v2
We have noticed chemical spill/release outside our building. Please take the necessary action.,environment,english,NYC311_seed_controlled_augmentation_v2
The road surface is damaged due to broken curb outside our building.,roads,english,NYC311_seed_controlled_augmentation_v2
There is missed recycling-all materials near our house.,garbage,english,NYC311_seed_controlled_augmentation_v2
The electricity service has a problem with electrical wiring defective/exposed in our neighbourhood. This is causing inconvenience to the public.,electricity,english,NYC311_seed_controlled_augmentation_v2
Please inspect the drain because of ponding near our house. This issue needs urgent attention.,drainage,english,NYC311_seed_controlled_augmentation_v2
The road has cave-in near the school. Please take the necessary action.,roads,english,NYC311_seed_controlled_augmentation_v2
Please check the water system because of unknown odor/taste in drinking water in our neighbourhood.,water_supply,english,NYC311_seed_controlled_augmentation_v2
Residents have complained about bulk-missed recy collection near the junction.,garbage,english,NYC311_seed_controlled_augmentation_v2
"Vehicles are being affected by rough, pitted or cracked roads in our neighbourhood.",roads,english,NYC311_seed_controlled_augmentation_v2
Residents are concerned about cave-in near the school. The problem has been continuing for some time.,roads,english,NYC311_seed_controlled_augmentation_v2
Residents are concerned about defective hardware outside our building. This is causing inconvenience to the public.,roads,english,NYC311_seed_controlled_augmentation_v2
Residents are reporting rain garden flooding in our neighbourhood. We would appreciate assistance with this problem.,drainage,english,NYC311_seed_controlled_augmentation_v2
The drainage issue appears to involve rain garden flooding near the school. Please arrange an inspection.,drainage,english,NYC311_seed_controlled_augmentation_v2
Please inspect the electrical issue involving multiple street lights out near the school. Please arrange an inspection.,electricity,english,NYC311_seed_controlled_augmentation_v2
Residents have reported hydrant leaking close to the town centre. Please send the responsible team to inspect the area.,water_supply,english,NYC311_seed_controlled_augmentation_v2
"People nearby have complained about air: smoke, vehicular on the main road. Please arrange an inspection.",environment,english,NYC311_seed_controlled_augmentation_v2
Please send a technician because of street light lamp dim near the junction. The problem has been continuing for some time.,electricity,english,NYC311_seed_controlled_augmentation_v2
Ponding is causing drainage problems near the public market.,drainage,english,NYC311_seed_controlled_augmentation_v2
The drain is causing problems because of street flooding near the public market. Please investigate this issue.,drainage,english,NYC311_seed_controlled_augmentation_v2
Vehicles are being affected by broken curb on the main road. This is causing inconvenience to the public.,roads,english,NYC311_seed_controlled_augmentation_v2
Residents have complained about dirty sidewalk outside our building. Please resolve this problem as soon as possible.,garbage,english,NYC311_seed_controlled_augmentation_v2
The electrical system needs attention because of lamppost wire exposed on the main road.,electricity,english,NYC311_seed_controlled_augmentation_v2
Please inspect the drain because of sewage leak outside our building.,drainage,english,NYC311_seed_controlled_augmentation_v2
The electricity service has a problem with lamppost knocked down on the main road. Please arrange an inspection.,electricity,english,NYC311_seed_controlled_augmentation_v2
Wear & Tear is causing difficulties for vehicles close to the bus stop.,roads,english,NYC311_seed_controlled_augmentation_v2
This environmental problem involves chemical spill/release close to the town centre.,environment,english,NYC311_seed_controlled_augmentation_v2
Drivers are facing problems because of pothole - highway on the main road. Please resolve this problem as soon as possible.,roads,english,NYC311_seed_controlled_augmentation_v2
Defective Hardware is causing difficulties for vehicles close to the town centre. Please take the necessary action.,roads,english,NYC311_seed_controlled_augmentation_v2
Please inspect the electrical issue involving street light out close to the bus stop.,electricity,english,NYC311_seed_controlled_augmentation_v2
People in the area are experiencing unknown odor/taste in drinking water along the roadside. Please arrange an inspection.,water_supply,english,NYC311_seed_controlled_augmentation_v2
"People nearby have complained about air: smoke, vehicular in the residential area. Residents are requesting assistance.",environment,english,NYC311_seed_controlled_augmentation_v2
Sewer Backup is causing drainage problems near the junction.,drainage,english,NYC311_seed_controlled_augmentation_v2
Please inspect the electrical issue involving lamppost knocked down close to the bus stop. Please resolve this problem as soon as possible.,electricity,english,NYC311_seed_controlled_augmentation_v2
"Please inspect the environmental issue involving unsafe chemical, storage near the junction. Please send the responsible team to inspect the area.",environment,english,NYC311_seed_controlled_augmentation_v2
People in the area are experiencing slow leak in the residential area.,water_supply,english,NYC311_seed_controlled_augmentation_v2
We need assistance with manhole overflow along the roadside. Please take the necessary action.,drainage,english,NYC311_seed_controlled_augmentation_v2
Drivers are facing problems because of cave-in near the junction. Residents are requesting assistance.,roads,english,NYC311_seed_controlled_augmentation_v2
Residents are requesting action regarding missed recycling-all materials near the school. Please arrange an inspection.,garbage,english,NYC311_seed_controlled_augmentation_v2
There is an environmental issue involving chemical vapors/gases/odors in the residential area. Please send the responsible team to inspect the area.,environment,english,NYC311_seed_controlled_augmentation_v2
Please arrange cleaning because of bulk-missed collection near our house. This issue needs urgent attention.,garbage,english,NYC311_seed_controlled_augmentation_v2
Please inspect the electrical issue involving lamppost wire exposed in our neighbourhood.,electricity,english,NYC311_seed_controlled_augmentation_v2
There appears to be possible water main break near the public market.,water_supply,english,NYC311_seed_controlled_augmentation_v2
The road surface is damaged due to cave-in near the school.,roads,english,NYC311_seed_controlled_augmentation_v2
There is a waste management problem involving receptacle violation outside our building. We would appreciate assistance with this problem.,garbage,english,NYC311_seed_controlled_augmentation_v2
There appears to be leak outside our building. Please resolve this problem as soon as possible.,water_supply,english,NYC311_seed_controlled_augmentation_v2
Please address loose rubbish near our house. This issue needs urgent attention.,garbage,english,NYC311_seed_controlled_augmentation_v2
Residents are requesting action regarding chemical spill/release in our neighbourhood.,environment,english,NYC311_seed_controlled_augmentation_v2
Residents have reported unknown odor/taste in drinking water outside our building. Please resolve this problem as soon as possible.,water_supply,english,NYC311_seed_controlled_augmentation_v2
There is outlet/switch outside our building.,electricity,english,NYC311_seed_controlled_augmentation_v2
"The area is affected by oil spill on street, large near the junction.",environment,english,NYC311_seed_controlled_augmentation_v2
The drainage system is affected by sewer backup close to the bus stop.,drainage,english,NYC311_seed_controlled_augmentation_v2
Culvert Blocked/Needs Cleaning is causing drainage problems in the residential area.,drainage,english,NYC311_seed_controlled_augmentation_v2
The road needs attention because of defective hardware near our house. We would appreciate assistance with this problem.,roads,english,NYC311_seed_controlled_augmentation_v2
DAMP SPOT is affecting the local water supply outside our building.,water_supply,english,NYC311_seed_controlled_augmentation_v2
"People nearby have complained about unsafe chemical, abandoned in our neighbourhood. Please arrange an inspection.",environment,english,NYC311_seed_controlled_augmentation_v2
We would like to report curb defect-metal protruding close to the town centre.,roads,english,NYC311_seed_controlled_augmentation_v2
Drivers are facing problems because of wear & tear on the main road. We would appreciate assistance with this problem.,roads,english,NYC311_seed_controlled_augmentation_v2
The electrical system needs attention because of street light out close to the bus stop.,electricity,english,NYC311_seed_controlled_augmentation_v2
Drivers are facing problems because of broken curb near our house. Residents are requesting assistance.,roads,english,NYC311_seed_controlled_augmentation_v2
Please investigate the water problem caused by hydrant leaking along the roadside.,water_supply,english,NYC311_seed_controlled_augmentation_v2
The drain is causing problems because of manhole overflow on the main road. Please resolve this problem as soon as possible.,drainage,english,NYC311_seed_controlled_augmentation_v2
"This environmental problem involves air: dust, construction/demolition near our house. Please investigate this issue.",environment,english,NYC311_seed_controlled_augmentation_v2
Please arrange cleaning because of receptacle violation near the public market. Please send the responsible team to inspect the area.,garbage,english,NYC311_seed_controlled_augmentation_v2
Please investigate air: other air problem in the residential area.,environment,english,NYC311_seed_controlled_augmentation_v2
Wastewater problems have occurred due to rain garden flooding in our neighbourhood. Please investigate this issue.,drainage,english,NYC311_seed_controlled_augmentation_v2
Residents have reported hydrant leaking near the school. Please arrange an inspection.,water_supply,english,NYC311_seed_controlled_augmentation_v2
"There appears to be cloudy or milky, other close to the bus stop. Please take the necessary action.",water_supply,english,NYC311_seed_controlled_augmentation_v2
"Please investigate air: dust, construction/demolition near the school. This is causing inconvenience to the public.",environment,english,NYC311_seed_controlled_augmentation_v2
There is improper disposal near the school. Residents are requesting assistance.,garbage,english,NYC311_seed_controlled_augmentation_v2
"Residents are requesting action regarding air: odor/fumes, restaurant close to the bus stop.",environment,english,NYC311_seed_controlled_augmentation_v2
The drainage system is affected by sewer or drain near our house.,drainage,english,NYC311_seed_controlled_augmentation_v2
"We have noticed oil spill on street, large close to the bus stop. This issue needs urgent attention.",environment,english,NYC311_seed_controlled_augmentation_v2
"Please inspect the environmental issue involving unsafe chemical, abandoned near the public market. Residents are requesting assistance.",environment,english,NYC311_seed_controlled_augmentation_v2
There is multiple street lights out near the public market. Please arrange an inspection.,electricity,english,NYC311_seed_controlled_augmentation_v2
Waste has become a problem due to missed recycling - m/g/pl on the main road. This is causing inconvenience to the public.,garbage,english,NYC311_seed_controlled_augmentation_v2
Please send a technician because of lamppost knocked down near the public market.,electricity,english,NYC311_seed_controlled_augmentation_v2
RAIN GARDEN FLOODING is causing drainage problems near the hospital. This issue needs urgent attention.,drainage,english,NYC311_seed_controlled_augmentation_v2
We would like to report wear & tear in our neighbourhood.,roads,english,NYC311_seed_controlled_augmentation_v2
"Residents are concerned about unsafe chemical, abandoned along the roadside.",environment,english,NYC311_seed_controlled_augmentation_v2
The road has cave-in in the residential area. This issue needs urgent attention.,roads,english,NYC311_seed_controlled_augmentation_v2
"This environmental problem involves air: dust, other in our neighbourhood. We would appreciate assistance with this problem.",environment,english,NYC311_seed_controlled_augmentation_v2
Waste has become a problem due to missed recycling - m/g/pl along the roadside. This is causing inconvenience to the public.,garbage,english,NYC311_seed_controlled_augmentation_v2
Please arrange cleaning because of street cond/dump-out/drop-off on the main road. This issue needs urgent attention.,garbage,english,NYC311_seed_controlled_augmentation_v2
Street Cond/Dump-Out/Drop-Off is creating an unsanitary condition along the roadside. Please take the necessary action.,garbage,english,NYC311_seed_controlled_augmentation_v2
"Please investigate oil spill on street, large near the public market. Residents are requesting assistance.",environment,english,NYC311_seed_controlled_augmentation_v2
There is pothole - highway near the hospital.,roads,english,NYC311_seed_controlled_augmentation_v2
Chemical Vapors/Gases/Odors is affecting the surrounding environment along the roadside.,environment,english,NYC311_seed_controlled_augmentation_v2
"Air: Smoke, Vehicular is affecting the surrounding environment near the junction.",environment,english,NYC311_seed_controlled_augmentation_v2
We have noticed air: other air problem on the main road.,environment,english,NYC311_seed_controlled_augmentation_v2
Drivers are facing problems because of cave-in near our house. Residents are requesting assistance.,roads,english,NYC311_seed_controlled_augmentation_v2
Residents have reported street light out on the main road. Please take the necessary action.,electricity,english,NYC311_seed_controlled_augmentation_v2
We are experiencing dirty water near our house.,water_supply,english,NYC311_seed_controlled_augmentation_v2
"Our area is facing taste/odor, bitter/metallic in the residential area. This is causing inconvenience to the public.",water_supply,english,NYC311_seed_controlled_augmentation_v2
We are experiencing an electrical problem involving lighting near the public market. We would appreciate assistance with this problem.,electricity,english,NYC311_seed_controlled_augmentation_v2
HEAVY FLOW is affecting the local water supply in the residential area. This is causing inconvenience to the public.,water_supply,english,NYC311_seed_controlled_augmentation_v2
People in the area are affected by lamppost knocked down close to the town centre. Please investigate this issue.,electricity,english,NYC311_seed_controlled_augmentation_v2
"Our area is facing taste/odor, bitter/metallic in our neighbourhood.",water_supply,english,NYC311_seed_controlled_augmentation_v2
Residents are requesting action regarding bulk-missed collection near the school.,garbage,english,NYC311_seed_controlled_augmentation_v2
Residents are concerned about defective hardware near the school. The problem has been continuing for some time.,roads,english,NYC311_seed_controlled_augmentation_v2
Residents are concerned about cave-in near our house. Please send the responsible team to inspect the area.,roads,english,NYC311_seed_controlled_augmentation_v2
We are experiencing leak in the residential area.,water_supply,english,NYC311_seed_controlled_augmentation_v2
Garbage collection is affected by missed recycling paper near the public market. We would appreciate assistance with this problem.,garbage,english,NYC311_seed_controlled_augmentation_v2
Residents have reported outlet/switch in our neighbourhood. Please arrange an inspection.,electricity,english,NYC311_seed_controlled_augmentation_v2
Please inspect the drain because of catch basin clogged/flooding near the hospital.,drainage,english,NYC311_seed_controlled_augmentation_v2
The road has wear & tear outside our building. This issue needs urgent attention.,roads,english,NYC311_seed_controlled_augmentation_v2
We are experiencing an electrical problem involving power outage in our neighbourhood. Please arrange an inspection.,electricity,english,NYC311_seed_controlled_augmentation_v2
Wastewater problems have occurred due to sewer backup on the main road.,drainage,english,NYC311_seed_controlled_augmentation_v2
Please arrange cleaning because of loose rubbish near the public market. Please send the responsible team to inspect the area.,garbage,english,NYC311_seed_controlled_augmentation_v2
Residents are requesting action regarding bulk-missed recy collection near the junction. Residents are requesting assistance.,garbage,english,NYC311_seed_controlled_augmentation_v2
We would like to report pothole on the main road. Please arrange an inspection.,roads,english,NYC311_seed_controlled_augmentation_v2
Residents are requesting action regarding bulk-missed recy collection near the public market. Please investigate this issue.,garbage,english,NYC311_seed_controlled_augmentation_v2
Please inspect the environmental issue involving chemical odor outside our building.,environment,english,NYC311_seed_controlled_augmentation_v2
Please resolve the drainage issue involving catch basin clogged/flooding near the school. Please take the necessary action.,drainage,english,NYC311_seed_controlled_augmentation_v2
The road has cave-in on the main road.,roads,english,NYC311_seed_controlled_augmentation_v2
Sewage Leak is causing drainage problems near the school. Please send the responsible team to inspect the area.,drainage,english,NYC311_seed_controlled_augmentation_v2
Wastewater problems have occurred due to sewage odor along the roadside. This issue needs urgent attention.,drainage,english,NYC311_seed_controlled_augmentation_v2
The road surface is damaged due to broken curb close to the bus stop.,roads,english,NYC311_seed_controlled_augmentation_v2
Residents are reporting rain garden flooding in our neighbourhood.,drainage,english,NYC311_seed_controlled_augmentation_v2
Pothole - Highway is causing difficulties for vehicles on the main road. Please take the necessary action.,roads,english,NYC311_seed_controlled_augmentation_v2
Residents have complained about missed recycling paper close to the town centre. We would appreciate assistance with this problem.,garbage,english,NYC311_seed_controlled_augmentation_v2
"We have noticed air: smoke, vehicular near the public market.",environment,english,NYC311_seed_controlled_augmentation_v2
"We are experiencing taste/odor, chlorine near the public market. Please send the responsible team to inspect the area.",water_supply,english,NYC311_seed_controlled_augmentation_v2
We are experiencing an electrical problem involving multiple street lights out near the hospital.,electricity,english,NYC311_seed_controlled_augmentation_v2
We are experiencing no water close to the town centre. The problem has been continuing for some time.,water_supply,english,NYC311_seed_controlled_augmentation_v2
There is pothole - highway near the hospital. We would appreciate assistance with this problem.,roads,english,NYC311_seed_controlled_augmentation_v2
"We are experiencing taste/odor, chlorine in our neighbourhood. The problem has been continuing for some time.",water_supply,english,NYC311_seed_controlled_augmentation_v2
Bulk-Missed Recy Collection is creating an unsanitary condition on the main road.,garbage,english,NYC311_seed_controlled_augmentation_v2
There is a waste management problem involving loose rubbish in the residential area. The problem has been continuing for some time.,garbage,english,NYC311_seed_controlled_augmentation_v2
Wastewater problems have occurred due to sewer backup on the main road. This issue needs urgent attention.,drainage,english,NYC311_seed_controlled_augmentation_v2
Ventilation is affecting the surrounding environment near our house. Please send the responsible team to inspect the area.,environment,english,NYC311_seed_controlled_augmentation_v2
We are experiencing dirty water close to the town centre. Please take the necessary action.,water_supply,english,NYC311_seed_controlled_augmentation_v2
Please repair pothole - highway along the roadside.,roads,english,NYC311_seed_controlled_augmentation_v2
Residents are reporting sewage odor near the junction.,drainage,english,NYC311_seed_controlled_augmentation_v2
Receptacle Violation is creating an unsanitary condition near the junction.,garbage,english,NYC311_seed_controlled_augmentation_v2
Please address missed collection near the public market. This is causing inconvenience to the public.,garbage,english,NYC311_seed_controlled_augmentation_v2
"There appears to be cloudy or milky, other near the hospital. We would appreciate assistance with this problem.",water_supply,english,NYC311_seed_controlled_augmentation_v2
The drain is causing problems because of catch basin clogged/flooding near the hospital. Residents are requesting assistance.,drainage,english,NYC311_seed_controlled_augmentation_v2
We would like to report wear & tear near our house. Please resolve this problem as soon as possible.,roads,english,NYC311_seed_controlled_augmentation_v2
Please address dirty sidewalk near the public market.,garbage,english,NYC311_seed_controlled_augmentation_v2
There is power outage near the hospital.,electricity,english,NYC311_seed_controlled_augmentation_v2
We are experiencing an electrical problem involving street light out near our house. This is causing inconvenience to the public.,electricity,english,NYC311_seed_controlled_augmentation_v2
Pothole - Highway is causing difficulties for vehicles along the roadside.,roads,english,NYC311_seed_controlled_augmentation_v2
There is a waste management problem involving missed recycling paper near our house.,garbage,english,NYC311_seed_controlled_augmentation_v2
The drainage system is affected by street flooding near the public market. This issue needs urgent attention.,drainage,english,NYC311_seed_controlled_augmentation_v2
Please address bulk-missed collection near our house. We would appreciate assistance with this problem.,garbage,english,NYC311_seed_controlled_augmentation_v2
"There is an environmental issue involving air: smoke, vehicular near the hospital.",environment,english,NYC311_seed_controlled_augmentation_v2
Our area is facing damp spot in our neighbourhood. We would appreciate assistance with this problem.,water_supply,english,NYC311_seed_controlled_augmentation_v2
There is a waste management problem involving missed collection close to the bus stop. Please investigate this issue.,garbage,english,NYC311_seed_controlled_augmentation_v2
We need assistance with sewer backup near the hospital. Residents are requesting assistance.,drainage,english,NYC311_seed_controlled_augmentation_v2
Our area is facing low water pressure near the school.,water_supply,english,NYC311_seed_controlled_augmentation_v2
Please address street cond/dump-out/drop-off along the roadside. The problem has been continuing for some time.,garbage,english,NYC311_seed_controlled_augmentation_v2
Residents are reporting ponding near our house. Residents are requesting assistance.,drainage,english,NYC311_seed_controlled_augmentation_v2
"Taste/Odor, Chlorine is affecting the local water supply outside our building.",water_supply,english,NYC311_seed_controlled_augmentation_v2
"Rough, Pitted or Cracked Roads is causing difficulties for vehicles near the hospital. This is causing inconvenience to the public.",roads,english,NYC311_seed_controlled_augmentation_v2
There appears to be possible water main break outside our building. The problem has been continuing for some time.,water_supply,english,NYC311_seed_controlled_augmentation_v2
"We have noticed air: odor/fumes, vehicle idling in our neighbourhood. This is causing inconvenience to the public.",environment,english,NYC311_seed_controlled_augmentation_v2
"Unsafe Chemical, Abandoned is affecting the surrounding environment near the school.",environment,english,NYC311_seed_controlled_augmentation_v2
"This environmental problem involves unsafe chemical, abandoned along the roadside. Please resolve this problem as soon as possible.",environment,english,NYC311_seed_controlled_augmentation_v2
Residents are requesting action regarding missed recycling paper on the main road. Please send the responsible team to inspect the area.,garbage,english,NYC311_seed_controlled_augmentation_v2
Please resolve the drainage issue involving catch basin clogged/flooding near the hospital. We would appreciate assistance with this problem.,drainage,english,NYC311_seed_controlled_augmentation_v2
Residents are reporting catch basin clogged/flooding near the public market. This is causing inconvenience to the public.,drainage,english,NYC311_seed_controlled_augmentation_v2
Our area is facing possible water main break near the junction. Please arrange an inspection.,water_supply,english,NYC311_seed_controlled_augmentation_v2
Please inspect the environmental issue involving asbestos complaint near the junction.,environment,english,NYC311_seed_controlled_augmentation_v2
We need assistance with sewer or drain close to the town centre.,drainage,english,NYC311_seed_controlled_augmentation_v2
There is a waste management problem involving missed recycling paper near the school.,garbage,english,NYC311_seed_controlled_augmentation_v2
Please inspect the electrical issue involving wiring near the school. Please send the responsible team to inspect the area.,electricity,english,NYC311_seed_controlled_augmentation_v2
Please repair pothole outside our building. The problem has been continuing for some time.,roads,english,NYC311_seed_controlled_augmentation_v2
Curb Defect-Metal Protruding is causing difficulties for vehicles in our neighbourhood.,roads,english,NYC311_seed_controlled_augmentation_v2
Please inspect the electrical issue involving outlet/switch close to the bus stop. The problem has been continuing for some time.,electricity,english,NYC311_seed_controlled_augmentation_v2
There is sewer backup close to the bus stop. Please investigate this issue.,drainage,english,NYC311_seed_controlled_augmentation_v2
Please arrange cleaning because of street cond/dump-out/drop-off along the roadside. Please arrange an inspection.,garbage,english,NYC311_seed_controlled_augmentation_v2
There is pothole close to the bus stop. Please take the necessary action.,roads,english,NYC311_seed_controlled_augmentation_v2
Wastewater problems have occurred due to culvert blocked/needs cleaning close to the town centre.,drainage,english,NYC311_seed_controlled_augmentation_v2
Please address missed collection along the roadside.,garbage,english,NYC311_seed_controlled_augmentation_v2
The drainage issue appears to involve culvert blocked/needs cleaning near the school.,drainage,english,NYC311_seed_controlled_augmentation_v2
"Our area is facing taste/odor, bitter/metallic on the main road. Please investigate this issue.",water_supply,english,NYC311_seed_controlled_augmentation_v2
Residents are concerned about asbestos complaint near our house. Please take the necessary action.,environment,english,NYC311_seed_controlled_augmentation_v2
"This environmental problem involves air: dust, other in our neighbourhood. This issue needs urgent attention.",environment,english,NYC311_seed_controlled_augmentation_v2
"The road surface is damaged due to rough, pitted or cracked roads near the public market. Residents are requesting assistance.",roads,english,NYC311_seed_controlled_augmentation_v2
We are experiencing slow leak on the main road.,water_supply,english,NYC311_seed_controlled_augmentation_v2
"There is a water supply issue involving taste/odor, bitter/metallic in our neighbourhood.",water_supply,english,NYC311_seed_controlled_augmentation_v2
Please address bulk-missed collection near our house.,garbage,english,NYC311_seed_controlled_augmentation_v2
"We would like to report rough, pitted or cracked roads close to the town centre. Please resolve this problem as soon as possible.",roads,english,NYC311_seed_controlled_augmentation_v2
People in the area are affected by electrical wiring defective/exposed close to the bus stop. Please investigate this issue.,electricity,english,NYC311_seed_controlled_augmentation_v2
Residents are concerned about defective hardware near the junction.,roads,english,NYC311_seed_controlled_augmentation_v2
Drivers are facing problems because of cave-in near the hospital. Please arrange an inspection.,roads,english,NYC311_seed_controlled_augmentation_v2
The road needs attention because of broken curb near our house. Please send the responsible team to inspect the area.,roads,english,NYC311_seed_controlled_augmentation_v2
"Our area is facing taste/odor, bitter/metallic near our house.",water_supply,english,NYC311_seed_controlled_augmentation_v2
"People in the area are experiencing taste/odor, chlorine near our house.",water_supply,english,NYC311_seed_controlled_augmentation_v2
Residents have complained about street cond/dump-out/drop-off close to the town centre. Please send the responsible team to inspect the area.,garbage,english,NYC311_seed_controlled_augmentation_v2
Our area is facing hydrant leaking near our house.,water_supply,english,NYC311_seed_controlled_augmentation_v2
"Our area is facing taste/odor, chlorine outside our building. The problem has been continuing for some time.",water_supply,english,NYC311_seed_controlled_augmentation_v2
The road needs attention because of failed street repair in the residential area. Please take the necessary action.,roads,english,NYC311_seed_controlled_augmentation_v2
The drain is causing problems because of sewage leak near the public market. The problem has been continuing for some time.,drainage,english,NYC311_seed_controlled_augmentation_v2
The water service is affected by leak near the hospital.,water_supply,english,NYC311_seed_controlled_augmentation_v2
Residents have reported heavy flow near the hospital. The problem has been continuing for some time.,water_supply,english,NYC311_seed_controlled_augmentation_v2
Sewer Backup is causing drainage problems in the residential area. Residents are requesting assistance.,drainage,english,NYC311_seed_controlled_augmentation_v2
Our area is facing slow leak along the roadside. Please take the necessary action.,water_supply,english,NYC311_seed_controlled_augmentation_v2
"Drivers are facing problems because of rough, pitted or cracked roads close to the bus stop. Residents are requesting assistance.",roads,english,NYC311_seed_controlled_augmentation_v2
Please address receptacle violation outside our building. Please send the responsible team to inspect the area.,garbage,english,NYC311_seed_controlled_augmentation_v2
We need assistance with sewage odor close to the bus stop.,drainage,english,NYC311_seed_controlled_augmentation_v2
Please send a technician because of no lighting on the main road. Residents are requesting assistance.,electricity,english,NYC311_seed_controlled_augmentation_v2
Residents are requesting action regarding improper disposal near the hospital. The problem has been continuing for some time.,garbage,english,NYC311_seed_controlled_augmentation_v2
Residents are requesting action regarding air: other air problem on the main road.,environment,english,NYC311_seed_controlled_augmentation_v2
"There is rough, pitted or cracked roads in our neighbourhood.",roads,english,NYC311_seed_controlled_augmentation_v2
"The road has rough, pitted or cracked roads close to the town centre. This issue needs urgent attention.",roads,english,NYC311_seed_controlled_augmentation_v2
We are experiencing an electrical problem involving street light out on the main road. Please send the responsible team to inspect the area.,electricity,english,NYC311_seed_controlled_augmentation_v2
Please investigate the water problem caused by damp spot outside our building. Please resolve this problem as soon as possible.,water_supply,english,NYC311_seed_controlled_augmentation_v2
"This environmental problem involves unsafe chemical, abandoned near the school.",environment,english,NYC311_seed_controlled_augmentation_v2
Please address bulk-missed recy collection near the junction. Please send the responsible team to inspect the area.,garbage,english,NYC311_seed_controlled_augmentation_v2
There appears to be outlet/switch in our neighbourhood.,electricity,english,NYC311_seed_controlled_augmentation_v2
Residents have reported electrical wiring defective/exposed near the hospital. This issue needs urgent attention.,electricity,english,NYC311_seed_controlled_augmentation_v2
Garbage collection is affected by loose rubbish close to the town centre. Please send the responsible team to inspect the area.,garbage,english,NYC311_seed_controlled_augmentation_v2
There is a waste management problem involving bulk-missed recy collection near the school. Residents are requesting assistance.,garbage,english,NYC311_seed_controlled_augmentation_v2
People nearby have complained about large number of mosquitoes on the main road.,environment,english,NYC311_seed_controlled_augmentation_v2
Electrical Wiring Defective/Exposed is affecting the area close to the bus stop. Please send the responsible team to inspect the area.,electricity,english,NYC311_seed_controlled_augmentation_v2
Please address loose rubbish close to the bus stop. Please investigate this issue.,garbage,english,NYC311_seed_controlled_augmentation_v2
Waste has become a problem due to bulk-missed collection near our house.,garbage,english,NYC311_seed_controlled_augmentation_v2
The area needs cleaning because of missed recycling - m/g/pl near the public market. This issue needs urgent attention.,garbage,english,NYC311_seed_controlled_augmentation_v2
Waste has become a problem due to dirty area/alleyway near the school. This is causing inconvenience to the public.,garbage,english,NYC311_seed_controlled_augmentation_v2
Leak is affecting the local water supply close to the bus stop. Residents are requesting assistance.,water_supply,english,NYC311_seed_controlled_augmentation_v2
Please arrange cleaning because of loose rubbish along the roadside. Residents are requesting assistance.,garbage,english,NYC311_seed_controlled_augmentation_v2
There is sewage odor near the public market.,drainage,english,NYC311_seed_controlled_augmentation_v2
The area needs cleaning because of missed recycling-all materials near the junction.,garbage,english,NYC311_seed_controlled_augmentation_v2
SLOW LEAK is affecting the local water supply near the school. Please investigate this issue.,water_supply,english,NYC311_seed_controlled_augmentation_v2
There is rain garden flooding on the main road. This is causing inconvenience to the public.,drainage,english,NYC311_seed_controlled_augmentation_v2
Residents have complained about missed recycling-all materials on the main road.,garbage,english,NYC311_seed_controlled_augmentation_v2
Residents are concerned about air: other air problem near the school. This issue needs urgent attention.,environment,english,NYC311_seed_controlled_augmentation_v2
Pothole is causing difficulties for vehicles on the main road. Please investigate this issue.,roads,english,NYC311_seed_controlled_augmentation_v2
The area needs cleaning because of loose rubbish near the junction. This is causing inconvenience to the public.,garbage,english,NYC311_seed_controlled_augmentation_v2
"This environmental problem involves air: smoke, chimney or vent outside our building.",environment,english,NYC311_seed_controlled_augmentation_v2
The drainage issue appears to involve ponding on the main road. Please send the responsible team to inspect the area.,drainage,english,NYC311_seed_controlled_augmentation_v2
There appears to be lighting near the hospital. Residents are requesting assistance.,electricity,english,NYC311_seed_controlled_augmentation_v2
The drain is causing problems because of ponding in our neighbourhood. This issue needs urgent attention.,drainage,english,NYC311_seed_controlled_augmentation_v2
Residents have complained about improper disposal near the public market. Please take the necessary action.,garbage,english,NYC311_seed_controlled_augmentation_v2
The water service is affected by dirty water near our house. We would appreciate assistance with this problem.,water_supply,english,NYC311_seed_controlled_augmentation_v2
"Please investigate unsafe chemical, storage near our house. The problem has been continuing for some time.",environment,english,NYC311_seed_controlled_augmentation_v2
Please check the water system because of leak close to the town centre.,water_supply,english,NYC311_seed_controlled_augmentation_v2
"This environmental problem involves unsafe chemical, abandoned on the main road. Please arrange an inspection.",environment,english,NYC311_seed_controlled_augmentation_v2
Please inspect the drain because of ponding outside our building. Please resolve this problem as soon as possible.,drainage,english,NYC311_seed_controlled_augmentation_v2
"We have noticed air: dust, construction/demolition near the school. This is causing inconvenience to the public.",environment,english,NYC311_seed_controlled_augmentation_v2
Residents are reporting rain garden flooding close to the bus stop.,drainage,english,NYC311_seed_controlled_augmentation_v2
Please resolve the drainage issue involving sewer backup on the main road.,drainage,english,NYC311_seed_controlled_augmentation_v2
The road has wear & tear near the school.,roads,english,NYC311_seed_controlled_augmentation_v2
Please arrange cleaning because of bulk-missed collection close to the bus stop. Please investigate this issue.,garbage,english,NYC311_seed_controlled_augmentation_v2
SLOW LEAK is affecting the local water supply near the hospital.,water_supply,english,NYC311_seed_controlled_augmentation_v2
There is a water supply issue involving no water near the school. Please send the responsible team to inspect the area.,water_supply,english,NYC311_seed_controlled_augmentation_v2
Garbage collection is affected by bulk-missed recy collection along the roadside. The problem has been continuing for some time.,garbage,english,NYC311_seed_controlled_augmentation_v2
Curb Defect-Metal Protruding is causing difficulties for vehicles near the public market.,roads,english,NYC311_seed_controlled_augmentation_v2
"Air: Smoke, Vehicular is affecting the surrounding environment near the school. Please arrange an inspection.",environment,english,NYC311_seed_controlled_augmentation_v2
The electrical system needs attention because of outlet/switch near the hospital. Please investigate this issue.,electricity,english,NYC311_seed_controlled_augmentation_v2
Please resolve the drainage issue involving culvert blocked/needs cleaning in the residential area. Please send the responsible team to inspect the area.,drainage,english,NYC311_seed_controlled_augmentation_v2
Please investigate the water problem caused by damp spot near our house. Please arrange an inspection.,water_supply,english,NYC311_seed_controlled_augmentation_v2
"We have noticed air: odor/fumes, vehicle idling on the main road. We would appreciate assistance with this problem.",environment,english,NYC311_seed_controlled_augmentation_v2
The drainage system is affected by sewage leak near our house.,drainage,english,NYC311_seed_controlled_augmentation_v2
The road needs attention because of broken curb near the school. The problem has been continuing for some time.,roads,english,NYC311_seed_controlled_augmentation_v2
There is a waste management problem involving loose rubbish near the school. We would appreciate assistance with this problem.,garbage,english,NYC311_seed_controlled_augmentation_v2
"There is an environmental issue involving air: dust, other outside our building.",environment,english,NYC311_seed_controlled_augmentation_v2
"Please inspect the environmental issue involving air: smoke, vehicular outside our building. This issue needs urgent attention.",environment,english,NYC311_seed_controlled_augmentation_v2
The road surface is damaged due to cave-in close to the bus stop. Please arrange an inspection.,roads,english,NYC311_seed_controlled_augmentation_v2
Please investigate the water problem caused by heavy flow outside our building. Please arrange an inspection.,water_supply,english,NYC311_seed_controlled_augmentation_v2
There is a waste management problem involving dirty sidewalk on the main road.,garbage,english,NYC311_seed_controlled_augmentation_v2
"Please investigate the water problem caused by taste/odor, chlorine near the school.",water_supply,english,NYC311_seed_controlled_augmentation_v2
People nearby have complained about air: other air problem in the residential area. Residents are requesting assistance.,environment,english,NYC311_seed_controlled_augmentation_v2
Residents are concerned about chemical vapors/gases/odors outside our building.,environment,english,NYC311_seed_controlled_augmentation_v2
Residents have reported street light out close to the bus stop. Please resolve this problem as soon as possible.,electricity,english,NYC311_seed_controlled_augmentation_v2
Vehicles are being affected by pothole close to the town centre.,roads,english,NYC311_seed_controlled_augmentation_v2
People in the area are affected by wiring near the hospital. Please take the necessary action.,electricity,english,NYC311_seed_controlled_augmentation_v2
"This environmental problem involves oil spill on street, small near the school.",environment,english,NYC311_seed_controlled_augmentation_v2
We have noticed ventilation near the hospital. Please take the necessary action.,environment,english,NYC311_seed_controlled_augmentation_v2
There is an environmental issue involving air: other air problem on the main road. The problem has been continuing for some time.,environment,english,NYC311_seed_controlled_augmentation_v2
The drainage issue appears to involve sewage odor outside our building. Please arrange an inspection.,drainage,english,NYC311_seed_controlled_augmentation_v2
Loose Rubbish is creating an unsanitary condition outside our building.,garbage,english,NYC311_seed_controlled_augmentation_v2
Please send a technician because of no lighting near the public market.,electricity,english,NYC311_seed_controlled_augmentation_v2
Please investigate chemical odor along the roadside. This is causing inconvenience to the public.,environment,english,NYC311_seed_controlled_augmentation_v2
Residents are requesting action regarding air: other air problem near the public market. Please send the responsible team to inspect the area.,environment,english,NYC311_seed_controlled_augmentation_v2
Sewer Backup is causing drainage problems near the public market. Please investigate this issue.,drainage,english,NYC311_seed_controlled_augmentation_v2
The drain is causing problems because of catch basin clogged/flooding near the hospital.,drainage,english,NYC311_seed_controlled_augmentation_v2
We are experiencing an electrical problem involving no lighting near the school. Please send the responsible team to inspect the area.,electricity,english,NYC311_seed_controlled_augmentation_v2
The drainage issue appears to involve street flooding close to the town centre. Please investigate this issue.,drainage,english,NYC311_seed_controlled_augmentation_v2
"We have noticed oil spill on street, large near the junction. This issue needs urgent attention.",environment,english,NYC311_seed_controlled_augmentation_v2
People in the area are affected by power outage near the hospital.,electricity,english,NYC311_seed_controlled_augmentation_v2
"The area is affected by air: dust, other near our house. Please investigate this issue.",environment,english,NYC311_seed_controlled_augmentation_v2
Residents have reported possible water main break close to the town centre. Please take the necessary action.,water_supply,english,NYC311_seed_controlled_augmentation_v2
There is multiple street lights out near our house. Please take the necessary action.,electricity,english,NYC311_seed_controlled_augmentation_v2
Please address street cond/dump-out/drop-off near the hospital. Residents are requesting assistance.,garbage,english,NYC311_seed_controlled_augmentation_v2
Curb Defect-Metal Protruding is causing difficulties for vehicles near the public market. The problem has been continuing for some time.,roads,english,NYC311_seed_controlled_augmentation_v2
This environmental problem involves chemical vapors/gases/odors near the junction. Please send the responsible team to inspect the area.,environment,english,NYC311_seed_controlled_augmentation_v2
There is missed collection along the roadside. Please send the responsible team to inspect the area.,garbage,english,NYC311_seed_controlled_augmentation_v2
Curb Defect-Metal Protruding is causing difficulties for vehicles near the public market. Please take the necessary action.,roads,english,NYC311_seed_controlled_augmentation_v2
People in the area are affected by street light out near the hospital. Please arrange an inspection.,electricity,english,NYC311_seed_controlled_augmentation_v2
Residents are concerned about broken curb near our house.,roads,english,NYC311_seed_controlled_augmentation_v2
"Please investigate the water problem caused by taste/odor, bitter/metallic near the junction. Please send the responsible team to inspect the area.",water_supply,english,NYC311_seed_controlled_augmentation_v2
Waste has become a problem due to missed recycling-all materials near our house. Please take the necessary action.,garbage,english,NYC311_seed_controlled_augmentation_v2
The electricity service has a problem with wiring outside our building. Residents are requesting assistance.,electricity,english,NYC311_seed_controlled_augmentation_v2
"We have noticed air: odor/fumes, vehicle idling close to the town centre. This is causing inconvenience to the public.",environment,english,NYC311_seed_controlled_augmentation_v2
Please investigate air: other air problem near the public market. Please resolve this problem as soon as possible.,environment,english,NYC311_seed_controlled_augmentation_v2
Catch Basin Clogged/Flooding is causing drainage problems near our house.,drainage,english,NYC311_seed_controlled_augmentation_v2
"This environmental problem involves air: smoke, vehicular on the main road. We would appreciate assistance with this problem.",environment,english,NYC311_seed_controlled_augmentation_v2
We would like to report pothole on the main road. Please investigate this issue.,roads,english,NYC311_seed_controlled_augmentation_v2
Please arrange cleaning because of loose rubbish on the main road.,garbage,english,NYC311_seed_controlled_augmentation_v2
Please arrange cleaning because of missed collection near our house. Please take the necessary action.,garbage,english,NYC311_seed_controlled_augmentation_v2
The road needs attention because of wear & tear in our neighbourhood. The problem has been continuing for some time.,roads,english,NYC311_seed_controlled_augmentation_v2
Residents have reported lamppost knocked down near the junction. Please resolve this problem as soon as possible.,electricity,english,NYC311_seed_controlled_augmentation_v2
We are experiencing an electrical problem involving multiple street lights out in the residential area.,electricity,english,NYC311_seed_controlled_augmentation_v2
"Please inspect the environmental issue involving air: odor/fumes, vehicle idling near the school. We would appreciate assistance with this problem.",environment,english,NYC311_seed_controlled_augmentation_v2
"Air: Smoke, Chimney or vent is affecting the surrounding environment near the public market.",environment,english,NYC311_seed_controlled_augmentation_v2
"Residents are requesting action regarding unsafe chemical, abandoned close to the bus stop. Please take the necessary action.",environment,english,NYC311_seed_controlled_augmentation_v2
Please inspect the electrical issue involving multiple street lights out near the public market.,electricity,english,NYC311_seed_controlled_augmentation_v2
Our area is facing heavy flow in our neighbourhood.,water_supply,english,NYC311_seed_controlled_augmentation_v2
The road has broken curb in the residential area. Please send the responsible team to inspect the area.,roads,english,NYC311_seed_controlled_augmentation_v2
"Please investigate air: odor/fumes, vehicle idling in our neighbourhood.",environment,english,NYC311_seed_controlled_augmentation_v2
Wastewater problems have occurred due to manhole overflow near the hospital. This is causing inconvenience to the public.,drainage,english,NYC311_seed_controlled_augmentation_v2
"People nearby have complained about oil spill on street, small near the junction.",environment,english,NYC311_seed_controlled_augmentation_v2
Broken Curb is causing difficulties for vehicles outside our building. The problem has been continuing for some time.,roads,english,NYC311_seed_controlled_augmentation_v2
Residents have reported no lighting near our house. We would appreciate assistance with this problem.,electricity,english,NYC311_seed_controlled_augmentation_v2
"Cloudy Or Milky, Other is affecting the local water supply near the public market. This issue needs urgent attention.",water_supply,english,NYC311_seed_controlled_augmentation_v2
Wastewater problems have occurred due to catch basin clogged/flooding outside our building. This issue needs urgent attention.,drainage,english,NYC311_seed_controlled_augmentation_v2
Waste has become a problem due to bulk-missed collection near the hospital. Please send the responsible team to inspect the area.,garbage,english,NYC311_seed_controlled_augmentation_v2
"People in the area are experiencing taste/odor, bitter/metallic close to the bus stop.",water_supply,english,NYC311_seed_controlled_augmentation_v2
There is an environmental issue involving chemical vapors/gases/odors near the school. This issue needs urgent attention.,environment,english,NYC311_seed_controlled_augmentation_v2
Please arrange cleaning because of missed recycling-all materials outside our building. Please take the necessary action.,garbage,english,NYC311_seed_controlled_augmentation_v2
"There is an environmental issue involving unsafe chemical, abandoned outside our building.",environment,english,NYC311_seed_controlled_augmentation_v2
"Cloudy Or Milky, Other is affecting the local water supply close to the bus stop. This issue needs urgent attention.",water_supply,english,NYC311_seed_controlled_augmentation_v2
We have noticed chemical spill/release near the school. Please resolve this problem as soon as possible.,environment,english,NYC311_seed_controlled_augmentation_v2
Garbage collection is affected by street cond/dump-out/drop-off close to the bus stop. This is causing inconvenience to the public.,garbage,english,NYC311_seed_controlled_augmentation_v2
The drain is causing problems because of sewage leak outside our building. Please take the necessary action.,drainage,english,NYC311_seed_controlled_augmentation_v2
Please send a technician because of lighting along the roadside. Please resolve this problem as soon as possible.,electricity,english,NYC311_seed_controlled_augmentation_v2
Residents are concerned about pothole close to the bus stop. Please send the responsible team to inspect the area.,roads,english,NYC311_seed_controlled_augmentation_v2
There appears to be low water pressure along the roadside. Residents are requesting assistance.,water_supply,english,NYC311_seed_controlled_augmentation_v2
We are experiencing heavy flow on the main road. We would appreciate assistance with this problem.,water_supply,english,NYC311_seed_controlled_augmentation_v2
We would like to report broken curb near the junction. Residents are requesting assistance.,roads,english,NYC311_seed_controlled_augmentation_v2
There appears to be lamppost wire exposed near the hospital. Please send the responsible team to inspect the area.,electricity,english,NYC311_seed_controlled_augmentation_v2
Residents have reported wiring close to the town centre. The problem has been continuing for some time.,electricity,english,NYC311_seed_controlled_augmentation_v2
Residents are requesting action regarding missed collection near the public market.,garbage,english,NYC311_seed_controlled_augmentation_v2
Waste has become a problem due to missed recycling - m/g/pl in the residential area. We would appreciate assistance with this problem.,garbage,english,NYC311_seed_controlled_augmentation_v2
Please check the water system because of low water pressure near the hospital. Please take the necessary action.,water_supply,english,NYC311_seed_controlled_augmentation_v2
"Please inspect the environmental issue involving air: odor/fumes, vehicle idling near the public market. This issue needs urgent attention.",environment,english,NYC311_seed_controlled_augmentation_v2
Electrical Wiring Defective/Exposed is affecting the area along the roadside. We would appreciate assistance with this problem.,electricity,english,NYC311_seed_controlled_augmentation_v2
Please investigate the water problem caused by damp spot near the hospital. Please send the responsible team to inspect the area.,water_supply,english,NYC311_seed_controlled_augmentation_v2
Please investigate the water problem caused by leak near the hospital.,water_supply,english,NYC311_seed_controlled_augmentation_v2
Residents are concerned about ventilation near the public market.,environment,english,NYC311_seed_controlled_augmentation_v2
People in the area are affected by no lighting on the main road.,electricity,english,NYC311_seed_controlled_augmentation_v2
The drainage system is affected by sewer or drain close to the town centre.,drainage,english,NYC311_seed_controlled_augmentation_v2
There appears to be outlet/switch near the junction. Please take the necessary action.,electricity,english,NYC311_seed_controlled_augmentation_v2
Missed Recycling Paper is creating an unsanitary condition close to the bus stop.,garbage,english,NYC311_seed_controlled_augmentation_v2
"Air: Odor/Fumes, Restaurant is affecting the surrounding environment in our neighbourhood.",environment,english,NYC311_seed_controlled_augmentation_v2
"Air: Odor/Fumes, Restaurant is affecting the surrounding environment near the junction. Please take the necessary action.",environment,english,NYC311_seed_controlled_augmentation_v2
Street Light Lamp Dim is affecting the area on the main road.,electricity,english,NYC311_seed_controlled_augmentation_v2
The drainage issue appears to involve rain garden flooding near the junction. The problem has been continuing for some time.,drainage,english,NYC311_seed_controlled_augmentation_v2
Please investigate the water problem caused by no water in our neighbourhood. The problem has been continuing for some time.,water_supply,english,NYC311_seed_controlled_augmentation_v2
This environmental problem involves air: other air problem along the roadside. Please resolve this problem as soon as possible.,environment,english,NYC311_seed_controlled_augmentation_v2
We would like to report cave-in close to the town centre.,roads,english,NYC311_seed_controlled_augmentation_v2
Please inspect the drain because of rain garden flooding in our neighbourhood. This is causing inconvenience to the public.,drainage,english,NYC311_seed_controlled_augmentation_v2
There is missed collection on the main road.,garbage,english,NYC311_seed_controlled_augmentation_v2
Please investigate large number of mosquitoes near the public market.,environment,english,NYC311_seed_controlled_augmentation_v2
"The road has rough, pitted or cracked roads outside our building.",roads,english,NYC311_seed_controlled_augmentation_v2
Please send a technician because of wiring near the school. Residents are requesting assistance.,electricity,english,NYC311_seed_controlled_augmentation_v2
There is lamppost wire exposed near the school. We would appreciate assistance with this problem.,electricity,english,NYC311_seed_controlled_augmentation_v2
Residents have reported multiple street lights out outside our building.,electricity,english,NYC311_seed_controlled_augmentation_v2
Please repair pothole - highway close to the town centre.,roads,english,NYC311_seed_controlled_augmentation_v2
"We would like to report rough, pitted or cracked roads close to the bus stop.",roads,english,NYC311_seed_controlled_augmentation_v2
People in the area are experiencing leak near the school. Please arrange an inspection.,water_supply,english,NYC311_seed_controlled_augmentation_v2
"The road has rough, pitted or cracked roads along the roadside. Please arrange an inspection.",roads,english,NYC311_seed_controlled_augmentation_v2
The road has failed street repair near the public market. Please investigate this issue.,roads,english,NYC311_seed_controlled_augmentation_v2
Residents are concerned about wear & tear near our house. Please take the necessary action.,roads,english,NYC311_seed_controlled_augmentation_v2
Catch Basin Clogged/Flooding is causing drainage problems near the hospital. Please take the necessary action.,drainage,english,NYC311_seed_controlled_augmentation_v2
Please inspect the drain because of manhole overflow near the school.,drainage,english,NYC311_seed_controlled_augmentation_v2
Please investigate the water problem caused by leak along the roadside.,water_supply,english,NYC311_seed_controlled_augmentation_v2
Please send a technician because of power outage near the junction. This issue needs urgent attention.,electricity,english,NYC311_seed_controlled_augmentation_v2
"The area is affected by unsafe chemical, storage near the junction.",environment,english,NYC311_seed_controlled_augmentation_v2
The drainage issue appears to involve sewage leak in our neighbourhood. Please take the necessary action.,drainage,english,NYC311_seed_controlled_augmentation_v2
There is pothole near the junction. This is causing inconvenience to the public.,roads,english,NYC311_seed_controlled_augmentation_v2
Please check the water system because of slow leak near the school. Please investigate this issue.,water_supply,english,NYC311_seed_controlled_augmentation_v2
"Please investigate unsafe chemical, abandoned near the school. The problem has been continuing for some time.",environment,english,NYC311_seed_controlled_augmentation_v2
The area is affected by ventilation in the residential area. Please send the responsible team to inspect the area.,environment,english,NYC311_seed_controlled_augmentation_v2
Wastewater problems have occurred due to culvert blocked/needs cleaning close to the town centre. Residents are requesting assistance.,drainage,english,NYC311_seed_controlled_augmentation_v2
Catch Basin Clogged/Flooding is causing drainage problems near the junction. The problem has been continuing for some time.,drainage,english,NYC311_seed_controlled_augmentation_v2
Please inspect the drain because of catch basin clogged/flooding in our neighbourhood.,drainage,english,NYC311_seed_controlled_augmentation_v2
The road surface is damaged due to cave-in on the main road.,roads,english,NYC311_seed_controlled_augmentation_v2
There is sewer backup in our neighbourhood. Please resolve this problem as soon as possible.,drainage,english,NYC311_seed_controlled_augmentation_v2
Please resolve the drainage issue involving street flooding close to the bus stop. Please investigate this issue.,drainage,english,NYC311_seed_controlled_augmentation_v2
We need assistance with catch basin clogged/flooding close to the town centre. The problem has been continuing for some time.,drainage,english,NYC311_seed_controlled_augmentation_v2
We have noticed chemical spill/release outside our building.,environment,english,NYC311_seed_controlled_augmentation_v2
The road needs attention because of pothole - highway along the roadside. We would appreciate assistance with this problem.,roads,english,NYC311_seed_controlled_augmentation_v2
The electricity service has a problem with power outage on the main road. We would appreciate assistance with this problem.,electricity,english,NYC311_seed_controlled_augmentation_v2
Please investigate air: other air problem in our neighbourhood. This issue needs urgent attention.,environment,english,NYC311_seed_controlled_augmentation_v2
Residents are reporting sewer or drain near the hospital. Please take the necessary action.,drainage,english,NYC311_seed_controlled_augmentation_v2
People in the area are experiencing no water near the hospital. Please arrange an inspection.,water_supply,english,NYC311_seed_controlled_augmentation_v2
Please inspect the electrical issue involving no lighting near the public market. Please take the necessary action.,electricity,english,NYC311_seed_controlled_augmentation_v2
There is an environmental issue involving large number of mosquitoes near the public market. Please investigate this issue.,environment,english,NYC311_seed_controlled_augmentation_v2
Residents are requesting action regarding dirty sidewalk near the school.,garbage,english,NYC311_seed_controlled_augmentation_v2
Residents are concerned about chemical odor near the public market. Please resolve this problem as soon as possible.,environment,english,NYC311_seed_controlled_augmentation_v2
The area needs cleaning because of bulk-missed collection on the main road. Please send the responsible team to inspect the area.,garbage,english,NYC311_seed_controlled_augmentation_v2
Residents have complained about dirty area/alleyway in the residential area. This issue needs urgent attention.,garbage,english,NYC311_seed_controlled_augmentation_v2
Please inspect the environmental issue involving chemical spill/release near our house. Residents are requesting assistance.,environment,english,NYC311_seed_controlled_augmentation_v2
The electricity service has a problem with lighting close to the town centre.,electricity,english,NYC311_seed_controlled_augmentation_v2
The water service is affected by heavy flow near the public market. Please investigate this issue.,water_supply,english,NYC311_seed_controlled_augmentation_v2
"Please investigate unsafe chemical, abandoned outside our building. Please take the necessary action.",environment,english,NYC311_seed_controlled_augmentation_v2
We have noticed air: other air problem near the school.,environment,english,NYC311_seed_controlled_augmentation_v2
There appears to be hydrant leaking near our house. Please send the responsible team to inspect the area.,water_supply,english,NYC311_seed_controlled_augmentation_v2
Residents have reported lamppost wire exposed close to the bus stop. This is causing inconvenience to the public.,electricity,english,NYC311_seed_controlled_augmentation_v2
Residents are requesting action regarding improper disposal close to the town centre. Please arrange an inspection.,garbage,english,NYC311_seed_controlled_augmentation_v2
Please address missed recycling-all materials near the public market. This is causing inconvenience to the public.,garbage,english,NYC311_seed_controlled_augmentation_v2
Please investigate the water problem caused by leak in our neighbourhood. Please resolve this problem as soon as possible.,water_supply,english,NYC311_seed_controlled_augmentation_v2
"The area is affected by unsafe chemical, storage near the public market. Residents are requesting assistance.",environment,english,NYC311_seed_controlled_augmentation_v2
There appears to be power outage near our house.,electricity,english,NYC311_seed_controlled_augmentation_v2
Please arrange cleaning because of dirty sidewalk on the main road. Please resolve this problem as soon as possible.,garbage,english,NYC311_seed_controlled_augmentation_v2
There appears to be wiring along the roadside. This issue needs urgent attention.,electricity,english,NYC311_seed_controlled_augmentation_v2
"We have noticed unsafe chemical, storage along the roadside. We would appreciate assistance with this problem.",environment,english,NYC311_seed_controlled_augmentation_v2
Hydrant Leaking is affecting the local water supply near the public market. Please investigate this issue.,water_supply,english,NYC311_seed_controlled_augmentation_v2
Please inspect the environmental issue involving chemical odor close to the town centre. The problem has been continuing for some time.,environment,english,NYC311_seed_controlled_augmentation_v2
Vehicles are being affected by defective hardware along the roadside. Please send the responsible team to inspect the area.,roads,english,NYC311_seed_controlled_augmentation_v2
Drivers are facing problems because of broken curb near the hospital. This issue needs urgent attention.,roads,english,NYC311_seed_controlled_augmentation_v2
The electrical system needs attention because of multiple street lights out near the junction. Please investigate this issue.,electricity,english,NYC311_seed_controlled_augmentation_v2
Vehicles are being affected by failed street repair in the residential area.,roads,english,NYC311_seed_controlled_augmentation_v2
"There is an environmental issue involving air: smoke, vehicular in our neighbourhood.",environment,english,NYC311_seed_controlled_augmentation_v2
Street Light Lamp Dim is affecting the area in the residential area.,electricity,english,NYC311_seed_controlled_augmentation_v2
People in the area are experiencing leak outside our building.,water_supply,english,NYC311_seed_controlled_augmentation_v2
We need assistance with catch basin clogged/flooding near our house. Please arrange an inspection.,drainage,english,NYC311_seed_controlled_augmentation_v2
Manhole Overflow is causing drainage problems in our neighbourhood. Please send the responsible team to inspect the area.,drainage,english,NYC311_seed_controlled_augmentation_v2
There is multiple street lights out along the roadside. Please take the necessary action.,electricity,english,NYC311_seed_controlled_augmentation_v2
There is a waste management problem involving bulk-missed recy collection near the school. This issue needs urgent attention.,garbage,english,NYC311_seed_controlled_augmentation_v2
Residents are requesting action regarding improper disposal outside our building. Please take the necessary action.,garbage,english,NYC311_seed_controlled_augmentation_v2
Vehicles are being affected by curb defect-metal protruding in our neighbourhood.,roads,english,NYC311_seed_controlled_augmentation_v2
There is ponding near the hospital. The problem has been continuing for some time.,drainage,english,NYC311_seed_controlled_augmentation_v2
Please send a technician because of outlet/switch on the main road. Please send the responsible team to inspect the area.,electricity,english,NYC311_seed_controlled_augmentation_v2
Please send a technician because of wiring near the school. Please send the responsible team to inspect the area.,electricity,english,NYC311_seed_controlled_augmentation_v2
The water service is affected by leak along the roadside.,water_supply,english,NYC311_seed_controlled_augmentation_v2
There appears to be low water pressure in our neighbourhood.,water_supply,english,NYC311_seed_controlled_augmentation_v2
This environmental problem involves asbestos complaint close to the town centre. The problem has been continuing for some time.,environment,english,NYC311_seed_controlled_augmentation_v2
Residents are concerned about pothole - highway close to the bus stop. Please resolve this problem as soon as possible.,roads,english,NYC311_seed_controlled_augmentation_v2
Residents are requesting action regarding receptacle violation in our neighbourhood. Residents are requesting assistance.,garbage,english,NYC311_seed_controlled_augmentation_v2
"Please check the water system because of cloudy or milky, other in our neighbourhood.",water_supply,english,NYC311_seed_controlled_augmentation_v2
Residents are requesting action regarding missed recycling paper along the roadside. Please resolve this problem as soon as possible.,garbage,english,NYC311_seed_controlled_augmentation_v2
"There appears to be cloudy or milky, other near the school. This is causing inconvenience to the public.",water_supply,english,NYC311_seed_controlled_augmentation_v2
Please inspect the environmental issue involving large number of mosquitoes in the residential area. The problem has been continuing for some time.,environment,english,NYC311_seed_controlled_augmentation_v2
The drainage issue appears to involve sewage odor near our house. Please take the necessary action.,drainage,english,NYC311_seed_controlled_augmentation_v2
Please send a technician because of outlet/switch close to the bus stop. Please send the responsible team to inspect the area.,electricity,english,NYC311_seed_controlled_augmentation_v2
Please investigate the water problem caused by slow leak near the junction. Please resolve this problem as soon as possible.,water_supply,english,NYC311_seed_controlled_augmentation_v2
Our area is facing low water pressure near the hospital. This is causing inconvenience to the public.,water_supply,english,NYC311_seed_controlled_augmentation_v2
Please repair cave-in close to the town centre.,roads,english,NYC311_seed_controlled_augmentation_v2
We would like to report cave-in close to the bus stop.,roads,english,NYC311_seed_controlled_augmentation_v2
Wastewater problems have occurred due to rain garden flooding near the public market. The problem has been continuing for some time.,drainage,english,NYC311_seed_controlled_augmentation_v2
There is a waste management problem involving dirty sidewalk close to the town centre.,garbage,english,NYC311_seed_controlled_augmentation_v2
"The area is affected by unsafe chemical, abandoned in our neighbourhood.",environment,english,NYC311_seed_controlled_augmentation_v2
Please repair pothole outside our building.,roads,english,NYC311_seed_controlled_augmentation_v2
The road surface is damaged due to failed street repair in the residential area.,roads,english,NYC311_seed_controlled_augmentation_v2
Residents are reporting manhole overflow close to the town centre.,drainage,english,NYC311_seed_controlled_augmentation_v2
Drivers are facing problems because of pothole - highway in our neighbourhood.,roads,english,NYC311_seed_controlled_augmentation_v2
The drainage system is affected by street flooding in the residential area.,drainage,english,NYC311_seed_controlled_augmentation_v2
The drain is causing problems because of sewer backup in the residential area.,drainage,english,NYC311_seed_controlled_augmentation_v2
Residents are reporting ponding on the main road. Please send the responsible team to inspect the area.,drainage,english,NYC311_seed_controlled_augmentation_v2
Ventilation is affecting the surrounding environment close to the bus stop.,environment,english,NYC311_seed_controlled_augmentation_v2
Please send a technician because of power outage near our house. The problem has been continuing for some time.,electricity,english,NYC311_seed_controlled_augmentation_v2
The road has cave-in near the school. We would appreciate assistance with this problem.,roads,english,NYC311_seed_controlled_augmentation_v2
Residents are requesting action regarding chemical spill/release in the residential area. Please take the necessary action.,environment,english,NYC311_seed_controlled_augmentation_v2
Residents have reported dirty water near the junction. Residents are requesting assistance.,water_supply,english,NYC311_seed_controlled_augmentation_v2
"There is rough, pitted or cracked roads near our house. This issue needs urgent attention.",roads,english,NYC311_seed_controlled_augmentation_v2
Waste has become a problem due to loose rubbish near the junction. Please take the necessary action.,garbage,english,NYC311_seed_controlled_augmentation_v2
Please repair failed street repair near the hospital. We would appreciate assistance with this problem.,roads,english,NYC311_seed_controlled_augmentation_v2
"The area is affected by air: smoke, vehicular along the roadside. The problem has been continuing for some time.",environment,english,NYC311_seed_controlled_augmentation_v2
There is pothole close to the bus stop.,roads,english,NYC311_seed_controlled_augmentation_v2
People nearby have complained about air: other air problem near our house.,environment,english,NYC311_seed_controlled_augmentation_v2
"There is an environmental issue involving oil spill on street, small in the residential area.",environment,english,NYC311_seed_controlled_augmentation_v2
"The area is affected by air: odor/fumes, vehicle idling in the residential area. Please arrange an inspection.",environment,english,NYC311_seed_controlled_augmentation_v2
There is street light lamp dim in the residential area. The problem has been continuing for some time.,electricity,english,NYC311_seed_controlled_augmentation_v2
We are experiencing an electrical problem involving wiring near the junction. Please investigate this issue.,electricity,english,NYC311_seed_controlled_augmentation_v2
People in the area are experiencing damp spot close to the town centre. Please resolve this problem as soon as possible.,water_supply,english,NYC311_seed_controlled_augmentation_v2
Please address missed collection in our neighbourhood. Residents are requesting assistance.,garbage,english,NYC311_seed_controlled_augmentation_v2
"People nearby have complained about air: smoke, chimney or vent near the school.",environment,english,NYC311_seed_controlled_augmentation_v2
There is sewage leak along the roadside.,drainage,english,NYC311_seed_controlled_augmentation_v2
Residents are requesting action regarding missed collection near the school. Please investigate this issue.,garbage,english,NYC311_seed_controlled_augmentation_v2
There appears to be heavy flow in our neighbourhood.,water_supply,english,NYC311_seed_controlled_augmentation_v2
"Please repair rough, pitted or cracked roads near the hospital. Please arrange an inspection.",roads,english,NYC311_seed_controlled_augmentation_v2
The water service is affected by unknown odor/taste in drinking water near the hospital. Please resolve this problem as soon as possible.,water_supply,english,NYC311_seed_controlled_augmentation_v2
Waste has become a problem due to improper disposal along the roadside. The problem has been continuing for some time.,garbage,english,NYC311_seed_controlled_augmentation_v2
Residents are concerned about failed street repair close to the bus stop.,roads,english,NYC311_seed_controlled_augmentation_v2
There is street light out near the hospital. Please take the necessary action.,electricity,english,NYC311_seed_controlled_augmentation_v2
Wastewater problems have occurred due to manhole overflow on the main road.,drainage,english,NYC311_seed_controlled_augmentation_v2
The road has cave-in on the main road. The problem has been continuing for some time.,roads,english,NYC311_seed_controlled_augmentation_v2
Please resolve the drainage issue involving sewage odor close to the town centre. The problem has been continuing for some time.,drainage,english,NYC311_seed_controlled_augmentation_v2
We are experiencing unknown odor/taste in drinking water close to the town centre. We would appreciate assistance with this problem.,water_supply,english,NYC311_seed_controlled_augmentation_v2
There appears to be multiple street lights out in the residential area. Please take the necessary action.,electricity,english,NYC311_seed_controlled_augmentation_v2
Residents have complained about dirty area/alleyway on the main road. Residents are requesting assistance.,garbage,english,NYC311_seed_controlled_augmentation_v2
The drain is causing problems because of sewer backup in our neighbourhood. We would appreciate assistance with this problem.,drainage,english,NYC311_seed_controlled_augmentation_v2
Please inspect the electrical issue involving street light lamp dim in the residential area. Please arrange an inspection.,electricity,english,NYC311_seed_controlled_augmentation_v2
Please inspect the environmental issue involving chemical odor near our house. This is causing inconvenience to the public.,environment,english,NYC311_seed_controlled_augmentation_v2
Residents are concerned about defective hardware near the public market. Please arrange an inspection.,roads,english,NYC311_seed_controlled_augmentation_v2
There is manhole overflow near our house. Residents are requesting assistance.,drainage,english,NYC311_seed_controlled_augmentation_v2
DAMP SPOT is affecting the local water supply in the residential area.,water_supply,english,NYC311_seed_controlled_augmentation_v2
The drain is causing problems because of sewage odor outside our building.,drainage,english,NYC311_seed_controlled_augmentation_v2
The electricity service has a problem with lamppost knocked down near the junction. Please resolve this problem as soon as possible.,electricity,english,NYC311_seed_controlled_augmentation_v2
Drivers are facing problems because of pothole - highway in the residential area. Please investigate this issue.,roads,english,NYC311_seed_controlled_augmentation_v2
The area needs cleaning because of missed recycling - m/g/pl in the residential area. Please take the necessary action.,garbage,english,NYC311_seed_controlled_augmentation_v2
The road surface is damaged due to cave-in along the roadside. The problem has been continuing for some time.,roads,english,NYC311_seed_controlled_augmentation_v2
There is a waste management problem involving street cond/dump-out/drop-off along the roadside.,garbage,english,NYC311_seed_controlled_augmentation_v2
The road has wear & tear close to the bus stop.,roads,english,NYC311_seed_controlled_augmentation_v2
Please investigate chemical vapors/gases/odors outside our building.,environment,english,NYC311_seed_controlled_augmentation_v2
The road needs attention because of curb defect-metal protruding near our house.,roads,english,NYC311_seed_controlled_augmentation_v2
Garbage collection is affected by dirty sidewalk near our house. Please take the necessary action.,garbage,english,NYC311_seed_controlled_augmentation_v2
Garbage collection is affected by bulk-missed recy collection near the public market. Please send the responsible team to inspect the area.,garbage,english,NYC311_seed_controlled_augmentation_v2
"Residents are requesting action regarding air: smoke, vehicular near the public market. This is causing inconvenience to the public.",environment,english,NYC311_seed_controlled_augmentation_v2
Dirty Area/Alleyway is creating an unsanitary condition near the hospital. Residents are requesting assistance.,garbage,english,NYC311_seed_controlled_augmentation_v2
Please resolve the drainage issue involving sewage odor near the junction.,drainage,english,NYC311_seed_controlled_augmentation_v2
The road needs attention because of defective hardware close to the town centre.,roads,english,NYC311_seed_controlled_augmentation_v2
"People nearby have complained about air: dust, other near the public market. Please take the necessary action.",environment,english,NYC311_seed_controlled_augmentation_v2
"Please inspect the environmental issue involving air: smoke, vehicular in the residential area. Please take the necessary action.",environment,english,NYC311_seed_controlled_augmentation_v2
Residents are requesting action regarding dirty area/alleyway close to the town centre. We would appreciate assistance with this problem.,garbage,english,NYC311_seed_controlled_augmentation_v2
There is broken curb outside our building. This is causing inconvenience to the public.,roads,english,NYC311_seed_controlled_augmentation_v2
Drivers are facing problems because of pothole - highway along the roadside. This issue needs urgent attention.,roads,english,NYC311_seed_controlled_augmentation_v2
Please check the water system because of possible water main break in our neighbourhood. This issue needs urgent attention.,water_supply,english,NYC311_seed_controlled_augmentation_v2
Residents have reported damp spot near our house.,water_supply,english,NYC311_seed_controlled_augmentation_v2
The road needs attention because of cave-in outside our building. Residents are requesting assistance.,roads,english,NYC311_seed_controlled_augmentation_v2
"The road surface is damaged due to rough, pitted or cracked roads near the public market.",roads,english,NYC311_seed_controlled_augmentation_v2
The electrical system needs attention because of power outage in our neighbourhood.,electricity,english,NYC311_seed_controlled_augmentation_v2
"We have noticed unsafe chemical, abandoned close to the town centre. Residents are requesting assistance.",environment,english,NYC311_seed_controlled_augmentation_v2
"Residents are concerned about rough, pitted or cracked roads in our neighbourhood.",roads,english,NYC311_seed_controlled_augmentation_v2
"Please inspect the environmental issue involving air: smoke, chimney or vent near the public market. This is causing inconvenience to the public.",environment,english,NYC311_seed_controlled_augmentation_v2
Please inspect the electrical issue involving electrical wiring defective/exposed along the roadside.,electricity,english,NYC311_seed_controlled_augmentation_v2
The electrical system needs attention because of electrical wiring defective/exposed near the public market. The problem has been continuing for some time.,electricity,english,NYC311_seed_controlled_augmentation_v2
People in the area are experiencing unknown odor/taste in drinking water on the main road. The problem has been continuing for some time.,water_supply,english,NYC311_seed_controlled_augmentation_v2
"We have noticed unsafe chemical, abandoned in the residential area. Please take the necessary action.",environment,english,NYC311_seed_controlled_augmentation_v2
Vehicles are being affected by pothole - highway close to the town centre. Please resolve this problem as soon as possible.,roads,english,NYC311_seed_controlled_augmentation_v2
"There is an environmental issue involving air: dust, other near the public market.",environment,english,NYC311_seed_controlled_augmentation_v2
Broken Curb is causing difficulties for vehicles near the junction.,roads,english,NYC311_seed_controlled_augmentation_v2
The area needs cleaning because of dirty sidewalk along the roadside. The problem has been continuing for some time.,garbage,english,NYC311_seed_controlled_augmentation_v2
There appears to be power outage near the hospital. Please send the responsible team to inspect the area.,electricity,english,NYC311_seed_controlled_augmentation_v2
Residents have complained about missed collection near the hospital. Please arrange an inspection.,garbage,english,NYC311_seed_controlled_augmentation_v2
The area needs cleaning because of improper disposal near our house.,garbage,english,NYC311_seed_controlled_augmentation_v2
"Residents are requesting action regarding oil spill on street, small in the residential area. Please investigate this issue.",environment,english,NYC311_seed_controlled_augmentation_v2
The road needs attention because of wear & tear outside our building.,roads,english,NYC311_seed_controlled_augmentation_v2
We are experiencing an electrical problem involving lamppost wire exposed along the roadside. Please take the necessary action.,electricity,english,NYC311_seed_controlled_augmentation_v2
There is curb defect-metal protruding near the hospital. Please arrange an inspection.,roads,english,NYC311_seed_controlled_augmentation_v2
There is a waste management problem involving missed collection near the hospital. Please take the necessary action.,garbage,english,NYC311_seed_controlled_augmentation_v2
Please resolve the drainage issue involving sewage odor near our house.,drainage,english,NYC311_seed_controlled_augmentation_v2
Residents are reporting sewage leak close to the town centre.,drainage,english,NYC311_seed_controlled_augmentation_v2
There is no lighting outside our building. Please send the responsible team to inspect the area.,electricity,english,NYC311_seed_controlled_augmentation_v2
Please send a technician because of power outage close to the bus stop. Residents are requesting assistance.,electricity,english,NYC311_seed_controlled_augmentation_v2
There is wear & tear in the residential area. This issue needs urgent attention.,roads,english,NYC311_seed_controlled_augmentation_v2
Waste has become a problem due to missed recycling paper on the main road. Please send the responsible team to inspect the area.,garbage,english,NYC311_seed_controlled_augmentation_v2
Please inspect the drain because of rain garden flooding outside our building.,drainage,english,NYC311_seed_controlled_augmentation_v2
"This environmental problem involves unsafe chemical, storage outside our building.",environment,english,NYC311_seed_controlled_augmentation_v2
"Please repair rough, pitted or cracked roads near the junction. The problem has been continuing for some time.",roads,english,NYC311_seed_controlled_augmentation_v2
The drainage system is affected by manhole overflow close to the bus stop. We would appreciate assistance with this problem.,drainage,english,NYC311_seed_controlled_augmentation_v2
The drainage system is affected by sewer backup near the hospital. Please resolve this problem as soon as possible.,drainage,english,NYC311_seed_controlled_augmentation_v2
There is multiple street lights out near the school. The problem has been continuing for some time.,electricity,english,NYC311_seed_controlled_augmentation_v2
Garbage collection is affected by receptacle violation close to the bus stop. Residents are requesting assistance.,garbage,english,NYC311_seed_controlled_augmentation_v2
We have noticed chemical vapors/gases/odors near the public market. The problem has been continuing for some time.,environment,english,NYC311_seed_controlled_augmentation_v2
There is electrical wiring defective/exposed close to the bus stop.,electricity,english,NYC311_seed_controlled_augmentation_v2
"Our area is facing taste/odor, bitter/metallic near the hospital. Please arrange an inspection.",water_supply,english,NYC311_seed_controlled_augmentation_v2
We are experiencing no water near the school. Residents are requesting assistance.,water_supply,english,NYC311_seed_controlled_augmentation_v2
Please repair failed street repair near our house.,roads,english,NYC311_seed_controlled_augmentation_v2
Residents are reporting ponding near the school. Please send the responsible team to inspect the area.,drainage,english,NYC311_seed_controlled_augmentation_v2
There is a water supply issue involving hydrant leaking near the public market. We would appreciate assistance with this problem.,water_supply,english,NYC311_seed_controlled_augmentation_v2
People in the area are experiencing no water near the junction. Please send the responsible team to inspect the area.,water_supply,english,NYC311_seed_controlled_augmentation_v2
"There is an environmental issue involving air: smoke, chimney or vent close to the bus stop. Please investigate this issue.",environment,english,NYC311_seed_controlled_augmentation_v2
We would like to report cave-in along the roadside. Please arrange an inspection.,roads,english,NYC311_seed_controlled_augmentation_v2
There is broken curb near the hospital. Please investigate this issue.,roads,english,NYC311_seed_controlled_augmentation_v2
People nearby have complained about air: other air problem near the school. Please send the responsible team to inspect the area.,environment,english,NYC311_seed_controlled_augmentation_v2
Please check the water system because of unknown odor/taste in drinking water in our neighbourhood. The problem has been continuing for some time.,water_supply,english,NYC311_seed_controlled_augmentation_v2
There appears to be outlet/switch close to the town centre. Please take the necessary action.,electricity,english,NYC311_seed_controlled_augmentation_v2
The electricity service has a problem with no lighting near the hospital.,electricity,english,NYC311_seed_controlled_augmentation_v2
"Residents are requesting action regarding air: odor/fumes, restaurant near the hospital. We would appreciate assistance with this problem.",environment,english,NYC311_seed_controlled_augmentation_v2
This environmental problem involves large number of mosquitoes near our house.,environment,english,NYC311_seed_controlled_augmentation_v2
We would like to report defective hardware near the school.,roads,english,NYC311_seed_controlled_augmentation_v2
Vehicles are being affected by broken curb outside our building. This is causing inconvenience to the public.,roads,english,NYC311_seed_controlled_augmentation_v2
Residents are reporting culvert blocked/needs cleaning near our house. Please arrange an inspection.,drainage,english,NYC311_seed_controlled_augmentation_v2
Please inspect the drain because of street flooding near our house.,drainage,english,NYC311_seed_controlled_augmentation_v2
"Please check the water system because of taste/odor, bitter/metallic along the roadside.",water_supply,english,NYC311_seed_controlled_augmentation_v2
The area is affected by chemical odor near the junction.,environment,english,NYC311_seed_controlled_augmentation_v2
Residents have reported power outage on the main road. We would appreciate assistance with this problem.,electricity,english,NYC311_seed_controlled_augmentation_v2
We are experiencing no water near our house. We would appreciate assistance with this problem.,water_supply,english,NYC311_seed_controlled_augmentation_v2
"Rough, Pitted or Cracked Roads is causing difficulties for vehicles near the hospital. Please take the necessary action.",roads,english,NYC311_seed_controlled_augmentation_v2
Residents are requesting action regarding improper disposal in the residential area. Please take the necessary action.,garbage,english,NYC311_seed_controlled_augmentation_v2
"Residents are concerned about rough, pitted or cracked roads near our house.",roads,english,NYC311_seed_controlled_augmentation_v2
Pothole - Highway is causing difficulties for vehicles along the roadside. We would appreciate assistance with this problem.,roads,english,NYC311_seed_controlled_augmentation_v2
Manhole Overflow is causing drainage problems near the junction. Please investigate this issue.,drainage,english,NYC311_seed_controlled_augmentation_v2
"People nearby have complained about unsafe chemical, storage on the main road. Please arrange an inspection.",environment,english,NYC311_seed_controlled_augmentation_v2
Residents have complained about bulk-missed collection along the roadside. The problem has been continuing for some time.,garbage,english,NYC311_seed_controlled_augmentation_v2
Residents are concerned about curb defect-metal protruding near the public market.,roads,english,NYC311_seed_controlled_augmentation_v2
Residents have reported power outage near the public market.,electricity,english,NYC311_seed_controlled_augmentation_v2
The water service is affected by slow leak close to the town centre.,water_supply,english,NYC311_seed_controlled_augmentation_v2
"Taste/Odor, Bitter/Metallic is affecting the local water supply close to the bus stop. Please send the responsible team to inspect the area.",water_supply,english,NYC311_seed_controlled_augmentation_v2
There is pothole - highway near the hospital. Please arrange an inspection.,roads,english,NYC311_seed_controlled_augmentation_v2
The drain is causing problems because of sewage odor near the school.,drainage,english,NYC311_seed_controlled_augmentation_v2
We have noticed chemical spill/release close to the bus stop. Please investigate this issue.,environment,english,NYC311_seed_controlled_augmentation_v2
The drainage system is affected by sewage odor close to the bus stop.,drainage,english,NYC311_seed_controlled_augmentation_v2
We are experiencing an electrical problem involving lamppost knocked down near the junction. This is causing inconvenience to the public.,electricity,english,NYC311_seed_controlled_augmentation_v2
The electrical system needs attention because of lighting on the main road. We would appreciate assistance with this problem.,electricity,english,NYC311_seed_controlled_augmentation_v2
Pothole - Highway is causing difficulties for vehicles outside our building.,roads,english,NYC311_seed_controlled_augmentation_v2
Residents are reporting sewage odor near the hospital.,drainage,english,NYC311_seed_controlled_augmentation_v2
Please repair failed street repair near the junction. Please arrange an inspection.,roads,english,NYC311_seed_controlled_augmentation_v2
Residents have reported dirty water outside our building. This issue needs urgent attention.,water_supply,english,NYC311_seed_controlled_augmentation_v2
Lamppost Wire Exposed is affecting the area in our neighbourhood. This issue needs urgent attention.,electricity,english,NYC311_seed_controlled_augmentation_v2
Please inspect the environmental issue involving air: other air problem near the hospital.,environment,english,NYC311_seed_controlled_augmentation_v2
The drain is causing problems because of catch basin clogged/flooding along the roadside. This is causing inconvenience to the public.,drainage,english,NYC311_seed_controlled_augmentation_v2
"Please check the water system because of taste/odor, chlorine on the main road. Please take the necessary action.",water_supply,english,NYC311_seed_controlled_augmentation_v2
The area is affected by chemical spill/release near the school.,environment,english,NYC311_seed_controlled_augmentation_v2
Residents have reported dirty water near our house.,water_supply,english,NYC311_seed_controlled_augmentation_v2
Residents have complained about dirty area/alleyway close to the town centre.,garbage,english,NYC311_seed_controlled_augmentation_v2
Please repair curb defect-metal protruding close to the bus stop. Please send the responsible team to inspect the area.,roads,english,NYC311_seed_controlled_augmentation_v2
"Please repair rough, pitted or cracked roads near the school. Please take the necessary action.",roads,english,NYC311_seed_controlled_augmentation_v2
Please repair pothole - highway near the public market. This issue needs urgent attention.,roads,english,NYC311_seed_controlled_augmentation_v2
Please inspect the environmental issue involving asbestos complaint in our neighbourhood. The problem has been continuing for some time.,environment,english,NYC311_seed_controlled_augmentation_v2
Residents are reporting culvert blocked/needs cleaning in the residential area. Please take the necessary action.,drainage,english,NYC311_seed_controlled_augmentation_v2
"People nearby have complained about air: odor/fumes, restaurant near the public market. This issue needs urgent attention.",environment,english,NYC311_seed_controlled_augmentation_v2
Residents have reported no water near the hospital. Residents are requesting assistance.,water_supply,english,NYC311_seed_controlled_augmentation_v2
Please investigate the water problem caused by slow leak close to the bus stop. We would appreciate assistance with this problem.,water_supply,english,NYC311_seed_controlled_augmentation_v2
People in the area are affected by street light out along the roadside.,electricity,english,NYC311_seed_controlled_augmentation_v2
Please investigate the water problem caused by hydrant leaking close to the town centre. Please arrange an inspection.,water_supply,english,NYC311_seed_controlled_augmentation_v2
Vehicles are being affected by broken curb in the residential area. Please investigate this issue.,roads,english,NYC311_seed_controlled_augmentation_v2
Sewer or Drain is causing drainage problems near the public market.,drainage,english,NYC311_seed_controlled_augmentation_v2
Garbage collection is affected by missed collection near the hospital.,garbage,english,NYC311_seed_controlled_augmentation_v2
The drainage issue appears to involve culvert blocked/needs cleaning on the main road. Please investigate this issue.,drainage,english,NYC311_seed_controlled_augmentation_v2
"Please check the water system because of cloudy or milky, other close to the bus stop. Please send the responsible team to inspect the area.",water_supply,english,NYC311_seed_controlled_augmentation_v2
Chemical Vapors/Gases/Odors is affecting the surrounding environment near the public market.,environment,english,NYC311_seed_controlled_augmentation_v2
"Residents are concerned about unsafe chemical, storage close to the town centre.",environment,english,NYC311_seed_controlled_augmentation_v2
People in the area are affected by lighting near the hospital. We would appreciate assistance with this problem.,electricity,english,NYC311_seed_controlled_augmentation_v2
"We are experiencing taste/odor, bitter/metallic near the school. This issue needs urgent attention.",water_supply,english,NYC311_seed_controlled_augmentation_v2
Please inspect the drain because of street flooding close to the bus stop. Please resolve this problem as soon as possible.,drainage,english,NYC311_seed_controlled_augmentation_v2
We have noticed air: other air problem close to the town centre. Please resolve this problem as soon as possible.,environment,english,NYC311_seed_controlled_augmentation_v2
There is dirty area/alleyway close to the town centre.,garbage,english,NYC311_seed_controlled_augmentation_v2
The area needs cleaning because of missed collection close to the bus stop. Please take the necessary action.,garbage,english,NYC311_seed_controlled_augmentation_v2
NO LIGHTING is affecting the area on the main road. Please take the necessary action.,electricity,english,NYC311_seed_controlled_augmentation_v2
Waste has become a problem due to dirty sidewalk in the residential area.,garbage,english,NYC311_seed_controlled_augmentation_v2
Please investigate the water problem caused by slow leak on the main road.,water_supply,english,NYC311_seed_controlled_augmentation_v2
We are experiencing no water in our neighbourhood.,water_supply,english,NYC311_seed_controlled_augmentation_v2
Garbage collection is affected by dirty area/alleyway near the hospital. Please send the responsible team to inspect the area.,garbage,english,NYC311_seed_controlled_augmentation_v2
There appears to be no lighting outside our building.,electricity,english,NYC311_seed_controlled_augmentation_v2
There is a waste management problem involving missed recycling-all materials outside our building. Please send the responsible team to inspect the area.,garbage,english,NYC311_seed_controlled_augmentation_v2
Please inspect the electrical issue involving street light out in our neighbourhood. We would appreciate assistance with this problem.,electricity,english,NYC311_seed_controlled_augmentation_v2
"Our area is facing taste/odor, chlorine near the junction.",water_supply,english,NYC311_seed_controlled_augmentation_v2
"There is rough, pitted or cracked roads near our house.",roads,english,NYC311_seed_controlled_augmentation_v2
There is missed recycling-all materials in our neighbourhood. This issue needs urgent attention.,garbage,english,NYC311_seed_controlled_augmentation_v2
There is an environmental issue involving asbestos complaint near our house. Please send the responsible team to inspect the area.,environment,english,NYC311_seed_controlled_augmentation_v2
Failed Street Repair is causing difficulties for vehicles in the residential area.,roads,english,NYC311_seed_controlled_augmentation_v2
"The water service is affected by taste/odor, chlorine near the junction. Please arrange an inspection.",water_supply,english,NYC311_seed_controlled_augmentation_v2
The road has curb defect-metal protruding near the school.,roads,english,NYC311_seed_controlled_augmentation_v2
People in the area are affected by lighting outside our building. We would appreciate assistance with this problem.,electricity,english,NYC311_seed_controlled_augmentation_v2
There is a water supply issue involving leak close to the town centre. Please investigate this issue.,water_supply,english,NYC311_seed_controlled_augmentation_v2
The water service is affected by possible water main break along the roadside. This issue needs urgent attention.,water_supply,english,NYC311_seed_controlled_augmentation_v2
People nearby have complained about chemical vapors/gases/odors on the main road. The problem has been continuing for some time.,environment,english,NYC311_seed_controlled_augmentation_v2
Residents are reporting sewer backup near the hospital. Please send the responsible team to inspect the area.,drainage,english,NYC311_seed_controlled_augmentation_v2
Please check the water system because of no water in the residential area. Please send the responsible team to inspect the area.,water_supply,english,NYC311_seed_controlled_augmentation_v2
Residents have reported dirty water outside our building.,water_supply,english,NYC311_seed_controlled_augmentation_v2
We need assistance with culvert blocked/needs cleaning on the main road.,drainage,english,NYC311_seed_controlled_augmentation_v2
Sewage Odor is causing drainage problems outside our building. Please arrange an inspection.,drainage,english,NYC311_seed_controlled_augmentation_v2
Our area is facing damp spot outside our building. This is causing inconvenience to the public.,water_supply,english,NYC311_seed_controlled_augmentation_v2
People in the area are affected by outlet/switch in our neighbourhood.,electricity,english,NYC311_seed_controlled_augmentation_v2
LIGHTING is affecting the area on the main road.,electricity,english,NYC311_seed_controlled_augmentation_v2
There is sewer backup near the public market. Please arrange an inspection.,drainage,english,NYC311_seed_controlled_augmentation_v2
We would like to report wear & tear close to the bus stop.,roads,english,NYC311_seed_controlled_augmentation_v2
Please send a technician because of electrical wiring defective/exposed near the school. This is causing inconvenience to the public.,electricity,english,NYC311_seed_controlled_augmentation_v2
There is a waste management problem involving bulk-missed collection in our neighbourhood.,garbage,english,NYC311_seed_controlled_augmentation_v2
We are experiencing an electrical problem involving electrical wiring defective/exposed on the main road. Please take the necessary action.,electricity,english,NYC311_seed_controlled_augmentation_v2
Please inspect the electrical issue involving wiring along the roadside. Please send the responsible team to inspect the area.,electricity,english,NYC311_seed_controlled_augmentation_v2
We need assistance with ponding on the main road. Please resolve this problem as soon as possible.,drainage,english,NYC311_seed_controlled_augmentation_v2
Please repair failed street repair near the junction. We would appreciate assistance with this problem.,roads,english,NYC311_seed_controlled_augmentation_v2
Wastewater problems have occurred due to ponding near the junction. Residents are requesting assistance.,drainage,english,NYC311_seed_controlled_augmentation_v2
"People in the area are experiencing taste/odor, bitter/metallic outside our building. Residents are requesting assistance.",water_supply,english,NYC311_seed_controlled_augmentation_v2
The area needs cleaning because of dirty area/alleyway near our house. We would appreciate assistance with this problem.,garbage,english,NYC311_seed_controlled_augmentation_v2
Our area is facing dirty water near the junction. Please take the necessary action.,water_supply,english,NYC311_seed_controlled_augmentation_v2
Vehicles are being affected by broken curb in our neighbourhood.,roads,english,NYC311_seed_controlled_augmentation_v2
Vehicles are being affected by defective hardware near the junction. Please send the responsible team to inspect the area.,roads,english,NYC311_seed_controlled_augmentation_v2
The road has wear & tear in our neighbourhood.,roads,english,NYC311_seed_controlled_augmentation_v2
The area needs cleaning because of bulk-missed collection near the hospital. Please send the responsible team to inspect the area.,garbage,english,NYC311_seed_controlled_augmentation_v2
Residents are concerned about wear & tear outside our building.,roads,english,NYC311_seed_controlled_augmentation_v2
Please arrange cleaning because of missed recycling - m/g/pl near the junction. This issue needs urgent attention.,garbage,english,NYC311_seed_controlled_augmentation_v2
Please inspect the drain because of rain garden flooding near the junction. This issue needs urgent attention.,drainage,english,NYC311_seed_controlled_augmentation_v2
Please repair pothole near the junction. Residents are requesting assistance.,roads,english,NYC311_seed_controlled_augmentation_v2
"Please inspect the environmental issue involving unsafe chemical, abandoned near our house. This issue needs urgent attention.",environment,english,NYC311_seed_controlled_augmentation_v2
Residents have reported unknown odor/taste in drinking water on the main road. This is causing inconvenience to the public.,water_supply,english,NYC311_seed_controlled_augmentation_v2
Residents are concerned about asbestos complaint near the school. Please take the necessary action.,environment,english,NYC311_seed_controlled_augmentation_v2
We are experiencing an electrical problem involving street light out near the public market. Please take the necessary action.,electricity,english,NYC311_seed_controlled_augmentation_v2
There is a waste management problem involving bulk-missed recy collection along the roadside. The problem has been continuing for some time.,garbage,english,NYC311_seed_controlled_augmentation_v2
Please arrange cleaning because of dirty area/alleyway in the residential area. Please send the responsible team to inspect the area.,garbage,english,NYC311_seed_controlled_augmentation_v2
POWER OUTAGE is affecting the area near the school. We would appreciate assistance with this problem.,electricity,english,NYC311_seed_controlled_augmentation_v2
Please inspect the electrical issue involving no lighting outside our building. We would appreciate assistance with this problem.,electricity,english,NYC311_seed_controlled_augmentation_v2
Residents have reported lighting near the school.,electricity,english,NYC311_seed_controlled_augmentation_v2
Drivers are facing problems because of pothole close to the town centre. Please send the responsible team to inspect the area.,roads,english,NYC311_seed_controlled_augmentation_v2
Please inspect the drain because of culvert blocked/needs cleaning near our house. Please send the responsible team to inspect the area.,drainage,english,NYC311_seed_controlled_augmentation_v2
The electricity service has a problem with power outage outside our building. Please send the responsible team to inspect the area.,electricity,english,NYC311_seed_controlled_augmentation_v2
The drainage system is affected by sewage odor in our neighbourhood. We would appreciate assistance with this problem.,drainage,english,NYC311_seed_controlled_augmentation_v2
There appears to be slow leak on the main road. Please send the responsible team to inspect the area.,water_supply,english,NYC311_seed_controlled_augmentation_v2
Please inspect the electrical issue involving street light out near our house.,electricity,english,NYC311_seed_controlled_augmentation_v2
We are experiencing an electrical problem involving wiring in our neighbourhood. This issue needs urgent attention.,electricity,english,NYC311_seed_controlled_augmentation_v2
The area needs cleaning because of missed recycling-all materials near the public market. Please take the necessary action.,garbage,english,NYC311_seed_controlled_augmentation_v2
"People nearby have complained about air: odor/fumes, restaurant near the hospital.",environment,english,NYC311_seed_controlled_augmentation_v2
Please address missed collection along the roadside. We would appreciate assistance with this problem.,garbage,english,NYC311_seed_controlled_augmentation_v2
Residents have reported power outage close to the bus stop. Please investigate this issue.,electricity,english,NYC311_seed_controlled_augmentation_v2
There appears to be street light out close to the bus stop.,electricity,english,NYC311_seed_controlled_augmentation_v2
"The area is affected by oil spill on street, small near the school. Residents are requesting assistance.",environment,english,NYC311_seed_controlled_augmentation_v2
There is an environmental issue involving large number of mosquitoes close to the bus stop. We would appreciate assistance with this problem.,environment,english,NYC311_seed_controlled_augmentation_v2
The electricity service has a problem with street light lamp dim in the residential area. The problem has been continuing for some time.,electricity,english,NYC311_seed_controlled_augmentation_v2
"There is a water supply issue involving cloudy or milky, other close to the town centre.",water_supply,english,NYC311_seed_controlled_augmentation_v2
Residents have reported lamppost knocked down near the junction. This issue needs urgent attention.,electricity,english,NYC311_seed_controlled_augmentation_v2
There is a waste management problem involving dirty sidewalk along the roadside. Please send the responsible team to inspect the area.,garbage,english,NYC311_seed_controlled_augmentation_v2
Please address improper disposal near the public market.,garbage,english,NYC311_seed_controlled_augmentation_v2
Residents are requesting action regarding asbestos complaint along the roadside. Please send the responsible team to inspect the area.,environment,english,NYC311_seed_controlled_augmentation_v2
Culvert Blocked/Needs Cleaning is causing drainage problems close to the bus stop. The problem has been continuing for some time.,drainage,english,NYC311_seed_controlled_augmentation_v2
There is cave-in near the hospital.,roads,english,NYC311_seed_controlled_augmentation_v2
Curb Defect-Metal Protruding is causing difficulties for vehicles near our house. Please take the necessary action.,roads,english,NYC311_seed_controlled_augmentation_v2
Residents are reporting rain garden flooding close to the town centre. Please resolve this problem as soon as possible.,drainage,english,NYC311_seed_controlled_augmentation_v2
There appears to be no water near the school. We would appreciate assistance with this problem.,water_supply,english,NYC311_seed_controlled_augmentation_v2
Lamppost Wire Exposed is affecting the area outside our building.,electricity,english,NYC311_seed_controlled_augmentation_v2
We are experiencing possible water main break close to the bus stop. Please investigate this issue.,water_supply,english,NYC311_seed_controlled_augmentation_v2
Dirty Sidewalk is creating an unsanitary condition near the junction. We would appreciate assistance with this problem.,garbage,english,NYC311_seed_controlled_augmentation_v2
We have noticed chemical vapors/gases/odors near the hospital. Please send the responsible team to inspect the area.,environment,english,NYC311_seed_controlled_augmentation_v2
"Please check the water system because of cloudy or milky, other close to the bus stop.",water_supply,english,NYC311_seed_controlled_augmentation_v2
Our area is facing dirty water outside our building. This issue needs urgent attention.,water_supply,english,NYC311_seed_controlled_augmentation_v2
"This environmental problem involves air: odor/fumes, restaurant in our neighbourhood. This is causing inconvenience to the public.",environment,english,NYC311_seed_controlled_augmentation_v2
There appears to be power outage outside our building. This is causing inconvenience to the public.,electricity,english,NYC311_seed_controlled_augmentation_v2
This environmental problem involves chemical odor in the residential area.,environment,english,NYC311_seed_controlled_augmentation_v2
Please inspect the electrical issue involving lighting on the main road.,electricity,english,NYC311_seed_controlled_augmentation_v2
The area needs cleaning because of improper disposal in the residential area. We would appreciate assistance with this problem.,garbage,english,NYC311_seed_controlled_augmentation_v2
Residents are requesting action regarding street cond/dump-out/drop-off on the main road. Residents are requesting assistance.,garbage,english,NYC311_seed_controlled_augmentation_v2
"Air: Smoke, Chimney or vent is affecting the surrounding environment close to the town centre. Please take the necessary action.",environment,english,NYC311_seed_controlled_augmentation_v2
We would like to report defective hardware near the junction. This issue needs urgent attention.,roads,english,NYC311_seed_controlled_augmentation_v2
There is missed recycling-all materials near the school. Please investigate this issue.,garbage,english,NYC311_seed_controlled_augmentation_v2
There is defective hardware near the public market. Please investigate this issue.,roads,english,NYC311_seed_controlled_augmentation_v2
Please resolve the drainage issue involving culvert blocked/needs cleaning along the roadside.,drainage,english,NYC311_seed_controlled_augmentation_v2
Residents have complained about bulk-missed recy collection on the main road. We would appreciate assistance with this problem.,garbage,english,NYC311_seed_controlled_augmentation_v2
The road has pothole - highway close to the bus stop.,roads,english,NYC311_seed_controlled_augmentation_v2
"The area is affected by air: odor/fumes, vehicle idling outside our building. This issue needs urgent attention.",environment,english,NYC311_seed_controlled_augmentation_v2
Catch Basin Clogged/Flooding is causing drainage problems near the hospital. We would appreciate assistance with this problem.,drainage,english,NYC311_seed_controlled_augmentation_v2
Residents have reported lamppost wire exposed near the school. This issue needs urgent attention.,electricity,english,NYC311_seed_controlled_augmentation_v2
There is an environmental issue involving asbestos complaint near the school. Please arrange an inspection.,environment,english,NYC311_seed_controlled_augmentation_v2
Drivers are facing problems because of defective hardware near our house. We would appreciate assistance with this problem.,roads,english,NYC311_seed_controlled_augmentation_v2
The road needs attention because of curb defect-metal protruding near the hospital.,roads,english,NYC311_seed_controlled_augmentation_v2
Wastewater problems have occurred due to sewage odor close to the town centre. The problem has been continuing for some time.,drainage,english,NYC311_seed_controlled_augmentation_v2
We are experiencing dirty water near our house. Residents are requesting assistance.,water_supply,english,NYC311_seed_controlled_augmentation_v2
The road has failed street repair close to the bus stop. This is causing inconvenience to the public.,roads,english,NYC311_seed_controlled_augmentation_v2
There is street light lamp dim near the school. This is causing inconvenience to the public.,electricity,english,NYC311_seed_controlled_augmentation_v2
No Water is affecting the local water supply outside our building. Please resolve this problem as soon as possible.,water_supply,english,NYC311_seed_controlled_augmentation_v2
The drain is causing problems because of sewer or drain on the main road. Please send the responsible team to inspect the area.,drainage,english,NYC311_seed_controlled_augmentation_v2
Please address missed recycling paper outside our building.,garbage,english,NYC311_seed_controlled_augmentation_v2
Please investigate the water problem caused by heavy flow along the roadside. This is causing inconvenience to the public.,water_supply,english,NYC311_seed_controlled_augmentation_v2
We would like to report pothole close to the town centre.,roads,english,NYC311_seed_controlled_augmentation_v2
This environmental problem involves chemical vapors/gases/odors outside our building. Please take the necessary action.,environment,english,NYC311_seed_controlled_augmentation_v2
Residents are concerned about ventilation near the public market. Please resolve this problem as soon as possible.,environment,english,NYC311_seed_controlled_augmentation_v2
Garbage collection is affected by missed recycling-all materials close to the bus stop.,garbage,english,NYC311_seed_controlled_augmentation_v2
Street Cond/Dump-Out/Drop-Off is creating an unsanitary condition in the residential area. Please resolve this problem as soon as possible.,garbage,english,NYC311_seed_controlled_augmentation_v2
There is missed recycling paper near the public market. Please arrange an inspection.,garbage,english,NYC311_seed_controlled_augmentation_v2
Residents are concerned about cave-in near the school. Please investigate this issue.,roads,english,NYC311_seed_controlled_augmentation_v2
"Please check the water system because of cloudy or milky, other outside our building.",water_supply,english,NYC311_seed_controlled_augmentation_v2
"People nearby have complained about oil spill on street, large close to the bus stop. This is causing inconvenience to the public.",environment,english,NYC311_seed_controlled_augmentation_v2
Please check the water system because of damp spot along the roadside. Please investigate this issue.,water_supply,english,NYC311_seed_controlled_augmentation_v2
The water service is affected by damp spot in our neighbourhood.,water_supply,english,NYC311_seed_controlled_augmentation_v2
The electrical system needs attention because of electrical wiring defective/exposed close to the bus stop.,electricity,english,NYC311_seed_controlled_augmentation_v2
Please repair failed street repair in the residential area. Please resolve this problem as soon as possible.,roads,english,NYC311_seed_controlled_augmentation_v2
Residents have reported lamppost wire exposed close to the town centre. We would appreciate assistance with this problem.,electricity,english,NYC311_seed_controlled_augmentation_v2
"Please inspect the environmental issue involving unsafe chemical, abandoned in our neighbourhood. Please send the responsible team to inspect the area.",environment,english,NYC311_seed_controlled_augmentation_v2
"Please inspect the environmental issue involving oil spill on street, large close to the bus stop. Residents are requesting assistance.",environment,english,NYC311_seed_controlled_augmentation_v2
Please inspect the environmental issue involving air: other air problem outside our building. Please send the responsible team to inspect the area.,environment,english,NYC311_seed_controlled_augmentation_v2
The area needs cleaning because of missed recycling - m/g/pl near the public market. Please send the responsible team to inspect the area.,garbage,english,NYC311_seed_controlled_augmentation_v2
The drain is causing problems because of sewage leak near the school. This is causing inconvenience to the public.,drainage,english,NYC311_seed_controlled_augmentation_v2
Chemical Spill/Release is affecting the surrounding environment near the public market. Please take the necessary action.,environment,english,NYC311_seed_controlled_augmentation_v2
Residents have complained about missed recycling paper close to the town centre.,garbage,english,NYC311_seed_controlled_augmentation_v2
There is rain garden flooding close to the bus stop. Please investigate this issue.,drainage,english,NYC311_seed_controlled_augmentation_v2
The drainage system is affected by sewage odor near our house. Please investigate this issue.,drainage,english,NYC311_seed_controlled_augmentation_v2
Garbage collection is affected by loose rubbish near the public market. Residents are requesting assistance.,garbage,english,NYC311_seed_controlled_augmentation_v2
People in the area are affected by power outage on the main road. Residents are requesting assistance.,electricity,english,NYC311_seed_controlled_augmentation_v2
Residents are reporting sewer backup near the hospital. This is causing inconvenience to the public.,drainage,english,NYC311_seed_controlled_augmentation_v2
The area needs cleaning because of dirty sidewalk close to the town centre.,garbage,english,NYC311_seed_controlled_augmentation_v2
Waste has become a problem due to receptacle violation outside our building. The problem has been continuing for some time.,garbage,english,NYC311_seed_controlled_augmentation_v2
The drainage system is affected by sewer or drain near the junction.,drainage,english,NYC311_seed_controlled_augmentation_v2
There is sewer or drain in our neighbourhood.,drainage,english,NYC311_seed_controlled_augmentation_v2
Residents are reporting culvert blocked/needs cleaning outside our building.,drainage,english,NYC311_seed_controlled_augmentation_v2
Please arrange cleaning because of receptacle violation outside our building.,garbage,english,NYC311_seed_controlled_augmentation_v2
Please send a technician because of power outage outside our building. This is causing inconvenience to the public.,electricity,english,NYC311_seed_controlled_augmentation_v2
We are experiencing leak along the roadside. Please investigate this issue.,water_supply,english,NYC311_seed_controlled_augmentation_v2
"There is rough, pitted or cracked roads near the school. Please investigate this issue.",roads,english,NYC311_seed_controlled_augmentation_v2
People nearby have complained about chemical spill/release along the roadside. Please send the responsible team to inspect the area.,environment,english,NYC311_seed_controlled_augmentation_v2
Residents have reported possible water main break in the residential area.,water_supply,english,NYC311_seed_controlled_augmentation_v2
"We have noticed air: dust, construction/demolition near our house. Please arrange an inspection.",environment,english,NYC311_seed_controlled_augmentation_v2
Wastewater problems have occurred due to catch basin clogged/flooding close to the town centre.,drainage,english,NYC311_seed_controlled_augmentation_v2
"Please inspect the environmental issue involving air: dust, other near the hospital. The problem has been continuing for some time.",environment,english,NYC311_seed_controlled_augmentation_v2
Please arrange cleaning because of dirty area/alleyway close to the bus stop.,garbage,english,NYC311_seed_controlled_augmentation_v2
Please arrange cleaning because of dirty area/alleyway along the roadside. Please resolve this problem as soon as possible.,garbage,english,NYC311_seed_controlled_augmentation_v2
Defective Hardware is causing difficulties for vehicles near our house. The problem has been continuing for some time.,roads,english,NYC311_seed_controlled_augmentation_v2
"Residents are requesting action regarding air: smoke, vehicular near our house. Please arrange an inspection.",environment,english,NYC311_seed_controlled_augmentation_v2
We would like to report wear & tear outside our building. Please resolve this problem as soon as possible.,roads,english,NYC311_seed_controlled_augmentation_v2
Please inspect the electrical issue involving street light lamp dim near the school. This issue needs urgent attention.,electricity,english,NYC311_seed_controlled_augmentation_v2
There is a waste management problem involving missed recycling - m/g/pl in the residential area. Please send the responsible team to inspect the area.,garbage,english,NYC311_seed_controlled_augmentation_v2
Possible Water Main Break is affecting the local water supply in the residential area.,water_supply,english,NYC311_seed_controlled_augmentation_v2
"Taste/Odor, Chlorine is affecting the local water supply in our neighbourhood. Please investigate this issue.",water_supply,english,NYC311_seed_controlled_augmentation_v2
Missed Recycling-All Materials is creating an unsanitary condition near our house. This is causing inconvenience to the public.,garbage,english,NYC311_seed_controlled_augmentation_v2
This environmental problem involves large number of mosquitoes outside our building.,environment,english,NYC311_seed_controlled_augmentation_v2
Please check the water system because of no water near the school. This is causing inconvenience to the public.,water_supply,english,NYC311_seed_controlled_augmentation_v2
Vehicles are being affected by cave-in on the main road. Please arrange an inspection.,roads,english,NYC311_seed_controlled_augmentation_v2
The electricity service has a problem with electrical wiring defective/exposed in the residential area.,electricity,english,NYC311_seed_controlled_augmentation_v2
Please investigate large number of mosquitoes outside our building.,environment,english,NYC311_seed_controlled_augmentation_v2
Please address missed collection in the residential area.,garbage,english,NYC311_seed_controlled_augmentation_v2
There appears to be dirty water near our house. We would appreciate assistance with this problem.,water_supply,english,NYC311_seed_controlled_augmentation_v2
The electrical system needs attention because of street light lamp dim on the main road. Residents are requesting assistance.,electricity,english,NYC311_seed_controlled_augmentation_v2
Please inspect the drain because of manhole overflow near the school. Please arrange an inspection.,drainage,english,NYC311_seed_controlled_augmentation_v2
Please arrange cleaning because of bulk-missed recy collection near the school. Residents are requesting assistance.,garbage,english,NYC311_seed_controlled_augmentation_v2
There is ponding outside our building.,drainage,english,NYC311_seed_controlled_augmentation_v2
"Please repair rough, pitted or cracked roads near our house. Please arrange an inspection.",roads,english,NYC311_seed_controlled_augmentation_v2
The drain is causing problems because of sewer backup on the main road. Please send the responsible team to inspect the area.,drainage,english,NYC311_seed_controlled_augmentation_v2
We have noticed chemical spill/release in the residential area.,environment,english,NYC311_seed_controlled_augmentation_v2
There is a waste management problem involving missed recycling - m/g/pl outside our building. The problem has been continuing for some time.,garbage,english,NYC311_seed_controlled_augmentation_v2
We would like to report broken curb on the main road.,roads,english,NYC311_seed_controlled_augmentation_v2
Please inspect the electrical issue involving outlet/switch close to the town centre. The problem has been continuing for some time.,electricity,english,NYC311_seed_controlled_augmentation_v2
The electrical system needs attention because of power outage near the public market. This is causing inconvenience to the public.,electricity,english,NYC311_seed_controlled_augmentation_v2
"The area is affected by oil spill on street, large close to the town centre. This issue needs urgent attention.",environment,english,NYC311_seed_controlled_augmentation_v2
Please send a technician because of multiple street lights out near the hospital. The problem has been continuing for some time.,electricity,english,NYC311_seed_controlled_augmentation_v2
"People nearby have complained about air: dust, construction/demolition near the public market. Please send the responsible team to inspect the area.",environment,english,NYC311_seed_controlled_augmentation_v2
There is a waste management problem involving bulk-missed recy collection near the junction. Residents are requesting assistance.,garbage,english,NYC311_seed_controlled_augmentation_v2
Garbage collection is affected by missed collection near the public market.,garbage,english,NYC311_seed_controlled_augmentation_v2
Residents have reported slow leak in the residential area. Please send the responsible team to inspect the area.,water_supply,english,NYC311_seed_controlled_augmentation_v2
There is an environmental issue involving chemical spill/release near the public market.,environment,english,NYC311_seed_controlled_augmentation_v2
The road surface is damaged due to failed street repair outside our building.,roads,english,NYC311_seed_controlled_augmentation_v2
"Our area is facing taste/odor, bitter/metallic in our neighbourhood. Residents are requesting assistance.",water_supply,english,NYC311_seed_controlled_augmentation_v2
The water service is affected by unknown odor/taste in drinking water near our house.,water_supply,english,NYC311_seed_controlled_augmentation_v2
Residents have reported multiple street lights out near the junction. This is causing inconvenience to the public.,electricity,english,NYC311_seed_controlled_augmentation_v2
"Vehicles are being affected by rough, pitted or cracked roads on the main road.",roads,english,NYC311_seed_controlled_augmentation_v2
"Please investigate unsafe chemical, storage close to the bus stop. The problem has been continuing for some time.",environment,english,NYC311_seed_controlled_augmentation_v2
"Residents are concerned about air: dust, other close to the town centre. Residents are requesting assistance.",environment,english,NYC311_seed_controlled_augmentation_v2
The area is affected by chemical spill/release in the residential area. Please investigate this issue.,environment,english,NYC311_seed_controlled_augmentation_v2
The water service is affected by dirty water near our house. Please send the responsible team to inspect the area.,water_supply,english,NYC311_seed_controlled_augmentation_v2
People in the area are experiencing hydrant leaking in the residential area. This issue needs urgent attention.,water_supply,english,NYC311_seed_controlled_augmentation_v2
Garbage collection is affected by bulk-missed recy collection near the public market. Please resolve this problem as soon as possible.,garbage,english,NYC311_seed_controlled_augmentation_v2
"Our area is facing cloudy or milky, other near our house. Please investigate this issue.",water_supply,english,NYC311_seed_controlled_augmentation_v2
"Please inspect the environmental issue involving unsafe chemical, abandoned close to the town centre. Please resolve this problem as soon as possible.",environment,english,NYC311_seed_controlled_augmentation_v2
Please investigate the water problem caused by dirty water near our house.,water_supply,english,NYC311_seed_controlled_augmentation_v2
There is bulk-missed recy collection on the main road. Please take the necessary action.,garbage,english,NYC311_seed_controlled_augmentation_v2
"There appears to be taste/odor, bitter/metallic along the roadside. Residents are requesting assistance.",water_supply,english,NYC311_seed_controlled_augmentation_v2
There is a water supply issue involving dirty water along the roadside. Please investigate this issue.,water_supply,english,NYC311_seed_controlled_augmentation_v2
Vehicles are being affected by failed street repair close to the town centre. Residents are requesting assistance.,roads,english,NYC311_seed_controlled_augmentation_v2
Please arrange cleaning because of receptacle violation in our neighbourhood. This is causing inconvenience to the public.,garbage,english,NYC311_seed_controlled_augmentation_v2
"Please inspect the environmental issue involving air: odor/fumes, vehicle idling near the junction. Please resolve this problem as soon as possible.",environment,english,NYC311_seed_controlled_augmentation_v2
Residents have reported dirty water in our neighbourhood. The problem has been continuing for some time.,water_supply,english,NYC311_seed_controlled_augmentation_v2
Waste has become a problem due to dirty sidewalk near our house. Please send the responsible team to inspect the area.,garbage,english,NYC311_seed_controlled_augmentation_v2
There is multiple street lights out near the public market. The problem has been continuing for some time.,electricity,english,NYC311_seed_controlled_augmentation_v2
The road has curb defect-metal protruding near the junction. Please arrange an inspection.,roads,english,NYC311_seed_controlled_augmentation_v2
Garbage collection is affected by missed recycling paper near the junction.,garbage,english,NYC311_seed_controlled_augmentation_v2
Please inspect the environmental issue involving asbestos complaint near the school. Please take the necessary action.,environment,english,NYC311_seed_controlled_augmentation_v2
There is culvert blocked/needs cleaning near the school.,drainage,english,NYC311_seed_controlled_augmentation_v2
People in the area are affected by lamppost wire exposed in the residential area. Please arrange an inspection.,electricity,english,NYC311_seed_controlled_augmentation_v2
Please repair wear & tear outside our building. Please take the necessary action.,roads,english,NYC311_seed_controlled_augmentation_v2
Cave-in is causing difficulties for vehicles near the school. Please investigate this issue.,roads,english,NYC311_seed_controlled_augmentation_v2
"People in the area are experiencing taste/odor, chlorine outside our building. Please take the necessary action.",water_supply,english,NYC311_seed_controlled_augmentation_v2
Please address missed collection near the hospital. Please take the necessary action.,garbage,english,NYC311_seed_controlled_augmentation_v2
We would like to report cave-in near the school. This is causing inconvenience to the public.,roads,english,NYC311_seed_controlled_augmentation_v2
The road has broken curb near the hospital.,roads,english,NYC311_seed_controlled_augmentation_v2
Garbage collection is affected by receptacle violation in the residential area. Please resolve this problem as soon as possible.,garbage,english,NYC311_seed_controlled_augmentation_v2
We need assistance with sewage odor in the residential area.,drainage,english,NYC311_seed_controlled_augmentation_v2
We are experiencing possible water main break near the school. Please send the responsible team to inspect the area.,water_supply,english,NYC311_seed_controlled_augmentation_v2
DAMP SPOT is affecting the local water supply in our neighbourhood.,water_supply,english,NYC311_seed_controlled_augmentation_v2
"Please inspect the environmental issue involving air: odor/fumes, vehicle idling near the school. Please send the responsible team to inspect the area.",environment,english,NYC311_seed_controlled_augmentation_v2
There is street flooding close to the town centre. The problem has been continuing for some time.,drainage,english,NYC311_seed_controlled_augmentation_v2
The road surface is damaged due to broken curb near our house. Please send the responsible team to inspect the area.,roads,english,NYC311_seed_controlled_augmentation_v2
People in the area are affected by lamppost knocked down near the school. Please send the responsible team to inspect the area.,electricity,english,NYC311_seed_controlled_augmentation_v2
We are experiencing an electrical problem involving lamppost knocked down near our house. This issue needs urgent attention.,electricity,english,NYC311_seed_controlled_augmentation_v2
The electrical system needs attention because of lamppost wire exposed near the junction. Please send the responsible team to inspect the area.,electricity,english,NYC311_seed_controlled_augmentation_v2
There appears to be lamppost wire exposed near the junction.,electricity,english,NYC311_seed_controlled_augmentation_v2
We are experiencing an electrical problem involving lamppost wire exposed near our house. Please send the responsible team to inspect the area.,electricity,english,NYC311_seed_controlled_augmentation_v2
The area is affected by large number of mosquitoes near the public market.,environment,english,NYC311_seed_controlled_augmentation_v2
The drainage issue appears to involve rain garden flooding in the residential area.,drainage,english,NYC311_seed_controlled_augmentation_v2
The drainage issue appears to involve sewage leak near the public market. This is causing inconvenience to the public.,drainage,english,NYC311_seed_controlled_augmentation_v2
There appears to be slow leak near the school. Please take the necessary action.,water_supply,english,NYC311_seed_controlled_augmentation_v2
"Taste/Odor, Chlorine is affecting the local water supply on the main road.",water_supply,english,NYC311_seed_controlled_augmentation_v2
Please address bulk-missed recy collection near the school. The problem has been continuing for some time.,garbage,english,NYC311_seed_controlled_augmentation_v2
Please inspect the drain because of street flooding on the main road. Please take the necessary action.,drainage,english,NYC311_seed_controlled_augmentation_v2
Please resolve the drainage issue involving sewer or drain along the roadside. We would appreciate assistance with this problem.,drainage,english,NYC311_seed_controlled_augmentation_v2
There is failed street repair near the hospital.,roads,english,NYC311_seed_controlled_augmentation_v2
There appears to be possible water main break in our neighbourhood. Please arrange an inspection.,water_supply,english,NYC311_seed_controlled_augmentation_v2
LOW WATER PRESSURE is affecting the local water supply on the main road. Please investigate this issue.,water_supply,english,NYC311_seed_controlled_augmentation_v2
There appears to be slow leak near our house. The problem has been continuing for some time.,water_supply,english,NYC311_seed_controlled_augmentation_v2
We need assistance with street flooding in the residential area. We would appreciate assistance with this problem.,drainage,english,NYC311_seed_controlled_augmentation_v2
Cave-in is causing difficulties for vehicles near the junction.,roads,english,NYC311_seed_controlled_augmentation_v2
The road surface is damaged due to defective hardware close to the town centre.,roads,english,NYC311_seed_controlled_augmentation_v2
The road needs attention because of cave-in along the roadside.,roads,english,NYC311_seed_controlled_augmentation_v2
The drainage system is affected by catch basin clogged/flooding near the public market. Please investigate this issue.,drainage,english,NYC311_seed_controlled_augmentation_v2
Street Flooding is causing drainage problems along the roadside.,drainage,english,NYC311_seed_controlled_augmentation_v2
Residents are concerned about defective hardware near our house.,roads,english,NYC311_seed_controlled_augmentation_v2
We are experiencing hydrant leaking close to the town centre.,water_supply,english,NYC311_seed_controlled_augmentation_v2
Please check the water system because of hydrant leaking close to the town centre. Please take the necessary action.,water_supply,english,NYC311_seed_controlled_augmentation_v2
The drainage system is affected by sewer or drain near the hospital. The problem has been continuing for some time.,drainage,english,NYC311_seed_controlled_augmentation_v2
Residents have complained about loose rubbish in the residential area.,garbage,english,NYC311_seed_controlled_augmentation_v2
Missed Recycling - M/G/Pl is creating an unsanitary condition near the school.,garbage,english,NYC311_seed_controlled_augmentation_v2
"Residents are concerned about air: dust, other on the main road.",environment,english,NYC311_seed_controlled_augmentation_v2
"The area is affected by air: odor/fumes, restaurant near the public market. This is causing inconvenience to the public.",environment,english,NYC311_seed_controlled_augmentation_v2
"Taste/Odor, Chlorine is affecting the local water supply near the junction. Please arrange an inspection.",water_supply,english,NYC311_seed_controlled_augmentation_v2
Please arrange cleaning because of street cond/dump-out/drop-off close to the bus stop. The problem has been continuing for some time.,garbage,english,NYC311_seed_controlled_augmentation_v2
There is broken curb outside our building. This issue needs urgent attention.,roads,english,NYC311_seed_controlled_augmentation_v2
The road needs attention because of pothole near our house. Please arrange an inspection.,roads,english,NYC311_seed_controlled_augmentation_v2
The electrical system needs attention because of power outage along the roadside. We would appreciate assistance with this problem.,electricity,english,NYC311_seed_controlled_augmentation_v2
We are experiencing an electrical problem involving outlet/switch in our neighbourhood. Please investigate this issue.,electricity,english,NYC311_seed_controlled_augmentation_v2
There is missed recycling-all materials in our neighbourhood. Please resolve this problem as soon as possible.,garbage,english,NYC311_seed_controlled_augmentation_v2
Sewage Leak is causing drainage problems along the roadside. Please investigate this issue.,drainage,english,NYC311_seed_controlled_augmentation_v2
Please arrange cleaning because of missed recycling - m/g/pl on the main road.,garbage,english,NYC311_seed_controlled_augmentation_v2
Please address improper disposal near the junction. Please send the responsible team to inspect the area.,garbage,english,NYC311_seed_controlled_augmentation_v2
Residents are concerned about pothole in the residential area.,roads,english,NYC311_seed_controlled_augmentation_v2
The drainage system is affected by culvert blocked/needs cleaning in our neighbourhood. Please arrange an inspection.,drainage,english,NYC311_seed_controlled_augmentation_v2
Please send a technician because of street light lamp dim close to the bus stop. Please arrange an inspection.,electricity,english,NYC311_seed_controlled_augmentation_v2
Please investigate chemical vapors/gases/odors on the main road.,environment,english,NYC311_seed_controlled_augmentation_v2
We would like to report wear & tear near the public market. This is causing inconvenience to the public.,roads,english,NYC311_seed_controlled_augmentation_v2
People in the area are experiencing possible water main break close to the bus stop. Please send the responsible team to inspect the area.,water_supply,english,NYC311_seed_controlled_augmentation_v2
We are experiencing an electrical problem involving lamppost knocked down near the school. Please investigate this issue.,electricity,english,NYC311_seed_controlled_augmentation_v2
Wastewater problems have occurred due to sewer backup near the public market. The problem has been continuing for some time.,drainage,english,NYC311_seed_controlled_augmentation_v2
"Please investigate air: dust, construction/demolition in our neighbourhood. We would appreciate assistance with this problem.",environment,english,NYC311_seed_controlled_augmentation_v2
The road has failed street repair close to the town centre. Please resolve this problem as soon as possible.,roads,english,NYC311_seed_controlled_augmentation_v2
Residents have complained about dirty sidewalk close to the bus stop. Please take the necessary action.,garbage,english,NYC311_seed_controlled_augmentation_v2
"We have noticed unsafe chemical, storage near the school. Please resolve this problem as soon as possible.",environment,english,NYC311_seed_controlled_augmentation_v2
Residents are concerned about pothole near our house. The problem has been continuing for some time.,roads,english,NYC311_seed_controlled_augmentation_v2
Residents are concerned about failed street repair along the roadside. Please take the necessary action.,roads,english,NYC311_seed_controlled_augmentation_v2
Residents are concerned about wear & tear close to the town centre. The problem has been continuing for some time.,roads,english,NYC311_seed_controlled_augmentation_v2
"This environmental problem involves air: smoke, vehicular outside our building. We would appreciate assistance with this problem.",environment,english,NYC311_seed_controlled_augmentation_v2
Wastewater problems have occurred due to sewage odor close to the town centre. Residents are requesting assistance.,drainage,english,NYC311_seed_controlled_augmentation_v2
We have noticed air: other air problem close to the town centre. The problem has been continuing for some time.,environment,english,NYC311_seed_controlled_augmentation_v2
There is a water supply issue involving possible water main break on the main road. This is causing inconvenience to the public.,water_supply,english,NYC311_seed_controlled_augmentation_v2
Please send a technician because of electrical wiring defective/exposed near our house.,electricity,english,NYC311_seed_controlled_augmentation_v2
The drain is causing problems because of sewer or drain near the school. This issue needs urgent attention.,drainage,english,NYC311_seed_controlled_augmentation_v2
"Please investigate unsafe chemical, abandoned on the main road.",environment,english,NYC311_seed_controlled_augmentation_v2
"There appears to be taste/odor, bitter/metallic in our neighbourhood. We would appreciate assistance with this problem.",water_supply,english,NYC311_seed_controlled_augmentation_v2
Drivers are facing problems because of pothole outside our building.,roads,english,NYC311_seed_controlled_augmentation_v2
There is a waste management problem involving receptacle violation close to the town centre. The problem has been continuing for some time.,garbage,english,NYC311_seed_controlled_augmentation_v2
Please inspect the drain because of sewer backup near the junction.,drainage,english,NYC311_seed_controlled_augmentation_v2
Defective Hardware is causing difficulties for vehicles on the main road.,roads,english,NYC311_seed_controlled_augmentation_v2
Residents have reported wiring near the school. This issue needs urgent attention.,electricity,english,NYC311_seed_controlled_augmentation_v2
"The area is affected by oil spill on street, large on the main road. We would appreciate assistance with this problem.",environment,english,NYC311_seed_controlled_augmentation_v2
Please inspect the drain because of manhole overflow near the hospital. Residents are requesting assistance.,drainage,english,NYC311_seed_controlled_augmentation_v2
Residents are requesting action regarding bulk-missed recy collection near the junction. Please take the necessary action.,garbage,english,NYC311_seed_controlled_augmentation_v2
Residents have reported lamppost wire exposed near our house.,electricity,english,NYC311_seed_controlled_augmentation_v2
Residents are requesting action regarding air: other air problem in our neighbourhood. Please resolve this problem as soon as possible.,environment,english,NYC311_seed_controlled_augmentation_v2
"Please investigate the water problem caused by cloudy or milky, other outside our building. This issue needs urgent attention.",water_supply,english,NYC311_seed_controlled_augmentation_v2
Vehicles are being affected by wear & tear on the main road.,roads,english,NYC311_seed_controlled_augmentation_v2
Garbage collection is affected by bulk-missed collection outside our building. The problem has been continuing for some time.,garbage,english,NYC311_seed_controlled_augmentation_v2
"Please inspect the environmental issue involving air: smoke, vehicular near the junction. Residents are requesting assistance.",environment,english,NYC311_seed_controlled_augmentation_v2
There appears to be lighting in the residential area. Please send the responsible team to inspect the area.,electricity,english,NYC311_seed_controlled_augmentation_v2
Please check the water system because of damp spot in the residential area.,water_supply,english,NYC311_seed_controlled_augmentation_v2
Residents are reporting ponding on the main road. Please arrange an inspection.,drainage,english,NYC311_seed_controlled_augmentation_v2
Please inspect the electrical issue involving lamppost wire exposed in our neighbourhood. Please resolve this problem as soon as possible.,electricity,english,NYC311_seed_controlled_augmentation_v2
The area is affected by air: other air problem near the junction. Please send the responsible team to inspect the area.,environment,english,NYC311_seed_controlled_augmentation_v2
There is catch basin clogged/flooding near the hospital. Please resolve this problem as soon as possible.,drainage,english,NYC311_seed_controlled_augmentation_v2
Residents have complained about improper disposal on the main road. Please resolve this problem as soon as possible.,garbage,english,NYC311_seed_controlled_augmentation_v2
Waste has become a problem due to missed recycling-all materials on the main road. We would appreciate assistance with this problem.,garbage,english,NYC311_seed_controlled_augmentation_v2
"Residents have reported taste/odor, bitter/metallic close to the town centre. Please arrange an inspection.",water_supply,english,NYC311_seed_controlled_augmentation_v2
We have noticed chemical vapors/gases/odors near the junction. This issue needs urgent attention.,environment,english,NYC311_seed_controlled_augmentation_v2
The drain is causing problems because of rain garden flooding along the roadside. We would appreciate assistance with this problem.,drainage,english,NYC311_seed_controlled_augmentation_v2
"The area is affected by air: smoke, chimney or vent near the public market. Please investigate this issue.",environment,english,NYC311_seed_controlled_augmentation_v2
The drainage system is affected by sewage odor near the school. We would appreciate assistance with this problem.,drainage,english,NYC311_seed_controlled_augmentation_v2
The electrical system needs attention because of lamppost knocked down near our house. Please send the responsible team to inspect the area.,electricity,english,NYC311_seed_controlled_augmentation_v2
People in the area are experiencing low water pressure near the public market.,water_supply,english,NYC311_seed_controlled_augmentation_v2
There is sewage leak in the residential area. Please take the necessary action.,drainage,english,NYC311_seed_controlled_augmentation_v2
People in the area are experiencing slow leak in the residential area. Please send the responsible team to inspect the area.,water_supply,english,NYC311_seed_controlled_augmentation_v2
The drainage issue appears to involve rain garden flooding outside our building. Residents are requesting assistance.,drainage,english,NYC311_seed_controlled_augmentation_v2
Drivers are facing problems because of defective hardware near the hospital.,roads,english,NYC311_seed_controlled_augmentation_v2
Sewage Leak is causing drainage problems near the school.,drainage,english,NYC311_seed_controlled_augmentation_v2
Dirty Area/Alleyway is creating an unsanitary condition outside our building.,garbage,english,NYC311_seed_controlled_augmentation_v2
Residents have reported no water on the main road. We would appreciate assistance with this problem.,water_supply,english,NYC311_seed_controlled_augmentation_v2
The electricity service has a problem with multiple street lights out near the school. This is causing inconvenience to the public.,electricity,english,NYC311_seed_controlled_augmentation_v2
"This environmental problem involves air: odor/fumes, restaurant in our neighbourhood. Please send the responsible team to inspect the area.",environment,english,NYC311_seed_controlled_augmentation_v2
"Residents have reported taste/odor, chlorine near our house. The problem has been continuing for some time.",water_supply,english,NYC311_seed_controlled_augmentation_v2
Please send a technician because of lamppost wire exposed along the roadside. This issue needs urgent attention.,electricity,english,NYC311_seed_controlled_augmentation_v2
"People nearby have complained about oil spill on street, small close to the bus stop.",environment,english,NYC311_seed_controlled_augmentation_v2
"This environmental problem involves oil spill on street, small outside our building.",environment,english,NYC311_seed_controlled_augmentation_v2
There is electrical wiring defective/exposed on the main road. Please take the necessary action.,electricity,english,NYC311_seed_controlled_augmentation_v2
The drainage issue appears to involve sewer backup near the school.,drainage,english,NYC311_seed_controlled_augmentation_v2
Garbage collection is affected by missed collection near the junction.,garbage,english,NYC311_seed_controlled_augmentation_v2
Please check the water system because of no water near our house. Please investigate this issue.,water_supply,english,NYC311_seed_controlled_augmentation_v2
Please repair curb defect-metal protruding near the school.,roads,english,NYC311_seed_controlled_augmentation_v2
The road has failed street repair in our neighbourhood.,roads,english,NYC311_seed_controlled_augmentation_v2
The drain is causing problems because of sewer backup in our neighbourhood. Please send the responsible team to inspect the area.,drainage,english,NYC311_seed_controlled_augmentation_v2
Receptacle Violation is creating an unsanitary condition near the public market.,garbage,english,NYC311_seed_controlled_augmentation_v2
"Residents have reported taste/odor, bitter/metallic outside our building. Please resolve this problem as soon as possible.",water_supply,english,NYC311_seed_controlled_augmentation_v2
Possible Water Main Break is affecting the local water supply near the school. This issue needs urgent attention.,water_supply,english,NYC311_seed_controlled_augmentation_v2
Wastewater problems have occurred due to street flooding outside our building. Please send the responsible team to inspect the area.,drainage,english,NYC311_seed_controlled_augmentation_v2
Curb Defect-Metal Protruding is causing difficulties for vehicles along the roadside.,roads,english,NYC311_seed_controlled_augmentation_v2
Wastewater problems have occurred due to ponding near the public market. This is causing inconvenience to the public.,drainage,english,NYC311_seed_controlled_augmentation_v2
Residents have complained about bulk-missed collection along the roadside.,garbage,english,NYC311_seed_controlled_augmentation_v2
"People nearby have complained about unsafe chemical, storage near the hospital.",environment,english,NYC311_seed_controlled_augmentation_v2
Please inspect the drain because of sewage leak near the school.,drainage,english,NYC311_seed_controlled_augmentation_v2
Waste has become a problem due to dirty sidewalk near the hospital. This issue needs urgent attention.,garbage,english,NYC311_seed_controlled_augmentation_v2
The electricity service has a problem with lamppost wire exposed near our house. Please investigate this issue.,electricity,english,NYC311_seed_controlled_augmentation_v2
POWER OUTAGE is affecting the area close to the town centre. This is causing inconvenience to the public.,electricity,english,NYC311_seed_controlled_augmentation_v2
Please address bulk-missed collection close to the town centre. Please take the necessary action.,garbage,english,NYC311_seed_controlled_augmentation_v2
The road needs attention because of cave-in along the roadside. Please resolve this problem as soon as possible.,roads,english,NYC311_seed_controlled_augmentation_v2
The drainage issue appears to involve rain garden flooding in the residential area. Please take the necessary action.,drainage,english,NYC311_seed_controlled_augmentation_v2
We are experiencing hydrant leaking outside our building.,water_supply,english,NYC311_seed_controlled_augmentation_v2
Residents are concerned about air: other air problem along the roadside. Please take the necessary action.,environment,english,NYC311_seed_controlled_augmentation_v2
Our area is facing low water pressure near the junction.,water_supply,english,NYC311_seed_controlled_augmentation_v2
The road has defective hardware in our neighbourhood. Please investigate this issue.,roads,english,NYC311_seed_controlled_augmentation_v2
We are experiencing hydrant leaking in our neighbourhood. Please resolve this problem as soon as possible.,water_supply,english,NYC311_seed_controlled_augmentation_v2
The electrical system needs attention because of no lighting along the roadside. Please send the responsible team to inspect the area.,electricity,english,NYC311_seed_controlled_augmentation_v2
"There appears to be taste/odor, bitter/metallic along the roadside. This issue needs urgent attention.",water_supply,english,NYC311_seed_controlled_augmentation_v2
"Taste/Odor, Bitter/Metallic is affecting the local water supply close to the bus stop. The problem has been continuing for some time.",water_supply,english,NYC311_seed_controlled_augmentation_v2
We are experiencing an electrical problem involving street light out near the public market. The problem has been continuing for some time.,electricity,english,NYC311_seed_controlled_augmentation_v2
Residents have complained about dirty sidewalk in the residential area.,garbage,english,NYC311_seed_controlled_augmentation_v2
We are experiencing no water in the residential area. We would appreciate assistance with this problem.,water_supply,english,NYC311_seed_controlled_augmentation_v2
There appears to be outlet/switch near the school.,electricity,english,NYC311_seed_controlled_augmentation_v2
The water service is affected by unknown odor/taste in drinking water close to the town centre. This is causing inconvenience to the public.,water_supply,english,NYC311_seed_controlled_augmentation_v2
There is sewer or drain near the public market. Please take the necessary action.,drainage,english,NYC311_seed_controlled_augmentation_v2
We would like to report broken curb near the junction.,roads,english,NYC311_seed_controlled_augmentation_v2
There is sewer backup in the residential area.,drainage,english,NYC311_seed_controlled_augmentation_v2
There is a waste management problem involving missed collection near the public market.,garbage,english,NYC311_seed_controlled_augmentation_v2
There is a waste management problem involving loose rubbish on the main road.,garbage,english,NYC311_seed_controlled_augmentation_v2
The area is affected by chemical spill/release on the main road. The problem has been continuing for some time.,environment,english,NYC311_seed_controlled_augmentation_v2
Please address receptacle violation near the public market. Please resolve this problem as soon as possible.,garbage,english,NYC311_seed_controlled_augmentation_v2
There is failed street repair close to the town centre. Please investigate this issue.,roads,english,NYC311_seed_controlled_augmentation_v2
Vehicles are being affected by broken curb in the residential area. We would appreciate assistance with this problem.,roads,english,NYC311_seed_controlled_augmentation_v2
People nearby have complained about chemical spill/release near our house. Residents are requesting assistance.,environment,english,NYC311_seed_controlled_augmentation_v2
People nearby have complained about asbestos complaint close to the bus stop.,environment,english,NYC311_seed_controlled_augmentation_v2
Please resolve the drainage issue involving catch basin clogged/flooding in the residential area. Please send the responsible team to inspect the area.,drainage,english,NYC311_seed_controlled_augmentation_v2
Residents have reported low water pressure on the main road. This issue needs urgent attention.,water_supply,english,NYC311_seed_controlled_augmentation_v2
We have noticed air: other air problem near the public market.,environment,english,NYC311_seed_controlled_augmentation_v2
Waste has become a problem due to bulk-missed collection near the public market. Please take the necessary action.,garbage,english,NYC311_seed_controlled_augmentation_v2
Residents are reporting street flooding close to the town centre. This is causing inconvenience to the public.,drainage,english,NYC311_seed_controlled_augmentation_v2
Loose Rubbish is creating an unsanitary condition outside our building. Please arrange an inspection.,garbage,english,NYC311_seed_controlled_augmentation_v2
Drivers are facing problems because of curb defect-metal protruding in our neighbourhood. Please take the necessary action.,roads,english,NYC311_seed_controlled_augmentation_v2
We are experiencing an electrical problem involving multiple street lights out near the school. We would appreciate assistance with this problem.,electricity,english,NYC311_seed_controlled_augmentation_v2
"People in the area are experiencing taste/odor, bitter/metallic along the roadside. Please send the responsible team to inspect the area.",water_supply,english,NYC311_seed_controlled_augmentation_v2
Please send a technician because of lamppost knocked down close to the bus stop. Please send the responsible team to inspect the area.,electricity,english,NYC311_seed_controlled_augmentation_v2
"Please repair rough, pitted or cracked roads in our neighbourhood.",roads,english,NYC311_seed_controlled_augmentation_v2
"There is rough, pitted or cracked roads on the main road.",roads,english,NYC311_seed_controlled_augmentation_v2
Please address missed recycling paper on the main road. We would appreciate assistance with this problem.,garbage,english,NYC311_seed_controlled_augmentation_v2
There appears to be lamppost wire exposed on the main road. We would appreciate assistance with this problem.,electricity,english,NYC311_seed_controlled_augmentation_v2
There is dirty area/alleyway outside our building. This is causing inconvenience to the public.,garbage,english,NYC311_seed_controlled_augmentation_v2
The road has cave-in in our neighbourhood. Please arrange an inspection.,roads,english,NYC311_seed_controlled_augmentation_v2
People in the area are affected by lamppost wire exposed near the school. This is causing inconvenience to the public.,electricity,english,NYC311_seed_controlled_augmentation_v2
"Residents are concerned about oil spill on street, large in our neighbourhood. Please resolve this problem as soon as possible.",environment,english,NYC311_seed_controlled_augmentation_v2
Please inspect the electrical issue involving no lighting along the roadside.,electricity,english,NYC311_seed_controlled_augmentation_v2
Residents are requesting action regarding missed collection near the school.,garbage,english,NYC311_seed_controlled_augmentation_v2
There is an environmental issue involving chemical spill/release close to the bus stop.,environment,english,NYC311_seed_controlled_augmentation_v2
Residents are concerned about defective hardware outside our building. Please resolve this problem as soon as possible.,roads,english,NYC311_seed_controlled_augmentation_v2
People in the area are experiencing unknown odor/taste in drinking water near the junction. Please take the necessary action.,water_supply,english,NYC311_seed_controlled_augmentation_v2
There is bulk-missed recy collection on the main road. Please resolve this problem as soon as possible.,garbage,english,NYC311_seed_controlled_augmentation_v2
Vehicles are being affected by broken curb near our house. We would appreciate assistance with this problem.,roads,english,NYC311_seed_controlled_augmentation_v2
There is a waste management problem involving improper disposal near the school. Please arrange an inspection.,garbage,english,NYC311_seed_controlled_augmentation_v2
Please check the water system because of unknown odor/taste in drinking water along the roadside. Please send the responsible team to inspect the area.,water_supply,english,NYC311_seed_controlled_augmentation_v2
Please investigate large number of mosquitoes in the residential area. We would appreciate assistance with this problem.,environment,english,NYC311_seed_controlled_augmentation_v2
There is defective hardware in our neighbourhood. The problem has been continuing for some time.,roads,english,NYC311_seed_controlled_augmentation_v2
Residents are requesting action regarding bulk-missed collection outside our building. Please send the responsible team to inspect the area.,garbage,english,NYC311_seed_controlled_augmentation_v2
"Our area is facing cloudy or milky, other near the school. This is causing inconvenience to the public.",water_supply,english,NYC311_seed_controlled_augmentation_v2
Please inspect the drain because of rain garden flooding near the public market.,drainage,english,NYC311_seed_controlled_augmentation_v2
RAIN GARDEN FLOODING is causing drainage problems along the roadside.,drainage,english,NYC311_seed_controlled_augmentation_v2
Please investigate the water problem caused by unknown odor/taste in drinking water near the hospital. Please send the responsible team to inspect the area.,water_supply,english,NYC311_seed_controlled_augmentation_v2
Please address missed recycling - m/g/pl near the hospital.,garbage,english,NYC311_seed_controlled_augmentation_v2
"We would like to report rough, pitted or cracked roads close to the bus stop. Please investigate this issue.",roads,english,NYC311_seed_controlled_augmentation_v2
"Please investigate the water problem caused by taste/odor, bitter/metallic in our neighbourhood. Please send the responsible team to inspect the area.",water_supply,english,NYC311_seed_controlled_augmentation_v2
The electricity service has a problem with street light lamp dim near the hospital. Please investigate this issue.,electricity,english,NYC311_seed_controlled_augmentation_v2
Drivers are facing problems because of cave-in outside our building. The problem has been continuing for some time.,roads,english,NYC311_seed_controlled_augmentation_v2
Our area is facing hydrant leaking near the junction.,water_supply,english,NYC311_seed_controlled_augmentation_v2
"We have noticed air: smoke, vehicular along the roadside.",environment,english,NYC311_seed_controlled_augmentation_v2
Please send a technician because of lighting near the hospital. This issue needs urgent attention.,electricity,english,NYC311_seed_controlled_augmentation_v2
"Residents are concerned about air: smoke, chimney or vent on the main road.",environment,english,NYC311_seed_controlled_augmentation_v2
We need assistance with street flooding in our neighbourhood. Please take the necessary action.,drainage,english,NYC311_seed_controlled_augmentation_v2
We are experiencing an electrical problem involving lighting on the main road. Please take the necessary action.,electricity,english,NYC311_seed_controlled_augmentation_v2
Please inspect the electrical issue involving lamppost knocked down near our house. We would appreciate assistance with this problem.,electricity,english,NYC311_seed_controlled_augmentation_v2
Please inspect the environmental issue involving ventilation close to the bus stop. Residents are requesting assistance.,environment,english,NYC311_seed_controlled_augmentation_v2
There is a waste management problem involving missed recycling paper close to the bus stop. Please arrange an inspection.,garbage,english,NYC311_seed_controlled_augmentation_v2
Please resolve the drainage issue involving street flooding near the junction. Please investigate this issue.,drainage,english,NYC311_seed_controlled_augmentation_v2
Leak is affecting the local water supply near the junction.,water_supply,english,NYC311_seed_controlled_augmentation_v2
Residents have reported outlet/switch near the hospital.,electricity,english,NYC311_seed_controlled_augmentation_v2
We are experiencing an electrical problem involving power outage outside our building. Please resolve this problem as soon as possible.,electricity,english,NYC311_seed_controlled_augmentation_v2
This environmental problem involves asbestos complaint in the residential area. Please arrange an inspection.,environment,english,NYC311_seed_controlled_augmentation_v2
There is rain garden flooding near the junction.,drainage,english,NYC311_seed_controlled_augmentation_v2
Please inspect the electrical issue involving outlet/switch close to the town centre.,electricity,english,NYC311_seed_controlled_augmentation_v2
This environmental problem involves asbestos complaint close to the bus stop. Please investigate this issue.,environment,english,NYC311_seed_controlled_augmentation_v2
Residents have complained about street cond/dump-out/drop-off outside our building. The problem has been continuing for some time.,garbage,english,NYC311_seed_controlled_augmentation_v2
There is pothole - highway near the public market. Please investigate this issue.,roads,english,NYC311_seed_controlled_augmentation_v2
We are experiencing an electrical problem involving outlet/switch near our house.,electricity,english,NYC311_seed_controlled_augmentation_v2
Please arrange cleaning because of missed recycling - m/g/pl outside our building.,garbage,english,NYC311_seed_controlled_augmentation_v2
The drainage issue appears to involve culvert blocked/needs cleaning close to the bus stop. The problem has been continuing for some time.,drainage,english,NYC311_seed_controlled_augmentation_v2
Waste has become a problem due to improper disposal outside our building.,garbage,english,NYC311_seed_controlled_augmentation_v2
There is no lighting in the residential area. Please send the responsible team to inspect the area.,electricity,english,NYC311_seed_controlled_augmentation_v2
The drain is causing problems because of street flooding in our neighbourhood.,drainage,english,NYC311_seed_controlled_augmentation_v2
"Residents are requesting action regarding air: dust, construction/demolition in our neighbourhood. Please take the necessary action.",environment,english,NYC311_seed_controlled_augmentation_v2
Please inspect the environmental issue involving air: other air problem near the hospital. Please arrange an inspection.,environment,english,NYC311_seed_controlled_augmentation_v2
Drivers are facing problems because of defective hardware on the main road.,roads,english,NYC311_seed_controlled_augmentation_v2
Please inspect the drain because of sewer or drain outside our building. This is causing inconvenience to the public.,drainage,english,NYC311_seed_controlled_augmentation_v2
There is broken curb near the school. We would appreciate assistance with this problem.,roads,english,NYC311_seed_controlled_augmentation_v2
We would like to report curb defect-metal protruding near the school.,roads,english,NYC311_seed_controlled_augmentation_v2
Please address missed recycling-all materials near the junction. Please investigate this issue.,garbage,english,NYC311_seed_controlled_augmentation_v2
We need assistance with catch basin clogged/flooding in the residential area. Please resolve this problem as soon as possible.,drainage,english,NYC311_seed_controlled_augmentation_v2
The area needs cleaning because of missed recycling-all materials close to the town centre.,garbage,english,NYC311_seed_controlled_augmentation_v2
We would like to report pothole near the public market.,roads,english,NYC311_seed_controlled_augmentation_v2
There appears to be unknown odor/taste in drinking water in the residential area.,water_supply,english,NYC311_seed_controlled_augmentation_v2
There appears to be no lighting in the residential area.,electricity,english,NYC311_seed_controlled_augmentation_v2
Residents are concerned about chemical spill/release in the residential area. This issue needs urgent attention.,environment,english,NYC311_seed_controlled_augmentation_v2
We are experiencing an electrical problem involving lamppost wire exposed on the main road. This issue needs urgent attention.,electricity,english,NYC311_seed_controlled_augmentation_v2
There appears to be unknown odor/taste in drinking water close to the town centre.,water_supply,english,NYC311_seed_controlled_augmentation_v2
There appears to be leak close to the bus stop.,water_supply,english,NYC311_seed_controlled_augmentation_v2
Please investigate the water problem caused by no water along the roadside. Please arrange an inspection.,water_supply,english,NYC311_seed_controlled_augmentation_v2
Residents have complained about bulk-missed collection near our house. Please investigate this issue.,garbage,english,NYC311_seed_controlled_augmentation_v2
There is catch basin clogged/flooding on the main road. Please send the responsible team to inspect the area.,drainage,english,NYC311_seed_controlled_augmentation_v2
"Residents have reported taste/odor, bitter/metallic near the junction. Residents are requesting assistance.",water_supply,english,NYC311_seed_controlled_augmentation_v2
The road surface is damaged due to broken curb close to the bus stop. The problem has been continuing for some time.,roads,english,NYC311_seed_controlled_augmentation_v2
"The road has rough, pitted or cracked roads near the public market. Please take the necessary action.",roads,english,NYC311_seed_controlled_augmentation_v2
"This environmental problem involves air: dust, construction/demolition close to the bus stop. Please arrange an inspection.",environment,english,NYC311_seed_controlled_augmentation_v2
Residents are reporting culvert blocked/needs cleaning outside our building. Please take the necessary action.,drainage,english,NYC311_seed_controlled_augmentation_v2
Please check the water system because of slow leak near the hospital. The problem has been continuing for some time.,water_supply,english,NYC311_seed_controlled_augmentation_v2
There is an environmental issue involving chemical vapors/gases/odors on the main road.,environment,english,NYC311_seed_controlled_augmentation_v2
Please arrange cleaning because of improper disposal along the roadside. The problem has been continuing for some time.,garbage,english,NYC311_seed_controlled_augmentation_v2
The electricity service has a problem with outlet/switch along the roadside. Please arrange an inspection.,electricity,english,NYC311_seed_controlled_augmentation_v2
Please address loose rubbish outside our building. Please take the necessary action.,garbage,english,NYC311_seed_controlled_augmentation_v2
There is a waste management problem involving bulk-missed collection near the school. Residents are requesting assistance.,garbage,english,NYC311_seed_controlled_augmentation_v2
We are experiencing an electrical problem involving wiring outside our building. Please arrange an inspection.,electricity,english,NYC311_seed_controlled_augmentation_v2
We would like to report cave-in close to the town centre. Please arrange an inspection.,roads,english,NYC311_seed_controlled_augmentation_v2
There is a water supply issue involving unknown odor/taste in drinking water close to the bus stop. Please send the responsible team to inspect the area.,water_supply,english,NYC311_seed_controlled_augmentation_v2
Residents have reported street light lamp dim outside our building. Please arrange an inspection.,electricity,english,NYC311_seed_controlled_augmentation_v2
Please check the water system because of dirty water near our house.,water_supply,english,NYC311_seed_controlled_augmentation_v2
Dirty Sidewalk is creating an unsanitary condition in the residential area. Please send the responsible team to inspect the area.,garbage,english,NYC311_seed_controlled_augmentation_v2
Missed Recycling-All Materials is creating an unsanitary condition near the school. Please send the responsible team to inspect the area.,garbage,english,NYC311_seed_controlled_augmentation_v2
Residents have reported no water near the school. Please take the necessary action.,water_supply,english,NYC311_seed_controlled_augmentation_v2
The water service is affected by leak in the residential area. This issue needs urgent attention.,water_supply,english,NYC311_seed_controlled_augmentation_v2
Missed Recycling Paper is creating an unsanitary condition near the school. Residents are requesting assistance.,garbage,english,NYC311_seed_controlled_augmentation_v2
Receptacle Violation is creating an unsanitary condition close to the town centre.,garbage,english,NYC311_seed_controlled_augmentation_v2
Multiple Street Lights Out is affecting the area in the residential area. Please take the necessary action.,electricity,english,NYC311_seed_controlled_augmentation_v2
The drain is causing problems because of sewer or drain along the roadside. Please resolve this problem as soon as possible.,drainage,english,NYC311_seed_controlled_augmentation_v2
"Vehicles are being affected by rough, pitted or cracked roads close to the town centre. This is causing inconvenience to the public.",roads,english,NYC311_seed_controlled_augmentation_v2
Please investigate the water problem caused by low water pressure near the hospital. This is causing inconvenience to the public.,water_supply,english,NYC311_seed_controlled_augmentation_v2
The area needs cleaning because of improper disposal close to the bus stop.,garbage,english,NYC311_seed_controlled_augmentation_v2
The road needs attention because of cave-in close to the bus stop.,roads,english,NYC311_seed_controlled_augmentation_v2
Vehicles are being affected by failed street repair near the school.,roads,english,NYC311_seed_controlled_augmentation_v2
Please check the water system because of unknown odor/taste in drinking water along the roadside.,water_supply,english,NYC311_seed_controlled_augmentation_v2
Please investigate the water problem caused by leak near the school. This is causing inconvenience to the public.,water_supply,english,NYC311_seed_controlled_augmentation_v2
The drainage system is affected by culvert blocked/needs cleaning in our neighbourhood. Please take the necessary action.,drainage,english,NYC311_seed_controlled_augmentation_v2
Please inspect the electrical issue involving outlet/switch on the main road. This is causing inconvenience to the public.,electricity,english,NYC311_seed_controlled_augmentation_v2
Please investigate the water problem caused by low water pressure near the school.,water_supply,english,NYC311_seed_controlled_augmentation_v2
"There is an environmental issue involving unsafe chemical, storage close to the bus stop. Please send the responsible team to inspect the area.",environment,english,NYC311_seed_controlled_augmentation_v2
Drivers are facing problems because of wear & tear along the roadside. Please take the necessary action.,roads,english,NYC311_seed_controlled_augmentation_v2
We are experiencing an electrical problem involving electrical wiring defective/exposed in our neighbourhood. Please arrange an inspection.,electricity,english,NYC311_seed_controlled_augmentation_v2
Please investigate the water problem caused by unknown odor/taste in drinking water near the hospital.,water_supply,english,NYC311_seed_controlled_augmentation_v2
There is a water supply issue involving slow leak along the roadside.,water_supply,english,NYC311_seed_controlled_augmentation_v2
"Please inspect the environmental issue involving oil spill on street, small near the junction. This issue needs urgent attention.",environment,english,NYC311_seed_controlled_augmentation_v2
Garbage collection is affected by missed recycling - m/g/pl near the school. This issue needs urgent attention.,garbage,english,NYC311_seed_controlled_augmentation_v2
There is a water supply issue involving leak near our house. Please send the responsible team to inspect the area.,water_supply,english,NYC311_seed_controlled_augmentation_v2
"People nearby have complained about air: smoke, vehicular close to the bus stop. Please arrange an inspection.",environment,english,NYC311_seed_controlled_augmentation_v2
Please inspect the electrical issue involving electrical wiring defective/exposed near the public market. This issue needs urgent attention.,electricity,english,NYC311_seed_controlled_augmentation_v2
The electrical system needs attention because of outlet/switch close to the bus stop. Please send the responsible team to inspect the area.,electricity,english,NYC311_seed_controlled_augmentation_v2
"People in the area are experiencing cloudy or milky, other near the public market.",water_supply,english,NYC311_seed_controlled_augmentation_v2
There appears to be possible water main break near the hospital. The problem has been continuing for some time.,water_supply,english,NYC311_seed_controlled_augmentation_v2
People in the area are experiencing low water pressure in the residential area. Please investigate this issue.,water_supply,english,NYC311_seed_controlled_augmentation_v2
Garbage collection is affected by dirty area/alleyway close to the bus stop. Residents are requesting assistance.,garbage,english,NYC311_seed_controlled_augmentation_v2
The water service is affected by heavy flow along the roadside. This is causing inconvenience to the public.,water_supply,english,NYC311_seed_controlled_augmentation_v2
DAMP SPOT is affecting the local water supply along the roadside.,water_supply,english,NYC311_seed_controlled_augmentation_v2
"Drivers are facing problems because of rough, pitted or cracked roads close to the bus stop. The problem has been continuing for some time.",roads,english,NYC311_seed_controlled_augmentation_v2
"Please investigate air: smoke, chimney or vent near the junction. Please arrange an inspection.",environment,english,NYC311_seed_controlled_augmentation_v2
Please address street cond/dump-out/drop-off near our house.,garbage,english,NYC311_seed_controlled_augmentation_v2
There appears to be lamppost knocked down near the school. Please investigate this issue.,electricity,english,NYC311_seed_controlled_augmentation_v2
Please inspect the environmental issue involving chemical vapors/gases/odors on the main road.,environment,english,NYC311_seed_controlled_augmentation_v2
"This environmental problem involves unsafe chemical, abandoned along the roadside. Please investigate this issue.",environment,english,NYC311_seed_controlled_augmentation_v2
Waste has become a problem due to receptacle violation near the hospital. The problem has been continuing for some time.,garbage,english,NYC311_seed_controlled_augmentation_v2
Waste has become a problem due to bulk-missed recy collection in the residential area. Please investigate this issue.,garbage,english,NYC311_seed_controlled_augmentation_v2
Residents have reported lamppost knocked down near the hospital. The problem has been continuing for some time.,electricity,english,NYC311_seed_controlled_augmentation_v2
There is a water supply issue involving unknown odor/taste in drinking water outside our building. This issue needs urgent attention.,water_supply,english,NYC311_seed_controlled_augmentation_v2
We are experiencing an electrical problem involving power outage close to the town centre. This issue needs urgent attention.,electricity,english,NYC311_seed_controlled_augmentation_v2
Vehicles are being affected by wear & tear close to the town centre. We would appreciate assistance with this problem.,roads,english,NYC311_seed_controlled_augmentation_v2
Missed Recycling Paper is creating an unsanitary condition near the public market. The problem has been continuing for some time.,garbage,english,NYC311_seed_controlled_augmentation_v2
Multiple Street Lights Out is affecting the area near the hospital.,electricity,english,NYC311_seed_controlled_augmentation_v2
Residents have reported street light out in the residential area. Please resolve this problem as soon as possible.,electricity,english,NYC311_seed_controlled_augmentation_v2
Broken Curb is causing difficulties for vehicles near the hospital.,roads,english,NYC311_seed_controlled_augmentation_v2
The water service is affected by unknown odor/taste in drinking water in our neighbourhood. Please investigate this issue.,water_supply,english,NYC311_seed_controlled_augmentation_v2
Sewage Leak is causing drainage problems along the roadside.,drainage,english,NYC311_seed_controlled_augmentation_v2
"People nearby have complained about oil spill on street, small near the junction. Please arrange an inspection.",environment,english,NYC311_seed_controlled_augmentation_v2
The drain is causing problems because of sewer backup near the junction. The problem has been continuing for some time.,drainage,english,NYC311_seed_controlled_augmentation_v2
The electricity service has a problem with street light out outside our building. Please arrange an inspection.,electricity,english,NYC311_seed_controlled_augmentation_v2
There appears to be damp spot near the public market. The problem has been continuing for some time.,water_supply,english,NYC311_seed_controlled_augmentation_v2
Please inspect the drain because of catch basin clogged/flooding near the junction.,drainage,english,NYC311_seed_controlled_augmentation_v2
Please repair broken curb near the public market. Please investigate this issue.,roads,english,NYC311_seed_controlled_augmentation_v2
Residents are reporting sewer or drain near the school. Please resolve this problem as soon as possible.,drainage,english,NYC311_seed_controlled_augmentation_v2
Curb Defect-Metal Protruding is causing difficulties for vehicles near our house. We would appreciate assistance with this problem.,roads,english,NYC311_seed_controlled_augmentation_v2
Residents are reporting rain garden flooding in the residential area.,drainage,english,NYC311_seed_controlled_augmentation_v2
There is street light out close to the bus stop. This issue needs urgent attention.,electricity,english,NYC311_seed_controlled_augmentation_v2
Residents are requesting action regarding dirty sidewalk near the public market. Please investigate this issue.,garbage,english,NYC311_seed_controlled_augmentation_v2
Residents are concerned about large number of mosquitoes close to the bus stop. We would appreciate assistance with this problem.,environment,english,NYC311_seed_controlled_augmentation_v2
"There appears to be taste/odor, chlorine near the junction. Residents are requesting assistance.",water_supply,english,NYC311_seed_controlled_augmentation_v2
"Residents have reported taste/odor, bitter/metallic near our house.",water_supply,english,NYC311_seed_controlled_augmentation_v2
The electrical system needs attention because of lamppost knocked down close to the bus stop. The problem has been continuing for some time.,electricity,english,NYC311_seed_controlled_augmentation_v2
"Please investigate oil spill on street, large on the main road. Please send the responsible team to inspect the area.",environment,english,NYC311_seed_controlled_augmentation_v2
"We have noticed air: smoke, chimney or vent in the residential area. Please take the necessary action.",environment,english,NYC311_seed_controlled_augmentation_v2
Please inspect the drain because of ponding outside our building. This is causing inconvenience to the public.,drainage,english,NYC311_seed_controlled_augmentation_v2
Residents have reported slow leak close to the bus stop. Please take the necessary action.,water_supply,english,NYC311_seed_controlled_augmentation_v2
There is a waste management problem involving missed recycling paper in the residential area.,garbage,english,NYC311_seed_controlled_augmentation_v2
"People nearby have complained about unsafe chemical, storage close to the town centre. This is causing inconvenience to the public.",environment,english,NYC311_seed_controlled_augmentation_v2
Residents are concerned about failed street repair in our neighbourhood.,roads,english,NYC311_seed_controlled_augmentation_v2
Please arrange cleaning because of bulk-missed collection in the residential area.,garbage,english,NYC311_seed_controlled_augmentation_v2
We would like to report broken curb close to the bus stop.,roads,english,NYC311_seed_controlled_augmentation_v2
Please inspect the drain because of manhole overflow outside our building.,drainage,english,NYC311_seed_controlled_augmentation_v2
Residents have complained about missed recycling - m/g/pl near the junction.,garbage,english,NYC311_seed_controlled_augmentation_v2
"Residents are concerned about air: smoke, chimney or vent near the hospital. Please resolve this problem as soon as possible.",environment,english,NYC311_seed_controlled_augmentation_v2
Residents are requesting action regarding missed recycling-all materials in the residential area.,garbage,english,NYC311_seed_controlled_augmentation_v2
We would like to report pothole near the hospital. Please arrange an inspection.,roads,english,NYC311_seed_controlled_augmentation_v2
We would like to report cave-in in the residential area. Please investigate this issue.,roads,english,NYC311_seed_controlled_augmentation_v2
"Please check the water system because of taste/odor, chlorine outside our building. The problem has been continuing for some time.",water_supply,english,NYC311_seed_controlled_augmentation_v2
RAIN GARDEN FLOODING is causing drainage problems near our house.,drainage,english,NYC311_seed_controlled_augmentation_v2
There is a water supply issue involving heavy flow on the main road.,water_supply,english,NYC311_seed_controlled_augmentation_v2
Our area is facing heavy flow near the junction.,water_supply,english,NYC311_seed_controlled_augmentation_v2
Please inspect the electrical issue involving outlet/switch along the roadside. Please arrange an inspection.,electricity,english,NYC311_seed_controlled_augmentation_v2
"Residents are requesting action regarding unsafe chemical, abandoned near our house. Please resolve this problem as soon as possible.",environment,english,NYC311_seed_controlled_augmentation_v2
Air: Other Air Problem is affecting the surrounding environment in our neighbourhood. The problem has been continuing for some time.,environment,english,NYC311_seed_controlled_augmentation_v2
People in the area are experiencing possible water main break in the residential area. Please take the necessary action.,water_supply,english,NYC311_seed_controlled_augmentation_v2
unknown odor/taste in drinking water is affecting the local water supply on the main road. This is causing inconvenience to the public.,water_supply,english,NYC311_seed_controlled_augmentation_v2
"Residents are concerned about air: odor/fumes, restaurant near our house.",environment,english,NYC311_seed_controlled_augmentation_v2
Wastewater problems have occurred due to catch basin clogged/flooding close to the town centre. Please resolve this problem as soon as possible.,drainage,english,NYC311_seed_controlled_augmentation_v2
Residents have complained about dirty area/alleyway near the school.,garbage,english,NYC311_seed_controlled_augmentation_v2
This environmental problem involves large number of mosquitoes near the school.,environment,english,NYC311_seed_controlled_augmentation_v2
Our area is facing hydrant leaking in the residential area.,water_supply,english,NYC311_seed_controlled_augmentation_v2
Please inspect the drain because of sewage leak close to the bus stop.,drainage,english,NYC311_seed_controlled_augmentation_v2
Please inspect the drain because of ponding near the school.,drainage,english,NYC311_seed_controlled_augmentation_v2
Drivers are facing problems because of failed street repair near our house. This is causing inconvenience to the public.,roads,english,NYC311_seed_controlled_augmentation_v2
The area needs cleaning because of loose rubbish outside our building. Please investigate this issue.,garbage,english,NYC311_seed_controlled_augmentation_v2
Failed Street Repair is causing difficulties for vehicles near the hospital.,roads,english,NYC311_seed_controlled_augmentation_v2
People in the area are affected by no lighting near the school.,electricity,english,NYC311_seed_controlled_augmentation_v2
The drainage system is affected by catch basin clogged/flooding outside our building.,drainage,english,NYC311_seed_controlled_augmentation_v2
Please resolve the drainage issue involving ponding outside our building. Residents are requesting assistance.,drainage,english,NYC311_seed_controlled_augmentation_v2
The electrical system needs attention because of outlet/switch near our house.,electricity,english,NYC311_seed_controlled_augmentation_v2
The electrical system needs attention because of multiple street lights out near the junction. We would appreciate assistance with this problem.,electricity,english,NYC311_seed_controlled_augmentation_v2
Residents have complained about missed recycling paper near the school. Please resolve this problem as soon as possible.,garbage,english,NYC311_seed_controlled_augmentation_v2
"The road needs attention because of rough, pitted or cracked roads in the residential area.",roads,english,NYC311_seed_controlled_augmentation_v2
Dirty Area/Alleyway is creating an unsanitary condition near the school. This is causing inconvenience to the public.,garbage,english,NYC311_seed_controlled_augmentation_v2
The road needs attention because of broken curb near the public market. We would appreciate assistance with this problem.,roads,english,NYC311_seed_controlled_augmentation_v2
Manhole Overflow is causing drainage problems near the public market. Please take the necessary action.,drainage,english,NYC311_seed_controlled_augmentation_v2
We are experiencing an electrical problem involving no lighting near the hospital.,electricity,english,NYC311_seed_controlled_augmentation_v2
Please repair pothole near the school. This issue needs urgent attention.,roads,english,NYC311_seed_controlled_augmentation_v2
The drain is causing problems because of street flooding in the residential area. We would appreciate assistance with this problem.,drainage,english,NYC311_seed_controlled_augmentation_v2
Please investigate the water problem caused by leak near the junction. Please take the necessary action.,water_supply,english,NYC311_seed_controlled_augmentation_v2
Wear & Tear is causing difficulties for vehicles in our neighbourhood.,roads,english,NYC311_seed_controlled_augmentation_v2
We are experiencing an electrical problem involving power outage close to the bus stop.,electricity,english,NYC311_seed_controlled_augmentation_v2
There is missed recycling-all materials near the junction. The problem has been continuing for some time.,garbage,english,NYC311_seed_controlled_augmentation_v2
"Please investigate the water problem caused by taste/odor, bitter/metallic near the hospital. This is causing inconvenience to the public.",water_supply,english,NYC311_seed_controlled_augmentation_v2
Residents are concerned about air: other air problem on the main road. This is causing inconvenience to the public.,environment,english,NYC311_seed_controlled_augmentation_v2
Residents are requesting action regarding bulk-missed recy collection near the hospital. Please send the responsible team to inspect the area.,garbage,english,NYC311_seed_controlled_augmentation_v2
We are experiencing an electrical problem involving power outage on the main road. Please send the responsible team to inspect the area.,electricity,english,NYC311_seed_controlled_augmentation_v2
Waste has become a problem due to missed recycling - m/g/pl near our house. We would appreciate assistance with this problem.,garbage,english,NYC311_seed_controlled_augmentation_v2
Waste has become a problem due to missed recycling - m/g/pl near our house. Please send the responsible team to inspect the area.,garbage,english,NYC311_seed_controlled_augmentation_v2
We are experiencing an electrical problem involving street light out near the junction.,electricity,english,NYC311_seed_controlled_augmentation_v2
The electrical system needs attention because of street light lamp dim near the hospital. The problem has been continuing for some time.,electricity,english,NYC311_seed_controlled_augmentation_v2
There is receptacle violation close to the bus stop.,garbage,english,NYC311_seed_controlled_augmentation_v2
The drain is causing problems because of culvert blocked/needs cleaning near the public market.,drainage,english,NYC311_seed_controlled_augmentation_v2
Please repair failed street repair close to the town centre.,roads,english,NYC311_seed_controlled_augmentation_v2
Residents are reporting street flooding near the junction.,drainage,english,NYC311_seed_controlled_augmentation_v2
"Residents are concerned about air: odor/fumes, vehicle idling on the main road. Please take the necessary action.",environment,english,NYC311_seed_controlled_augmentation_v2
Residents have reported multiple street lights out along the roadside.,electricity,english,NYC311_seed_controlled_augmentation_v2
"Our area is facing cloudy or milky, other on the main road. The problem has been continuing for some time.",water_supply,english,NYC311_seed_controlled_augmentation_v2
WIRING is affecting the area near our house.,electricity,english,NYC311_seed_controlled_augmentation_v2
Please inspect the environmental issue involving chemical vapors/gases/odors close to the bus stop.,environment,english,NYC311_seed_controlled_augmentation_v2
Residents are requesting action regarding chemical vapors/gases/odors in our neighbourhood. This issue needs urgent attention.,environment,english,NYC311_seed_controlled_augmentation_v2
Please investigate large number of mosquitoes near the hospital. We would appreciate assistance with this problem.,environment,english,NYC311_seed_controlled_augmentation_v2
The drainage issue appears to involve manhole overflow along the roadside. Please send the responsible team to inspect the area.,drainage,english,NYC311_seed_controlled_augmentation_v2
This environmental problem involves asbestos complaint in our neighbourhood. The problem has been continuing for some time.,environment,english,NYC311_seed_controlled_augmentation_v2
"Residents are requesting action regarding air: odor/fumes, vehicle idling near the junction. Please send the responsible team to inspect the area.",environment,english,NYC311_seed_controlled_augmentation_v2
The drain is causing problems because of sewer backup near the school. We would appreciate assistance with this problem.,drainage,english,NYC311_seed_controlled_augmentation_v2
Please investigate large number of mosquitoes outside our building. We would appreciate assistance with this problem.,environment,english,NYC311_seed_controlled_augmentation_v2
There appears to be heavy flow in the residential area. Please arrange an inspection.,water_supply,english,NYC311_seed_controlled_augmentation_v2
"Air: Odor/Fumes, Vehicle Idling is affecting the surrounding environment on the main road. Please arrange an inspection.",environment,english,NYC311_seed_controlled_augmentation_v2
Please inspect the drain because of sewer backup near the public market. This is causing inconvenience to the public.,drainage,english,NYC311_seed_controlled_augmentation_v2
The area needs cleaning because of receptacle violation near the public market. Please resolve this problem as soon as possible.,garbage,english,NYC311_seed_controlled_augmentation_v2
The area needs cleaning because of bulk-missed recy collection near our house.,garbage,english,NYC311_seed_controlled_augmentation_v2
Street Cond/Dump-Out/Drop-Off is creating an unsanitary condition close to the town centre. Residents are requesting assistance.,garbage,english,NYC311_seed_controlled_augmentation_v2
Residents have reported power outage along the roadside.,electricity,english,NYC311_seed_controlled_augmentation_v2
Residents have reported lamppost wire exposed near the junction. Residents are requesting assistance.,electricity,english,NYC311_seed_controlled_augmentation_v2
The electricity service has a problem with street light out near our house.,electricity,english,NYC311_seed_controlled_augmentation_v2
The road has pothole along the roadside. Please investigate this issue.,roads,english,NYC311_seed_controlled_augmentation_v2
Missed Recycling-All Materials is creating an unsanitary condition near our house.,garbage,english,NYC311_seed_controlled_augmentation_v2
This environmental problem involves large number of mosquitoes near the public market. Please take the necessary action.,environment,english,NYC311_seed_controlled_augmentation_v2
The drain is causing problems because of rain garden flooding near the hospital.,drainage,english,NYC311_seed_controlled_augmentation_v2
The electrical system needs attention because of street light lamp dim close to the bus stop. Please send the responsible team to inspect the area.,electricity,english,NYC311_seed_controlled_augmentation_v2
Please inspect the drain because of sewage odor on the main road. Residents are requesting assistance.,drainage,english,NYC311_seed_controlled_augmentation_v2
"The area is affected by air: smoke, vehicular near the school. Please resolve this problem as soon as possible.",environment,english,NYC311_seed_controlled_augmentation_v2
Please investigate large number of mosquitoes near our house. The problem has been continuing for some time.,environment,english,NYC311_seed_controlled_augmentation_v2
"Please investigate air: dust, other close to the town centre.",environment,english,NYC311_seed_controlled_augmentation_v2
We are experiencing an electrical problem involving power outage close to the town centre. Please take the necessary action.,electricity,english,NYC311_seed_controlled_augmentation_v2
The drainage issue appears to involve sewage odor close to the bus stop.,drainage,english,NYC311_seed_controlled_augmentation_v2
Please inspect the environmental issue involving ventilation in our neighbourhood. The problem has been continuing for some time.,environment,english,NYC311_seed_controlled_augmentation_v2
Please repair wear & tear near the hospital. The problem has been continuing for some time.,roads,english,NYC311_seed_controlled_augmentation_v2
We would like to report cave-in in our neighbourhood. Please take the necessary action.,roads,english,NYC311_seed_controlled_augmentation_v2
There is a waste management problem involving improper disposal close to the bus stop. We would appreciate assistance with this problem.,garbage,english,NYC311_seed_controlled_augmentation_v2
Vehicles are being affected by pothole - highway in the residential area. This issue needs urgent attention.,roads,english,NYC311_seed_controlled_augmentation_v2
The electricity service has a problem with multiple street lights out along the roadside. Please arrange an inspection.,electricity,english,NYC311_seed_controlled_augmentation_v2
We are experiencing heavy flow near the school. Please send the responsible team to inspect the area.,water_supply,english,NYC311_seed_controlled_augmentation_v2
Please check the water system because of unknown odor/taste in drinking water outside our building. Please send the responsible team to inspect the area.,water_supply,english,NYC311_seed_controlled_augmentation_v2
"The area is affected by air: dust, construction/demolition near the hospital.",environment,english,NYC311_seed_controlled_augmentation_v2
There is a water supply issue involving heavy flow outside our building.,water_supply,english,NYC311_seed_controlled_augmentation_v2
"Oil Spill On Street, Small is affecting the surrounding environment on the main road. Please investigate this issue.",environment,english,NYC311_seed_controlled_augmentation_v2
We need assistance with sewage leak close to the town centre. This is causing inconvenience to the public.,drainage,english,NYC311_seed_controlled_augmentation_v2
There is lamppost knocked down along the roadside. This issue needs urgent attention.,electricity,english,NYC311_seed_controlled_augmentation_v2
We need assistance with street flooding near the hospital.,drainage,english,NYC311_seed_controlled_augmentation_v2
Residents are concerned about chemical spill/release close to the bus stop. We would appreciate assistance with this problem.,environment,english,NYC311_seed_controlled_augmentation_v2
Waste has become a problem due to dirty area/alleyway close to the town centre. We would appreciate assistance with this problem.,garbage,english,NYC311_seed_controlled_augmentation_v2
Please arrange cleaning because of street cond/dump-out/drop-off close to the town centre. Residents are requesting assistance.,garbage,english,NYC311_seed_controlled_augmentation_v2
The water service is affected by no water near our house. Please send the responsible team to inspect the area.,water_supply,english,NYC311_seed_controlled_augmentation_v2
There is cave-in near the junction. The problem has been continuing for some time.,roads,english,NYC311_seed_controlled_augmentation_v2
"There is a water supply issue involving taste/odor, bitter/metallic near the school.",water_supply,english,NYC311_seed_controlled_augmentation_v2
RAIN GARDEN FLOODING is causing drainage problems outside our building. Please send the responsible team to inspect the area.,drainage,english,NYC311_seed_controlled_augmentation_v2
"People in the area are experiencing taste/odor, bitter/metallic on the main road. This issue needs urgent attention.",water_supply,english,NYC311_seed_controlled_augmentation_v2
The area needs cleaning because of missed collection in our neighbourhood. We would appreciate assistance with this problem.,garbage,english,NYC311_seed_controlled_augmentation_v2
Residents have complained about missed recycling paper along the roadside. This issue needs urgent attention.,garbage,english,NYC311_seed_controlled_augmentation_v2
The water service is affected by heavy flow close to the bus stop. Residents are requesting assistance.,water_supply,english,NYC311_seed_controlled_augmentation_v2
"Residents have reported taste/odor, chlorine in the residential area. The problem has been continuing for some time.",water_supply,english,NYC311_seed_controlled_augmentation_v2
DAMP SPOT is affecting the local water supply along the roadside. Residents are requesting assistance.,water_supply,english,NYC311_seed_controlled_augmentation_v2
The drainage system is affected by street flooding near the hospital. Please arrange an inspection.,drainage,english,NYC311_seed_controlled_augmentation_v2
