complaint_text,category,language,source
We are experiencing an electrical problem involving street light out close to the town centre. Residents are requesting assistance.,electricity,english,NYC311_seed_controlled_augmentation
There is: Garbage-related problems include missed recycling paper on the main road.,garbage,english,NYC311_seed_controlled_augmentation
Please inspect the drain because of sewage leak along the roadside.,drainage,english,NYC311_seed_controlled_augmentation
Asbestos Complaint is affecting the surrounding environment close to the town centre. The problem has been continuing for some time.,environment,english,NYC311_seed_controlled_augmentation
I am reporting: Our area is facing no water in the residential area.,water_supply,english,NYC311_seed_controlled_augmentation
Please send a technician because of street light lamp dim near the school.,electricity,english,NYC311_seed_controlled_augmentation
Please inspect the drain because of sewer backup near the public market. This is causing inconvenience to the public.,drainage,english,NYC311_seed_controlled_augmentation
There is: Please inspect the drain because of ponding near our house. Please arrange an inspection.,drainage,english,NYC311_seed_controlled_augmentation
Lamppost Wire Exposed is affecting the area in our neighbourhood. Please send the responsible team to inspect the area.,electricity,english,NYC311_seed_controlled_augmentation
Residents are reporting catch basin clogged/flooding near the public market. Please take the necessary action.,drainage,english,NYC311_seed_controlled_augmentation
We are experiencing low water pressure - wlwp close to the bus stop. Please arrange an inspection.,water_supply,english,NYC311_seed_controlled_augmentation
"There is an environmental problem involving air: dust, construction/demolition close to the bus stop.",environment,english,NYC311_seed_controlled_augmentation
Residents are reporting sewage odor in the residential area. This is causing inconvenience to the public.,drainage,english,NYC311_seed_controlled_augmentation
Residents are reporting sewage odor near the hospital.,drainage,english,NYC311_seed_controlled_augmentation
Waste has become a problem due to missed recycling-all materials near our house. This is causing inconvenience to the public.,garbage,english,NYC311_seed_controlled_augmentation
"We have noticed oil spill on street, large near our house.",environment,english,NYC311_seed_controlled_augmentation
Please inspect this environmental issue: air: other air problem in our neighbourhood.,environment,english,NYC311_seed_controlled_augmentation
Please check the water system because of leak near the school.,water_supply,english,NYC311_seed_controlled_augmentation
The drainage problem appears to involve sewage odor in the residential area. Please investigate this issue.,drainage,english,NYC311_seed_controlled_augmentation
There is sewage leak near the hospital.,drainage,english,NYC311_seed_controlled_augmentation
There is sewer or drain outside our building. Please arrange an inspection.,drainage,english,NYC311_seed_controlled_augmentation
Please check the water system because of hydrant leaking near the hospital. Residents are requesting assistance.,water_supply,english,NYC311_seed_controlled_augmentation
15 Street Cond/Dump-Out/Drop-Off is creating an unsanitary condition close to the town centre. The problem has been continuing for some time.,garbage,english,NYC311_seed_controlled_augmentation
Residents are concerned about air: other air problem near the public market. The problem has been continuing for some time.,environment,english,NYC311_seed_controlled_augmentation
Our area is facing damp spot near our house.,water_supply,english,NYC311_seed_controlled_augmentation
Curb Defect-Metal Protruding in our neighbourhood.,roads,english,NYC311_seed_controlled_augmentation
Please inspect the electrical issue: lamppost knocked down outside our building. This issue needs attention.,electricity,english,NYC311_seed_controlled_augmentation
Please check the water system because of heavy flow in the residential area.,water_supply,english,NYC311_seed_controlled_augmentation
Please address bulk-missed collection near the hospital.,garbage,english,NYC311_seed_controlled_augmentation
Please arrange cleaning because of dirty sidewalk in the residential area. We would appreciate assistance with this issue.,garbage,english,NYC311_seed_controlled_augmentation
There appears to be no water close to the bus stop.,water_supply,english,NYC311_seed_controlled_augmentation
Please repair curb defect-metal protruding in our neighbourhood. Residents are requesting assistance.,roads,english,NYC311_seed_controlled_augmentation
Drivers are having difficulty because of pothole outside our building.,roads,english,NYC311_seed_controlled_augmentation
There is electrical wiring defective/exposed near the public market. Residents are requesting assistance.,electricity,english,NYC311_seed_controlled_augmentation
"Residents are concerned about unsafe chemical, abandoned in our neighbourhood. The problem has been continuing for some time.",environment,english,NYC311_seed_controlled_augmentation
Wastewater is causing problems due to street flooding close to the bus stop. We would appreciate assistance with this issue.,drainage,english,NYC311_seed_controlled_augmentation
Residents have complained about receptacle violation near the junction. Please send the responsible team to inspect the area.,garbage,english,NYC311_seed_controlled_augmentation
"People nearby have complained about oil spill on street, large near the hospital.",environment,english,NYC311_seed_controlled_augmentation
There appears to be: There is a water supply problem involving low water pressure - wlwp on the main road.,water_supply,english,NYC311_seed_controlled_augmentation
"There is an environmental problem involving air: dust, other in the residential area. Please take the necessary action.",environment,english,NYC311_seed_controlled_augmentation
Please inspect this environmental issue: chemical vapors/gases/odors near the junction. Please arrange an inspection.,environment,english,NYC311_seed_controlled_augmentation
Street Flooding is affecting the area near the hospital. Please take the necessary action.,drainage,english,NYC311_seed_controlled_augmentation
Please inspect the drain because of rain garden flooding along the roadside.,drainage,english,NYC311_seed_controlled_augmentation
There is missed recycling-all materials close to the town centre. Please take the necessary action.,garbage,english,NYC311_seed_controlled_augmentation
Drivers are having difficulty because of pothole - highway on the main road.,roads,english,NYC311_seed_controlled_augmentation
There is: Please arrange cleaning because of dirty area/alleyway in our neighbourhood. Please arrange an inspection.,garbage,english,NYC311_seed_controlled_augmentation
There is a water supply problem involving dirty water in the residential area. The problem has been continuing for some time.,water_supply,english,NYC311_seed_controlled_augmentation
Waste has become a problem due to dirty area/alleyway on the main road. Residents are requesting assistance.,garbage,english,NYC311_seed_controlled_augmentation
I am reporting: We are experiencing an electrical problem involving lamppost wire exposed along the roadside. Please take the necessary action.,electricity,english,NYC311_seed_controlled_augmentation
Wastewater is causing problems due to catch basin clogged/flooding close to the town centre. Residents are requesting assistance.,drainage,english,NYC311_seed_controlled_augmentation
I am reporting: Manhole Overflow is affecting the area close to the bus stop. Please send the responsible team to inspect the area.,drainage,english,NYC311_seed_controlled_augmentation
Residents are reporting sewage leak in the residential area. This is causing inconvenience to the public.,drainage,english,NYC311_seed_controlled_augmentation
RAIN GARDEN FLOODING is affecting the area near the hospital. This issue needs attention.,drainage,english,NYC311_seed_controlled_augmentation
Please address missed recycling-all materials near the junction. Please investigate this issue.,garbage,english,NYC311_seed_controlled_augmentation
Residents have complained about loose rubbish near the hospital. Please resolve this problem as soon as possible.,garbage,english,NYC311_seed_controlled_augmentation
Failed Street Repair near the hospital.,roads,english,NYC311_seed_controlled_augmentation
We have noticed: Please address bulk-missed collection near the public market. The problem has been continuing for some time.,garbage,english,NYC311_seed_controlled_augmentation
We have noticed: Please arrange cleaning because of bulk-missed collection along the roadside. This issue needs attention.,garbage,english,NYC311_seed_controlled_augmentation
Please send a technician because of lamppost wire exposed near the public market. This is causing inconvenience to the public.,electricity,english,NYC311_seed_controlled_augmentation
Please check: Please repair pothole - highway close to the bus stop.,roads,english,NYC311_seed_controlled_augmentation
Please repair cave-in near the school. Please take the necessary action.,roads,english,NYC311_seed_controlled_augmentation
"We have noticed unsafe chemical, abandoned close to the bus stop. This is causing inconvenience to the public.",environment,english,NYC311_seed_controlled_augmentation
Please investigate the water issue: dirty water close to the bus stop.,water_supply,english,NYC311_seed_controlled_augmentation
Defective Hardware along the roadside. Residents are requesting assistance.,roads,english,NYC311_seed_controlled_augmentation
The electricity service has a problem with street light out along the roadside. Please investigate this issue.,electricity,english,NYC311_seed_controlled_augmentation
There has been: Loose Rubbish is creating an unsanitary condition in our neighbourhood. Please arrange an inspection.,garbage,english,NYC311_seed_controlled_augmentation
The area needs cleaning because of receptacle violation near the junction. Please investigate this issue.,garbage,english,NYC311_seed_controlled_augmentation
Please arrange cleaning because of receptacle violation near the school.,garbage,english,NYC311_seed_controlled_augmentation
Please check: There appears to be power outage near the junction. We would appreciate assistance with this issue.,electricity,english,NYC311_seed_controlled_augmentation
There is culvert blocked/needs cleaning in our neighbourhood.,drainage,english,NYC311_seed_controlled_augmentation
Garbage-related problems include missed recycling - m/g/pl along the roadside. Please arrange an inspection.,garbage,english,NYC311_seed_controlled_augmentation
Please repair cave-in in the residential area.,roads,english,NYC311_seed_controlled_augmentation
"Residents are concerned about oil spill on street, small near the school. This issue needs attention.",environment,english,NYC311_seed_controlled_augmentation
Residents are concerned about ventilation near the public market.,environment,english,NYC311_seed_controlled_augmentation
Drivers are having difficulty because of broken curb along the roadside. This issue needs attention.,roads,english,NYC311_seed_controlled_augmentation
There appears to be: We are experiencing an electrical problem involving lighting in the residential area. Residents are requesting assistance.,electricity,english,NYC311_seed_controlled_augmentation
The drainage problem appears to involve catch basin clogged/flooding on the main road.,drainage,english,NYC311_seed_controlled_augmentation
There appears to be: There is sewer or drain outside our building. Please investigate this issue.,drainage,english,NYC311_seed_controlled_augmentation
"There is: People nearby have complained about air: odor/fumes, vehicle idling along the roadside. This is causing inconvenience to the public.",environment,english,NYC311_seed_controlled_augmentation
The drainage system has catch basin clogged/flooding along the roadside.,drainage,english,NYC311_seed_controlled_augmentation
The road has failed street repair close to the town centre. Please resolve this problem as soon as possible.,roads,english,NYC311_seed_controlled_augmentation
There is failed street repair on the main road. Please send the responsible team to inspect the area.,roads,english,NYC311_seed_controlled_augmentation
There appears to be: Broken Curb on the main road. Please investigate this issue.,roads,english,NYC311_seed_controlled_augmentation
Please inspect the drain because of sewage leak near the school. Please resolve this problem as soon as possible.,drainage,english,NYC311_seed_controlled_augmentation
Please inspect the drain because of manhole overflow in the residential area. Please take the necessary action.,drainage,english,NYC311_seed_controlled_augmentation
There is a water supply problem involving leak near the hospital.,water_supply,english,NYC311_seed_controlled_augmentation
The drainage system has culvert blocked/needs cleaning in our neighbourhood. Please arrange an inspection.,drainage,english,NYC311_seed_controlled_augmentation
We have noticed: Please address 15 street cond/dump-out/drop-off along the roadside. Please take the necessary action.,garbage,english,NYC311_seed_controlled_augmentation
There is improper disposal close to the bus stop.,garbage,english,NYC311_seed_controlled_augmentation
Chemical Vapors/Gases/Odors is affecting the surrounding environment in the residential area.,environment,english,NYC311_seed_controlled_augmentation
Chemical Spill/Release is affecting the surrounding environment close to the town centre. This is causing inconvenience to the public.,environment,english,NYC311_seed_controlled_augmentation
"Please investigate oil spill on street, large along the roadside. This issue needs attention.",environment,english,NYC311_seed_controlled_augmentation
Residents have reported hydrant leaking close to the town centre. Please send the responsible team to inspect the area.,water_supply,english,NYC311_seed_controlled_augmentation
The drainage problem appears to involve manhole overflow on the main road. This is causing inconvenience to the public.,drainage,english,NYC311_seed_controlled_augmentation
Culvert Blocked/Needs Cleaning is affecting the area along the roadside. Please arrange an inspection.,drainage,english,NYC311_seed_controlled_augmentation
The road surface is affected by pothole near our house. Please arrange an inspection.,roads,english,NYC311_seed_controlled_augmentation
Our area has: We are experiencing an electrical problem involving outlet/switch outside our building. Please send the responsible team to inspect the area.,electricity,english,NYC311_seed_controlled_augmentation
The electricity service has a problem with no lighting along the roadside.,electricity,english,NYC311_seed_controlled_augmentation
Wastewater is causing problems due to manhole overflow in our neighbourhood. Please take the necessary action.,drainage,english,NYC311_seed_controlled_augmentation
Our area has: Residents are reporting sewer backup along the roadside.,drainage,english,NYC311_seed_controlled_augmentation
"I am reporting: We have noticed air: odor/fumes, vehicle idling near the school. Residents are requesting assistance.",environment,english,NYC311_seed_controlled_augmentation
There is outlet/switch on the main road. Please resolve this problem as soon as possible.,electricity,english,NYC311_seed_controlled_augmentation
Please check the water system because of leak near the junction.,water_supply,english,NYC311_seed_controlled_augmentation
There is 15 street cond/dump-out/drop-off near the junction. We would appreciate assistance with this issue.,garbage,english,NYC311_seed_controlled_augmentation
Please inspect the electrical issue: street light lamp dim outside our building.,electricity,english,NYC311_seed_controlled_augmentation
There is cave-in near the hospital.,roads,english,NYC311_seed_controlled_augmentation
I am reporting: Residents are concerned about large number of mosquitoes on the main road. Please investigate this issue.,environment,english,NYC311_seed_controlled_augmentation
Garbage-related problems include missed recycling paper near the junction. Please send the responsible team to inspect the area.,garbage,english,NYC311_seed_controlled_augmentation
The electricity service has a problem with lighting on the main road. Please arrange an inspection.,electricity,english,NYC311_seed_controlled_augmentation
People nearby have complained about large number of mosquitoes near the junction. Please take the necessary action.,environment,english,NYC311_seed_controlled_augmentation
"The area is affected by air: smoke, chimney or vent close to the town centre. We would appreciate assistance with this issue.",environment,english,NYC311_seed_controlled_augmentation
"I am reporting: Residents have reported taste/odor, chlorine close to the town centre. Please arrange an inspection.",water_supply,english,NYC311_seed_controlled_augmentation
Please inspect this environmental issue: chemical spill/release in the residential area.,environment,english,NYC311_seed_controlled_augmentation
Missed Recycling Paper is creating an unsanitary condition along the roadside. Please investigate this issue.,garbage,english,NYC311_seed_controlled_augmentation
Residents are reporting ponding close to the bus stop. Please arrange an inspection.,drainage,english,NYC311_seed_controlled_augmentation
"The area is affected by air: odor/fumes, restaurant near the hospital. Please resolve this problem as soon as possible.",environment,english,NYC311_seed_controlled_augmentation
There is: Residents are reporting street flooding near the public market. The problem has been continuing for some time.,drainage,english,NYC311_seed_controlled_augmentation
Residents are reporting catch basin clogged/flooding near the school.,drainage,english,NYC311_seed_controlled_augmentation
Please send a technician because of electrical wiring defective/exposed near the junction.,electricity,english,NYC311_seed_controlled_augmentation
There appears to be street light out outside our building. This is causing inconvenience to the public.,electricity,english,NYC311_seed_controlled_augmentation
Receptacle Violation is creating an unsanitary condition near our house. Please investigate this issue.,garbage,english,NYC311_seed_controlled_augmentation
Please inspect the electrical issue: street light lamp dim near the school. Please arrange an inspection.,electricity,english,NYC311_seed_controlled_augmentation
Please address improper disposal in our neighbourhood.,garbage,english,NYC311_seed_controlled_augmentation
Dirty Area/Alleyway is creating an unsanitary condition near the hospital. Please send the responsible team to inspect the area.,garbage,english,NYC311_seed_controlled_augmentation
Waste has become a problem due to missed recycling - m/g/pl on the main road. Please send the responsible team to inspect the area.,garbage,english,NYC311_seed_controlled_augmentation
Please investigate the water issue: hydrant leaking in our neighbourhood. Please resolve this problem as soon as possible.,water_supply,english,NYC311_seed_controlled_augmentation
The area needs cleaning because of 15 street cond/dump-out/drop-off near our house. Please send the responsible team to inspect the area.,garbage,english,NYC311_seed_controlled_augmentation
Residents have reported: We need assistance with street flooding in the residential area. We would appreciate assistance with this issue.,drainage,english,NYC311_seed_controlled_augmentation
The road surface is affected by wear & tear outside our building.,roads,english,NYC311_seed_controlled_augmentation
There is street light lamp dim in the residential area. Please resolve this problem as soon as possible.,electricity,english,NYC311_seed_controlled_augmentation
Residents are concerned about failed street repair in our neighbourhood.,roads,english,NYC311_seed_controlled_augmentation
Drivers are having difficulty because of broken curb near the junction. Please take the necessary action.,roads,english,NYC311_seed_controlled_augmentation
The area needs cleaning because of receptacle violation in the residential area. Please send the responsible team to inspect the area.,garbage,english,NYC311_seed_controlled_augmentation
Cave-in is causing problems for vehicles in our neighbourhood.,roads,english,NYC311_seed_controlled_augmentation
There is electrical wiring defective/exposed near the public market. This issue needs attention.,electricity,english,NYC311_seed_controlled_augmentation
There has been: Please arrange cleaning because of dirty sidewalk close to the bus stop.,garbage,english,NYC311_seed_controlled_augmentation
The area needs cleaning because of bulk-missed collection in the residential area. We would appreciate assistance with this issue.,garbage,english,NYC311_seed_controlled_augmentation
Sewage Leak is affecting the area near the school. This issue needs attention.,drainage,english,NYC311_seed_controlled_augmentation
Wastewater is causing problems due to sewer or drain near the hospital. Please investigate this issue.,drainage,english,NYC311_seed_controlled_augmentation
Please inspect the electrical issue: electrical wiring defective/exposed on the main road.,electricity,english,NYC311_seed_controlled_augmentation
Air: Other Air Problem is affecting the surrounding environment near the hospital. Please take the necessary action.,environment,english,NYC311_seed_controlled_augmentation
There has been: There is rain garden flooding outside our building.,drainage,english,NYC311_seed_controlled_augmentation
Waste has become a problem due to missed collection along the roadside.,garbage,english,NYC311_seed_controlled_augmentation
Residents have reported leak close to the bus stop. Please take the necessary action.,water_supply,english,NYC311_seed_controlled_augmentation
Please send a technician because of lighting along the roadside. Please resolve this problem as soon as possible.,electricity,english,NYC311_seed_controlled_augmentation
Wastewater is causing problems due to manhole overflow near the hospital. Please arrange an inspection.,drainage,english,NYC311_seed_controlled_augmentation
Please investigate chemical spill/release near our house. This issue needs attention.,environment,english,NYC311_seed_controlled_augmentation
There appears to be: The electricity service has a problem with electrical wiring defective/exposed in the residential area.,electricity,english,NYC311_seed_controlled_augmentation
We need assistance with rain garden flooding near the junction. This issue needs attention.,drainage,english,NYC311_seed_controlled_augmentation
The road has broken curb close to the town centre. Please take the necessary action.,roads,english,NYC311_seed_controlled_augmentation
"People nearby have complained about air: dust, construction/demolition on the main road. This issue needs attention.",environment,english,NYC311_seed_controlled_augmentation
"Residents have reported taste/odor, bitter/metallic outside our building. Please send the responsible team to inspect the area.",water_supply,english,NYC311_seed_controlled_augmentation
The drainage system has sewer or drain near the school.,drainage,english,NYC311_seed_controlled_augmentation
The electricity service has a problem with electrical wiring defective/exposed on the main road. Please take the necessary action.,electricity,english,NYC311_seed_controlled_augmentation
I would like to report: Defective Hardware is causing problems for vehicles outside our building.,roads,english,NYC311_seed_controlled_augmentation
"Please investigate oil spill on street, small near the public market.",environment,english,NYC311_seed_controlled_augmentation
Residents have reported street light out near the junction. Please send the responsible team to inspect the area.,electricity,english,NYC311_seed_controlled_augmentation
Curb Defect-Metal Protruding near the school. Please investigate this issue.,roads,english,NYC311_seed_controlled_augmentation
Please check: There is sewer backup on the main road. We would appreciate assistance with this issue.,drainage,english,NYC311_seed_controlled_augmentation
Electrical Wiring Defective/Exposed is affecting the area close to the bus stop. Please investigate this issue.,electricity,english,NYC311_seed_controlled_augmentation
Dirty Area/Alleyway is creating an unsanitary condition outside our building.,garbage,english,NYC311_seed_controlled_augmentation
The electricity service has a problem with electrical wiring defective/exposed near the school. Please resolve this problem as soon as possible.,electricity,english,NYC311_seed_controlled_augmentation
Wastewater is causing problems due to manhole overflow near the school.,drainage,english,NYC311_seed_controlled_augmentation
"Please investigate unsafe chemical, storage near the junction. Please take the necessary action.",environment,english,NYC311_seed_controlled_augmentation
"We are experiencing cloudy or milky, other in our neighbourhood. This is causing inconvenience to the public.",water_supply,english,NYC311_seed_controlled_augmentation
The road surface is affected by cave-in along the roadside.,roads,english,NYC311_seed_controlled_augmentation
We have noticed: We are experiencing an electrical problem involving outlet/switch along the roadside. Please investigate this issue.,electricity,english,NYC311_seed_controlled_augmentation
The drainage system has rain garden flooding in the residential area. Please send the responsible team to inspect the area.,drainage,english,NYC311_seed_controlled_augmentation
I would like to report: Waste has become a problem due to missed collection near the school. Residents are requesting assistance.,garbage,english,NYC311_seed_controlled_augmentation
Garbage-related problems include improper disposal in our neighbourhood.,garbage,english,NYC311_seed_controlled_augmentation
Please inspect the drain because of catch basin clogged/flooding in the residential area. Residents are requesting assistance.,drainage,english,NYC311_seed_controlled_augmentation
The electricity service has a problem with lighting in the residential area. The problem has been continuing for some time.,electricity,english,NYC311_seed_controlled_augmentation
We need assistance with street flooding near the school.,drainage,english,NYC311_seed_controlled_augmentation
Residents have complained about 15 street cond/dump-out/drop-off near the public market. The problem has been continuing for some time.,garbage,english,NYC311_seed_controlled_augmentation
DAMP SPOT has affected the local water supply outside our building. Residents are requesting assistance.,water_supply,english,NYC311_seed_controlled_augmentation
Drivers are having difficulty because of pothole - highway near the school.,roads,english,NYC311_seed_controlled_augmentation
Wear & Tear is causing problems for vehicles near the hospital. Please resolve this problem as soon as possible.,roads,english,NYC311_seed_controlled_augmentation
We are experiencing damp spot in our neighbourhood. The problem has been continuing for some time.,water_supply,english,NYC311_seed_controlled_augmentation
"People nearby have complained about air: dust, other close to the town centre. Please resolve this problem as soon as possible.",environment,english,NYC311_seed_controlled_augmentation
"Our area is facing taste/odor, bitter/metallic outside our building.",water_supply,english,NYC311_seed_controlled_augmentation
The drainage system has sewage leak near the public market.,drainage,english,NYC311_seed_controlled_augmentation
The road has defective hardware near the school. This is causing inconvenience to the public.,roads,english,NYC311_seed_controlled_augmentation
The road has wear & tear in the residential area. Residents are requesting assistance.,roads,english,NYC311_seed_controlled_augmentation
There is: The area needs cleaning because of 15 street cond/dump-out/drop-off close to the bus stop. Please take the necessary action.,garbage,english,NYC311_seed_controlled_augmentation
"There is a water supply problem involving cloudy or milky, other in the residential area.",water_supply,english,NYC311_seed_controlled_augmentation
"There appears to be: There is an environmental problem involving air: odor/fumes, vehicle idling near the school.",environment,english,NYC311_seed_controlled_augmentation
Waste has become a problem due to 15 street cond/dump-out/drop-off in our neighbourhood.,garbage,english,NYC311_seed_controlled_augmentation
"Please inspect this environmental issue: oil spill on street, small along the roadside.",environment,english,NYC311_seed_controlled_augmentation
There is bulk-missed recy collection in our neighbourhood. Please send the responsible team to inspect the area.,garbage,english,NYC311_seed_controlled_augmentation
Residents have reported lamppost knocked down in the residential area.,electricity,english,NYC311_seed_controlled_augmentation
The electricity service has a problem with multiple street lights out outside our building.,electricity,english,NYC311_seed_controlled_augmentation
The area needs cleaning because of bulk-missed collection outside our building. This issue needs attention.,garbage,english,NYC311_seed_controlled_augmentation
"Air: Smoke, Vehicular is affecting the surrounding environment on the main road. This issue needs attention.",environment,english,NYC311_seed_controlled_augmentation
Possible Water Main Break has affected the local water supply near the public market. Please arrange an inspection.,water_supply,english,NYC311_seed_controlled_augmentation
There is: Large Number of Mosquitoes is affecting the surrounding environment close to the bus stop. This issue needs attention.,environment,english,NYC311_seed_controlled_augmentation
The electricity service has a problem with outlet/switch along the roadside. Please send the responsible team to inspect the area.,electricity,english,NYC311_seed_controlled_augmentation
unknown odor/taste in drinking water has affected the local water supply close to the bus stop. Please resolve this problem as soon as possible.,water_supply,english,NYC311_seed_controlled_augmentation
We are experiencing low water pressure - wlwp along the roadside.,water_supply,english,NYC311_seed_controlled_augmentation
There is cave-in near the school. Please arrange an inspection.,roads,english,NYC311_seed_controlled_augmentation
Our area has: Please inspect the electrical issue: lamppost knocked down near the hospital.,electricity,english,NYC311_seed_controlled_augmentation
"People nearby have complained about air: smoke, vehicular in our neighbourhood.",environment,english,NYC311_seed_controlled_augmentation
There is: Pothole near the public market. Please take the necessary action.,roads,english,NYC311_seed_controlled_augmentation
There is missed recycling - m/g/pl in our neighbourhood. The problem has been continuing for some time.,garbage,english,NYC311_seed_controlled_augmentation
We are experiencing: SLOW LEAK has affected the local water supply close to the town centre. We would appreciate assistance with this issue.,water_supply,english,NYC311_seed_controlled_augmentation
We have noticed asbestos complaint near the public market. The problem has been continuing for some time.,environment,english,NYC311_seed_controlled_augmentation
Please investigate the water issue: unknown odor/taste in drinking water near our house.,water_supply,english,NYC311_seed_controlled_augmentation
We have noticed: Residents are concerned about curb defect-metal protruding near the school. This is causing inconvenience to the public.,roads,english,NYC311_seed_controlled_augmentation
There appears to be outlet/switch near the hospital. We would appreciate assistance with this issue.,electricity,english,NYC311_seed_controlled_augmentation
Please address improper disposal outside our building. Residents are requesting assistance.,garbage,english,NYC311_seed_controlled_augmentation
There appears to be: Wastewater is causing problems due to rain garden flooding near the public market. Please arrange an inspection.,drainage,english,NYC311_seed_controlled_augmentation
The road has cave-in outside our building.,roads,english,NYC311_seed_controlled_augmentation
Please check: Wastewater is causing problems due to sewer backup near the junction. Please investigate this issue.,drainage,english,NYC311_seed_controlled_augmentation
Street Flooding is affecting the area outside our building. This is causing inconvenience to the public.,drainage,english,NYC311_seed_controlled_augmentation
Please investigate ventilation close to the bus stop.,environment,english,NYC311_seed_controlled_augmentation
Please address missed recycling - m/g/pl on the main road. Please send the responsible team to inspect the area.,garbage,english,NYC311_seed_controlled_augmentation
"Please investigate air: dust, construction/demolition along the roadside. Please resolve this problem as soon as possible.",environment,english,NYC311_seed_controlled_augmentation
"We have noticed oil spill on street, small along the roadside.",environment,english,NYC311_seed_controlled_augmentation
Failed Street Repair near our house. Residents are requesting assistance.,roads,english,NYC311_seed_controlled_augmentation
"The road surface is affected by rough, pitted or cracked roads on the main road. This is causing inconvenience to the public.",roads,english,NYC311_seed_controlled_augmentation
There is: Please arrange cleaning because of bulk-missed recy collection near the public market. Please take the necessary action.,garbage,english,NYC311_seed_controlled_augmentation
"There is a water supply problem involving cloudy or milky, other near the school. Residents are requesting assistance.",water_supply,english,NYC311_seed_controlled_augmentation
Sewage Leak is affecting the area along the roadside. Residents are requesting assistance.,drainage,english,NYC311_seed_controlled_augmentation
There appears to be slow leak near the hospital.,water_supply,english,NYC311_seed_controlled_augmentation
Please arrange cleaning because of improper disposal in the residential area. Residents are requesting assistance.,garbage,english,NYC311_seed_controlled_augmentation
"Residents are concerned about air: dust, other near the public market. Please resolve this problem as soon as possible.",environment,english,NYC311_seed_controlled_augmentation
Residents are concerned about air: other air problem near the junction. Please send the responsible team to inspect the area.,environment,english,NYC311_seed_controlled_augmentation
I am reporting: There appears to be multiple street lights out outside our building. This issue needs attention.,electricity,english,NYC311_seed_controlled_augmentation
Improper Disposal is creating an unsanitary condition near the junction.,garbage,english,NYC311_seed_controlled_augmentation
"Residents are concerned about air: dust, construction/demolition on the main road. Please investigate this issue.",environment,english,NYC311_seed_controlled_augmentation
We have noticed: Residents are reporting culvert blocked/needs cleaning along the roadside. This issue needs attention.,drainage,english,NYC311_seed_controlled_augmentation
There is lamppost wire exposed near the school.,electricity,english,NYC311_seed_controlled_augmentation
"Unsafe Chemical, Abandoned is affecting the surrounding environment near the public market. The problem has been continuing for some time.",environment,english,NYC311_seed_controlled_augmentation
Please address missed recycling - m/g/pl in our neighbourhood. Please arrange an inspection.,garbage,english,NYC311_seed_controlled_augmentation
Residents have complained about missed recycling - m/g/pl on the main road. Please investigate this issue.,garbage,english,NYC311_seed_controlled_augmentation
The drainage system has sewer backup near the junction.,drainage,english,NYC311_seed_controlled_augmentation
There is: The road surface is affected by pothole - highway near the hospital. We would appreciate assistance with this issue.,roads,english,NYC311_seed_controlled_augmentation
WIRING is affecting the area on the main road.,electricity,english,NYC311_seed_controlled_augmentation
Garbage-related problems include missed collection near the junction. Please investigate this issue.,garbage,english,NYC311_seed_controlled_augmentation
Please address dirty sidewalk close to the town centre.,garbage,english,NYC311_seed_controlled_augmentation
Our area is facing no water in the residential area.,water_supply,english,NYC311_seed_controlled_augmentation
Drivers are having difficulty because of pothole - highway outside our building. This is causing inconvenience to the public.,roads,english,NYC311_seed_controlled_augmentation
The drainage problem appears to involve catch basin clogged/flooding in the residential area. Residents are requesting assistance.,drainage,english,NYC311_seed_controlled_augmentation
"Residents have reported: Please investigate oil spill on street, large near the hospital.",environment,english,NYC311_seed_controlled_augmentation
RAIN GARDEN FLOODING is affecting the area close to the town centre.,drainage,english,NYC311_seed_controlled_augmentation
Please investigate the water issue: no water on the main road. Please send the responsible team to inspect the area.,water_supply,english,NYC311_seed_controlled_augmentation
Pothole in our neighbourhood.,roads,english,NYC311_seed_controlled_augmentation
Our area has: The drainage system has sewer backup outside our building.,drainage,english,NYC311_seed_controlled_augmentation
"People nearby have complained about oil spill on street, small along the roadside. Please send the responsible team to inspect the area.",environment,english,NYC311_seed_controlled_augmentation
I am reporting: Waste has become a problem due to bulk-missed collection close to the town centre. Please take the necessary action.,garbage,english,NYC311_seed_controlled_augmentation
"Air: Dust, Construction/Demolition is affecting the surrounding environment along the roadside. This issue needs attention.",environment,english,NYC311_seed_controlled_augmentation
The area is affected by large number of mosquitoes near the school. Please resolve this problem as soon as possible.,environment,english,NYC311_seed_controlled_augmentation
Please check the water system because of dirty water outside our building. Please investigate this issue.,water_supply,english,NYC311_seed_controlled_augmentation
Residents have reported: People nearby have complained about asbestos complaint near the hospital.,environment,english,NYC311_seed_controlled_augmentation
Residents have reported lamppost wire exposed close to the bus stop. This issue needs attention.,electricity,english,NYC311_seed_controlled_augmentation
Residents have reported: Please inspect the electrical issue: lamppost knocked down near the junction. Please take the necessary action.,electricity,english,NYC311_seed_controlled_augmentation
There is a water supply problem involving leak close to the bus stop. This is causing inconvenience to the public.,water_supply,english,NYC311_seed_controlled_augmentation
Our area has: We need assistance with sewer backup near the school. The problem has been continuing for some time.,drainage,english,NYC311_seed_controlled_augmentation
Please send a technician because of lamppost wire exposed near the junction.,electricity,english,NYC311_seed_controlled_augmentation
"Residents have reported taste/odor, chlorine on the main road.",water_supply,english,NYC311_seed_controlled_augmentation
Residents are reporting ponding along the roadside. The problem has been continuing for some time.,drainage,english,NYC311_seed_controlled_augmentation
There appears to be: Please send a technician because of power outage outside our building. We would appreciate assistance with this issue.,electricity,english,NYC311_seed_controlled_augmentation
There is street light lamp dim in the residential area. Please investigate this issue.,electricity,english,NYC311_seed_controlled_augmentation
There appears to be: Please inspect the drain because of culvert blocked/needs cleaning near our house. This issue needs attention.,drainage,english,NYC311_seed_controlled_augmentation
There is catch basin clogged/flooding outside our building.,drainage,english,NYC311_seed_controlled_augmentation
The drainage system has sewer backup near the public market. Please take the necessary action.,drainage,english,NYC311_seed_controlled_augmentation
There is an environmental problem involving asbestos complaint along the roadside. Please investigate this issue.,environment,english,NYC311_seed_controlled_augmentation
"Please check the water system because of taste/odor, chlorine near the hospital. We would appreciate assistance with this issue.",water_supply,english,NYC311_seed_controlled_augmentation
Residents are concerned about defective hardware along the roadside.,roads,english,NYC311_seed_controlled_augmentation
Drivers are having difficulty because of curb defect-metal protruding in the residential area.,roads,english,NYC311_seed_controlled_augmentation
Please check the water system because of hydrant leaking near our house. Please investigate this issue.,water_supply,english,NYC311_seed_controlled_augmentation
We need assistance with catch basin clogged/flooding near the hospital. Please arrange an inspection.,drainage,english,NYC311_seed_controlled_augmentation
Residents are concerned about asbestos complaint near our house. The problem has been continuing for some time.,environment,english,NYC311_seed_controlled_augmentation
Our area has: Hydrant Leaking has affected the local water supply in our neighbourhood.,water_supply,english,NYC311_seed_controlled_augmentation
Failed Street Repair is causing problems for vehicles in the residential area. Please investigate this issue.,roads,english,NYC311_seed_controlled_augmentation
The drainage system has catch basin clogged/flooding along the roadside. We would appreciate assistance with this issue.,drainage,english,NYC311_seed_controlled_augmentation
We are experiencing an electrical problem involving outlet/switch near the junction.,electricity,english,NYC311_seed_controlled_augmentation
Please check: There appears to be heavy flow near the hospital. Please send the responsible team to inspect the area.,water_supply,english,NYC311_seed_controlled_augmentation
The drainage problem appears to involve ponding near our house. Please send the responsible team to inspect the area.,drainage,english,NYC311_seed_controlled_augmentation
Our area is facing low water pressure - wlwp in the residential area.,water_supply,english,NYC311_seed_controlled_augmentation
There has been: Wastewater is causing problems due to catch basin clogged/flooding on the main road. Please investigate this issue.,drainage,english,NYC311_seed_controlled_augmentation
We are experiencing: The area needs cleaning because of missed recycling-all materials along the roadside. Please arrange an inspection.,garbage,english,NYC311_seed_controlled_augmentation
Residents have reported power outage near the public market. Please take the necessary action.,electricity,english,NYC311_seed_controlled_augmentation
Residents are concerned about ventilation on the main road.,environment,english,NYC311_seed_controlled_augmentation
WIRING is affecting the area on the main road. This issue needs attention.,electricity,english,NYC311_seed_controlled_augmentation
"We are experiencing: We have noticed unsafe chemical, storage close to the bus stop. We would appreciate assistance with this issue.",environment,english,NYC311_seed_controlled_augmentation
We are experiencing: There is ponding near the hospital. Please take the necessary action.,drainage,english,NYC311_seed_controlled_augmentation
Please send a technician because of wiring along the roadside.,electricity,english,NYC311_seed_controlled_augmentation
Please repair defective hardware outside our building.,roads,english,NYC311_seed_controlled_augmentation
"Please check the water system because of taste/odor, chlorine outside our building. Please investigate this issue.",water_supply,english,NYC311_seed_controlled_augmentation
Please arrange cleaning because of 15 street cond/dump-out/drop-off near the junction. Please send the responsible team to inspect the area.,garbage,english,NYC311_seed_controlled_augmentation
Please repair failed street repair in our neighbourhood. Please investigate this issue.,roads,english,NYC311_seed_controlled_augmentation
There has been: Drivers are having difficulty because of broken curb near the public market. This is causing inconvenience to the public.,roads,english,NYC311_seed_controlled_augmentation
There is manhole overflow outside our building. We would appreciate assistance with this issue.,drainage,english,NYC311_seed_controlled_augmentation
There is lamppost wire exposed along the roadside.,electricity,english,NYC311_seed_controlled_augmentation
There is missed recycling-all materials near our house. The problem has been continuing for some time.,garbage,english,NYC311_seed_controlled_augmentation
There appears to be unknown odor/taste in drinking water outside our building. This issue needs attention.,water_supply,english,NYC311_seed_controlled_augmentation
The road surface is affected by defective hardware near the school. Please investigate this issue.,roads,english,NYC311_seed_controlled_augmentation
The drainage system has manhole overflow close to the town centre. We would appreciate assistance with this issue.,drainage,english,NYC311_seed_controlled_augmentation
Please check: The road surface is affected by cave-in in our neighbourhood. Please arrange an inspection.,roads,english,NYC311_seed_controlled_augmentation
Residents are concerned about chemical spill/release near the school.,environment,english,NYC311_seed_controlled_augmentation
Lamppost Wire Exposed is affecting the area outside our building. This issue needs attention.,electricity,english,NYC311_seed_controlled_augmentation
There appears to be: The electricity service has a problem with multiple street lights out near the hospital. Please arrange an inspection.,electricity,english,NYC311_seed_controlled_augmentation
SLOW LEAK has affected the local water supply near the hospital. Please take the necessary action.,water_supply,english,NYC311_seed_controlled_augmentation
Manhole Overflow is affecting the area near the hospital.,drainage,english,NYC311_seed_controlled_augmentation
We are experiencing: There is a water supply problem involving low water pressure - wlwp close to the town centre.,water_supply,english,NYC311_seed_controlled_augmentation
"Please inspect this environmental issue: air: dust, other near the school.",environment,english,NYC311_seed_controlled_augmentation
Residents have reported no water near the school. Please arrange an inspection.,water_supply,english,NYC311_seed_controlled_augmentation
Our area has: Please inspect this environmental issue: chemical spill/release near the school.,environment,english,NYC311_seed_controlled_augmentation
I am reporting: Hydrant Leaking has affected the local water supply near the hospital. This issue needs attention.,water_supply,english,NYC311_seed_controlled_augmentation
Please check: WIRING is affecting the area along the roadside. Please arrange an inspection.,electricity,english,NYC311_seed_controlled_augmentation
There is: Please address loose rubbish near our house.,garbage,english,NYC311_seed_controlled_augmentation
Residents have reported power outage near the public market. We would appreciate assistance with this issue.,electricity,english,NYC311_seed_controlled_augmentation
Please inspect the electrical issue: wiring near our house.,electricity,english,NYC311_seed_controlled_augmentation
We need assistance with sewer or drain in the residential area. This is causing inconvenience to the public.,drainage,english,NYC311_seed_controlled_augmentation
Please investigate the water issue: no water in our neighbourhood. The problem has been continuing for some time.,water_supply,english,NYC311_seed_controlled_augmentation
There appears to be multiple street lights out near the public market. Please send the responsible team to inspect the area.,electricity,english,NYC311_seed_controlled_augmentation
We need assistance with rain garden flooding near our house. The problem has been continuing for some time.,drainage,english,NYC311_seed_controlled_augmentation
OUTLET/SWITCH is affecting the area on the main road.,electricity,english,NYC311_seed_controlled_augmentation
"People nearby have complained about unsafe chemical, storage outside our building. We would appreciate assistance with this issue.",environment,english,NYC311_seed_controlled_augmentation
There appears to be lighting near the school. This is causing inconvenience to the public.,electricity,english,NYC311_seed_controlled_augmentation
The electricity service has a problem with power outage near the hospital.,electricity,english,NYC311_seed_controlled_augmentation
Possible Water Main Break has affected the local water supply in the residential area.,water_supply,english,NYC311_seed_controlled_augmentation
Residents have reported electrical wiring defective/exposed outside our building. The problem has been continuing for some time.,electricity,english,NYC311_seed_controlled_augmentation
There is defective hardware outside our building. Residents are requesting assistance.,roads,english,NYC311_seed_controlled_augmentation
Please arrange cleaning because of bulk-missed recy collection near our house.,garbage,english,NYC311_seed_controlled_augmentation
"Residents have reported: Rough, Pitted or Cracked Roads in the residential area.",roads,english,NYC311_seed_controlled_augmentation
Residents are reporting street flooding outside our building.,drainage,english,NYC311_seed_controlled_augmentation
We are experiencing an electrical problem involving electrical wiring defective/exposed outside our building. This is causing inconvenience to the public.,electricity,english,NYC311_seed_controlled_augmentation
There is pothole on the main road. We would appreciate assistance with this issue.,roads,english,NYC311_seed_controlled_augmentation
I am reporting: Drivers are having difficulty because of failed street repair near our house. Please investigate this issue.,roads,english,NYC311_seed_controlled_augmentation
The road has pothole - highway near the school.,roads,english,NYC311_seed_controlled_augmentation
Ventilation is affecting the surrounding environment in our neighbourhood. Please resolve this problem as soon as possible.,environment,english,NYC311_seed_controlled_augmentation
"I would like to report: Cloudy Or Milky, Other has affected the local water supply near the hospital. This issue needs attention.",water_supply,english,NYC311_seed_controlled_augmentation
Missed Recycling Paper is creating an unsanitary condition near the hospital. Please arrange an inspection.,garbage,english,NYC311_seed_controlled_augmentation
We are experiencing hydrant leaking in our neighbourhood. This issue needs attention.,water_supply,english,NYC311_seed_controlled_augmentation
Electrical Wiring Defective/Exposed is affecting the area near the hospital.,electricity,english,NYC311_seed_controlled_augmentation
Multiple Street Lights Out is affecting the area in the residential area. Please take the necessary action.,electricity,english,NYC311_seed_controlled_augmentation
Wastewater is causing problems due to sewage odor along the roadside. Please resolve this problem as soon as possible.,drainage,english,NYC311_seed_controlled_augmentation
Please repair pothole - highway close to the bus stop. We would appreciate assistance with this issue.,roads,english,NYC311_seed_controlled_augmentation
Drivers are having difficulty because of pothole close to the bus stop.,roads,english,NYC311_seed_controlled_augmentation
The drainage system has sewer backup near the hospital.,drainage,english,NYC311_seed_controlled_augmentation
We are experiencing: There is street light out outside our building. Please resolve this problem as soon as possible.,electricity,english,NYC311_seed_controlled_augmentation
Residents are reporting street flooding along the roadside. Residents are requesting assistance.,drainage,english,NYC311_seed_controlled_augmentation
Please inspect the drain because of sewer or drain on the main road. This issue needs attention.,drainage,english,NYC311_seed_controlled_augmentation
Bulk-Missed Collection is creating an unsanitary condition along the roadside.,garbage,english,NYC311_seed_controlled_augmentation
"Residents are concerned about air: dust, construction/demolition close to the bus stop. Please arrange an inspection.",environment,english,NYC311_seed_controlled_augmentation
"We have noticed: Residents are concerned about oil spill on street, large near our house. Please arrange an inspection.",environment,english,NYC311_seed_controlled_augmentation
Waste has become a problem due to loose rubbish in the residential area.,garbage,english,NYC311_seed_controlled_augmentation
Please investigate chemical odor close to the town centre. Please investigate this issue.,environment,english,NYC311_seed_controlled_augmentation
The drainage system has rain garden flooding in the residential area. Please arrange an inspection.,drainage,english,NYC311_seed_controlled_augmentation
I would like to report: Residents have reported leak near the junction.,water_supply,english,NYC311_seed_controlled_augmentation
There is street light lamp dim in the residential area. The problem has been continuing for some time.,electricity,english,NYC311_seed_controlled_augmentation
Wear & Tear along the roadside.,roads,english,NYC311_seed_controlled_augmentation
There appears to be unknown odor/taste in drinking water near the public market.,water_supply,english,NYC311_seed_controlled_augmentation
Wear & Tear in the residential area. Residents are requesting assistance.,roads,english,NYC311_seed_controlled_augmentation
There is bulk-missed recy collection on the main road. Please investigate this issue.,garbage,english,NYC311_seed_controlled_augmentation
Please check the water system because of low water pressure - wlwp outside our building. This issue needs attention.,water_supply,english,NYC311_seed_controlled_augmentation
Please check: DAMP SPOT has affected the local water supply near the junction.,water_supply,english,NYC311_seed_controlled_augmentation
Our area has: Please inspect the drain because of street flooding near the school. Please take the necessary action.,drainage,english,NYC311_seed_controlled_augmentation
There has been: There is a water supply problem involving damp spot near the junction.,water_supply,english,NYC311_seed_controlled_augmentation
Please inspect this environmental issue: large number of mosquitoes close to the town centre. Please resolve this problem as soon as possible.,environment,english,NYC311_seed_controlled_augmentation
Residents have reported street light out on the main road. Please send the responsible team to inspect the area.,electricity,english,NYC311_seed_controlled_augmentation
I would like to report: There appears to be lighting on the main road. Please take the necessary action.,electricity,english,NYC311_seed_controlled_augmentation
"Please inspect this environmental issue: oil spill on street, large outside our building.",environment,english,NYC311_seed_controlled_augmentation
I would like to report: Please inspect the electrical issue: street light out close to the town centre. Please arrange an inspection.,electricity,english,NYC311_seed_controlled_augmentation
I would like to report: Leak has affected the local water supply close to the town centre. We would appreciate assistance with this issue.,water_supply,english,NYC311_seed_controlled_augmentation
Pothole is causing problems for vehicles near the junction.,roads,english,NYC311_seed_controlled_augmentation
There appears to be lamppost wire exposed near the school. This is causing inconvenience to the public.,electricity,english,NYC311_seed_controlled_augmentation
Waste has become a problem due to improper disposal outside our building. This issue needs attention.,garbage,english,NYC311_seed_controlled_augmentation
There appears to be wiring in our neighbourhood. Please take the necessary action.,electricity,english,NYC311_seed_controlled_augmentation
We have noticed chemical vapors/gases/odors near the school.,environment,english,NYC311_seed_controlled_augmentation
Residents have reported: Please check the water system because of unknown odor/taste in drinking water near the hospital.,water_supply,english,NYC311_seed_controlled_augmentation
Missed Recycling - M/G/Pl is creating an unsanitary condition near the school. Please resolve this problem as soon as possible.,garbage,english,NYC311_seed_controlled_augmentation
I would like to report: The drainage system has sewer or drain on the main road.,drainage,english,NYC311_seed_controlled_augmentation
Failed Street Repair near the public market. We would appreciate assistance with this issue.,roads,english,NYC311_seed_controlled_augmentation
I would like to report: Waste has become a problem due to 15 street cond/dump-out/drop-off near the junction. This is causing inconvenience to the public.,garbage,english,NYC311_seed_controlled_augmentation
Residents have reported: The drainage system has catch basin clogged/flooding near the public market. We would appreciate assistance with this issue.,drainage,english,NYC311_seed_controlled_augmentation
We have noticed asbestos complaint in the residential area. Please take the necessary action.,environment,english,NYC311_seed_controlled_augmentation
I am reporting: 15 Street Cond/Dump-Out/Drop-Off is creating an unsanitary condition near the school. This issue needs attention.,garbage,english,NYC311_seed_controlled_augmentation
There appears to be: Waste has become a problem due to dirty area/alleyway near the school.,garbage,english,NYC311_seed_controlled_augmentation
There has been: Please address missed recycling-all materials close to the town centre. Please arrange an inspection.,garbage,english,NYC311_seed_controlled_augmentation
Please check: Please investigate chemical vapors/gases/odors close to the town centre. This is causing inconvenience to the public.,environment,english,NYC311_seed_controlled_augmentation
There is a water supply problem involving damp spot on the main road.,water_supply,english,NYC311_seed_controlled_augmentation
"Please check the water system because of taste/odor, bitter/metallic on the main road. This is causing inconvenience to the public.",water_supply,english,NYC311_seed_controlled_augmentation
We are experiencing an electrical problem involving street light lamp dim near the hospital. Please investigate this issue.,electricity,english,NYC311_seed_controlled_augmentation
Please check: There is a water supply problem involving heavy flow on the main road. Residents are requesting assistance.,water_supply,english,NYC311_seed_controlled_augmentation
Please check the water system because of leak on the main road.,water_supply,english,NYC311_seed_controlled_augmentation
There is street flooding along the roadside.,drainage,english,NYC311_seed_controlled_augmentation
There is bulk-missed recy collection on the main road. Please resolve this problem as soon as possible.,garbage,english,NYC311_seed_controlled_augmentation
There is: Please repair pothole on the main road. We would appreciate assistance with this issue.,roads,english,NYC311_seed_controlled_augmentation
Please investigate the water issue: leak on the main road. This is causing inconvenience to the public.,water_supply,english,NYC311_seed_controlled_augmentation
"We have noticed air: odor/fumes, vehicle idling close to the town centre. Please arrange an inspection.",environment,english,NYC311_seed_controlled_augmentation
"There appears to be taste/odor, bitter/metallic outside our building. Residents are requesting assistance.",water_supply,english,NYC311_seed_controlled_augmentation
Please check: We are experiencing an electrical problem involving multiple street lights out near the public market. This is causing inconvenience to the public.,electricity,english,NYC311_seed_controlled_augmentation
Please check the water system because of unknown odor/taste in drinking water on the main road. Please arrange an inspection.,water_supply,english,NYC311_seed_controlled_augmentation
Residents have reported electrical wiring defective/exposed on the main road. The problem has been continuing for some time.,electricity,english,NYC311_seed_controlled_augmentation
We are experiencing: Garbage-related problems include bulk-missed recy collection in the residential area. We would appreciate assistance with this issue.,garbage,english,NYC311_seed_controlled_augmentation
Residents have reported: The drainage problem appears to involve culvert blocked/needs cleaning in the residential area.,drainage,english,NYC311_seed_controlled_augmentation
Waste has become a problem due to improper disposal near the hospital. Please arrange an inspection.,garbage,english,NYC311_seed_controlled_augmentation
Our area is facing heavy flow outside our building.,water_supply,english,NYC311_seed_controlled_augmentation
We are experiencing hydrant leaking near our house.,water_supply,english,NYC311_seed_controlled_augmentation
"Our area has: The area is affected by unsafe chemical, abandoned on the main road.",environment,english,NYC311_seed_controlled_augmentation
"There appears to be: Please investigate the water issue: taste/odor, chlorine near the hospital. Please take the necessary action.",water_supply,english,NYC311_seed_controlled_augmentation
"Residents are concerned about unsafe chemical, storage in the residential area. We would appreciate assistance with this issue.",environment,english,NYC311_seed_controlled_augmentation
"Air: Smoke, Chimney or vent is affecting the surrounding environment close to the bus stop. We would appreciate assistance with this issue.",environment,english,NYC311_seed_controlled_augmentation
There is: Residents have reported lamppost wire exposed along the roadside. Residents are requesting assistance.,electricity,english,NYC311_seed_controlled_augmentation
The road surface is affected by wear & tear near the school. Please take the necessary action.,roads,english,NYC311_seed_controlled_augmentation
Please check: The electricity service has a problem with electrical wiring defective/exposed on the main road.,electricity,english,NYC311_seed_controlled_augmentation
"The road has rough, pitted or cracked roads outside our building.",roads,english,NYC311_seed_controlled_augmentation
Residents have reported wiring near the public market. We would appreciate assistance with this issue.,electricity,english,NYC311_seed_controlled_augmentation
Our area has: The road surface is affected by failed street repair near the junction.,roads,english,NYC311_seed_controlled_augmentation
Residents are reporting sewage odor outside our building.,drainage,english,NYC311_seed_controlled_augmentation
Residents have complained about improper disposal in the residential area. Please send the responsible team to inspect the area.,garbage,english,NYC311_seed_controlled_augmentation
Drivers are having difficulty because of pothole - highway in our neighbourhood. The problem has been continuing for some time.,roads,english,NYC311_seed_controlled_augmentation
There is: Multiple Street Lights Out is affecting the area near the junction. Please resolve this problem as soon as possible.,electricity,english,NYC311_seed_controlled_augmentation
"People nearby have complained about oil spill on street, small on the main road. We would appreciate assistance with this issue.",environment,english,NYC311_seed_controlled_augmentation
Please inspect the electrical issue: no lighting near the school. Please investigate this issue.,electricity,english,NYC311_seed_controlled_augmentation
There is missed recycling-all materials outside our building. This issue needs attention.,garbage,english,NYC311_seed_controlled_augmentation
Please arrange cleaning because of receptacle violation in the residential area. This is causing inconvenience to the public.,garbage,english,NYC311_seed_controlled_augmentation
Residents are concerned about defective hardware along the roadside. Please arrange an inspection.,roads,english,NYC311_seed_controlled_augmentation
I am reporting: Dirty Water has affected the local water supply in the residential area.,water_supply,english,NYC311_seed_controlled_augmentation
Pothole - Highway is causing problems for vehicles near the hospital. The problem has been continuing for some time.,roads,english,NYC311_seed_controlled_augmentation
There is ponding near the public market. This issue needs attention.,drainage,english,NYC311_seed_controlled_augmentation
There has been: We are experiencing an electrical problem involving wiring on the main road. Please send the responsible team to inspect the area.,electricity,english,NYC311_seed_controlled_augmentation
Wastewater is causing problems due to ponding close to the bus stop.,drainage,english,NYC311_seed_controlled_augmentation
The area needs cleaning because of receptacle violation near our house. Please resolve this problem as soon as possible.,garbage,english,NYC311_seed_controlled_augmentation
People nearby have complained about chemical odor on the main road. We would appreciate assistance with this issue.,environment,english,NYC311_seed_controlled_augmentation
Please inspect the drain because of sewer or drain near the hospital. This is causing inconvenience to the public.,drainage,english,NYC311_seed_controlled_augmentation
Please check the water system because of dirty water near the school.,water_supply,english,NYC311_seed_controlled_augmentation
Please repair broken curb close to the bus stop. Residents are requesting assistance.,roads,english,NYC311_seed_controlled_augmentation
"People nearby have complained about unsafe chemical, storage near the public market. Please arrange an inspection.",environment,english,NYC311_seed_controlled_augmentation
"We have noticed air: smoke, vehicular near the public market. Please investigate this issue.",environment,english,NYC311_seed_controlled_augmentation
Residents have complained about 15 street cond/dump-out/drop-off in our neighbourhood. Please arrange an inspection.,garbage,english,NYC311_seed_controlled_augmentation
There is lamppost knocked down near the public market. Please send the responsible team to inspect the area.,electricity,english,NYC311_seed_controlled_augmentation
Residents have reported power outage near the public market.,electricity,english,NYC311_seed_controlled_augmentation
The area needs cleaning because of missed collection along the roadside.,garbage,english,NYC311_seed_controlled_augmentation
Residents are reporting street flooding near the hospital.,drainage,english,NYC311_seed_controlled_augmentation
Waste has become a problem due to missed recycling-all materials close to the town centre.,garbage,english,NYC311_seed_controlled_augmentation
I would like to report: The drainage problem appears to involve street flooding along the roadside. The problem has been continuing for some time.,drainage,english,NYC311_seed_controlled_augmentation
I am reporting: 15 Street Cond/Dump-Out/Drop-Off is creating an unsanitary condition near the junction. Please investigate this issue.,garbage,english,NYC311_seed_controlled_augmentation
Residents are reporting sewage leak near the public market. This is causing inconvenience to the public.,drainage,english,NYC311_seed_controlled_augmentation
The electricity service has a problem with lighting close to the bus stop.,electricity,english,NYC311_seed_controlled_augmentation
I would like to report: Manhole Overflow is affecting the area on the main road.,drainage,english,NYC311_seed_controlled_augmentation
Please address bulk-missed recy collection close to the bus stop. Residents are requesting assistance.,garbage,english,NYC311_seed_controlled_augmentation
"There is rough, pitted or cracked roads on the main road.",roads,english,NYC311_seed_controlled_augmentation
"Please check the water system because of taste/odor, chlorine in the residential area.",water_supply,english,NYC311_seed_controlled_augmentation
Wastewater is causing problems due to culvert blocked/needs cleaning near the junction. The problem has been continuing for some time.,drainage,english,NYC311_seed_controlled_augmentation
Residents have reported lamppost wire exposed in the residential area.,electricity,english,NYC311_seed_controlled_augmentation
Residents have reported: The road surface is affected by broken curb close to the town centre.,roads,english,NYC311_seed_controlled_augmentation
"Please investigate unsafe chemical, abandoned near the school. This issue needs attention.",environment,english,NYC311_seed_controlled_augmentation
Residents have complained about receptacle violation along the roadside. Residents are requesting assistance.,garbage,english,NYC311_seed_controlled_augmentation
Our area is facing slow leak in the residential area. We would appreciate assistance with this issue.,water_supply,english,NYC311_seed_controlled_augmentation
POWER OUTAGE is affecting the area near the junction. The problem has been continuing for some time.,electricity,english,NYC311_seed_controlled_augmentation
"Drivers are having difficulty because of rough, pitted or cracked roads outside our building.",roads,english,NYC311_seed_controlled_augmentation
"People nearby have complained about air: smoke, vehicular near the school.",environment,english,NYC311_seed_controlled_augmentation
"Please check the water system because of taste/odor, bitter/metallic on the main road.",water_supply,english,NYC311_seed_controlled_augmentation
We are experiencing: Wastewater is causing problems due to ponding near the public market. Please take the necessary action.,drainage,english,NYC311_seed_controlled_augmentation
Residents are concerned about failed street repair close to the town centre. Please investigate this issue.,roads,english,NYC311_seed_controlled_augmentation
I am reporting: There is wiring in the residential area. Please resolve this problem as soon as possible.,electricity,english,NYC311_seed_controlled_augmentation
Please inspect the drain because of sewer or drain near our house. Please arrange an inspection.,drainage,english,NYC311_seed_controlled_augmentation
I am reporting: Please inspect the drain because of ponding near the hospital. The problem has been continuing for some time.,drainage,english,NYC311_seed_controlled_augmentation
We are experiencing: We need assistance with sewage odor near the hospital.,drainage,english,NYC311_seed_controlled_augmentation
Our area has: The road surface is affected by failed street repair near the school. The problem has been continuing for some time.,roads,english,NYC311_seed_controlled_augmentation
Our area has: The drainage system has sewer backup close to the town centre. Please send the responsible team to inspect the area.,drainage,english,NYC311_seed_controlled_augmentation
Please address missed collection close to the town centre. Please resolve this problem as soon as possible.,garbage,english,NYC311_seed_controlled_augmentation
There is failed street repair outside our building. We would appreciate assistance with this issue.,roads,english,NYC311_seed_controlled_augmentation
"People nearby have complained about air: dust, other along the roadside.",environment,english,NYC311_seed_controlled_augmentation
There is lighting near the school. Please resolve this problem as soon as possible.,electricity,english,NYC311_seed_controlled_augmentation
We are experiencing an electrical problem involving power outage near the school. Residents are requesting assistance.,electricity,english,NYC311_seed_controlled_augmentation
There appears to be electrical wiring defective/exposed near our house. Please investigate this issue.,electricity,english,NYC311_seed_controlled_augmentation
"Residents are concerned about rough, pitted or cracked roads near the public market. Please investigate this issue.",roads,english,NYC311_seed_controlled_augmentation
I would like to report: There is a water supply problem involving heavy flow near the school. We would appreciate assistance with this issue.,water_supply,english,NYC311_seed_controlled_augmentation
There is missed recycling paper along the roadside. Please investigate this issue.,garbage,english,NYC311_seed_controlled_augmentation
Please send a technician because of power outage close to the town centre. Residents are requesting assistance.,electricity,english,NYC311_seed_controlled_augmentation
Please inspect this environmental issue: chemical vapors/gases/odors in the residential area. This issue needs attention.,environment,english,NYC311_seed_controlled_augmentation
Waste has become a problem due to bulk-missed collection on the main road. Please arrange an inspection.,garbage,english,NYC311_seed_controlled_augmentation
The road has wear & tear near the hospital. This issue needs attention.,roads,english,NYC311_seed_controlled_augmentation
Please address improper disposal near the school. Please take the necessary action.,garbage,english,NYC311_seed_controlled_augmentation
Please check: We are experiencing an electrical problem involving lamppost wire exposed on the main road. Please arrange an inspection.,electricity,english,NYC311_seed_controlled_augmentation
"Residents have reported: Air: Dust, Other is affecting the surrounding environment close to the bus stop.",environment,english,NYC311_seed_controlled_augmentation
Please inspect the electrical issue: lamppost knocked down near the public market. Please send the responsible team to inspect the area.,electricity,english,NYC311_seed_controlled_augmentation
The area needs cleaning because of loose rubbish in our neighbourhood.,garbage,english,NYC311_seed_controlled_augmentation
Please check the water system because of low water pressure - wlwp along the roadside. This issue needs attention.,water_supply,english,NYC311_seed_controlled_augmentation
Please investigate the water issue: low water pressure - wlwp along the roadside. This is causing inconvenience to the public.,water_supply,english,NYC311_seed_controlled_augmentation
Residents are concerned about curb defect-metal protruding along the roadside. Residents are requesting assistance.,roads,english,NYC311_seed_controlled_augmentation
Please repair defective hardware near the junction. This issue needs attention.,roads,english,NYC311_seed_controlled_augmentation
The electricity service has a problem with power outage near the school. Please investigate this issue.,electricity,english,NYC311_seed_controlled_augmentation
We are experiencing an electrical problem involving outlet/switch along the roadside. Residents are requesting assistance.,electricity,english,NYC311_seed_controlled_augmentation
Residents have reported: People nearby have complained about large number of mosquitoes close to the town centre. Please send the responsible team to inspect the area.,environment,english,NYC311_seed_controlled_augmentation
Please check: Wastewater is causing problems due to ponding on the main road. Please take the necessary action.,drainage,english,NYC311_seed_controlled_augmentation
Our area has: There is a water supply problem involving hydrant leaking near the junction. Please investigate this issue.,water_supply,english,NYC311_seed_controlled_augmentation
There has been: Wastewater is causing problems due to sewer backup along the roadside. Please send the responsible team to inspect the area.,drainage,english,NYC311_seed_controlled_augmentation
"There appears to be: Our area is facing taste/odor, chlorine on the main road.",water_supply,english,NYC311_seed_controlled_augmentation
There is lamppost wire exposed close to the town centre. Please send the responsible team to inspect the area.,electricity,english,NYC311_seed_controlled_augmentation
"There is an environmental problem involving air: smoke, chimney or vent near the school.",environment,english,NYC311_seed_controlled_augmentation
"Please inspect this environmental issue: unsafe chemical, storage near the public market. Please resolve this problem as soon as possible.",environment,english,NYC311_seed_controlled_augmentation
Missed Recycling - M/G/Pl is creating an unsanitary condition near the public market.,garbage,english,NYC311_seed_controlled_augmentation
There has been: Lamppost Knocked Down is affecting the area on the main road. Residents are requesting assistance.,electricity,english,NYC311_seed_controlled_augmentation
There is catch basin clogged/flooding near our house. Please arrange an inspection.,drainage,english,NYC311_seed_controlled_augmentation
"We have noticed air: odor/fumes, restaurant near the public market. Residents are requesting assistance.",environment,english,NYC311_seed_controlled_augmentation
Ventilation is affecting the surrounding environment along the roadside. Residents are requesting assistance.,environment,english,NYC311_seed_controlled_augmentation
Please check the water system because of possible water main break in the residential area. Residents are requesting assistance.,water_supply,english,NYC311_seed_controlled_augmentation
Waste has become a problem due to dirty sidewalk close to the town centre.,garbage,english,NYC311_seed_controlled_augmentation
The area needs cleaning because of dirty sidewalk along the roadside.,garbage,english,NYC311_seed_controlled_augmentation
There is a water supply problem involving damp spot near the hospital. We would appreciate assistance with this issue.,water_supply,english,NYC311_seed_controlled_augmentation
Please inspect the drain because of culvert blocked/needs cleaning outside our building. This is causing inconvenience to the public.,drainage,english,NYC311_seed_controlled_augmentation
OUTLET/SWITCH is affecting the area near our house. This is causing inconvenience to the public.,electricity,english,NYC311_seed_controlled_augmentation
"People nearby have complained about unsafe chemical, storage outside our building. Residents are requesting assistance.",environment,english,NYC311_seed_controlled_augmentation
The electricity service has a problem with wiring on the main road. We would appreciate assistance with this issue.,electricity,english,NYC311_seed_controlled_augmentation
Ponding is affecting the area near the school. We would appreciate assistance with this issue.,drainage,english,NYC311_seed_controlled_augmentation
Pothole outside our building. Please arrange an inspection.,roads,english,NYC311_seed_controlled_augmentation
We need assistance with sewage odor near the public market. Please take the necessary action.,drainage,english,NYC311_seed_controlled_augmentation
Please repair pothole - highway near the junction. We would appreciate assistance with this issue.,roads,english,NYC311_seed_controlled_augmentation
Dirty Area/Alleyway is creating an unsanitary condition near the junction. This issue needs attention.,garbage,english,NYC311_seed_controlled_augmentation
The area needs cleaning because of missed recycling-all materials in our neighbourhood.,garbage,english,NYC311_seed_controlled_augmentation
The area needs cleaning because of dirty area/alleyway close to the bus stop. This issue needs attention.,garbage,english,NYC311_seed_controlled_augmentation
Our area is facing dirty water on the main road. We would appreciate assistance with this issue.,water_supply,english,NYC311_seed_controlled_augmentation
"The road surface is affected by rough, pitted or cracked roads close to the town centre. Please investigate this issue.",roads,english,NYC311_seed_controlled_augmentation
The road surface is affected by defective hardware near our house.,roads,english,NYC311_seed_controlled_augmentation
There is a water supply problem involving slow leak on the main road. Please investigate this issue.,water_supply,english,NYC311_seed_controlled_augmentation
Garbage-related problems include 15 street cond/dump-out/drop-off outside our building. Residents are requesting assistance.,garbage,english,NYC311_seed_controlled_augmentation
Garbage-related problems include loose rubbish near the hospital. Please investigate this issue.,garbage,english,NYC311_seed_controlled_augmentation
Please inspect the drain because of sewage leak near the junction. Please resolve this problem as soon as possible.,drainage,english,NYC311_seed_controlled_augmentation
There is: POWER OUTAGE is affecting the area outside our building. The problem has been continuing for some time.,electricity,english,NYC311_seed_controlled_augmentation
"Please investigate oil spill on street, small near the hospital. Please investigate this issue.",environment,english,NYC311_seed_controlled_augmentation
The electricity service has a problem with lamppost knocked down near the school. The problem has been continuing for some time.,electricity,english,NYC311_seed_controlled_augmentation
Residents are reporting sewer or drain near our house.,drainage,english,NYC311_seed_controlled_augmentation
Wastewater is causing problems due to sewer backup near the school. Please take the necessary action.,drainage,english,NYC311_seed_controlled_augmentation
The area needs cleaning because of dirty area/alleyway along the roadside.,garbage,english,NYC311_seed_controlled_augmentation
We are experiencing leak along the roadside.,water_supply,english,NYC311_seed_controlled_augmentation
Please inspect the drain because of street flooding near the school. The problem has been continuing for some time.,drainage,english,NYC311_seed_controlled_augmentation
Residents are reporting rain garden flooding near the junction.,drainage,english,NYC311_seed_controlled_augmentation
There is lamppost knocked down near the school. Please resolve this problem as soon as possible.,electricity,english,NYC311_seed_controlled_augmentation
There is sewer or drain near the hospital. Please send the responsible team to inspect the area.,drainage,english,NYC311_seed_controlled_augmentation
There is: The area needs cleaning because of improper disposal near our house.,garbage,english,NYC311_seed_controlled_augmentation
POWER OUTAGE is affecting the area outside our building. The problem has been continuing for some time.,electricity,english,NYC311_seed_controlled_augmentation
LIGHTING is affecting the area near the hospital.,electricity,english,NYC311_seed_controlled_augmentation
Please inspect the electrical issue: no lighting in our neighbourhood. Please arrange an inspection.,electricity,english,NYC311_seed_controlled_augmentation
The electricity service has a problem with lamppost wire exposed close to the bus stop.,electricity,english,NYC311_seed_controlled_augmentation
"Please repair rough, pitted or cracked roads in our neighbourhood. Please take the necessary action.",roads,english,NYC311_seed_controlled_augmentation
There is curb defect-metal protruding close to the town centre.,roads,english,NYC311_seed_controlled_augmentation
There is electrical wiring defective/exposed on the main road. Please take the necessary action.,electricity,english,NYC311_seed_controlled_augmentation
"I would like to report: Air: Smoke, Vehicular is affecting the surrounding environment on the main road.",environment,english,NYC311_seed_controlled_augmentation
Please inspect the drain because of sewage odor near the hospital. The problem has been continuing for some time.,drainage,english,NYC311_seed_controlled_augmentation
"There is rough, pitted or cracked roads in the residential area. Residents are requesting assistance.",roads,english,NYC311_seed_controlled_augmentation
Residents have reported: Please arrange cleaning because of bulk-missed collection in the residential area. We would appreciate assistance with this issue.,garbage,english,NYC311_seed_controlled_augmentation
"We are experiencing cloudy or milky, other near the junction. Please arrange an inspection.",water_supply,english,NYC311_seed_controlled_augmentation
"Please investigate unsafe chemical, storage close to the bus stop. The problem has been continuing for some time.",environment,english,NYC311_seed_controlled_augmentation
The electricity service has a problem with lamppost knocked down near the public market. Please send the responsible team to inspect the area.,electricity,english,NYC311_seed_controlled_augmentation
"Air: Dust, Other is affecting the surrounding environment near the public market. Please send the responsible team to inspect the area.",environment,english,NYC311_seed_controlled_augmentation
Our area has: Garbage-related problems include bulk-missed recy collection near the public market. Please send the responsible team to inspect the area.,garbage,english,NYC311_seed_controlled_augmentation
We need assistance with sewage leak near our house. Please arrange an inspection.,drainage,english,NYC311_seed_controlled_augmentation
There appears to be: Please repair defective hardware along the roadside.,roads,english,NYC311_seed_controlled_augmentation
Failed Street Repair near the hospital. Residents are requesting assistance.,roads,english,NYC311_seed_controlled_augmentation
Bulk-Missed Recy Collection is creating an unsanitary condition along the roadside.,garbage,english,NYC311_seed_controlled_augmentation
The road has cave-in near our house.,roads,english,NYC311_seed_controlled_augmentation
We are experiencing an electrical problem involving street light lamp dim near our house. Residents are requesting assistance.,electricity,english,NYC311_seed_controlled_augmentation
Failed Street Repair in the residential area. We would appreciate assistance with this issue.,roads,english,NYC311_seed_controlled_augmentation
The electricity service has a problem with lamppost wire exposed in our neighbourhood. The problem has been continuing for some time.,electricity,english,NYC311_seed_controlled_augmentation
Pothole is causing problems for vehicles near the hospital. Residents are requesting assistance.,roads,english,NYC311_seed_controlled_augmentation
Our area is facing no water on the main road.,water_supply,english,NYC311_seed_controlled_augmentation
The area needs cleaning because of dirty sidewalk near the hospital. This is causing inconvenience to the public.,garbage,english,NYC311_seed_controlled_augmentation
We are experiencing: There is multiple street lights out close to the bus stop. Residents are requesting assistance.,electricity,english,NYC311_seed_controlled_augmentation
Please check the water system because of damp spot along the roadside. This is causing inconvenience to the public.,water_supply,english,NYC311_seed_controlled_augmentation
Our area is facing dirty water on the main road.,water_supply,english,NYC311_seed_controlled_augmentation
Please investigate ventilation near our house.,environment,english,NYC311_seed_controlled_augmentation
Our area is facing damp spot near the junction.,water_supply,english,NYC311_seed_controlled_augmentation
Residents have complained about dirty area/alleyway near our house. The problem has been continuing for some time.,garbage,english,NYC311_seed_controlled_augmentation
Residents are concerned about wear & tear in the residential area.,roads,english,NYC311_seed_controlled_augmentation
Wastewater is causing problems due to ponding near our house. This is causing inconvenience to the public.,drainage,english,NYC311_seed_controlled_augmentation
I am reporting: The road surface is affected by curb defect-metal protruding outside our building. Please take the necessary action.,roads,english,NYC311_seed_controlled_augmentation
The drainage problem appears to involve culvert blocked/needs cleaning outside our building. This is causing inconvenience to the public.,drainage,english,NYC311_seed_controlled_augmentation
The area needs cleaning because of loose rubbish in the residential area.,garbage,english,NYC311_seed_controlled_augmentation
Possible Water Main Break has affected the local water supply close to the bus stop. This is causing inconvenience to the public.,water_supply,english,NYC311_seed_controlled_augmentation
Residents are reporting sewage odor close to the town centre.,drainage,english,NYC311_seed_controlled_augmentation
The drainage system has sewage odor outside our building. Please resolve this problem as soon as possible.,drainage,english,NYC311_seed_controlled_augmentation
"Please investigate air: dust, other along the roadside. This issue needs attention.",environment,english,NYC311_seed_controlled_augmentation
Please investigate asbestos complaint in our neighbourhood.,environment,english,NYC311_seed_controlled_augmentation
Waste has become a problem due to dirty area/alleyway close to the town centre. Please investigate this issue.,garbage,english,NYC311_seed_controlled_augmentation
There is bulk-missed collection close to the bus stop. Please investigate this issue.,garbage,english,NYC311_seed_controlled_augmentation
Garbage-related problems include bulk-missed collection near the public market. Please arrange an inspection.,garbage,english,NYC311_seed_controlled_augmentation
Failed Street Repair is causing problems for vehicles on the main road.,roads,english,NYC311_seed_controlled_augmentation
Please check: Waste has become a problem due to loose rubbish in our neighbourhood. The problem has been continuing for some time.,garbage,english,NYC311_seed_controlled_augmentation
"Residents are concerned about oil spill on street, large along the roadside. This issue needs attention.",environment,english,NYC311_seed_controlled_augmentation
Residents are reporting sewer or drain near the school. The problem has been continuing for some time.,drainage,english,NYC311_seed_controlled_augmentation
Leak has affected the local water supply outside our building. This is causing inconvenience to the public.,water_supply,english,NYC311_seed_controlled_augmentation
Our area has: There is an environmental problem involving asbestos complaint near our house. Please resolve this problem as soon as possible.,environment,english,NYC311_seed_controlled_augmentation
There appears to be: Please inspect the electrical issue: lamppost wire exposed near the junction. Please send the responsible team to inspect the area.,electricity,english,NYC311_seed_controlled_augmentation
"People nearby have complained about air: smoke, chimney or vent along the roadside.",environment,english,NYC311_seed_controlled_augmentation
There is a water supply problem involving dirty water outside our building. We would appreciate assistance with this issue.,water_supply,english,NYC311_seed_controlled_augmentation
Please inspect the electrical issue: lamppost wire exposed close to the bus stop. We would appreciate assistance with this issue.,electricity,english,NYC311_seed_controlled_augmentation
Please arrange cleaning because of dirty sidewalk near our house. We would appreciate assistance with this issue.,garbage,english,NYC311_seed_controlled_augmentation
Residents are concerned about curb defect-metal protruding along the roadside. Please investigate this issue.,roads,english,NYC311_seed_controlled_augmentation
Missed Recycling Paper is creating an unsanitary condition near the school. Please take the necessary action.,garbage,english,NYC311_seed_controlled_augmentation
Please investigate air: other air problem in our neighbourhood. This issue needs attention.,environment,english,NYC311_seed_controlled_augmentation
Please investigate the water issue: leak in the residential area. We would appreciate assistance with this issue.,water_supply,english,NYC311_seed_controlled_augmentation
"There is a water supply problem involving cloudy or milky, other on the main road. Residents are requesting assistance.",water_supply,english,NYC311_seed_controlled_augmentation
Hydrant Leaking has affected the local water supply close to the bus stop.,water_supply,english,NYC311_seed_controlled_augmentation
Residents have reported no lighting near the junction.,electricity,english,NYC311_seed_controlled_augmentation
Garbage-related problems include bulk-missed recy collection near the school. Residents are requesting assistance.,garbage,english,NYC311_seed_controlled_augmentation
Residents are reporting sewage odor near the junction. Please take the necessary action.,drainage,english,NYC311_seed_controlled_augmentation
"I am reporting: We have noticed air: odor/fumes, vehicle idling close to the town centre.",environment,english,NYC311_seed_controlled_augmentation
"Taste/Odor, Chlorine has affected the local water supply near our house.",water_supply,english,NYC311_seed_controlled_augmentation
Chemical Spill/Release is affecting the surrounding environment in our neighbourhood. Please resolve this problem as soon as possible.,environment,english,NYC311_seed_controlled_augmentation
Residents have reported outlet/switch in the residential area. Residents are requesting assistance.,electricity,english,NYC311_seed_controlled_augmentation
Dirty Area/Alleyway is creating an unsanitary condition near the public market. Please investigate this issue.,garbage,english,NYC311_seed_controlled_augmentation
There is: Drivers are having difficulty because of curb defect-metal protruding near the hospital. Please send the responsible team to inspect the area.,roads,english,NYC311_seed_controlled_augmentation
The road has defective hardware near the hospital. Please take the necessary action.,roads,english,NYC311_seed_controlled_augmentation
There is: Residents are concerned about failed street repair in the residential area. Please arrange an inspection.,roads,english,NYC311_seed_controlled_augmentation
Please address bulk-missed collection along the roadside. Please send the responsible team to inspect the area.,garbage,english,NYC311_seed_controlled_augmentation
Catch Basin Clogged/Flooding is affecting the area in our neighbourhood.,drainage,english,NYC311_seed_controlled_augmentation
The road has pothole close to the town centre.,roads,english,NYC311_seed_controlled_augmentation
Our area has: Loose Rubbish is creating an unsanitary condition on the main road. Please send the responsible team to inspect the area.,garbage,english,NYC311_seed_controlled_augmentation
The drainage system has sewage leak close to the bus stop. We would appreciate assistance with this issue.,drainage,english,NYC311_seed_controlled_augmentation
There appears to be street light out in our neighbourhood. Please arrange an inspection.,electricity,english,NYC311_seed_controlled_augmentation
I am reporting: The road has defective hardware along the roadside. The problem has been continuing for some time.,roads,english,NYC311_seed_controlled_augmentation
Please repair pothole - highway on the main road.,roads,english,NYC311_seed_controlled_augmentation
There is: Electrical Wiring Defective/Exposed is affecting the area on the main road. Please resolve this problem as soon as possible.,electricity,english,NYC311_seed_controlled_augmentation
"Air: Odor/Fumes, Vehicle Idling is affecting the surrounding environment near the hospital. We would appreciate assistance with this issue.",environment,english,NYC311_seed_controlled_augmentation
Please send a technician because of lamppost knocked down near the public market. This issue needs attention.,electricity,english,NYC311_seed_controlled_augmentation
"Please repair rough, pitted or cracked roads near our house. This is causing inconvenience to the public.",roads,english,NYC311_seed_controlled_augmentation
There is street light lamp dim near the public market. Please resolve this problem as soon as possible.,electricity,english,NYC311_seed_controlled_augmentation
There is curb defect-metal protruding in the residential area. Please send the responsible team to inspect the area.,roads,english,NYC311_seed_controlled_augmentation
Please send a technician because of no lighting near the hospital.,electricity,english,NYC311_seed_controlled_augmentation
There has been: Please investigate the water issue: leak near the hospital. This is causing inconvenience to the public.,water_supply,english,NYC311_seed_controlled_augmentation
"There is a water supply problem involving taste/odor, bitter/metallic on the main road.",water_supply,english,NYC311_seed_controlled_augmentation
We have noticed: Ponding is affecting the area near our house. Please send the responsible team to inspect the area.,drainage,english,NYC311_seed_controlled_augmentation
We are experiencing an electrical problem involving street light out near our house. Please resolve this problem as soon as possible.,electricity,english,NYC311_seed_controlled_augmentation
Residents are reporting culvert blocked/needs cleaning near our house. Residents are requesting assistance.,drainage,english,NYC311_seed_controlled_augmentation
LOW WATER PRESSURE - WLWP has affected the local water supply near the school. Please arrange an inspection.,water_supply,english,NYC311_seed_controlled_augmentation
"We have noticed air: smoke, vehicular in our neighbourhood.",environment,english,NYC311_seed_controlled_augmentation
The drainage system has sewage odor near the public market.,drainage,english,NYC311_seed_controlled_augmentation
The road has failed street repair close to the town centre. Residents are requesting assistance.,roads,english,NYC311_seed_controlled_augmentation
Lamppost Knocked Down is affecting the area near the junction.,electricity,english,NYC311_seed_controlled_augmentation
Residents are reporting sewer backup close to the town centre. This is causing inconvenience to the public.,drainage,english,NYC311_seed_controlled_augmentation
There has been: There is rain garden flooding near the hospital. Please resolve this problem as soon as possible.,drainage,english,NYC311_seed_controlled_augmentation
There has been: There appears to be slow leak outside our building. This issue needs attention.,water_supply,english,NYC311_seed_controlled_augmentation
Wear & Tear close to the town centre.,roads,english,NYC311_seed_controlled_augmentation
Waste has become a problem due to missed collection near the public market.,garbage,english,NYC311_seed_controlled_augmentation
Please inspect the drain because of culvert blocked/needs cleaning in our neighbourhood. Please take the necessary action.,drainage,english,NYC311_seed_controlled_augmentation
Street Light Out is affecting the area near the school. We would appreciate assistance with this issue.,electricity,english,NYC311_seed_controlled_augmentation
There is wiring near the school. Please resolve this problem as soon as possible.,electricity,english,NYC311_seed_controlled_augmentation
Residents are concerned about curb defect-metal protruding in our neighbourhood. Please take the necessary action.,roads,english,NYC311_seed_controlled_augmentation
There is: There appears to be no lighting close to the bus stop. This issue needs attention.,electricity,english,NYC311_seed_controlled_augmentation
Failed Street Repair is causing problems for vehicles outside our building. Please take the necessary action.,roads,english,NYC311_seed_controlled_augmentation
Residents have complained about receptacle violation outside our building. We would appreciate assistance with this issue.,garbage,english,NYC311_seed_controlled_augmentation
The drainage system has sewer or drain on the main road. This issue needs attention.,drainage,english,NYC311_seed_controlled_augmentation
Waste has become a problem due to dirty sidewalk outside our building. This issue needs attention.,garbage,english,NYC311_seed_controlled_augmentation
There appears to be wiring in the residential area. Please resolve this problem as soon as possible.,electricity,english,NYC311_seed_controlled_augmentation
Please repair pothole near the junction.,roads,english,NYC311_seed_controlled_augmentation
We are experiencing an electrical problem involving lighting along the roadside.,electricity,english,NYC311_seed_controlled_augmentation
Please repair cave-in near the hospital. Please take the necessary action.,roads,english,NYC311_seed_controlled_augmentation
Please send a technician because of power outage close to the town centre.,electricity,english,NYC311_seed_controlled_augmentation
There appears to be heavy flow along the roadside. The problem has been continuing for some time.,water_supply,english,NYC311_seed_controlled_augmentation
We are experiencing an electrical problem involving electrical wiring defective/exposed near our house. Please send the responsible team to inspect the area.,electricity,english,NYC311_seed_controlled_augmentation
unknown odor/taste in drinking water has affected the local water supply near the junction. Please investigate this issue.,water_supply,english,NYC311_seed_controlled_augmentation
We are experiencing an electrical problem involving outlet/switch near the school. The problem has been continuing for some time.,electricity,english,NYC311_seed_controlled_augmentation
There appears to be damp spot near the school. Please resolve this problem as soon as possible.,water_supply,english,NYC311_seed_controlled_augmentation
Residents have complained about missed recycling-all materials on the main road. This is causing inconvenience to the public.,garbage,english,NYC311_seed_controlled_augmentation
"We have noticed air: smoke, chimney or vent in our neighbourhood. This is causing inconvenience to the public.",environment,english,NYC311_seed_controlled_augmentation
There has been: Waste has become a problem due to missed recycling - m/g/pl near the school. Please take the necessary action.,garbage,english,NYC311_seed_controlled_augmentation
The road has failed street repair near the junction. Please take the necessary action.,roads,english,NYC311_seed_controlled_augmentation
Residents have reported: Please check the water system because of low water pressure - wlwp near the junction. The problem has been continuing for some time.,water_supply,english,NYC311_seed_controlled_augmentation
The electricity service has a problem with multiple street lights out near the junction. We would appreciate assistance with this issue.,electricity,english,NYC311_seed_controlled_augmentation
Waste has become a problem due to dirty sidewalk near the hospital. This issue needs attention.,garbage,english,NYC311_seed_controlled_augmentation
Our area has: We need assistance with catch basin clogged/flooding close to the town centre.,drainage,english,NYC311_seed_controlled_augmentation
Missed Recycling Paper is creating an unsanitary condition near our house. Residents are requesting assistance.,garbage,english,NYC311_seed_controlled_augmentation
There is power outage along the roadside. Please investigate this issue.,electricity,english,NYC311_seed_controlled_augmentation
Dirty Sidewalk is creating an unsanitary condition close to the town centre.,garbage,english,NYC311_seed_controlled_augmentation
We need assistance with sewer backup near the junction.,drainage,english,NYC311_seed_controlled_augmentation
Sewage Leak is affecting the area on the main road. Please send the responsible team to inspect the area.,drainage,english,NYC311_seed_controlled_augmentation
We are experiencing: There is lighting near the junction.,electricity,english,NYC311_seed_controlled_augmentation
Please inspect the electrical issue: street light out outside our building. Please take the necessary action.,electricity,english,NYC311_seed_controlled_augmentation
"Please inspect this environmental issue: air: smoke, chimney or vent along the roadside.",environment,english,NYC311_seed_controlled_augmentation
Please investigate the water issue: possible water main break near our house.,water_supply,english,NYC311_seed_controlled_augmentation
There is ponding near the school. Please investigate this issue.,drainage,english,NYC311_seed_controlled_augmentation
We need assistance with sewer or drain close to the bus stop. This is causing inconvenience to the public.,drainage,english,NYC311_seed_controlled_augmentation
Drivers are having difficulty because of pothole - highway in the residential area.,roads,english,NYC311_seed_controlled_augmentation
We are experiencing: There is electrical wiring defective/exposed in the residential area. Please take the necessary action.,electricity,english,NYC311_seed_controlled_augmentation
There is: Please arrange cleaning because of missed recycling-all materials near the junction. Please send the responsible team to inspect the area.,garbage,english,NYC311_seed_controlled_augmentation
"The area is affected by air: smoke, chimney or vent close to the town centre. Please take the necessary action.",environment,english,NYC311_seed_controlled_augmentation
Wastewater is causing problems due to sewage odor near the public market. Residents are requesting assistance.,drainage,english,NYC311_seed_controlled_augmentation
Please inspect the electrical issue: electrical wiring defective/exposed near the public market.,electricity,english,NYC311_seed_controlled_augmentation
The area needs cleaning because of bulk-missed recy collection near the public market.,garbage,english,NYC311_seed_controlled_augmentation
We have noticed: Please send a technician because of wiring in our neighbourhood.,electricity,english,NYC311_seed_controlled_augmentation
Please inspect the drain because of rain garden flooding in our neighbourhood. This is causing inconvenience to the public.,drainage,english,NYC311_seed_controlled_augmentation
Please inspect this environmental issue: chemical spill/release near the school.,environment,english,NYC311_seed_controlled_augmentation
We have noticed asbestos complaint along the roadside. Residents are requesting assistance.,environment,english,NYC311_seed_controlled_augmentation
Please inspect this environmental issue: air: other air problem on the main road.,environment,english,NYC311_seed_controlled_augmentation
We are experiencing: NO LIGHTING is affecting the area near the junction. Please take the necessary action.,electricity,english,NYC311_seed_controlled_augmentation
Please inspect the drain because of culvert blocked/needs cleaning in our neighbourhood. This issue needs attention.,drainage,english,NYC311_seed_controlled_augmentation
There is failed street repair near our house.,roads,english,NYC311_seed_controlled_augmentation
There appears to be low water pressure - wlwp along the roadside.,water_supply,english,NYC311_seed_controlled_augmentation
NO LIGHTING is affecting the area near the hospital. Residents are requesting assistance.,electricity,english,NYC311_seed_controlled_augmentation
"Our area is facing taste/odor, chlorine near our house.",water_supply,english,NYC311_seed_controlled_augmentation
Residents are concerned about air: other air problem along the roadside. Please resolve this problem as soon as possible.,environment,english,NYC311_seed_controlled_augmentation
NO LIGHTING is affecting the area near our house. The problem has been continuing for some time.,electricity,english,NYC311_seed_controlled_augmentation
There is multiple street lights out near the school.,electricity,english,NYC311_seed_controlled_augmentation
Garbage-related problems include 15 street cond/dump-out/drop-off on the main road. Please investigate this issue.,garbage,english,NYC311_seed_controlled_augmentation
There is pothole near the public market. We would appreciate assistance with this issue.,roads,english,NYC311_seed_controlled_augmentation
The area needs cleaning because of missed collection near the junction. Please arrange an inspection.,garbage,english,NYC311_seed_controlled_augmentation
There is: There appears to be lamppost knocked down in our neighbourhood. Please take the necessary action.,electricity,english,NYC311_seed_controlled_augmentation
We are experiencing an electrical problem involving no lighting in our neighbourhood.,electricity,english,NYC311_seed_controlled_augmentation
LOW WATER PRESSURE - WLWP has affected the local water supply near the junction. This issue needs attention.,water_supply,english,NYC311_seed_controlled_augmentation
Catch Basin Clogged/Flooding is affecting the area close to the bus stop. Please investigate this issue.,drainage,english,NYC311_seed_controlled_augmentation
There is catch basin clogged/flooding in the residential area. This issue needs attention.,drainage,english,NYC311_seed_controlled_augmentation
There is electrical wiring defective/exposed outside our building. Please send the responsible team to inspect the area.,electricity,english,NYC311_seed_controlled_augmentation
There is lamppost knocked down near the public market.,electricity,english,NYC311_seed_controlled_augmentation
There is a water supply problem involving heavy flow near the school.,water_supply,english,NYC311_seed_controlled_augmentation
The drainage system has sewage odor close to the town centre.,drainage,english,NYC311_seed_controlled_augmentation
We are experiencing unknown odor/taste in drinking water outside our building.,water_supply,english,NYC311_seed_controlled_augmentation
We are experiencing: We need assistance with street flooding near our house. We would appreciate assistance with this issue.,drainage,english,NYC311_seed_controlled_augmentation
Defective Hardware is causing problems for vehicles close to the bus stop.,roads,english,NYC311_seed_controlled_augmentation
I would like to report: We are experiencing an electrical problem involving wiring near our house. Please take the necessary action.,electricity,english,NYC311_seed_controlled_augmentation
Wastewater is causing problems due to sewer backup near the junction.,drainage,english,NYC311_seed_controlled_augmentation
"Unsafe Chemical, Storage is affecting the surrounding environment outside our building.",environment,english,NYC311_seed_controlled_augmentation
There appears to be: The electricity service has a problem with street light out on the main road.,electricity,english,NYC311_seed_controlled_augmentation
Please inspect this environmental issue: chemical vapors/gases/odors outside our building. Please investigate this issue.,environment,english,NYC311_seed_controlled_augmentation
There appears to be damp spot outside our building.,water_supply,english,NYC311_seed_controlled_augmentation
There is broken curb near the junction. This is causing inconvenience to the public.,roads,english,NYC311_seed_controlled_augmentation
Residents have reported street light lamp dim near the school. Please investigate this issue.,electricity,english,NYC311_seed_controlled_augmentation
Residents are concerned about curb defect-metal protruding close to the bus stop. Please resolve this problem as soon as possible.,roads,english,NYC311_seed_controlled_augmentation
I would like to report: The electricity service has a problem with street light lamp dim along the roadside. Please send the responsible team to inspect the area.,electricity,english,NYC311_seed_controlled_augmentation
Garbage-related problems include bulk-missed collection near the hospital. This issue needs attention.,garbage,english,NYC311_seed_controlled_augmentation
We need assistance with sewage leak close to the bus stop. We would appreciate assistance with this issue.,drainage,english,NYC311_seed_controlled_augmentation
Please inspect the electrical issue: electrical wiring defective/exposed in the residential area.,electricity,english,NYC311_seed_controlled_augmentation
"The road surface is affected by rough, pitted or cracked roads on the main road.",roads,english,NYC311_seed_controlled_augmentation
Please inspect the drain because of street flooding near the school.,drainage,english,NYC311_seed_controlled_augmentation
Residents have reported lamppost wire exposed in our neighbourhood.,electricity,english,NYC311_seed_controlled_augmentation
The road surface is affected by broken curb along the roadside.,roads,english,NYC311_seed_controlled_augmentation
The electricity service has a problem with street light lamp dim near the public market. The problem has been continuing for some time.,electricity,english,NYC311_seed_controlled_augmentation
Please inspect the electrical issue: wiring in the residential area. Please send the responsible team to inspect the area.,electricity,english,NYC311_seed_controlled_augmentation
Please repair curb defect-metal protruding close to the town centre. The problem has been continuing for some time.,roads,english,NYC311_seed_controlled_augmentation
Please address missed recycling - m/g/pl on the main road. Please arrange an inspection.,garbage,english,NYC311_seed_controlled_augmentation
There appears to be: Please arrange cleaning because of loose rubbish outside our building.,garbage,english,NYC311_seed_controlled_augmentation
Our area has: Drivers are having difficulty because of defective hardware close to the bus stop. We would appreciate assistance with this issue.,roads,english,NYC311_seed_controlled_augmentation
The road has failed street repair outside our building. We would appreciate assistance with this issue.,roads,english,NYC311_seed_controlled_augmentation
Wear & Tear near the hospital.,roads,english,NYC311_seed_controlled_augmentation
"The road has rough, pitted or cracked roads close to the town centre.",roads,english,NYC311_seed_controlled_augmentation
Missed Recycling Paper is creating an unsanitary condition near the hospital. Please resolve this problem as soon as possible.,garbage,english,NYC311_seed_controlled_augmentation
"People nearby have complained about unsafe chemical, storage near the junction.",environment,english,NYC311_seed_controlled_augmentation
Residents have reported lamppost knocked down near the public market.,electricity,english,NYC311_seed_controlled_augmentation
We need assistance with street flooding near the school. This is causing inconvenience to the public.,drainage,english,NYC311_seed_controlled_augmentation
The road has broken curb near the hospital. Residents are requesting assistance.,roads,english,NYC311_seed_controlled_augmentation
Residents have reported electrical wiring defective/exposed on the main road. Please send the responsible team to inspect the area.,electricity,english,NYC311_seed_controlled_augmentation
We have noticed: The drainage problem appears to involve sewage odor close to the bus stop. This is causing inconvenience to the public.,drainage,english,NYC311_seed_controlled_augmentation
There is missed recycling paper close to the bus stop.,garbage,english,NYC311_seed_controlled_augmentation
There appears to be multiple street lights out on the main road. Please arrange an inspection.,electricity,english,NYC311_seed_controlled_augmentation
"Rough, Pitted or Cracked Roads on the main road. Please send the responsible team to inspect the area.",roads,english,NYC311_seed_controlled_augmentation
Residents have reported: Please address loose rubbish in the residential area.,garbage,english,NYC311_seed_controlled_augmentation
Residents have complained about receptacle violation near our house. Please resolve this problem as soon as possible.,garbage,english,NYC311_seed_controlled_augmentation
We have noticed: Please check the water system because of hydrant leaking along the roadside. Please take the necessary action.,water_supply,english,NYC311_seed_controlled_augmentation
Please inspect the electrical issue: outlet/switch on the main road. Please investigate this issue.,electricity,english,NYC311_seed_controlled_augmentation
Our area has: Please inspect the drain because of ponding near the public market. This issue needs attention.,drainage,english,NYC311_seed_controlled_augmentation
"Please investigate unsafe chemical, abandoned in our neighbourhood.",environment,english,NYC311_seed_controlled_augmentation
Garbage-related problems include missed recycling-all materials near the hospital. Please send the responsible team to inspect the area.,garbage,english,NYC311_seed_controlled_augmentation
Failed Street Repair outside our building. Please resolve this problem as soon as possible.,roads,english,NYC311_seed_controlled_augmentation
The electricity service has a problem with lamppost knocked down in the residential area. Please send the responsible team to inspect the area.,electricity,english,NYC311_seed_controlled_augmentation
Hydrant Leaking has affected the local water supply near our house. Residents are requesting assistance.,water_supply,english,NYC311_seed_controlled_augmentation
We have noticed large number of mosquitoes near the junction.,environment,english,NYC311_seed_controlled_augmentation
We are experiencing: Please investigate ventilation near the hospital. We would appreciate assistance with this issue.,environment,english,NYC311_seed_controlled_augmentation
Residents are reporting sewer or drain near the junction.,drainage,english,NYC311_seed_controlled_augmentation
"There is an environmental problem involving air: odor/fumes, restaurant near the public market.",environment,english,NYC311_seed_controlled_augmentation
Please inspect the electrical issue: multiple street lights out near the hospital. The problem has been continuing for some time.,electricity,english,NYC311_seed_controlled_augmentation
The road surface is affected by pothole - highway in the residential area. Please take the necessary action.,roads,english,NYC311_seed_controlled_augmentation
Please send a technician because of outlet/switch along the roadside. Please take the necessary action.,electricity,english,NYC311_seed_controlled_augmentation
The electricity service has a problem with outlet/switch near our house. This is causing inconvenience to the public.,electricity,english,NYC311_seed_controlled_augmentation
Sewage Odor is affecting the area near the junction. This is causing inconvenience to the public.,drainage,english,NYC311_seed_controlled_augmentation
"There is: Residents are concerned about rough, pitted or cracked roads on the main road.",roads,english,NYC311_seed_controlled_augmentation
I would like to report: The road has defective hardware along the roadside.,roads,english,NYC311_seed_controlled_augmentation
Culvert Blocked/Needs Cleaning is affecting the area close to the bus stop. We would appreciate assistance with this issue.,drainage,english,NYC311_seed_controlled_augmentation
There has been: There appears to be damp spot in the residential area. Residents are requesting assistance.,water_supply,english,NYC311_seed_controlled_augmentation
There is multiple street lights out in the residential area. The problem has been continuing for some time.,electricity,english,NYC311_seed_controlled_augmentation
Possible Water Main Break has affected the local water supply outside our building. The problem has been continuing for some time.,water_supply,english,NYC311_seed_controlled_augmentation
Please inspect the electrical issue: street light out near the hospital. Please take the necessary action.,electricity,english,NYC311_seed_controlled_augmentation
Residents have reported damp spot near the school. Residents are requesting assistance.,water_supply,english,NYC311_seed_controlled_augmentation
We need assistance with ponding near the hospital.,drainage,english,NYC311_seed_controlled_augmentation
Please arrange cleaning because of loose rubbish close to the bus stop. The problem has been continuing for some time.,garbage,english,NYC311_seed_controlled_augmentation
Please investigate the water issue: unknown odor/taste in drinking water close to the town centre. Please investigate this issue.,water_supply,english,NYC311_seed_controlled_augmentation
"I would like to report: Please inspect this environmental issue: air: dust, construction/demolition close to the town centre.",environment,english,NYC311_seed_controlled_augmentation
I am reporting: There is an environmental problem involving air: other air problem on the main road. Please take the necessary action.,environment,english,NYC311_seed_controlled_augmentation
"Please investigate air: smoke, chimney or vent in the residential area. Residents are requesting assistance.",environment,english,NYC311_seed_controlled_augmentation
Residents have reported lighting near the public market. This is causing inconvenience to the public.,electricity,english,NYC311_seed_controlled_augmentation
Our area has: Please arrange cleaning because of missed recycling paper near our house. Please send the responsible team to inspect the area.,garbage,english,NYC311_seed_controlled_augmentation
"We have noticed: Unsafe Chemical, Storage is affecting the surrounding environment on the main road. Please take the necessary action.",environment,english,NYC311_seed_controlled_augmentation
We have noticed: Please arrange cleaning because of bulk-missed recy collection in our neighbourhood. Please resolve this problem as soon as possible.,garbage,english,NYC311_seed_controlled_augmentation
"I am reporting: Please inspect this environmental issue: air: odor/fumes, restaurant close to the town centre.",environment,english,NYC311_seed_controlled_augmentation
The road has curb defect-metal protruding in the residential area. This issue needs attention.,roads,english,NYC311_seed_controlled_augmentation
The road surface is affected by defective hardware outside our building.,roads,english,NYC311_seed_controlled_augmentation
Please check: Please address bulk-missed collection on the main road.,garbage,english,NYC311_seed_controlled_augmentation
Garbage-related problems include dirty area/alleyway in our neighbourhood. We would appreciate assistance with this issue.,garbage,english,NYC311_seed_controlled_augmentation
"We have noticed unsafe chemical, abandoned close to the town centre.",environment,english,NYC311_seed_controlled_augmentation
Please check the water system because of heavy flow on the main road. Please send the responsible team to inspect the area.,water_supply,english,NYC311_seed_controlled_augmentation
We have noticed: Residents have reported street light out near the public market.,electricity,english,NYC311_seed_controlled_augmentation
Please inspect the drain because of ponding near the hospital.,drainage,english,NYC311_seed_controlled_augmentation
Residents have reported heavy flow on the main road. Please take the necessary action.,water_supply,english,NYC311_seed_controlled_augmentation
There is street light lamp dim in our neighbourhood. Residents are requesting assistance.,electricity,english,NYC311_seed_controlled_augmentation
"Please investigate oil spill on street, large close to the town centre. Please resolve this problem as soon as possible.",environment,english,NYC311_seed_controlled_augmentation
The drainage system has catch basin clogged/flooding near the school. We would appreciate assistance with this issue.,drainage,english,NYC311_seed_controlled_augmentation
Garbage-related problems include bulk-missed recy collection close to the town centre. This issue needs attention.,garbage,english,NYC311_seed_controlled_augmentation
There is sewer backup near the hospital. This issue needs attention.,drainage,english,NYC311_seed_controlled_augmentation
The area is affected by large number of mosquitoes near the junction.,environment,english,NYC311_seed_controlled_augmentation
The drainage system has street flooding outside our building. We would appreciate assistance with this issue.,drainage,english,NYC311_seed_controlled_augmentation
There appears to be: Garbage-related problems include improper disposal close to the bus stop. Please resolve this problem as soon as possible.,garbage,english,NYC311_seed_controlled_augmentation
Please send a technician because of power outage near the public market. Residents are requesting assistance.,electricity,english,NYC311_seed_controlled_augmentation
Wastewater is causing problems due to ponding near the public market. We would appreciate assistance with this issue.,drainage,english,NYC311_seed_controlled_augmentation
"Please inspect this environmental issue: air: dust, other near the hospital.",environment,english,NYC311_seed_controlled_augmentation
The drainage problem appears to involve sewage odor in our neighbourhood. This issue needs attention.,drainage,english,NYC311_seed_controlled_augmentation
Residents have reported power outage near the hospital.,electricity,english,NYC311_seed_controlled_augmentation
Broken Curb on the main road.,roads,english,NYC311_seed_controlled_augmentation
"Air: Smoke, Chimney or vent is affecting the surrounding environment near the junction. This issue needs attention.",environment,english,NYC311_seed_controlled_augmentation
There is a water supply problem involving no water near the junction. This issue needs attention.,water_supply,english,NYC311_seed_controlled_augmentation
"There is a water supply problem involving taste/odor, bitter/metallic near the junction.",water_supply,english,NYC311_seed_controlled_augmentation
Waste has become a problem due to improper disposal near the junction. Residents are requesting assistance.,garbage,english,NYC311_seed_controlled_augmentation
Our area is facing unknown odor/taste in drinking water near the school. This is causing inconvenience to the public.,water_supply,english,NYC311_seed_controlled_augmentation
Please investigate the water issue: leak near the hospital. The problem has been continuing for some time.,water_supply,english,NYC311_seed_controlled_augmentation
Please investigate ventilation near the public market. This issue needs attention.,environment,english,NYC311_seed_controlled_augmentation
Residents have reported power outage near our house. Please send the responsible team to inspect the area.,electricity,english,NYC311_seed_controlled_augmentation
Please arrange cleaning because of missed recycling-all materials close to the bus stop. This issue needs attention.,garbage,english,NYC311_seed_controlled_augmentation
Failed Street Repair is causing problems for vehicles near our house. Please investigate this issue.,roads,english,NYC311_seed_controlled_augmentation
LOW WATER PRESSURE - WLWP has affected the local water supply near the public market. Residents are requesting assistance.,water_supply,english,NYC311_seed_controlled_augmentation
There is rain garden flooding near the school. This issue needs attention.,drainage,english,NYC311_seed_controlled_augmentation
Wastewater is causing problems due to sewer backup near the hospital. Please investigate this issue.,drainage,english,NYC311_seed_controlled_augmentation
"We have noticed unsafe chemical, abandoned close to the town centre. The problem has been continuing for some time.",environment,english,NYC311_seed_controlled_augmentation
We are experiencing an electrical problem involving power outage near our house.,electricity,english,NYC311_seed_controlled_augmentation
Cave-in is causing problems for vehicles along the roadside. Please send the responsible team to inspect the area.,roads,english,NYC311_seed_controlled_augmentation
"Unsafe Chemical, Storage is affecting the surrounding environment outside our building. Please investigate this issue.",environment,english,NYC311_seed_controlled_augmentation
Please investigate the water issue: hydrant leaking along the roadside.,water_supply,english,NYC311_seed_controlled_augmentation
Receptacle Violation is creating an unsanitary condition near the public market. Residents are requesting assistance.,garbage,english,NYC311_seed_controlled_augmentation
Drivers are having difficulty because of curb defect-metal protruding on the main road.,roads,english,NYC311_seed_controlled_augmentation
We have noticed: DAMP SPOT has affected the local water supply near our house.,water_supply,english,NYC311_seed_controlled_augmentation
We are experiencing hydrant leaking on the main road.,water_supply,english,NYC311_seed_controlled_augmentation
We are experiencing an electrical problem involving power outage in the residential area. Please arrange an inspection.,electricity,english,NYC311_seed_controlled_augmentation
Residents are reporting sewage odor along the roadside. Please resolve this problem as soon as possible.,drainage,english,NYC311_seed_controlled_augmentation
"People nearby have complained about air: smoke, chimney or vent in the residential area.",environment,english,NYC311_seed_controlled_augmentation
Please address loose rubbish along the roadside. This issue needs attention.,garbage,english,NYC311_seed_controlled_augmentation
"Please inspect this environmental issue: air: dust, construction/demolition near the junction.",environment,english,NYC311_seed_controlled_augmentation
"Air: Smoke, Vehicular is affecting the surrounding environment near the junction. Please take the necessary action.",environment,english,NYC311_seed_controlled_augmentation
Please inspect the drain because of manhole overflow on the main road.,drainage,english,NYC311_seed_controlled_augmentation
Residents have reported: The drainage system has ponding along the roadside.,drainage,english,NYC311_seed_controlled_augmentation
There is improper disposal in our neighbourhood.,garbage,english,NYC311_seed_controlled_augmentation
WIRING is affecting the area near the junction. This is causing inconvenience to the public.,electricity,english,NYC311_seed_controlled_augmentation
Waste has become a problem due to missed collection close to the bus stop. The problem has been continuing for some time.,garbage,english,NYC311_seed_controlled_augmentation
Please check the water system because of possible water main break near our house. The problem has been continuing for some time.,water_supply,english,NYC311_seed_controlled_augmentation
The road has cave-in close to the town centre. The problem has been continuing for some time.,roads,english,NYC311_seed_controlled_augmentation
The drainage system has street flooding near the school.,drainage,english,NYC311_seed_controlled_augmentation
Residents are reporting rain garden flooding near our house. Please arrange an inspection.,drainage,english,NYC311_seed_controlled_augmentation
"There is: Residents are concerned about rough, pitted or cracked roads near the public market. Please take the necessary action.",roads,english,NYC311_seed_controlled_augmentation
We need assistance with rain garden flooding near the school. Please send the responsible team to inspect the area.,drainage,english,NYC311_seed_controlled_augmentation
The drainage problem appears to involve street flooding close to the town centre.,drainage,english,NYC311_seed_controlled_augmentation
The area needs cleaning because of dirty area/alleyway along the roadside. The problem has been continuing for some time.,garbage,english,NYC311_seed_controlled_augmentation
There is lighting in our neighbourhood.,electricity,english,NYC311_seed_controlled_augmentation
Wastewater is causing problems due to sewage leak along the roadside. Please take the necessary action.,drainage,english,NYC311_seed_controlled_augmentation
Please arrange cleaning because of missed recycling - m/g/pl in the residential area.,garbage,english,NYC311_seed_controlled_augmentation
Lamppost Wire Exposed is affecting the area near our house. This is causing inconvenience to the public.,electricity,english,NYC311_seed_controlled_augmentation
Please address dirty sidewalk near the public market.,garbage,english,NYC311_seed_controlled_augmentation
Residents have complained about missed recycling-all materials near the school.,garbage,english,NYC311_seed_controlled_augmentation
The drainage problem appears to involve sewer or drain in the residential area.,drainage,english,NYC311_seed_controlled_augmentation
"Please inspect this environmental issue: air: odor/fumes, restaurant close to the town centre. We would appreciate assistance with this issue.",environment,english,NYC311_seed_controlled_augmentation
There is culvert blocked/needs cleaning near the junction.,drainage,english,NYC311_seed_controlled_augmentation
The road has failed street repair in our neighbourhood. The problem has been continuing for some time.,roads,english,NYC311_seed_controlled_augmentation
The drainage problem appears to involve culvert blocked/needs cleaning along the roadside.,drainage,english,NYC311_seed_controlled_augmentation
Our area has: The road has defective hardware close to the bus stop.,roads,english,NYC311_seed_controlled_augmentation
"Air: Odor/Fumes, Vehicle Idling is affecting the surrounding environment near the junction. Please investigate this issue.",environment,english,NYC311_seed_controlled_augmentation
Lamppost Knocked Down is affecting the area close to the bus stop.,electricity,english,NYC311_seed_controlled_augmentation
Please check: Please investigate chemical vapors/gases/odors close to the bus stop. Please investigate this issue.,environment,english,NYC311_seed_controlled_augmentation
There is 15 street cond/dump-out/drop-off near the school. This is causing inconvenience to the public.,garbage,english,NYC311_seed_controlled_augmentation
There is wear & tear near the school.,roads,english,NYC311_seed_controlled_augmentation
Our area has: There appears to be unknown odor/taste in drinking water near the junction.,water_supply,english,NYC311_seed_controlled_augmentation
There is: Residents have reported power outage on the main road. Please take the necessary action.,electricity,english,NYC311_seed_controlled_augmentation
"There is an environmental problem involving air: dust, other close to the bus stop. Please investigate this issue.",environment,english,NYC311_seed_controlled_augmentation
There is curb defect-metal protruding on the main road. This is causing inconvenience to the public.,roads,english,NYC311_seed_controlled_augmentation
Please repair defective hardware close to the bus stop.,roads,english,NYC311_seed_controlled_augmentation
Our area has: Please repair defective hardware near the public market. Please send the responsible team to inspect the area.,roads,english,NYC311_seed_controlled_augmentation
The drainage problem appears to involve sewage odor close to the bus stop. Residents are requesting assistance.,drainage,english,NYC311_seed_controlled_augmentation
"There is an environmental problem involving oil spill on street, large close to the bus stop.",environment,english,NYC311_seed_controlled_augmentation
We are experiencing no water in our neighbourhood. The problem has been continuing for some time.,water_supply,english,NYC311_seed_controlled_augmentation
Residents have reported: There appears to be damp spot on the main road. Please resolve this problem as soon as possible.,water_supply,english,NYC311_seed_controlled_augmentation
There is curb defect-metal protruding in our neighbourhood. Please arrange an inspection.,roads,english,NYC311_seed_controlled_augmentation
We have noticed: We are experiencing hydrant leaking close to the town centre. We would appreciate assistance with this issue.,water_supply,english,NYC311_seed_controlled_augmentation
Pothole - Highway is causing problems for vehicles in our neighbourhood. The problem has been continuing for some time.,roads,english,NYC311_seed_controlled_augmentation
There appears to be lamppost knocked down near the hospital.,electricity,english,NYC311_seed_controlled_augmentation
The road has defective hardware in the residential area. Please take the necessary action.,roads,english,NYC311_seed_controlled_augmentation
Please address missed recycling - m/g/pl near the public market. This issue needs attention.,garbage,english,NYC311_seed_controlled_augmentation
There is a water supply problem involving low water pressure - wlwp near the junction. Please take the necessary action.,water_supply,english,NYC311_seed_controlled_augmentation
Residents are reporting sewage leak near the public market. The problem has been continuing for some time.,drainage,english,NYC311_seed_controlled_augmentation
We have noticed: There is wear & tear on the main road. Please send the responsible team to inspect the area.,roads,english,NYC311_seed_controlled_augmentation
The road has pothole along the roadside. This is causing inconvenience to the public.,roads,english,NYC311_seed_controlled_augmentation
Broken Curb in our neighbourhood.,roads,english,NYC311_seed_controlled_augmentation
There appears to be: Please investigate the water issue: unknown odor/taste in drinking water along the roadside. This is causing inconvenience to the public.,water_supply,english,NYC311_seed_controlled_augmentation
"I am reporting: The road has rough, pitted or cracked roads near the school.",roads,english,NYC311_seed_controlled_augmentation
The area needs cleaning because of loose rubbish near the hospital. Residents are requesting assistance.,garbage,english,NYC311_seed_controlled_augmentation
There appears to be: Please check the water system because of low water pressure - wlwp outside our building. Please investigate this issue.,water_supply,english,NYC311_seed_controlled_augmentation
Garbage-related problems include missed collection near the hospital.,garbage,english,NYC311_seed_controlled_augmentation
Please check: Curb Defect-Metal Protruding close to the town centre.,roads,english,NYC311_seed_controlled_augmentation
The area needs cleaning because of missed recycling - m/g/pl near the junction. This is causing inconvenience to the public.,garbage,english,NYC311_seed_controlled_augmentation
There is wiring near our house. Please resolve this problem as soon as possible.,electricity,english,NYC311_seed_controlled_augmentation
Residents have reported hydrant leaking along the roadside.,water_supply,english,NYC311_seed_controlled_augmentation
Please check: Drivers are having difficulty because of cave-in close to the town centre.,roads,english,NYC311_seed_controlled_augmentation
The drainage system has rain garden flooding close to the town centre. Residents are requesting assistance.,drainage,english,NYC311_seed_controlled_augmentation
I would like to report: Our area is facing possible water main break outside our building. Please arrange an inspection.,water_supply,english,NYC311_seed_controlled_augmentation
Residents have reported outlet/switch near our house.,electricity,english,NYC311_seed_controlled_augmentation
We are experiencing an electrical problem involving wiring near the school. Residents are requesting assistance.,electricity,english,NYC311_seed_controlled_augmentation
"Residents have reported taste/odor, bitter/metallic in our neighbourhood.",water_supply,english,NYC311_seed_controlled_augmentation
Residents have complained about missed collection on the main road.,garbage,english,NYC311_seed_controlled_augmentation
"We are experiencing: Please inspect this environmental issue: air: dust, other along the roadside. This is causing inconvenience to the public.",environment,english,NYC311_seed_controlled_augmentation
Please investigate the water issue: slow leak close to the bus stop.,water_supply,english,NYC311_seed_controlled_augmentation
Please send a technician because of lamppost wire exposed in our neighbourhood. The problem has been continuing for some time.,electricity,english,NYC311_seed_controlled_augmentation
Residents are reporting culvert blocked/needs cleaning near the junction.,drainage,english,NYC311_seed_controlled_augmentation
Please repair pothole near our house. This issue needs attention.,roads,english,NYC311_seed_controlled_augmentation
Waste has become a problem due to loose rubbish close to the bus stop. Please send the responsible team to inspect the area.,garbage,english,NYC311_seed_controlled_augmentation
"Residents have reported taste/odor, chlorine in the residential area.",water_supply,english,NYC311_seed_controlled_augmentation
There is street flooding in our neighbourhood.,drainage,english,NYC311_seed_controlled_augmentation
"We are experiencing taste/odor, chlorine on the main road.",water_supply,english,NYC311_seed_controlled_augmentation
Please check: The area is affected by chemical spill/release outside our building.,environment,english,NYC311_seed_controlled_augmentation
Please check the water system because of heavy flow near the hospital.,water_supply,english,NYC311_seed_controlled_augmentation
Sewage Leak is affecting the area close to the town centre. We would appreciate assistance with this issue.,drainage,english,NYC311_seed_controlled_augmentation
There is: Our area is facing damp spot near the hospital. The problem has been continuing for some time.,water_supply,english,NYC311_seed_controlled_augmentation
Please check: Drivers are having difficulty because of pothole near the public market. Please investigate this issue.,roads,english,NYC311_seed_controlled_augmentation
The drainage system has sewage odor along the roadside. We would appreciate assistance with this issue.,drainage,english,NYC311_seed_controlled_augmentation
"Please investigate the water issue: taste/odor, bitter/metallic outside our building. Please investigate this issue.",water_supply,english,NYC311_seed_controlled_augmentation
We have noticed chemical odor along the roadside. Please arrange an inspection.,environment,english,NYC311_seed_controlled_augmentation
There is a water supply problem involving damp spot near the public market.,water_supply,english,NYC311_seed_controlled_augmentation
"Residents are concerned about rough, pitted or cracked roads near the school. Please send the responsible team to inspect the area.",roads,english,NYC311_seed_controlled_augmentation
The drainage system has street flooding near the public market. This issue needs attention.,drainage,english,NYC311_seed_controlled_augmentation
Ponding is affecting the area near the hospital. Please take the necessary action.,drainage,english,NYC311_seed_controlled_augmentation
Wastewater is causing problems due to ponding in the residential area. This is causing inconvenience to the public.,drainage,english,NYC311_seed_controlled_augmentation
There is an environmental problem involving air: other air problem near the public market. The problem has been continuing for some time.,environment,english,NYC311_seed_controlled_augmentation
There is: Please inspect the electrical issue: lamppost knocked down near the hospital.,electricity,english,NYC311_seed_controlled_augmentation
"We have noticed oil spill on street, large on the main road. Please resolve this problem as soon as possible.",environment,english,NYC311_seed_controlled_augmentation
There is broken curb near the school. Please send the responsible team to inspect the area.,roads,english,NYC311_seed_controlled_augmentation
Wastewater is causing problems due to catch basin clogged/flooding along the roadside. Residents are requesting assistance.,drainage,english,NYC311_seed_controlled_augmentation
Chemical Vapors/Gases/Odors is affecting the surrounding environment close to the bus stop. Please arrange an inspection.,environment,english,NYC311_seed_controlled_augmentation
There is a water supply problem involving possible water main break near the public market.,water_supply,english,NYC311_seed_controlled_augmentation
There is multiple street lights out in our neighbourhood. Residents are requesting assistance.,electricity,english,NYC311_seed_controlled_augmentation
"There appears to be taste/odor, bitter/metallic in the residential area.",water_supply,english,NYC311_seed_controlled_augmentation
"Rough, Pitted or Cracked Roads in our neighbourhood. We would appreciate assistance with this issue.",roads,english,NYC311_seed_controlled_augmentation
There has been: There is bulk-missed collection close to the town centre. Please resolve this problem as soon as possible.,garbage,english,NYC311_seed_controlled_augmentation
We are experiencing heavy flow outside our building.,water_supply,english,NYC311_seed_controlled_augmentation
Please investigate ventilation near the hospital. Please resolve this problem as soon as possible.,environment,english,NYC311_seed_controlled_augmentation
Please address missed collection outside our building. Please arrange an inspection.,garbage,english,NYC311_seed_controlled_augmentation
Residents have reported street light out in the residential area. Please investigate this issue.,electricity,english,NYC311_seed_controlled_augmentation
Residents have reported damp spot in the residential area. This is causing inconvenience to the public.,water_supply,english,NYC311_seed_controlled_augmentation
"Our area has: Air: Smoke, Chimney or vent is affecting the surrounding environment along the roadside. This is causing inconvenience to the public.",environment,english,NYC311_seed_controlled_augmentation
Please address loose rubbish in our neighbourhood. Please arrange an inspection.,garbage,english,NYC311_seed_controlled_augmentation
Please arrange cleaning because of improper disposal close to the bus stop. Residents are requesting assistance.,garbage,english,NYC311_seed_controlled_augmentation
Please inspect the drain because of sewage odor near our house. Please resolve this problem as soon as possible.,drainage,english,NYC311_seed_controlled_augmentation
"The area is affected by oil spill on street, small on the main road. Please resolve this problem as soon as possible.",environment,english,NYC311_seed_controlled_augmentation
I would like to report: There is culvert blocked/needs cleaning near our house. Please resolve this problem as soon as possible.,drainage,english,NYC311_seed_controlled_augmentation
"Our area has: The road has rough, pitted or cracked roads near the hospital.",roads,english,NYC311_seed_controlled_augmentation
Please investigate the water issue: dirty water in the residential area. This issue needs attention.,water_supply,english,NYC311_seed_controlled_augmentation
There is lamppost wire exposed in the residential area. Please investigate this issue.,electricity,english,NYC311_seed_controlled_augmentation
Please check: There appears to be street light out outside our building.,electricity,english,NYC311_seed_controlled_augmentation
Broken Curb is causing problems for vehicles in our neighbourhood. This is causing inconvenience to the public.,roads,english,NYC311_seed_controlled_augmentation
"Residents are concerned about air: odor/fumes, vehicle idling near the school. We would appreciate assistance with this issue.",environment,english,NYC311_seed_controlled_augmentation
Residents have reported power outage in our neighbourhood. Please investigate this issue.,electricity,english,NYC311_seed_controlled_augmentation
There is: Our area is facing damp spot along the roadside. This is causing inconvenience to the public.,water_supply,english,NYC311_seed_controlled_augmentation
"We are experiencing: Air: Odor/Fumes, Restaurant is affecting the surrounding environment on the main road. Please take the necessary action.",environment,english,NYC311_seed_controlled_augmentation
I am reporting: Residents have complained about missed recycling-all materials in the residential area. This issue needs attention.,garbage,english,NYC311_seed_controlled_augmentation
The area is affected by chemical vapors/gases/odors near the school. Please arrange an inspection.,environment,english,NYC311_seed_controlled_augmentation
Please check: There is an environmental problem involving chemical odor near the public market. Please send the responsible team to inspect the area.,environment,english,NYC311_seed_controlled_augmentation
Please address bulk-missed collection along the roadside. Residents are requesting assistance.,garbage,english,NYC311_seed_controlled_augmentation
Residents have reported damp spot along the roadside. Please arrange an inspection.,water_supply,english,NYC311_seed_controlled_augmentation
Please address missed recycling - m/g/pl close to the town centre.,garbage,english,NYC311_seed_controlled_augmentation
"Please investigate unsafe chemical, abandoned on the main road. Please send the responsible team to inspect the area.",environment,english,NYC311_seed_controlled_augmentation
Please arrange cleaning because of dirty area/alleyway close to the town centre. This issue needs attention.,garbage,english,NYC311_seed_controlled_augmentation
There is dirty area/alleyway on the main road. Please take the necessary action.,garbage,english,NYC311_seed_controlled_augmentation
There is loose rubbish in the residential area. This is causing inconvenience to the public.,garbage,english,NYC311_seed_controlled_augmentation
"Drivers are having difficulty because of rough, pitted or cracked roads along the roadside. We would appreciate assistance with this issue.",roads,english,NYC311_seed_controlled_augmentation
Please arrange cleaning because of loose rubbish close to the town centre.,garbage,english,NYC311_seed_controlled_augmentation
Drivers are having difficulty because of defective hardware near the junction.,roads,english,NYC311_seed_controlled_augmentation
No Water has affected the local water supply near the hospital. This is causing inconvenience to the public.,water_supply,english,NYC311_seed_controlled_augmentation
I am reporting: There appears to be lighting near our house.,electricity,english,NYC311_seed_controlled_augmentation
I would like to report: Residents are concerned about curb defect-metal protruding near the hospital. Please resolve this problem as soon as possible.,roads,english,NYC311_seed_controlled_augmentation
Residents have reported: Sewage Odor is affecting the area in the residential area. Please send the responsible team to inspect the area.,drainage,english,NYC311_seed_controlled_augmentation
Residents are reporting sewage odor in our neighbourhood.,drainage,english,NYC311_seed_controlled_augmentation
"We have noticed unsafe chemical, storage near the public market. This issue needs attention.",environment,english,NYC311_seed_controlled_augmentation
Pothole - Highway is causing problems for vehicles outside our building. Please arrange an inspection.,roads,english,NYC311_seed_controlled_augmentation
Residents have complained about receptacle violation near the junction. Please take the necessary action.,garbage,english,NYC311_seed_controlled_augmentation
Waste has become a problem due to bulk-missed collection in our neighbourhood.,garbage,english,NYC311_seed_controlled_augmentation
SLOW LEAK has affected the local water supply near our house.,water_supply,english,NYC311_seed_controlled_augmentation
The road surface is affected by curb defect-metal protruding in our neighbourhood. Residents are requesting assistance.,roads,english,NYC311_seed_controlled_augmentation
Residents have complained about missed recycling - m/g/pl in our neighbourhood. Please send the responsible team to inspect the area.,garbage,english,NYC311_seed_controlled_augmentation
There is cave-in outside our building. This is causing inconvenience to the public.,roads,english,NYC311_seed_controlled_augmentation
"There has been: Our area is facing taste/odor, bitter/metallic in our neighbourhood. Residents are requesting assistance.",water_supply,english,NYC311_seed_controlled_augmentation
Wastewater is causing problems due to sewage odor close to the bus stop. Please send the responsible team to inspect the area.,drainage,english,NYC311_seed_controlled_augmentation
The electricity service has a problem with no lighting near the school. This is causing inconvenience to the public.,electricity,english,NYC311_seed_controlled_augmentation
The electricity service has a problem with electrical wiring defective/exposed outside our building. Residents are requesting assistance.,electricity,english,NYC311_seed_controlled_augmentation
There is sewer or drain close to the town centre. We would appreciate assistance with this issue.,drainage,english,NYC311_seed_controlled_augmentation
"Please inspect this environmental issue: air: smoke, chimney or vent close to the bus stop.",environment,english,NYC311_seed_controlled_augmentation
We are experiencing heavy flow along the roadside. Please arrange an inspection.,water_supply,english,NYC311_seed_controlled_augmentation
The road has pothole - highway in the residential area.,roads,english,NYC311_seed_controlled_augmentation
Please send a technician because of street light out on the main road. Please arrange an inspection.,electricity,english,NYC311_seed_controlled_augmentation
Please repair wear & tear near our house.,roads,english,NYC311_seed_controlled_augmentation
Catch Basin Clogged/Flooding is affecting the area near the public market.,drainage,english,NYC311_seed_controlled_augmentation
Please arrange cleaning because of missed recycling - m/g/pl near the public market. This is causing inconvenience to the public.,garbage,english,NYC311_seed_controlled_augmentation
I am reporting: The area needs cleaning because of dirty sidewalk outside our building.,garbage,english,NYC311_seed_controlled_augmentation
We need assistance with sewage odor near the school. We would appreciate assistance with this issue.,drainage,english,NYC311_seed_controlled_augmentation
Please check the water system because of slow leak near the hospital.,water_supply,english,NYC311_seed_controlled_augmentation
Please investigate the water issue: no water along the roadside. The problem has been continuing for some time.,water_supply,english,NYC311_seed_controlled_augmentation
"There is a water supply problem involving taste/odor, bitter/metallic in our neighbourhood. This issue needs attention.",water_supply,english,NYC311_seed_controlled_augmentation
There appears to be: The road surface is affected by pothole on the main road. Please arrange an inspection.,roads,english,NYC311_seed_controlled_augmentation
There is a water supply problem involving dirty water outside our building. Please send the responsible team to inspect the area.,water_supply,english,NYC311_seed_controlled_augmentation
Improper Disposal is creating an unsanitary condition on the main road.,garbage,english,NYC311_seed_controlled_augmentation
Ponding is affecting the area near the school.,drainage,english,NYC311_seed_controlled_augmentation
Residents are concerned about chemical spill/release along the roadside.,environment,english,NYC311_seed_controlled_augmentation
There appears to be: Residents have complained about improper disposal near our house.,garbage,english,NYC311_seed_controlled_augmentation
Please address dirty area/alleyway outside our building. Please resolve this problem as soon as possible.,garbage,english,NYC311_seed_controlled_augmentation
"Air: Smoke, Vehicular is affecting the surrounding environment outside our building. Please send the responsible team to inspect the area.",environment,english,NYC311_seed_controlled_augmentation
There has been: Residents have complained about dirty sidewalk near the public market. We would appreciate assistance with this issue.,garbage,english,NYC311_seed_controlled_augmentation
Please repair failed street repair outside our building.,roads,english,NYC311_seed_controlled_augmentation
"Please check: Residents are concerned about air: dust, construction/demolition near the junction. This is causing inconvenience to the public.",environment,english,NYC311_seed_controlled_augmentation
Residents have reported lighting near the junction. Please send the responsible team to inspect the area.,electricity,english,NYC311_seed_controlled_augmentation
The area needs cleaning because of loose rubbish close to the bus stop. Please take the necessary action.,garbage,english,NYC311_seed_controlled_augmentation
I would like to report: Please arrange cleaning because of missed recycling paper near the junction.,garbage,english,NYC311_seed_controlled_augmentation
There is curb defect-metal protruding near the junction. Please send the responsible team to inspect the area.,roads,english,NYC311_seed_controlled_augmentation
There appears to be outlet/switch near the public market. We would appreciate assistance with this issue.,electricity,english,NYC311_seed_controlled_augmentation
We have noticed chemical odor in our neighbourhood. We would appreciate assistance with this issue.,environment,english,NYC311_seed_controlled_augmentation
There has been: The electricity service has a problem with lamppost wire exposed near the junction. Please investigate this issue.,electricity,english,NYC311_seed_controlled_augmentation
"Please repair rough, pitted or cracked roads along the roadside. Residents are requesting assistance.",roads,english,NYC311_seed_controlled_augmentation
Please inspect the electrical issue: lamppost wire exposed close to the bus stop.,electricity,english,NYC311_seed_controlled_augmentation
We are experiencing no water near the school. We would appreciate assistance with this issue.,water_supply,english,NYC311_seed_controlled_augmentation
"Please check the water system because of cloudy or milky, other near our house.",water_supply,english,NYC311_seed_controlled_augmentation
There is sewer backup near the junction. This is causing inconvenience to the public.,drainage,english,NYC311_seed_controlled_augmentation
OUTLET/SWITCH is affecting the area on the main road. Please investigate this issue.,electricity,english,NYC311_seed_controlled_augmentation
There is cave-in close to the bus stop.,roads,english,NYC311_seed_controlled_augmentation
Leak has affected the local water supply near our house. Please resolve this problem as soon as possible.,water_supply,english,NYC311_seed_controlled_augmentation
The drainage system has culvert blocked/needs cleaning near the hospital. Please investigate this issue.,drainage,english,NYC311_seed_controlled_augmentation
There is manhole overflow close to the town centre. This is causing inconvenience to the public.,drainage,english,NYC311_seed_controlled_augmentation
Please investigate the water issue: damp spot near the junction. Please send the responsible team to inspect the area.,water_supply,english,NYC311_seed_controlled_augmentation
Please check: The drainage problem appears to involve culvert blocked/needs cleaning in our neighbourhood.,drainage,english,NYC311_seed_controlled_augmentation
I would like to report: We are experiencing an electrical problem involving street light lamp dim along the roadside. Please investigate this issue.,electricity,english,NYC311_seed_controlled_augmentation
Our area is facing leak on the main road. We would appreciate assistance with this issue.,water_supply,english,NYC311_seed_controlled_augmentation
Please inspect the electrical issue: street light out near our house.,electricity,english,NYC311_seed_controlled_augmentation
Please investigate asbestos complaint close to the town centre. We would appreciate assistance with this issue.,environment,english,NYC311_seed_controlled_augmentation
Residents are reporting sewer backup along the roadside.,drainage,english,NYC311_seed_controlled_augmentation
Please address improper disposal near the school.,garbage,english,NYC311_seed_controlled_augmentation
"Air: Dust, Construction/Demolition is affecting the surrounding environment in the residential area. Please arrange an inspection.",environment,english,NYC311_seed_controlled_augmentation
I am reporting: There is catch basin clogged/flooding near the hospital. This issue needs attention.,drainage,english,NYC311_seed_controlled_augmentation
"I am reporting: Unsafe Chemical, Abandoned is affecting the surrounding environment in our neighbourhood. We would appreciate assistance with this issue.",environment,english,NYC311_seed_controlled_augmentation
Broken Curb near the school. Please resolve this problem as soon as possible.,roads,english,NYC311_seed_controlled_augmentation
Our area is facing low water pressure - wlwp close to the bus stop. Residents are requesting assistance.,water_supply,english,NYC311_seed_controlled_augmentation
"There is an environmental problem involving air: odor/fumes, restaurant close to the town centre. Please investigate this issue.",environment,english,NYC311_seed_controlled_augmentation
There is rain garden flooding in our neighbourhood. The problem has been continuing for some time.,drainage,english,NYC311_seed_controlled_augmentation
We are experiencing an electrical problem involving lighting near the hospital. Please send the responsible team to inspect the area.,electricity,english,NYC311_seed_controlled_augmentation
Residents have reported electrical wiring defective/exposed close to the town centre.,electricity,english,NYC311_seed_controlled_augmentation
The electricity service has a problem with lamppost wire exposed close to the bus stop. Please resolve this problem as soon as possible.,electricity,english,NYC311_seed_controlled_augmentation
Missed Recycling - M/G/Pl is creating an unsanitary condition close to the town centre. Please take the necessary action.,garbage,english,NYC311_seed_controlled_augmentation
Please investigate air: other air problem close to the town centre. Residents are requesting assistance.,environment,english,NYC311_seed_controlled_augmentation
Please address receptacle violation near the public market. Please take the necessary action.,garbage,english,NYC311_seed_controlled_augmentation
"We are experiencing: Rough, Pitted or Cracked Roads outside our building. This issue needs attention.",roads,english,NYC311_seed_controlled_augmentation
Cave-in is causing problems for vehicles in our neighbourhood. Please take the necessary action.,roads,english,NYC311_seed_controlled_augmentation
"The area is affected by air: dust, other close to the town centre.",environment,english,NYC311_seed_controlled_augmentation
Residents have complained about dirty area/alleyway near our house.,garbage,english,NYC311_seed_controlled_augmentation
The area is affected by air: other air problem near the public market. This issue needs attention.,environment,english,NYC311_seed_controlled_augmentation
Drivers are having difficulty because of curb defect-metal protruding on the main road. Please take the necessary action.,roads,english,NYC311_seed_controlled_augmentation
Please inspect the drain because of rain garden flooding in our neighbourhood.,drainage,english,NYC311_seed_controlled_augmentation
We are experiencing heavy flow near the hospital. Please resolve this problem as soon as possible.,water_supply,english,NYC311_seed_controlled_augmentation
The electricity service has a problem with lamppost knocked down on the main road.,electricity,english,NYC311_seed_controlled_augmentation
Residents have complained about receptacle violation in the residential area.,garbage,english,NYC311_seed_controlled_augmentation
There appears to be outlet/switch near the junction. We would appreciate assistance with this issue.,electricity,english,NYC311_seed_controlled_augmentation
Please inspect the electrical issue: wiring close to the bus stop. This is causing inconvenience to the public.,electricity,english,NYC311_seed_controlled_augmentation
Curb Defect-Metal Protruding near the junction. Residents are requesting assistance.,roads,english,NYC311_seed_controlled_augmentation
"Please inspect this environmental issue: air: odor/fumes, restaurant close to the town centre.",environment,english,NYC311_seed_controlled_augmentation
The area is affected by chemical vapors/gases/odors near the junction. Please send the responsible team to inspect the area.,environment,english,NYC311_seed_controlled_augmentation
Please address 15 street cond/dump-out/drop-off near our house. Residents are requesting assistance.,garbage,english,NYC311_seed_controlled_augmentation
Residents are reporting culvert blocked/needs cleaning near the hospital. Residents are requesting assistance.,drainage,english,NYC311_seed_controlled_augmentation
The drainage system has sewer backup close to the bus stop. Please send the responsible team to inspect the area.,drainage,english,NYC311_seed_controlled_augmentation
The drainage problem appears to involve sewer or drain near the public market. Please investigate this issue.,drainage,english,NYC311_seed_controlled_augmentation
Ponding is affecting the area near the hospital. This issue needs attention.,drainage,english,NYC311_seed_controlled_augmentation
There appears to be no water in our neighbourhood. We would appreciate assistance with this issue.,water_supply,english,NYC311_seed_controlled_augmentation
Residents are concerned about pothole - highway near the public market. Please take the necessary action.,roads,english,NYC311_seed_controlled_augmentation
Please check the water system because of leak close to the bus stop. The problem has been continuing for some time.,water_supply,english,NYC311_seed_controlled_augmentation
There appears to be no lighting near the school.,electricity,english,NYC311_seed_controlled_augmentation
Please repair cave-in in our neighbourhood. Please resolve this problem as soon as possible.,roads,english,NYC311_seed_controlled_augmentation
No Water has affected the local water supply in our neighbourhood.,water_supply,english,NYC311_seed_controlled_augmentation
There is: There appears to be lamppost knocked down near the hospital.,electricity,english,NYC311_seed_controlled_augmentation
The drainage system has rain garden flooding close to the town centre. Please send the responsible team to inspect the area.,drainage,english,NYC311_seed_controlled_augmentation
There appears to be lighting near the junction. Please send the responsible team to inspect the area.,electricity,english,NYC311_seed_controlled_augmentation
The drainage system has manhole overflow along the roadside. Please resolve this problem as soon as possible.,drainage,english,NYC311_seed_controlled_augmentation
There is improper disposal on the main road. Residents are requesting assistance.,garbage,english,NYC311_seed_controlled_augmentation
There has been: Please inspect the electrical issue: street light lamp dim outside our building. Please take the necessary action.,electricity,english,NYC311_seed_controlled_augmentation
We are experiencing an electrical problem involving wiring outside our building.,electricity,english,NYC311_seed_controlled_augmentation
We have noticed: Cave-in in our neighbourhood. We would appreciate assistance with this issue.,roads,english,NYC311_seed_controlled_augmentation
Please address missed recycling - m/g/pl on the main road. Residents are requesting assistance.,garbage,english,NYC311_seed_controlled_augmentation
Wastewater is causing problems due to sewer or drain close to the bus stop.,drainage,english,NYC311_seed_controlled_augmentation
Please investigate the water issue: low water pressure - wlwp on the main road.,water_supply,english,NYC311_seed_controlled_augmentation
We have noticed ventilation along the roadside.,environment,english,NYC311_seed_controlled_augmentation
Our area is facing slow leak in our neighbourhood.,water_supply,english,NYC311_seed_controlled_augmentation
"Taste/Odor, Bitter/Metallic has affected the local water supply near the junction. Please take the necessary action.",water_supply,english,NYC311_seed_controlled_augmentation
There is: Please inspect the electrical issue: street light lamp dim close to the bus stop. Please take the necessary action.,electricity,english,NYC311_seed_controlled_augmentation
"Residents are concerned about air: dust, other near our house. Please resolve this problem as soon as possible.",environment,english,NYC311_seed_controlled_augmentation
Residents have reported: There is a water supply problem involving damp spot near the hospital. Please investigate this issue.,water_supply,english,NYC311_seed_controlled_augmentation
Curb Defect-Metal Protruding is causing problems for vehicles near the school. Please resolve this problem as soon as possible.,roads,english,NYC311_seed_controlled_augmentation
There is: Please address missed recycling paper in our neighbourhood. This issue needs attention.,garbage,english,NYC311_seed_controlled_augmentation
SLOW LEAK has affected the local water supply near the junction. Please take the necessary action.,water_supply,english,NYC311_seed_controlled_augmentation
Ponding is affecting the area outside our building. Please investigate this issue.,drainage,english,NYC311_seed_controlled_augmentation
The road has wear & tear in the residential area. This is causing inconvenience to the public.,roads,english,NYC311_seed_controlled_augmentation
There is a water supply problem involving possible water main break close to the bus stop.,water_supply,english,NYC311_seed_controlled_augmentation
"We are experiencing: Unsafe Chemical, Storage is affecting the surrounding environment near the hospital. The problem has been continuing for some time.",environment,english,NYC311_seed_controlled_augmentation
There is: Garbage-related problems include dirty area/alleyway close to the bus stop. Residents are requesting assistance.,garbage,english,NYC311_seed_controlled_augmentation
Please investigate the water issue: no water on the main road. The problem has been continuing for some time.,water_supply,english,NYC311_seed_controlled_augmentation
The drainage system has ponding outside our building. Residents are requesting assistance.,drainage,english,NYC311_seed_controlled_augmentation
Broken Curb in our neighbourhood. Residents are requesting assistance.,roads,english,NYC311_seed_controlled_augmentation
We need assistance with sewer or drain in the residential area. Please send the responsible team to inspect the area.,drainage,english,NYC311_seed_controlled_augmentation
There is: Please investigate asbestos complaint near the hospital. The problem has been continuing for some time.,environment,english,NYC311_seed_controlled_augmentation
Please inspect the drain because of catch basin clogged/flooding along the roadside.,drainage,english,NYC311_seed_controlled_augmentation
There is defective hardware near the public market. Please send the responsible team to inspect the area.,roads,english,NYC311_seed_controlled_augmentation
There is a water supply problem involving dirty water close to the town centre. Please investigate this issue.,water_supply,english,NYC311_seed_controlled_augmentation
There is: The drainage system has manhole overflow near the school.,drainage,english,NYC311_seed_controlled_augmentation
Please address missed recycling paper in the residential area.,garbage,english,NYC311_seed_controlled_augmentation
Garbage-related problems include missed recycling - m/g/pl near our house. This is causing inconvenience to the public.,garbage,english,NYC311_seed_controlled_augmentation
"People nearby have complained about unsafe chemical, storage near the junction. Please investigate this issue.",environment,english,NYC311_seed_controlled_augmentation
HEAVY FLOW has affected the local water supply in our neighbourhood.,water_supply,english,NYC311_seed_controlled_augmentation
Residents have reported electrical wiring defective/exposed near our house. The problem has been continuing for some time.,electricity,english,NYC311_seed_controlled_augmentation
The area needs cleaning because of receptacle violation in the residential area. Please take the necessary action.,garbage,english,NYC311_seed_controlled_augmentation
The electricity service has a problem with street light out along the roadside. This is causing inconvenience to the public.,electricity,english,NYC311_seed_controlled_augmentation
Please check: Please arrange cleaning because of missed collection near our house. Please send the responsible team to inspect the area.,garbage,english,NYC311_seed_controlled_augmentation
"There is an environmental problem involving oil spill on street, large close to the town centre.",environment,english,NYC311_seed_controlled_augmentation
The electricity service has a problem with wiring along the roadside.,electricity,english,NYC311_seed_controlled_augmentation
There has been: The drainage problem appears to involve rain garden flooding in our neighbourhood. Please arrange an inspection.,drainage,english,NYC311_seed_controlled_augmentation
The area needs cleaning because of missed collection close to the bus stop.,garbage,english,NYC311_seed_controlled_augmentation
Our area is facing leak in our neighbourhood. This is causing inconvenience to the public.,water_supply,english,NYC311_seed_controlled_augmentation
We are experiencing: Residents have complained about improper disposal near our house. Please send the responsible team to inspect the area.,garbage,english,NYC311_seed_controlled_augmentation
"We have noticed: There is an environmental problem involving unsafe chemical, storage close to the bus stop.",environment,english,NYC311_seed_controlled_augmentation
We are experiencing unknown odor/taste in drinking water near our house. The problem has been continuing for some time.,water_supply,english,NYC311_seed_controlled_augmentation
There has been: Residents are concerned about pothole near the junction. Please take the necessary action.,roads,english,NYC311_seed_controlled_augmentation
There appears to be: The electricity service has a problem with lamppost wire exposed near our house. Please investigate this issue.,electricity,english,NYC311_seed_controlled_augmentation
There has been: Chemical Vapors/Gases/Odors is affecting the surrounding environment in the residential area. The problem has been continuing for some time.,environment,english,NYC311_seed_controlled_augmentation
There is pothole - highway near the public market.,roads,english,NYC311_seed_controlled_augmentation
Residents are reporting sewer or drain near the school. Please arrange an inspection.,drainage,english,NYC311_seed_controlled_augmentation
"There has been: Residents have reported taste/odor, chlorine along the roadside. This issue needs attention.",water_supply,english,NYC311_seed_controlled_augmentation
Please inspect the drain because of street flooding near the junction. Please resolve this problem as soon as possible.,drainage,english,NYC311_seed_controlled_augmentation
Garbage-related problems include receptacle violation along the roadside. Please take the necessary action.,garbage,english,NYC311_seed_controlled_augmentation
The road surface is affected by pothole - highway near the school. Please arrange an inspection.,roads,english,NYC311_seed_controlled_augmentation
We are experiencing an electrical problem involving lamppost wire exposed near the junction. Residents are requesting assistance.,electricity,english,NYC311_seed_controlled_augmentation
Please arrange cleaning because of 15 street cond/dump-out/drop-off near the hospital. This issue needs attention.,garbage,english,NYC311_seed_controlled_augmentation
Wastewater is causing problems due to street flooding outside our building. We would appreciate assistance with this issue.,drainage,english,NYC311_seed_controlled_augmentation
The electricity service has a problem with multiple street lights out near the junction. Please send the responsible team to inspect the area.,electricity,english,NYC311_seed_controlled_augmentation
We have noticed chemical vapors/gases/odors outside our building. Please investigate this issue.,environment,english,NYC311_seed_controlled_augmentation
Please address dirty area/alleyway on the main road. This issue needs attention.,garbage,english,NYC311_seed_controlled_augmentation
We need assistance with culvert blocked/needs cleaning near our house. Please send the responsible team to inspect the area.,drainage,english,NYC311_seed_controlled_augmentation
Please inspect the electrical issue: wiring close to the town centre. This issue needs attention.,electricity,english,NYC311_seed_controlled_augmentation
The drainage problem appears to involve sewage odor near our house. The problem has been continuing for some time.,drainage,english,NYC311_seed_controlled_augmentation
"We are experiencing: Air: Dust, Other is affecting the surrounding environment on the main road. Please send the responsible team to inspect the area.",environment,english,NYC311_seed_controlled_augmentation
Drivers are having difficulty because of pothole near our house. This issue needs attention.,roads,english,NYC311_seed_controlled_augmentation
Residents are reporting catch basin clogged/flooding on the main road. We would appreciate assistance with this issue.,drainage,english,NYC311_seed_controlled_augmentation
There is manhole overflow near the hospital. Please investigate this issue.,drainage,english,NYC311_seed_controlled_augmentation
I would like to report: We are experiencing heavy flow along the roadside. We would appreciate assistance with this issue.,water_supply,english,NYC311_seed_controlled_augmentation
There is street light lamp dim near our house. This is causing inconvenience to the public.,electricity,english,NYC311_seed_controlled_augmentation
There is: Please inspect the electrical issue: lamppost wire exposed close to the bus stop. Please send the responsible team to inspect the area.,electricity,english,NYC311_seed_controlled_augmentation
The drainage problem appears to involve catch basin clogged/flooding along the roadside. This is causing inconvenience to the public.,drainage,english,NYC311_seed_controlled_augmentation
Garbage-related problems include missed recycling - m/g/pl in the residential area. The problem has been continuing for some time.,garbage,english,NYC311_seed_controlled_augmentation
There is bulk-missed recy collection near the public market. We would appreciate assistance with this issue.,garbage,english,NYC311_seed_controlled_augmentation
Our area has: Garbage-related problems include improper disposal near the hospital.,garbage,english,NYC311_seed_controlled_augmentation
Failed Street Repair along the roadside.,roads,english,NYC311_seed_controlled_augmentation
We are experiencing an electrical problem involving electrical wiring defective/exposed near the hospital. We would appreciate assistance with this issue.,electricity,english,NYC311_seed_controlled_augmentation
There appears to be street light out close to the town centre. Please investigate this issue.,electricity,english,NYC311_seed_controlled_augmentation
Residents have reported: Please arrange cleaning because of bulk-missed collection in our neighbourhood.,garbage,english,NYC311_seed_controlled_augmentation
Pothole - Highway near the hospital. We would appreciate assistance with this issue.,roads,english,NYC311_seed_controlled_augmentation
The drainage problem appears to involve manhole overflow along the roadside. The problem has been continuing for some time.,drainage,english,NYC311_seed_controlled_augmentation
The electricity service has a problem with electrical wiring defective/exposed near the junction. We would appreciate assistance with this issue.,electricity,english,NYC311_seed_controlled_augmentation
The drainage system has manhole overflow near the hospital. Please resolve this problem as soon as possible.,drainage,english,NYC311_seed_controlled_augmentation
Residents have reported damp spot on the main road. Please investigate this issue.,water_supply,english,NYC311_seed_controlled_augmentation
Our area has: Culvert Blocked/Needs Cleaning is affecting the area near our house. Please send the responsible team to inspect the area.,drainage,english,NYC311_seed_controlled_augmentation
"Please investigate the water issue: taste/odor, bitter/metallic outside our building. Please resolve this problem as soon as possible.",water_supply,english,NYC311_seed_controlled_augmentation
Residents have reported leak near the junction. We would appreciate assistance with this issue.,water_supply,english,NYC311_seed_controlled_augmentation
Possible Water Main Break has affected the local water supply outside our building. Please arrange an inspection.,water_supply,english,NYC311_seed_controlled_augmentation
The road has defective hardware in the residential area. We would appreciate assistance with this issue.,roads,english,NYC311_seed_controlled_augmentation
We are experiencing an electrical problem involving street light lamp dim outside our building.,electricity,english,NYC311_seed_controlled_augmentation
"We have noticed air: odor/fumes, vehicle idling close to the bus stop.",environment,english,NYC311_seed_controlled_augmentation
There is bulk-missed collection close to the town centre. The problem has been continuing for some time.,garbage,english,NYC311_seed_controlled_augmentation
Please check the water system because of damp spot in the residential area.,water_supply,english,NYC311_seed_controlled_augmentation
Pothole is causing problems for vehicles close to the town centre. Residents are requesting assistance.,roads,english,NYC311_seed_controlled_augmentation
Garbage-related problems include bulk-missed collection along the roadside.,garbage,english,NYC311_seed_controlled_augmentation
The road surface is affected by broken curb near the public market. We would appreciate assistance with this issue.,roads,english,NYC311_seed_controlled_augmentation
Garbage-related problems include missed recycling-all materials near our house.,garbage,english,NYC311_seed_controlled_augmentation
We are experiencing possible water main break in our neighbourhood. We would appreciate assistance with this issue.,water_supply,english,NYC311_seed_controlled_augmentation
Our area is facing hydrant leaking close to the town centre. Please resolve this problem as soon as possible.,water_supply,english,NYC311_seed_controlled_augmentation
Our area is facing heavy flow near the public market. Please investigate this issue.,water_supply,english,NYC311_seed_controlled_augmentation
Waste has become a problem due to missed recycling - m/g/pl near the school.,garbage,english,NYC311_seed_controlled_augmentation
There appears to be outlet/switch near the hospital.,electricity,english,NYC311_seed_controlled_augmentation
Lamppost Knocked Down is affecting the area near the hospital.,electricity,english,NYC311_seed_controlled_augmentation
"Please inspect this environmental issue: air: smoke, vehicular close to the town centre. Please arrange an inspection.",environment,english,NYC311_seed_controlled_augmentation
Residents are concerned about air: other air problem near the junction. Please take the necessary action.,environment,english,NYC311_seed_controlled_augmentation
The drainage problem appears to involve sewage leak in our neighbourhood.,drainage,english,NYC311_seed_controlled_augmentation
"There is rough, pitted or cracked roads near the hospital. The problem has been continuing for some time.",roads,english,NYC311_seed_controlled_augmentation
We are experiencing: The area needs cleaning because of 15 street cond/dump-out/drop-off near our house. Please send the responsible team to inspect the area.,garbage,english,NYC311_seed_controlled_augmentation
Leak has affected the local water supply on the main road. This issue needs attention.,water_supply,english,NYC311_seed_controlled_augmentation
Defective Hardware near the hospital. Please resolve this problem as soon as possible.,roads,english,NYC311_seed_controlled_augmentation
I am reporting: There is a water supply problem involving leak near the school. The problem has been continuing for some time.,water_supply,english,NYC311_seed_controlled_augmentation
We are experiencing dirty water in the residential area. Please resolve this problem as soon as possible.,water_supply,english,NYC311_seed_controlled_augmentation
"There is a water supply problem involving taste/odor, chlorine in our neighbourhood. Residents are requesting assistance.",water_supply,english,NYC311_seed_controlled_augmentation
Garbage-related problems include improper disposal near the public market.,garbage,english,NYC311_seed_controlled_augmentation
"There appears to be taste/odor, chlorine in the residential area. Please arrange an inspection.",water_supply,english,NYC311_seed_controlled_augmentation
Residents are concerned about ventilation close to the bus stop. Please investigate this issue.,environment,english,NYC311_seed_controlled_augmentation
There has been: Please send a technician because of no lighting on the main road.,electricity,english,NYC311_seed_controlled_augmentation
I would like to report: People nearby have complained about asbestos complaint close to the town centre.,environment,english,NYC311_seed_controlled_augmentation
Residents have reported dirty water near the hospital. This is causing inconvenience to the public.,water_supply,english,NYC311_seed_controlled_augmentation
Residents have reported lamppost wire exposed close to the town centre. Please resolve this problem as soon as possible.,electricity,english,NYC311_seed_controlled_augmentation
Residents have complained about dirty area/alleyway near the junction. Please take the necessary action.,garbage,english,NYC311_seed_controlled_augmentation
There is a water supply problem involving heavy flow along the roadside. Please arrange an inspection.,water_supply,english,NYC311_seed_controlled_augmentation
There is no lighting in our neighbourhood.,electricity,english,NYC311_seed_controlled_augmentation
People nearby have complained about chemical spill/release in our neighbourhood.,environment,english,NYC311_seed_controlled_augmentation
Please investigate ventilation close to the town centre. Please take the necessary action.,environment,english,NYC311_seed_controlled_augmentation
There appears to be outlet/switch close to the bus stop.,electricity,english,NYC311_seed_controlled_augmentation
There appears to be: Please check the water system because of damp spot near our house.,water_supply,english,NYC311_seed_controlled_augmentation
Our area has: Residents have complained about receptacle violation near the school. We would appreciate assistance with this issue.,garbage,english,NYC311_seed_controlled_augmentation
There is rain garden flooding close to the town centre. Please send the responsible team to inspect the area.,drainage,english,NYC311_seed_controlled_augmentation
"There is: Residents have reported cloudy or milky, other outside our building. This is causing inconvenience to the public.",water_supply,english,NYC311_seed_controlled_augmentation
Please send a technician because of electrical wiring defective/exposed along the roadside.,electricity,english,NYC311_seed_controlled_augmentation
Sewer Backup is affecting the area in our neighbourhood. This is causing inconvenience to the public.,drainage,english,NYC311_seed_controlled_augmentation
There has been: Please inspect the drain because of rain garden flooding in our neighbourhood. This is causing inconvenience to the public.,drainage,english,NYC311_seed_controlled_augmentation
"Please investigate the water issue: cloudy or milky, other in the residential area.",water_supply,english,NYC311_seed_controlled_augmentation
We are experiencing: People nearby have complained about ventilation in the residential area. This issue needs attention.,environment,english,NYC311_seed_controlled_augmentation
The drainage problem appears to involve sewage odor along the roadside.,drainage,english,NYC311_seed_controlled_augmentation
Defective Hardware is causing problems for vehicles near the hospital.,roads,english,NYC311_seed_controlled_augmentation
Please repair curb defect-metal protruding in our neighbourhood. Please investigate this issue.,roads,english,NYC311_seed_controlled_augmentation
There is a water supply problem involving no water in our neighbourhood. Please send the responsible team to inspect the area.,water_supply,english,NYC311_seed_controlled_augmentation
Please investigate chemical odor outside our building.,environment,english,NYC311_seed_controlled_augmentation
I would like to report: Our area is facing slow leak near the school. We would appreciate assistance with this issue.,water_supply,english,NYC311_seed_controlled_augmentation
Please send a technician because of multiple street lights out outside our building.,electricity,english,NYC311_seed_controlled_augmentation
Residents have complained about bulk-missed collection near the public market.,garbage,english,NYC311_seed_controlled_augmentation
Please address missed recycling-all materials near the school.,garbage,english,NYC311_seed_controlled_augmentation
We need assistance with sewer or drain near our house. Residents are requesting assistance.,drainage,english,NYC311_seed_controlled_augmentation
Failed Street Repair near the hospital. The problem has been continuing for some time.,roads,english,NYC311_seed_controlled_augmentation
"We have noticed oil spill on street, small on the main road. Please take the necessary action.",environment,english,NYC311_seed_controlled_augmentation
We need assistance with sewer backup near the public market.,drainage,english,NYC311_seed_controlled_augmentation
Please send a technician because of lamppost knocked down along the roadside. The problem has been continuing for some time.,electricity,english,NYC311_seed_controlled_augmentation
Residents are concerned about curb defect-metal protruding in the residential area. Residents are requesting assistance.,roads,english,NYC311_seed_controlled_augmentation
Please address loose rubbish near the school.,garbage,english,NYC311_seed_controlled_augmentation
There appears to be low water pressure - wlwp outside our building.,water_supply,english,NYC311_seed_controlled_augmentation
Sewage Leak is affecting the area near the public market. Please resolve this problem as soon as possible.,drainage,english,NYC311_seed_controlled_augmentation
There is an environmental problem involving asbestos complaint near the hospital. Please take the necessary action.,environment,english,NYC311_seed_controlled_augmentation
We have noticed: Please repair broken curb near the junction. The problem has been continuing for some time.,roads,english,NYC311_seed_controlled_augmentation
"We are experiencing: Air: Dust, Other is affecting the surrounding environment in the residential area. Please resolve this problem as soon as possible.",environment,english,NYC311_seed_controlled_augmentation
Residents are concerned about failed street repair near the hospital. This issue needs attention.,roads,english,NYC311_seed_controlled_augmentation
There appears to be heavy flow outside our building.,water_supply,english,NYC311_seed_controlled_augmentation
There is a water supply problem involving possible water main break in the residential area. Please send the responsible team to inspect the area.,water_supply,english,NYC311_seed_controlled_augmentation
I would like to report: There is an environmental problem involving air: other air problem close to the bus stop. Please take the necessary action.,environment,english,NYC311_seed_controlled_augmentation
"Residents are concerned about air: smoke, chimney or vent in the residential area. Please take the necessary action.",environment,english,NYC311_seed_controlled_augmentation
Broken Curb is causing problems for vehicles near the junction. We would appreciate assistance with this issue.,roads,english,NYC311_seed_controlled_augmentation
"People nearby have complained about air: smoke, chimney or vent on the main road.",environment,english,NYC311_seed_controlled_augmentation
Catch Basin Clogged/Flooding is affecting the area in the residential area.,drainage,english,NYC311_seed_controlled_augmentation
We need assistance with street flooding on the main road.,drainage,english,NYC311_seed_controlled_augmentation
Please arrange cleaning because of missed collection near our house.,garbage,english,NYC311_seed_controlled_augmentation
Waste has become a problem due to improper disposal close to the town centre. Please take the necessary action.,garbage,english,NYC311_seed_controlled_augmentation
"Air: Smoke, Vehicular is affecting the surrounding environment near the hospital. Residents are requesting assistance.",environment,english,NYC311_seed_controlled_augmentation
Residents have reported: Wear & Tear is causing problems for vehicles close to the town centre. Residents are requesting assistance.,roads,english,NYC311_seed_controlled_augmentation
Missed Collection is creating an unsanitary condition in the residential area.,garbage,english,NYC311_seed_controlled_augmentation
Please address improper disposal along the roadside. This is causing inconvenience to the public.,garbage,english,NYC311_seed_controlled_augmentation
Residents are reporting sewage odor near the public market. The problem has been continuing for some time.,drainage,english,NYC311_seed_controlled_augmentation
OUTLET/SWITCH is affecting the area near our house.,electricity,english,NYC311_seed_controlled_augmentation
There is street light out close to the bus stop. The problem has been continuing for some time.,electricity,english,NYC311_seed_controlled_augmentation
Please investigate the water issue: leak in the residential area. Please send the responsible team to inspect the area.,water_supply,english,NYC311_seed_controlled_augmentation
Please send a technician because of lamppost wire exposed along the roadside.,electricity,english,NYC311_seed_controlled_augmentation
Please inspect the electrical issue: lamppost knocked down near our house. This issue needs attention.,electricity,english,NYC311_seed_controlled_augmentation
There is pothole close to the town centre. This is causing inconvenience to the public.,roads,english,NYC311_seed_controlled_augmentation
Residents are reporting sewage leak along the roadside.,drainage,english,NYC311_seed_controlled_augmentation
There is lamppost wire exposed in our neighbourhood. Residents are requesting assistance.,electricity,english,NYC311_seed_controlled_augmentation
"Residents are concerned about unsafe chemical, abandoned near our house.",environment,english,NYC311_seed_controlled_augmentation
"Please check: Please investigate unsafe chemical, abandoned along the roadside. Please arrange an inspection.",environment,english,NYC311_seed_controlled_augmentation
Garbage-related problems include missed recycling - m/g/pl near the hospital.,garbage,english,NYC311_seed_controlled_augmentation
The electricity service has a problem with power outage near the school. Please arrange an inspection.,electricity,english,NYC311_seed_controlled_augmentation
"There is a water supply problem involving cloudy or milky, other close to the town centre.",water_supply,english,NYC311_seed_controlled_augmentation
Sewage Leak is affecting the area near the school. We would appreciate assistance with this issue.,drainage,english,NYC311_seed_controlled_augmentation
I would like to report: The road surface is affected by pothole in the residential area.,roads,english,NYC311_seed_controlled_augmentation
"There has been: Please inspect this environmental issue: air: smoke, vehicular near the school.",environment,english,NYC311_seed_controlled_augmentation
We need assistance with sewer backup outside our building. This issue needs attention.,drainage,english,NYC311_seed_controlled_augmentation
The drainage problem appears to involve rain garden flooding near the hospital. We would appreciate assistance with this issue.,drainage,english,NYC311_seed_controlled_augmentation
There is 15 street cond/dump-out/drop-off near our house. Residents are requesting assistance.,garbage,english,NYC311_seed_controlled_augmentation
"Cloudy Or Milky, Other has affected the local water supply near the public market.",water_supply,english,NYC311_seed_controlled_augmentation
The road surface is affected by broken curb on the main road. The problem has been continuing for some time.,roads,english,NYC311_seed_controlled_augmentation
Please arrange cleaning because of missed recycling paper near the school.,garbage,english,NYC311_seed_controlled_augmentation
There is improper disposal near our house. This is causing inconvenience to the public.,garbage,english,NYC311_seed_controlled_augmentation
Garbage-related problems include improper disposal near the school. The problem has been continuing for some time.,garbage,english,NYC311_seed_controlled_augmentation
Please investigate chemical spill/release outside our building. This is causing inconvenience to the public.,environment,english,NYC311_seed_controlled_augmentation
We are experiencing dirty water close to the town centre. This issue needs attention.,water_supply,english,NYC311_seed_controlled_augmentation
Residents are concerned about wear & tear near the school. This issue needs attention.,roads,english,NYC311_seed_controlled_augmentation
"There appears to be: We have noticed air: odor/fumes, vehicle idling near the school. Please send the responsible team to inspect the area.",environment,english,NYC311_seed_controlled_augmentation
"We have noticed air: smoke, vehicular along the roadside.",environment,english,NYC311_seed_controlled_augmentation
I am reporting: Please inspect the drain because of ponding near our house.,drainage,english,NYC311_seed_controlled_augmentation
Please investigate the water issue: damp spot close to the town centre.,water_supply,english,NYC311_seed_controlled_augmentation
The road surface is affected by broken curb near the school.,roads,english,NYC311_seed_controlled_augmentation
Please arrange cleaning because of missed recycling - m/g/pl near our house. The problem has been continuing for some time.,garbage,english,NYC311_seed_controlled_augmentation
The drainage system has manhole overflow in the residential area. Residents are requesting assistance.,drainage,english,NYC311_seed_controlled_augmentation
There is: Residents have reported unknown odor/taste in drinking water on the main road.,water_supply,english,NYC311_seed_controlled_augmentation
"We have noticed oil spill on street, small near the public market. Please take the necessary action.",environment,english,NYC311_seed_controlled_augmentation
Please repair failed street repair along the roadside.,roads,english,NYC311_seed_controlled_augmentation
There appears to be unknown odor/taste in drinking water near our house. The problem has been continuing for some time.,water_supply,english,NYC311_seed_controlled_augmentation
There is defective hardware near the junction.,roads,english,NYC311_seed_controlled_augmentation
Residents are concerned about large number of mosquitoes close to the bus stop.,environment,english,NYC311_seed_controlled_augmentation
Waste has become a problem due to improper disposal outside our building. Please resolve this problem as soon as possible.,garbage,english,NYC311_seed_controlled_augmentation
There is a water supply problem involving leak on the main road.,water_supply,english,NYC311_seed_controlled_augmentation
There is an environmental problem involving chemical spill/release near the junction.,environment,english,NYC311_seed_controlled_augmentation
There appears to be street light lamp dim near the hospital. The problem has been continuing for some time.,electricity,english,NYC311_seed_controlled_augmentation
There is a water supply problem involving possible water main break outside our building.,water_supply,english,NYC311_seed_controlled_augmentation
The area needs cleaning because of improper disposal near the hospital. Please take the necessary action.,garbage,english,NYC311_seed_controlled_augmentation
Residents have reported unknown odor/taste in drinking water near the junction. Please resolve this problem as soon as possible.,water_supply,english,NYC311_seed_controlled_augmentation
We have noticed: Drivers are having difficulty because of pothole - highway close to the town centre. Please arrange an inspection.,roads,english,NYC311_seed_controlled_augmentation
Ponding is affecting the area near the school. Residents are requesting assistance.,drainage,english,NYC311_seed_controlled_augmentation
Our area is facing unknown odor/taste in drinking water near the public market. The problem has been continuing for some time.,water_supply,english,NYC311_seed_controlled_augmentation
Cave-in is causing problems for vehicles near the hospital. Please send the responsible team to inspect the area.,roads,english,NYC311_seed_controlled_augmentation
Residents have reported dirty water outside our building. We would appreciate assistance with this issue.,water_supply,english,NYC311_seed_controlled_augmentation
Please arrange cleaning because of improper disposal outside our building.,garbage,english,NYC311_seed_controlled_augmentation
There is an environmental problem involving ventilation in our neighbourhood. We would appreciate assistance with this issue.,environment,english,NYC311_seed_controlled_augmentation
Please inspect this environmental issue: large number of mosquitoes near our house. This is causing inconvenience to the public.,environment,english,NYC311_seed_controlled_augmentation
I would like to report: OUTLET/SWITCH is affecting the area near the hospital. Please take the necessary action.,electricity,english,NYC311_seed_controlled_augmentation
Please send a technician because of street light out close to the town centre. Please investigate this issue.,electricity,english,NYC311_seed_controlled_augmentation
There appears to be wiring close to the town centre. Please take the necessary action.,electricity,english,NYC311_seed_controlled_augmentation
OUTLET/SWITCH is affecting the area in our neighbourhood. Please arrange an inspection.,electricity,english,NYC311_seed_controlled_augmentation
The road surface is affected by wear & tear along the roadside. Please arrange an inspection.,roads,english,NYC311_seed_controlled_augmentation
"Residents are concerned about rough, pitted or cracked roads close to the bus stop. Residents are requesting assistance.",roads,english,NYC311_seed_controlled_augmentation
Please address missed recycling paper near the public market. This issue needs attention.,garbage,english,NYC311_seed_controlled_augmentation
Loose Rubbish is creating an unsanitary condition in our neighbourhood. Please arrange an inspection.,garbage,english,NYC311_seed_controlled_augmentation
Please inspect the drain because of catch basin clogged/flooding near our house.,drainage,english,NYC311_seed_controlled_augmentation
We need assistance with sewer or drain near the junction.,drainage,english,NYC311_seed_controlled_augmentation
Residents have reported: There is an environmental problem involving asbestos complaint outside our building. Residents are requesting assistance.,environment,english,NYC311_seed_controlled_augmentation
There has been: Please repair failed street repair near the public market.,roads,english,NYC311_seed_controlled_augmentation
There is: Wastewater is causing problems due to culvert blocked/needs cleaning near the junction. Please send the responsible team to inspect the area.,drainage,english,NYC311_seed_controlled_augmentation
Our area is facing hydrant leaking near the public market. Please investigate this issue.,water_supply,english,NYC311_seed_controlled_augmentation
The drainage system has ponding near the junction. This is causing inconvenience to the public.,drainage,english,NYC311_seed_controlled_augmentation
We are experiencing an electrical problem involving lamppost wire exposed near the school.,electricity,english,NYC311_seed_controlled_augmentation
We need assistance with catch basin clogged/flooding near our house. Please investigate this issue.,drainage,english,NYC311_seed_controlled_augmentation
Our area has: There is curb defect-metal protruding in our neighbourhood. Please resolve this problem as soon as possible.,roads,english,NYC311_seed_controlled_augmentation
"Please investigate air: smoke, chimney or vent close to the bus stop.",environment,english,NYC311_seed_controlled_augmentation
Residents have complained about missed collection close to the town centre. Please resolve this problem as soon as possible.,garbage,english,NYC311_seed_controlled_augmentation
Please inspect the drain because of ponding near the school.,drainage,english,NYC311_seed_controlled_augmentation
Residents have complained about dirty area/alleyway outside our building. Please resolve this problem as soon as possible.,garbage,english,NYC311_seed_controlled_augmentation
We have noticed: People nearby have complained about asbestos complaint near the school. Please take the necessary action.,environment,english,NYC311_seed_controlled_augmentation
Waste has become a problem due to missed collection outside our building. Please take the necessary action.,garbage,english,NYC311_seed_controlled_augmentation
The electricity service has a problem with outlet/switch outside our building.,electricity,english,NYC311_seed_controlled_augmentation
There is lighting near the school. Please send the responsible team to inspect the area.,electricity,english,NYC311_seed_controlled_augmentation
There appears to be multiple street lights out near the hospital.,electricity,english,NYC311_seed_controlled_augmentation
Pothole - Highway is causing problems for vehicles along the roadside. Please take the necessary action.,roads,english,NYC311_seed_controlled_augmentation
People nearby have complained about large number of mosquitoes near our house.,environment,english,NYC311_seed_controlled_augmentation
"Air: Smoke, Vehicular is affecting the surrounding environment along the roadside. The problem has been continuing for some time.",environment,english,NYC311_seed_controlled_augmentation
People nearby have complained about chemical odor near the school.,environment,english,NYC311_seed_controlled_augmentation
Residents are concerned about failed street repair close to the bus stop.,roads,english,NYC311_seed_controlled_augmentation
I am reporting: Possible Water Main Break has affected the local water supply near the school. The problem has been continuing for some time.,water_supply,english,NYC311_seed_controlled_augmentation
Pothole - Highway on the main road.,roads,english,NYC311_seed_controlled_augmentation
There is: POWER OUTAGE is affecting the area outside our building. Please take the necessary action.,electricity,english,NYC311_seed_controlled_augmentation
Please check: Defective Hardware is causing problems for vehicles along the roadside.,roads,english,NYC311_seed_controlled_augmentation
"Please investigate air: smoke, chimney or vent close to the town centre. We would appreciate assistance with this issue.",environment,english,NYC311_seed_controlled_augmentation
Residents are concerned about pothole - highway near our house. Please investigate this issue.,roads,english,NYC311_seed_controlled_augmentation
The drainage system has sewer or drain near the public market. We would appreciate assistance with this issue.,drainage,english,NYC311_seed_controlled_augmentation
The road has wear & tear in our neighbourhood. This issue needs attention.,roads,english,NYC311_seed_controlled_augmentation
Our area has: There is pothole near the junction. This is causing inconvenience to the public.,roads,english,NYC311_seed_controlled_augmentation
Please arrange cleaning because of improper disposal in the residential area.,garbage,english,NYC311_seed_controlled_augmentation
There appears to be: Please check the water system because of heavy flow close to the town centre. Please arrange an inspection.,water_supply,english,NYC311_seed_controlled_augmentation
Please address missed recycling paper close to the bus stop. Please take the necessary action.,garbage,english,NYC311_seed_controlled_augmentation
The road surface is affected by pothole near the school.,roads,english,NYC311_seed_controlled_augmentation
We have noticed: There is a water supply problem involving damp spot near the school. This is causing inconvenience to the public.,water_supply,english,NYC311_seed_controlled_augmentation
There has been: The road surface is affected by pothole near the public market. Please arrange an inspection.,roads,english,NYC311_seed_controlled_augmentation
Residents are reporting catch basin clogged/flooding close to the town centre. Please take the necessary action.,drainage,english,NYC311_seed_controlled_augmentation
The drainage problem appears to involve culvert blocked/needs cleaning near the hospital. This is causing inconvenience to the public.,drainage,english,NYC311_seed_controlled_augmentation
We need assistance with sewage leak along the roadside. This is causing inconvenience to the public.,drainage,english,NYC311_seed_controlled_augmentation
We have noticed: Cave-in near the junction.,roads,english,NYC311_seed_controlled_augmentation
The drainage problem appears to involve catch basin clogged/flooding close to the bus stop. Please investigate this issue.,drainage,english,NYC311_seed_controlled_augmentation
Our area has: The road has failed street repair near our house. The problem has been continuing for some time.,roads,english,NYC311_seed_controlled_augmentation
Please repair pothole near the school. Please take the necessary action.,roads,english,NYC311_seed_controlled_augmentation
I am reporting: Please investigate chemical spill/release near the hospital. Please arrange an inspection.,environment,english,NYC311_seed_controlled_augmentation
Residents have complained about missed recycling - m/g/pl near the junction.,garbage,english,NYC311_seed_controlled_augmentation
Garbage-related problems include dirty sidewalk on the main road. Please arrange an inspection.,garbage,english,NYC311_seed_controlled_augmentation
Garbage-related problems include bulk-missed recy collection near the public market. Please resolve this problem as soon as possible.,garbage,english,NYC311_seed_controlled_augmentation
Improper Disposal is creating an unsanitary condition along the roadside. This is causing inconvenience to the public.,garbage,english,NYC311_seed_controlled_augmentation
Residents are concerned about curb defect-metal protruding near the school. Please send the responsible team to inspect the area.,roads,english,NYC311_seed_controlled_augmentation
Residents are concerned about large number of mosquitoes near the public market. Please investigate this issue.,environment,english,NYC311_seed_controlled_augmentation
The electricity service has a problem with lamppost knocked down near the public market. Please take the necessary action.,electricity,english,NYC311_seed_controlled_augmentation
Please arrange cleaning because of missed recycling - m/g/pl near our house. This issue needs attention.,garbage,english,NYC311_seed_controlled_augmentation
The road surface is affected by defective hardware near the hospital. This issue needs attention.,roads,english,NYC311_seed_controlled_augmentation
Please inspect the drain because of ponding near the junction. The problem has been continuing for some time.,drainage,english,NYC311_seed_controlled_augmentation
There is missed recycling - m/g/pl near the school. Residents are requesting assistance.,garbage,english,NYC311_seed_controlled_augmentation
Please send a technician because of no lighting on the main road. This is causing inconvenience to the public.,electricity,english,NYC311_seed_controlled_augmentation
POWER OUTAGE is affecting the area near our house.,electricity,english,NYC311_seed_controlled_augmentation
There is sewage odor near the junction. This issue needs attention.,drainage,english,NYC311_seed_controlled_augmentation
Waste has become a problem due to bulk-missed recy collection in our neighbourhood.,garbage,english,NYC311_seed_controlled_augmentation
Please repair pothole close to the bus stop. We would appreciate assistance with this issue.,roads,english,NYC311_seed_controlled_augmentation
"There has been: Residents are concerned about rough, pitted or cracked roads outside our building. Please take the necessary action.",roads,english,NYC311_seed_controlled_augmentation
We are experiencing an electrical problem involving multiple street lights out near our house.,electricity,english,NYC311_seed_controlled_augmentation
There has been: We need assistance with sewer backup close to the bus stop.,drainage,english,NYC311_seed_controlled_augmentation
Please inspect the electrical issue: electrical wiring defective/exposed outside our building.,electricity,english,NYC311_seed_controlled_augmentation
Please address receptacle violation outside our building.,garbage,english,NYC311_seed_controlled_augmentation
We have noticed: There appears to be dirty water in our neighbourhood.,water_supply,english,NYC311_seed_controlled_augmentation
The area needs cleaning because of missed recycling paper along the roadside.,garbage,english,NYC311_seed_controlled_augmentation
Pothole - Highway is causing problems for vehicles in the residential area.,roads,english,NYC311_seed_controlled_augmentation
Please repair cave-in in the residential area. We would appreciate assistance with this issue.,roads,english,NYC311_seed_controlled_augmentation
"Residents have reported cloudy or milky, other near the junction. Please arrange an inspection.",water_supply,english,NYC311_seed_controlled_augmentation
Garbage-related problems include missed recycling paper close to the town centre.,garbage,english,NYC311_seed_controlled_augmentation
I would like to report: Cave-in is causing problems for vehicles close to the town centre.,roads,english,NYC311_seed_controlled_augmentation
Residents are concerned about ventilation near the public market. Residents are requesting assistance.,environment,english,NYC311_seed_controlled_augmentation
"Rough, Pitted or Cracked Roads is causing problems for vehicles along the roadside.",roads,english,NYC311_seed_controlled_augmentation
"People nearby have complained about air: odor/fumes, restaurant near our house. Please resolve this problem as soon as possible.",environment,english,NYC311_seed_controlled_augmentation
I would like to report: Residents are reporting sewage odor near our house. We would appreciate assistance with this issue.,drainage,english,NYC311_seed_controlled_augmentation
Residents have reported: Please address 15 street cond/dump-out/drop-off in the residential area.,garbage,english,NYC311_seed_controlled_augmentation
Please check: Residents are concerned about failed street repair close to the bus stop. This is causing inconvenience to the public.,roads,english,NYC311_seed_controlled_augmentation
There appears to be: Please address missed recycling paper in our neighbourhood. Please resolve this problem as soon as possible.,garbage,english,NYC311_seed_controlled_augmentation
Please investigate the water issue: leak near our house. Please resolve this problem as soon as possible.,water_supply,english,NYC311_seed_controlled_augmentation
Please inspect the electrical issue: wiring on the main road. The problem has been continuing for some time.,electricity,english,NYC311_seed_controlled_augmentation
"There is an environmental problem involving unsafe chemical, storage close to the bus stop.",environment,english,NYC311_seed_controlled_augmentation
We have noticed: We need assistance with culvert blocked/needs cleaning in our neighbourhood.,drainage,english,NYC311_seed_controlled_augmentation
Please address loose rubbish near the school. We would appreciate assistance with this issue.,garbage,english,NYC311_seed_controlled_augmentation
Our area is facing low water pressure - wlwp near the school. The problem has been continuing for some time.,water_supply,english,NYC311_seed_controlled_augmentation
"We have noticed unsafe chemical, storage outside our building.",environment,english,NYC311_seed_controlled_augmentation
We have noticed chemical spill/release near the public market. Please investigate this issue.,environment,english,NYC311_seed_controlled_augmentation
"Please inspect this environmental issue: air: smoke, vehicular near the hospital. Residents are requesting assistance.",environment,english,NYC311_seed_controlled_augmentation
Drivers are having difficulty because of failed street repair outside our building. Please arrange an inspection.,roads,english,NYC311_seed_controlled_augmentation
I am reporting: There is manhole overflow near the hospital. Please arrange an inspection.,drainage,english,NYC311_seed_controlled_augmentation
Wastewater is causing problems due to catch basin clogged/flooding near the junction. Please take the necessary action.,drainage,english,NYC311_seed_controlled_augmentation
Our area has: Please arrange cleaning because of missed collection near our house. Residents are requesting assistance.,garbage,english,NYC311_seed_controlled_augmentation
People nearby have complained about chemical spill/release close to the bus stop. The problem has been continuing for some time.,environment,english,NYC311_seed_controlled_augmentation
People nearby have complained about chemical spill/release close to the bus stop.,environment,english,NYC311_seed_controlled_augmentation
Residents are concerned about pothole - highway on the main road. This is causing inconvenience to the public.,roads,english,NYC311_seed_controlled_augmentation
Please inspect the electrical issue: lamppost knocked down near the public market. Please resolve this problem as soon as possible.,electricity,english,NYC311_seed_controlled_augmentation
There is catch basin clogged/flooding in the residential area. Please resolve this problem as soon as possible.,drainage,english,NYC311_seed_controlled_augmentation
Our area is facing leak near the hospital. Please investigate this issue.,water_supply,english,NYC311_seed_controlled_augmentation
The electricity service has a problem with lamppost knocked down close to the town centre. Please send the responsible team to inspect the area.,electricity,english,NYC311_seed_controlled_augmentation
There is no lighting close to the bus stop. Please send the responsible team to inspect the area.,electricity,english,NYC311_seed_controlled_augmentation
Our area has: We need assistance with street flooding near the public market. Residents are requesting assistance.,drainage,english,NYC311_seed_controlled_augmentation
Waste has become a problem due to loose rubbish near the hospital. We would appreciate assistance with this issue.,garbage,english,NYC311_seed_controlled_augmentation
There has been: Residents are reporting culvert blocked/needs cleaning in the residential area. Please take the necessary action.,drainage,english,NYC311_seed_controlled_augmentation
HEAVY FLOW has affected the local water supply near the school.,water_supply,english,NYC311_seed_controlled_augmentation
"There appears to be: There is an environmental problem involving unsafe chemical, abandoned along the roadside. Please send the responsible team to inspect the area.",environment,english,NYC311_seed_controlled_augmentation
"Please investigate the water issue: taste/odor, bitter/metallic near the hospital. This issue needs attention.",water_supply,english,NYC311_seed_controlled_augmentation
Lamppost Knocked Down is affecting the area in the residential area. Residents are requesting assistance.,electricity,english,NYC311_seed_controlled_augmentation
Garbage-related problems include dirty area/alleyway along the roadside. Please send the responsible team to inspect the area.,garbage,english,NYC311_seed_controlled_augmentation
"We have noticed: Air: Dust, Construction/Demolition is affecting the surrounding environment close to the bus stop. The problem has been continuing for some time.",environment,english,NYC311_seed_controlled_augmentation
The electricity service has a problem with lighting on the main road. Please send the responsible team to inspect the area.,electricity,english,NYC311_seed_controlled_augmentation
There is a water supply problem involving leak in the residential area. The problem has been continuing for some time.,water_supply,english,NYC311_seed_controlled_augmentation
Please send a technician because of power outage in our neighbourhood. Please arrange an inspection.,electricity,english,NYC311_seed_controlled_augmentation
"Residents are concerned about unsafe chemical, storage on the main road.",environment,english,NYC311_seed_controlled_augmentation
There appears to be lighting outside our building. This issue needs attention.,electricity,english,NYC311_seed_controlled_augmentation
The drainage system has sewage leak near the public market. This is causing inconvenience to the public.,drainage,english,NYC311_seed_controlled_augmentation
I would like to report: There is wear & tear near the school. Please arrange an inspection.,roads,english,NYC311_seed_controlled_augmentation
Residents have reported electrical wiring defective/exposed close to the bus stop.,electricity,english,NYC311_seed_controlled_augmentation
Street Flooding is affecting the area close to the town centre.,drainage,english,NYC311_seed_controlled_augmentation
Waste has become a problem due to bulk-missed recy collection near our house. Please investigate this issue.,garbage,english,NYC311_seed_controlled_augmentation
The area needs cleaning because of bulk-missed collection outside our building. This is causing inconvenience to the public.,garbage,english,NYC311_seed_controlled_augmentation
"Please inspect this environmental issue: air: smoke, vehicular near the public market. Please send the responsible team to inspect the area.",environment,english,NYC311_seed_controlled_augmentation
Residents are concerned about defective hardware near the hospital. Residents are requesting assistance.,roads,english,NYC311_seed_controlled_augmentation
Our area is facing dirty water close to the town centre. This issue needs attention.,water_supply,english,NYC311_seed_controlled_augmentation
Residents are reporting catch basin clogged/flooding on the main road. Please investigate this issue.,drainage,english,NYC311_seed_controlled_augmentation
Please inspect the electrical issue: electrical wiring defective/exposed close to the town centre. We would appreciate assistance with this issue.,electricity,english,NYC311_seed_controlled_augmentation
We are experiencing: Residents are concerned about asbestos complaint near our house.,environment,english,NYC311_seed_controlled_augmentation
The drainage problem appears to involve culvert blocked/needs cleaning along the roadside. This is causing inconvenience to the public.,drainage,english,NYC311_seed_controlled_augmentation
Garbage-related problems include 15 street cond/dump-out/drop-off close to the town centre. The problem has been continuing for some time.,garbage,english,NYC311_seed_controlled_augmentation
Please address improper disposal near the junction.,garbage,english,NYC311_seed_controlled_augmentation
We have noticed: Please inspect the drain because of sewage leak outside our building. Please take the necessary action.,drainage,english,NYC311_seed_controlled_augmentation
Pothole is causing problems for vehicles near the hospital. We would appreciate assistance with this issue.,roads,english,NYC311_seed_controlled_augmentation
The area is affected by asbestos complaint near the school.,environment,english,NYC311_seed_controlled_augmentation
Residents are concerned about wear & tear along the roadside. Please arrange an inspection.,roads,english,NYC311_seed_controlled_augmentation
"Please inspect this environmental issue: air: smoke, chimney or vent outside our building.",environment,english,NYC311_seed_controlled_augmentation
Garbage-related problems include receptacle violation near the junction. This is causing inconvenience to the public.,garbage,english,NYC311_seed_controlled_augmentation
"Residents are concerned about rough, pitted or cracked roads near the hospital. Please resolve this problem as soon as possible.",roads,english,NYC311_seed_controlled_augmentation
Our area is facing low water pressure - wlwp near the public market. Please take the necessary action.,water_supply,english,NYC311_seed_controlled_augmentation
There is sewer or drain close to the bus stop. Please send the responsible team to inspect the area.,drainage,english,NYC311_seed_controlled_augmentation
I would like to report: Please repair pothole near our house.,roads,english,NYC311_seed_controlled_augmentation
"People nearby have complained about air: smoke, vehicular near the junction.",environment,english,NYC311_seed_controlled_augmentation
Please arrange cleaning because of improper disposal near the junction. Please investigate this issue.,garbage,english,NYC311_seed_controlled_augmentation
The drainage problem appears to involve sewage leak on the main road.,drainage,english,NYC311_seed_controlled_augmentation
"Please inspect this environmental issue: air: odor/fumes, restaurant in the residential area. Please take the necessary action.",environment,english,NYC311_seed_controlled_augmentation
Wastewater is causing problems due to ponding along the roadside.,drainage,english,NYC311_seed_controlled_augmentation
Please inspect the drain because of sewage leak along the roadside. Please investigate this issue.,drainage,english,NYC311_seed_controlled_augmentation
"Residents are concerned about air: smoke, chimney or vent near the public market.",environment,english,NYC311_seed_controlled_augmentation
There is: The area is affected by asbestos complaint outside our building. Please take the necessary action.,environment,english,NYC311_seed_controlled_augmentation
"Residents are concerned about oil spill on street, small in our neighbourhood. This issue needs attention.",environment,english,NYC311_seed_controlled_augmentation
Lamppost Knocked Down is affecting the area outside our building.,electricity,english,NYC311_seed_controlled_augmentation
"There is an environmental problem involving oil spill on street, large close to the bus stop. Please resolve this problem as soon as possible.",environment,english,NYC311_seed_controlled_augmentation
There is: Sewer or Drain is affecting the area close to the bus stop.,drainage,english,NYC311_seed_controlled_augmentation
There is: Please inspect the electrical issue: lamppost knocked down near the hospital. This is causing inconvenience to the public.,electricity,english,NYC311_seed_controlled_augmentation
Sewer or Drain is affecting the area along the roadside.,drainage,english,NYC311_seed_controlled_augmentation
Residents are reporting catch basin clogged/flooding near the school. The problem has been continuing for some time.,drainage,english,NYC311_seed_controlled_augmentation
The road surface is affected by pothole near the hospital. Please send the responsible team to inspect the area.,roads,english,NYC311_seed_controlled_augmentation
Defective Hardware along the roadside. The problem has been continuing for some time.,roads,english,NYC311_seed_controlled_augmentation
The area needs cleaning because of missed recycling-all materials close to the bus stop. Please take the necessary action.,garbage,english,NYC311_seed_controlled_augmentation
Residents are reporting street flooding near our house. This is causing inconvenience to the public.,drainage,english,NYC311_seed_controlled_augmentation
"Please investigate air: smoke, vehicular near the public market. Please investigate this issue.",environment,english,NYC311_seed_controlled_augmentation
People nearby have complained about ventilation close to the bus stop.,environment,english,NYC311_seed_controlled_augmentation
Please address loose rubbish along the roadside.,garbage,english,NYC311_seed_controlled_augmentation
I would like to report: There is bulk-missed collection in our neighbourhood.,garbage,english,NYC311_seed_controlled_augmentation
Our area has: Residents are reporting culvert blocked/needs cleaning close to the bus stop. This issue needs attention.,drainage,english,NYC311_seed_controlled_augmentation
Please send a technician because of lighting close to the bus stop. Please send the responsible team to inspect the area.,electricity,english,NYC311_seed_controlled_augmentation
There appears to be: Residents are concerned about asbestos complaint near the public market.,environment,english,NYC311_seed_controlled_augmentation
"There is an environmental problem involving air: odor/fumes, vehicle idling near the hospital. Please take the necessary action.",environment,english,NYC311_seed_controlled_augmentation
Please inspect this environmental issue: asbestos complaint in our neighbourhood.,environment,english,NYC311_seed_controlled_augmentation
Residents have reported possible water main break close to the bus stop.,water_supply,english,NYC311_seed_controlled_augmentation
There is: The drainage system has culvert blocked/needs cleaning along the roadside.,drainage,english,NYC311_seed_controlled_augmentation
Residents are reporting rain garden flooding on the main road. Please arrange an inspection.,drainage,english,NYC311_seed_controlled_augmentation
Please check the water system because of no water in our neighbourhood. Please arrange an inspection.,water_supply,english,NYC311_seed_controlled_augmentation
There appears to be wiring near the junction.,electricity,english,NYC311_seed_controlled_augmentation
"I am reporting: Please inspect this environmental issue: air: dust, other near the public market. Please take the necessary action.",environment,english,NYC311_seed_controlled_augmentation
Please inspect the electrical issue: electrical wiring defective/exposed along the roadside. Please arrange an inspection.,electricity,english,NYC311_seed_controlled_augmentation
"Residents have reported cloudy or milky, other close to the town centre.",water_supply,english,NYC311_seed_controlled_augmentation
Residents have reported street light out in the residential area. Please resolve this problem as soon as possible.,electricity,english,NYC311_seed_controlled_augmentation
"Please inspect this environmental issue: air: smoke, chimney or vent outside our building. This is causing inconvenience to the public.",environment,english,NYC311_seed_controlled_augmentation
There is an environmental problem involving chemical odor in our neighbourhood. Please resolve this problem as soon as possible.,environment,english,NYC311_seed_controlled_augmentation
Please address missed recycling-all materials near the public market.,garbage,english,NYC311_seed_controlled_augmentation
Cave-in is causing problems for vehicles close to the bus stop. Please send the responsible team to inspect the area.,roads,english,NYC311_seed_controlled_augmentation
"Our area has: Our area is facing taste/odor, chlorine on the main road. Please send the responsible team to inspect the area.",water_supply,english,NYC311_seed_controlled_augmentation
Our area has: Residents are concerned about pothole - highway close to the town centre. This issue needs attention.,roads,english,NYC311_seed_controlled_augmentation
"People nearby have complained about unsafe chemical, abandoned close to the bus stop.",environment,english,NYC311_seed_controlled_augmentation
"Please repair rough, pitted or cracked roads in our neighbourhood. Please send the responsible team to inspect the area.",roads,english,NYC311_seed_controlled_augmentation
There is missed recycling - m/g/pl near the junction.,garbage,english,NYC311_seed_controlled_augmentation
There appears to be: Please send a technician because of no lighting along the roadside. Residents are requesting assistance.,electricity,english,NYC311_seed_controlled_augmentation
The area is affected by large number of mosquitoes close to the bus stop.,environment,english,NYC311_seed_controlled_augmentation
The electricity service has a problem with power outage near the public market. Please investigate this issue.,electricity,english,NYC311_seed_controlled_augmentation
We are experiencing: Residents have reported leak near the school. Residents are requesting assistance.,water_supply,english,NYC311_seed_controlled_augmentation
"Residents are concerned about unsafe chemical, abandoned in the residential area. Please resolve this problem as soon as possible.",environment,english,NYC311_seed_controlled_augmentation
The road surface is affected by wear & tear near the school. We would appreciate assistance with this issue.,roads,english,NYC311_seed_controlled_augmentation
Residents have complained about missed recycling-all materials near the hospital.,garbage,english,NYC311_seed_controlled_augmentation
Please arrange cleaning because of missed recycling-all materials near the public market. We would appreciate assistance with this issue.,garbage,english,NYC311_seed_controlled_augmentation
"Residents are concerned about oil spill on street, large outside our building. Please investigate this issue.",environment,english,NYC311_seed_controlled_augmentation
There is: Please send a technician because of outlet/switch in our neighbourhood.,electricity,english,NYC311_seed_controlled_augmentation
I would like to report: Residents are concerned about pothole - highway close to the bus stop.,roads,english,NYC311_seed_controlled_augmentation
Please repair cave-in close to the bus stop.,roads,english,NYC311_seed_controlled_augmentation
Residents have reported hydrant leaking near the public market.,water_supply,english,NYC311_seed_controlled_augmentation
"Air: Smoke, Vehicular is affecting the surrounding environment near the school. Please investigate this issue.",environment,english,NYC311_seed_controlled_augmentation
There is power outage near the school. Residents are requesting assistance.,electricity,english,NYC311_seed_controlled_augmentation
WIRING is affecting the area outside our building. Residents are requesting assistance.,electricity,english,NYC311_seed_controlled_augmentation
The road surface is affected by defective hardware close to the bus stop. This is causing inconvenience to the public.,roads,english,NYC311_seed_controlled_augmentation
Residents have reported: We are experiencing unknown odor/taste in drinking water near the school. Please send the responsible team to inspect the area.,water_supply,english,NYC311_seed_controlled_augmentation
Please investigate the water issue: low water pressure - wlwp near the junction. Residents are requesting assistance.,water_supply,english,NYC311_seed_controlled_augmentation
There is: The area needs cleaning because of dirty sidewalk in our neighbourhood.,garbage,english,NYC311_seed_controlled_augmentation
We need assistance with sewage odor near the school. Please investigate this issue.,drainage,english,NYC311_seed_controlled_augmentation
The electricity service has a problem with lamppost knocked down near the hospital.,electricity,english,NYC311_seed_controlled_augmentation
Residents have reported outlet/switch along the roadside. Please arrange an inspection.,electricity,english,NYC311_seed_controlled_augmentation
We need assistance with sewer or drain near the school. Please arrange an inspection.,drainage,english,NYC311_seed_controlled_augmentation
Drivers are having difficulty because of failed street repair near our house. The problem has been continuing for some time.,roads,english,NYC311_seed_controlled_augmentation
Residents have reported outlet/switch near the school. Please investigate this issue.,electricity,english,NYC311_seed_controlled_augmentation
"Air: Smoke, Chimney or vent is affecting the surrounding environment in our neighbourhood.",environment,english,NYC311_seed_controlled_augmentation
Our area has: Leak has affected the local water supply on the main road. Please investigate this issue.,water_supply,english,NYC311_seed_controlled_augmentation
Please repair cave-in near our house.,roads,english,NYC311_seed_controlled_augmentation
The electricity service has a problem with street light lamp dim close to the bus stop.,electricity,english,NYC311_seed_controlled_augmentation
Residents have reported no lighting outside our building. Please take the necessary action.,electricity,english,NYC311_seed_controlled_augmentation
Residents are reporting manhole overflow near the junction. Please resolve this problem as soon as possible.,drainage,english,NYC311_seed_controlled_augmentation
"People nearby have complained about air: smoke, vehicular outside our building.",environment,english,NYC311_seed_controlled_augmentation
Residents have reported electrical wiring defective/exposed near the public market.,electricity,english,NYC311_seed_controlled_augmentation
There is receptacle violation near our house. We would appreciate assistance with this issue.,garbage,english,NYC311_seed_controlled_augmentation
Please check: Garbage-related problems include loose rubbish near the hospital. This issue needs attention.,garbage,english,NYC311_seed_controlled_augmentation
Please inspect the drain because of street flooding near the hospital. Please send the responsible team to inspect the area.,drainage,english,NYC311_seed_controlled_augmentation
Residents are reporting sewer or drain in our neighbourhood.,drainage,english,NYC311_seed_controlled_augmentation
Leak has affected the local water supply near the public market.,water_supply,english,NYC311_seed_controlled_augmentation
We have noticed: Residents are concerned about air: other air problem outside our building.,environment,english,NYC311_seed_controlled_augmentation
"Please investigate air: smoke, vehicular on the main road. Please resolve this problem as soon as possible.",environment,english,NYC311_seed_controlled_augmentation
The area is affected by large number of mosquitoes close to the town centre. Residents are requesting assistance.,environment,english,NYC311_seed_controlled_augmentation
"Residents are concerned about oil spill on street, small near the school. Please arrange an inspection.",environment,english,NYC311_seed_controlled_augmentation
Our area is facing possible water main break close to the bus stop.,water_supply,english,NYC311_seed_controlled_augmentation
We have noticed: The area needs cleaning because of missed collection in our neighbourhood.,garbage,english,NYC311_seed_controlled_augmentation
POWER OUTAGE is affecting the area near the school.,electricity,english,NYC311_seed_controlled_augmentation
"Residents are concerned about air: odor/fumes, vehicle idling close to the town centre. Please take the necessary action.",environment,english,NYC311_seed_controlled_augmentation
Please check the water system because of heavy flow close to the bus stop. Please arrange an inspection.,water_supply,english,NYC311_seed_controlled_augmentation
Garbage-related problems include 15 street cond/dump-out/drop-off in our neighbourhood.,garbage,english,NYC311_seed_controlled_augmentation
I am reporting: Residents are concerned about chemical odor in our neighbourhood.,environment,english,NYC311_seed_controlled_augmentation
We are experiencing an electrical problem involving street light out near the hospital.,electricity,english,NYC311_seed_controlled_augmentation
There appears to be: The drainage problem appears to involve rain garden flooding along the roadside.,drainage,english,NYC311_seed_controlled_augmentation
Please arrange cleaning because of missed recycling-all materials near the public market.,garbage,english,NYC311_seed_controlled_augmentation
Our area is facing dirty water in the residential area.,water_supply,english,NYC311_seed_controlled_augmentation
The road surface is affected by broken curb near the public market.,roads,english,NYC311_seed_controlled_augmentation
The electricity service has a problem with lamppost knocked down close to the bus stop. Please arrange an inspection.,electricity,english,NYC311_seed_controlled_augmentation
"Air: Dust, Other is affecting the surrounding environment in the residential area.",environment,english,NYC311_seed_controlled_augmentation
The drainage problem appears to involve culvert blocked/needs cleaning on the main road. Please investigate this issue.,drainage,english,NYC311_seed_controlled_augmentation
We are experiencing an electrical problem involving lamppost wire exposed along the roadside.,electricity,english,NYC311_seed_controlled_augmentation
Residents have complained about receptacle violation near the junction.,garbage,english,NYC311_seed_controlled_augmentation
"Please investigate the water issue: taste/odor, bitter/metallic close to the bus stop. We would appreciate assistance with this issue.",water_supply,english,NYC311_seed_controlled_augmentation
We are experiencing an electrical problem involving multiple street lights out in our neighbourhood. This issue needs attention.,electricity,english,NYC311_seed_controlled_augmentation
The area is affected by large number of mosquitoes near our house.,environment,english,NYC311_seed_controlled_augmentation
Missed Collection is creating an unsanitary condition along the roadside.,garbage,english,NYC311_seed_controlled_augmentation
Please investigate chemical vapors/gases/odors near our house. We would appreciate assistance with this issue.,environment,english,NYC311_seed_controlled_augmentation
Please inspect the electrical issue: street light out close to the town centre.,electricity,english,NYC311_seed_controlled_augmentation
We are experiencing heavy flow close to the bus stop. Please resolve this problem as soon as possible.,water_supply,english,NYC311_seed_controlled_augmentation
Please investigate the water issue: heavy flow in our neighbourhood.,water_supply,english,NYC311_seed_controlled_augmentation
We are experiencing leak close to the town centre. The problem has been continuing for some time.,water_supply,english,NYC311_seed_controlled_augmentation
We need assistance with culvert blocked/needs cleaning on the main road.,drainage,english,NYC311_seed_controlled_augmentation
There appears to be heavy flow close to the bus stop. Please arrange an inspection.,water_supply,english,NYC311_seed_controlled_augmentation
There is: Residents have complained about receptacle violation near our house.,garbage,english,NYC311_seed_controlled_augmentation
Please check: Please inspect the drain because of street flooding outside our building.,drainage,english,NYC311_seed_controlled_augmentation
The electricity service has a problem with multiple street lights out near the hospital. Residents are requesting assistance.,electricity,english,NYC311_seed_controlled_augmentation
Our area has: The drainage problem appears to involve catch basin clogged/flooding along the roadside.,drainage,english,NYC311_seed_controlled_augmentation
Wastewater is causing problems due to ponding near the junction. This is causing inconvenience to the public.,drainage,english,NYC311_seed_controlled_augmentation
Please inspect the drain because of sewer backup near the hospital.,drainage,english,NYC311_seed_controlled_augmentation
"Our area has: Residents are concerned about oil spill on street, small near the school.",environment,english,NYC311_seed_controlled_augmentation
Garbage-related problems include receptacle violation in our neighbourhood. Residents are requesting assistance.,garbage,english,NYC311_seed_controlled_augmentation
I am reporting: There is dirty sidewalk near the public market. Residents are requesting assistance.,garbage,english,NYC311_seed_controlled_augmentation
The road has broken curb along the roadside.,roads,english,NYC311_seed_controlled_augmentation
The road surface is affected by failed street repair near the school. Please resolve this problem as soon as possible.,roads,english,NYC311_seed_controlled_augmentation
There appears to be: There is sewage odor in our neighbourhood. This is causing inconvenience to the public.,drainage,english,NYC311_seed_controlled_augmentation
There is: The electricity service has a problem with power outage outside our building. Please send the responsible team to inspect the area.,electricity,english,NYC311_seed_controlled_augmentation
Electrical Wiring Defective/Exposed is affecting the area outside our building. Please take the necessary action.,electricity,english,NYC311_seed_controlled_augmentation
There is: The area needs cleaning because of missed recycling paper near the hospital.,garbage,english,NYC311_seed_controlled_augmentation
The road has wear & tear near the school. Please arrange an inspection.,roads,english,NYC311_seed_controlled_augmentation
Drivers are having difficulty because of pothole - highway near the junction. This is causing inconvenience to the public.,roads,english,NYC311_seed_controlled_augmentation
"There is an environmental problem involving unsafe chemical, storage in our neighbourhood. Residents are requesting assistance.",environment,english,NYC311_seed_controlled_augmentation
The drainage system has culvert blocked/needs cleaning near the junction. Please arrange an inspection.,drainage,english,NYC311_seed_controlled_augmentation
Cave-in is causing problems for vehicles in the residential area. We would appreciate assistance with this issue.,roads,english,NYC311_seed_controlled_augmentation
"Please investigate unsafe chemical, abandoned near the junction.",environment,english,NYC311_seed_controlled_augmentation
There appears to be street light lamp dim close to the bus stop. Please investigate this issue.,electricity,english,NYC311_seed_controlled_augmentation
"Please inspect this environmental issue: unsafe chemical, storage on the main road. This issue needs attention.",environment,english,NYC311_seed_controlled_augmentation
Garbage-related problems include improper disposal close to the town centre. The problem has been continuing for some time.,garbage,english,NYC311_seed_controlled_augmentation
Our area is facing dirty water along the roadside. We would appreciate assistance with this issue.,water_supply,english,NYC311_seed_controlled_augmentation
There appears to be: Residents have complained about bulk-missed recy collection near our house.,garbage,english,NYC311_seed_controlled_augmentation
The drainage system has sewer or drain on the main road. We would appreciate assistance with this issue.,drainage,english,NYC311_seed_controlled_augmentation
"There is rough, pitted or cracked roads in the residential area.",roads,english,NYC311_seed_controlled_augmentation
Please investigate the water issue: dirty water close to the bus stop. The problem has been continuing for some time.,water_supply,english,NYC311_seed_controlled_augmentation
"Our area is facing taste/odor, chlorine close to the bus stop. This issue needs attention.",water_supply,english,NYC311_seed_controlled_augmentation
"Air: Odor/Fumes, Restaurant is affecting the surrounding environment close to the town centre. Please investigate this issue.",environment,english,NYC311_seed_controlled_augmentation
Please repair defective hardware along the roadside. Please resolve this problem as soon as possible.,roads,english,NYC311_seed_controlled_augmentation
Residents have reported no water along the roadside. This is causing inconvenience to the public.,water_supply,english,NYC311_seed_controlled_augmentation
Asbestos Complaint is affecting the surrounding environment near the junction. Please arrange an inspection.,environment,english,NYC311_seed_controlled_augmentation
"The road has rough, pitted or cracked roads near our house. Please arrange an inspection.",roads,english,NYC311_seed_controlled_augmentation
Sewage Odor is affecting the area near the public market. Please resolve this problem as soon as possible.,drainage,english,NYC311_seed_controlled_augmentation
I am reporting: Residents have complained about receptacle violation on the main road. We would appreciate assistance with this issue.,garbage,english,NYC311_seed_controlled_augmentation
Please investigate the water issue: heavy flow near the public market. Please arrange an inspection.,water_supply,english,NYC311_seed_controlled_augmentation
"Please investigate unsafe chemical, storage near the public market. We would appreciate assistance with this issue.",environment,english,NYC311_seed_controlled_augmentation
We are experiencing low water pressure - wlwp near the junction. Please send the responsible team to inspect the area.,water_supply,english,NYC311_seed_controlled_augmentation
Please investigate the water issue: possible water main break near the school.,water_supply,english,NYC311_seed_controlled_augmentation
Please address dirty area/alleyway in our neighbourhood. Residents are requesting assistance.,garbage,english,NYC311_seed_controlled_augmentation
Residents have reported no water in our neighbourhood. Please arrange an inspection.,water_supply,english,NYC311_seed_controlled_augmentation
We are experiencing no water near the public market.,water_supply,english,NYC311_seed_controlled_augmentation
Residents are concerned about large number of mosquitoes on the main road.,environment,english,NYC311_seed_controlled_augmentation
The road has broken curb near our house. The problem has been continuing for some time.,roads,english,NYC311_seed_controlled_augmentation
Our area has: We are experiencing an electrical problem involving street light out on the main road. Please arrange an inspection.,electricity,english,NYC311_seed_controlled_augmentation
There is: We are experiencing an electrical problem involving multiple street lights out near the hospital.,electricity,english,NYC311_seed_controlled_augmentation
"Oil Spill On Street, Large is affecting the surrounding environment near the hospital. The problem has been continuing for some time.",environment,english,NYC311_seed_controlled_augmentation
There is sewer backup near the public market. Please take the necessary action.,drainage,english,NYC311_seed_controlled_augmentation
Air: Other Air Problem is affecting the surrounding environment near the hospital. This issue needs attention.,environment,english,NYC311_seed_controlled_augmentation
Street Light Out is affecting the area close to the town centre. This is causing inconvenience to the public.,electricity,english,NYC311_seed_controlled_augmentation
Manhole Overflow is affecting the area along the roadside. Please investigate this issue.,drainage,english,NYC311_seed_controlled_augmentation
Please address 15 street cond/dump-out/drop-off near the hospital. This issue needs attention.,garbage,english,NYC311_seed_controlled_augmentation
Our area has: Please repair pothole - highway in the residential area.,roads,english,NYC311_seed_controlled_augmentation
The road surface is affected by broken curb close to the bus stop.,roads,english,NYC311_seed_controlled_augmentation
Please repair defective hardware on the main road. This issue needs attention.,roads,english,NYC311_seed_controlled_augmentation
Please send a technician because of street light lamp dim in the residential area. Please resolve this problem as soon as possible.,electricity,english,NYC311_seed_controlled_augmentation
We need assistance with sewage leak close to the town centre.,drainage,english,NYC311_seed_controlled_augmentation
There is a water supply problem involving heavy flow on the main road. Please resolve this problem as soon as possible.,water_supply,english,NYC311_seed_controlled_augmentation
Please send a technician because of power outage outside our building.,electricity,english,NYC311_seed_controlled_augmentation
Residents have reported: Residents are reporting culvert blocked/needs cleaning on the main road. This is causing inconvenience to the public.,drainage,english,NYC311_seed_controlled_augmentation
Please inspect the drain because of sewer or drain outside our building. Residents are requesting assistance.,drainage,english,NYC311_seed_controlled_augmentation
Please send a technician because of lamppost wire exposed outside our building. This issue needs attention.,electricity,english,NYC311_seed_controlled_augmentation
Please repair defective hardware close to the bus stop. This issue needs attention.,roads,english,NYC311_seed_controlled_augmentation
The drainage problem appears to involve street flooding on the main road. The problem has been continuing for some time.,drainage,english,NYC311_seed_controlled_augmentation
We are experiencing leak near the school. The problem has been continuing for some time.,water_supply,english,NYC311_seed_controlled_augmentation
"Please check: Residents are concerned about air: odor/fumes, vehicle idling outside our building. Please investigate this issue.",environment,english,NYC311_seed_controlled_augmentation
There is bulk-missed collection close to the bus stop. Please arrange an inspection.,garbage,english,NYC311_seed_controlled_augmentation
Please inspect the electrical issue: outlet/switch near the school. Residents are requesting assistance.,electricity,english,NYC311_seed_controlled_augmentation
There is culvert blocked/needs cleaning near the hospital.,drainage,english,NYC311_seed_controlled_augmentation
The road has defective hardware outside our building. This is causing inconvenience to the public.,roads,english,NYC311_seed_controlled_augmentation
Pothole near the school. This issue needs attention.,roads,english,NYC311_seed_controlled_augmentation
Residents have reported: Please send a technician because of power outage on the main road.,electricity,english,NYC311_seed_controlled_augmentation
There is broken curb near the hospital. Please resolve this problem as soon as possible.,roads,english,NYC311_seed_controlled_augmentation
There is manhole overflow near our house.,drainage,english,NYC311_seed_controlled_augmentation
Please arrange cleaning because of bulk-missed collection near the public market.,garbage,english,NYC311_seed_controlled_augmentation
Curb Defect-Metal Protruding is causing problems for vehicles near our house. Please investigate this issue.,roads,english,NYC311_seed_controlled_augmentation
Waste has become a problem due to 15 street cond/dump-out/drop-off close to the bus stop. This is causing inconvenience to the public.,garbage,english,NYC311_seed_controlled_augmentation
Wastewater is causing problems due to rain garden flooding close to the bus stop. Please resolve this problem as soon as possible.,drainage,english,NYC311_seed_controlled_augmentation
Please send a technician because of lamppost wire exposed near the public market. Please send the responsible team to inspect the area.,electricity,english,NYC311_seed_controlled_augmentation
"Residents have reported taste/odor, bitter/metallic near the school. Please arrange an inspection.",water_supply,english,NYC311_seed_controlled_augmentation
Residents are concerned about failed street repair on the main road.,roads,english,NYC311_seed_controlled_augmentation
There has been: Residents are reporting culvert blocked/needs cleaning near the hospital. The problem has been continuing for some time.,drainage,english,NYC311_seed_controlled_augmentation
Please check the water system because of hydrant leaking near the junction. Please resolve this problem as soon as possible.,water_supply,english,NYC311_seed_controlled_augmentation
Cave-in near the public market. Please arrange an inspection.,roads,english,NYC311_seed_controlled_augmentation
The area needs cleaning because of missed recycling-all materials in the residential area.,garbage,english,NYC311_seed_controlled_augmentation
There is wear & tear along the roadside. We would appreciate assistance with this issue.,roads,english,NYC311_seed_controlled_augmentation
I am reporting: The area needs cleaning because of receptacle violation outside our building. Please arrange an inspection.,garbage,english,NYC311_seed_controlled_augmentation
Please address missed recycling - m/g/pl near the school. Residents are requesting assistance.,garbage,english,NYC311_seed_controlled_augmentation
We need assistance with manhole overflow near the junction.,drainage,english,NYC311_seed_controlled_augmentation
"We have noticed: Residents are concerned about oil spill on street, large near the hospital. We would appreciate assistance with this issue.",environment,english,NYC311_seed_controlled_augmentation
DAMP SPOT has affected the local water supply in our neighbourhood.,water_supply,english,NYC311_seed_controlled_augmentation
The electricity service has a problem with no lighting on the main road.,electricity,english,NYC311_seed_controlled_augmentation
There appears to be: Residents have reported power outage near the school. Please resolve this problem as soon as possible.,electricity,english,NYC311_seed_controlled_augmentation
Pothole - Highway in the residential area.,roads,english,NYC311_seed_controlled_augmentation
Please repair curb defect-metal protruding in the residential area. This issue needs attention.,roads,english,NYC311_seed_controlled_augmentation
The drainage problem appears to involve sewer or drain close to the bus stop. Please resolve this problem as soon as possible.,drainage,english,NYC311_seed_controlled_augmentation
Please investigate chemical vapors/gases/odors along the roadside. The problem has been continuing for some time.,environment,english,NYC311_seed_controlled_augmentation
Please arrange cleaning because of missed collection near the school.,garbage,english,NYC311_seed_controlled_augmentation
Drivers are having difficulty because of broken curb near the hospital.,roads,english,NYC311_seed_controlled_augmentation
Drivers are having difficulty because of failed street repair along the roadside. Please take the necessary action.,roads,english,NYC311_seed_controlled_augmentation
There is receptacle violation along the roadside.,garbage,english,NYC311_seed_controlled_augmentation
Please send a technician because of outlet/switch near the hospital.,electricity,english,NYC311_seed_controlled_augmentation
"We are experiencing: The area is affected by air: dust, other along the roadside. Residents are requesting assistance.",environment,english,NYC311_seed_controlled_augmentation
Please check the water system because of leak near the public market.,water_supply,english,NYC311_seed_controlled_augmentation
Residents have reported hydrant leaking outside our building.,water_supply,english,NYC311_seed_controlled_augmentation
Residents have reported: Leak has affected the local water supply on the main road.,water_supply,english,NYC311_seed_controlled_augmentation
Waste has become a problem due to improper disposal close to the town centre.,garbage,english,NYC311_seed_controlled_augmentation
We need assistance with sewer backup close to the town centre.,drainage,english,NYC311_seed_controlled_augmentation
Residents have complained about bulk-missed recy collection near the public market.,garbage,english,NYC311_seed_controlled_augmentation
"People nearby have complained about air: dust, other near the public market.",environment,english,NYC311_seed_controlled_augmentation
There is an environmental problem involving air: other air problem close to the town centre.,environment,english,NYC311_seed_controlled_augmentation
I am reporting: Residents have complained about missed recycling paper near the hospital. Please resolve this problem as soon as possible.,garbage,english,NYC311_seed_controlled_augmentation
Possible Water Main Break has affected the local water supply near the public market. Please investigate this issue.,water_supply,english,NYC311_seed_controlled_augmentation
People nearby have complained about ventilation near the public market. Please send the responsible team to inspect the area.,environment,english,NYC311_seed_controlled_augmentation
Residents are reporting ponding on the main road. Please send the responsible team to inspect the area.,drainage,english,NYC311_seed_controlled_augmentation
Please investigate the water issue: dirty water close to the town centre. Please send the responsible team to inspect the area.,water_supply,english,NYC311_seed_controlled_augmentation
Sewage Odor is affecting the area close to the town centre. We would appreciate assistance with this issue.,drainage,english,NYC311_seed_controlled_augmentation
We are experiencing an electrical problem involving lamppost knocked down in the residential area. Residents are requesting assistance.,electricity,english,NYC311_seed_controlled_augmentation
Please arrange cleaning because of missed recycling paper near the public market.,garbage,english,NYC311_seed_controlled_augmentation
Our area is facing possible water main break near the public market. Please send the responsible team to inspect the area.,water_supply,english,NYC311_seed_controlled_augmentation
"Residents have reported taste/odor, chlorine close to the bus stop. Please investigate this issue.",water_supply,english,NYC311_seed_controlled_augmentation
Please send a technician because of lighting near the junction. The problem has been continuing for some time.,electricity,english,NYC311_seed_controlled_augmentation
"Please inspect this environmental issue: unsafe chemical, abandoned near the school.",environment,english,NYC311_seed_controlled_augmentation
Drivers are having difficulty because of pothole near the school. Please take the necessary action.,roads,english,NYC311_seed_controlled_augmentation
We have noticed ventilation near the hospital. Please resolve this problem as soon as possible.,environment,english,NYC311_seed_controlled_augmentation
The drainage problem appears to involve street flooding in the residential area. This is causing inconvenience to the public.,drainage,english,NYC311_seed_controlled_augmentation
There is missed collection near the hospital. Please arrange an inspection.,garbage,english,NYC311_seed_controlled_augmentation
Please inspect the electrical issue: wiring near the junction. Please resolve this problem as soon as possible.,electricity,english,NYC311_seed_controlled_augmentation
RAIN GARDEN FLOODING is affecting the area near the school.,drainage,english,NYC311_seed_controlled_augmentation
The area is affected by chemical odor on the main road. This is causing inconvenience to the public.,environment,english,NYC311_seed_controlled_augmentation
Garbage-related problems include 15 street cond/dump-out/drop-off along the roadside. Please arrange an inspection.,garbage,english,NYC311_seed_controlled_augmentation
"I am reporting: Rough, Pitted or Cracked Roads in the residential area. Residents are requesting assistance.",roads,english,NYC311_seed_controlled_augmentation
"The road surface is affected by rough, pitted or cracked roads on the main road. Please take the necessary action.",roads,english,NYC311_seed_controlled_augmentation
Residents have complained about dirty sidewalk near the junction. Please resolve this problem as soon as possible.,garbage,english,NYC311_seed_controlled_augmentation
Residents have reported: There is wiring on the main road. The problem has been continuing for some time.,electricity,english,NYC311_seed_controlled_augmentation
Residents are reporting sewage odor near the hospital. Please take the necessary action.,drainage,english,NYC311_seed_controlled_augmentation
Residents have complained about dirty sidewalk outside our building. The problem has been continuing for some time.,garbage,english,NYC311_seed_controlled_augmentation
Wastewater is causing problems due to sewer or drain close to the bus stop. Residents are requesting assistance.,drainage,english,NYC311_seed_controlled_augmentation
Please check: Sewage Leak is affecting the area near the hospital. Please take the necessary action.,drainage,english,NYC311_seed_controlled_augmentation
There has been: Defective Hardware is causing problems for vehicles outside our building. Please investigate this issue.,roads,english,NYC311_seed_controlled_augmentation
Please send a technician because of power outage near the hospital. Please investigate this issue.,electricity,english,NYC311_seed_controlled_augmentation
Please check the water system because of damp spot near the junction.,water_supply,english,NYC311_seed_controlled_augmentation
There is an environmental problem involving air: other air problem near our house.,environment,english,NYC311_seed_controlled_augmentation
Please arrange cleaning because of loose rubbish near the junction. Please take the necessary action.,garbage,english,NYC311_seed_controlled_augmentation
Please inspect this environmental issue: air: other air problem on the main road. Please resolve this problem as soon as possible.,environment,english,NYC311_seed_controlled_augmentation
The road has defective hardware near the hospital. Please investigate this issue.,roads,english,NYC311_seed_controlled_augmentation
Residents have reported: Wastewater is causing problems due to culvert blocked/needs cleaning near the public market. This issue needs attention.,drainage,english,NYC311_seed_controlled_augmentation
Please arrange cleaning because of bulk-missed recy collection in our neighbourhood.,garbage,english,NYC311_seed_controlled_augmentation
Chemical Odor is affecting the surrounding environment in the residential area.,environment,english,NYC311_seed_controlled_augmentation
The drainage problem appears to involve sewer or drain close to the bus stop. Please send the responsible team to inspect the area.,drainage,english,NYC311_seed_controlled_augmentation
There is rain garden flooding near the junction. Please resolve this problem as soon as possible.,drainage,english,NYC311_seed_controlled_augmentation
People nearby have complained about chemical vapors/gases/odors near the school. Please arrange an inspection.,environment,english,NYC311_seed_controlled_augmentation
Wear & Tear is causing problems for vehicles close to the town centre. Please resolve this problem as soon as possible.,roads,english,NYC311_seed_controlled_augmentation
There has been: There is a water supply problem involving heavy flow in the residential area. The problem has been continuing for some time.,water_supply,english,NYC311_seed_controlled_augmentation
"Cloudy Or Milky, Other has affected the local water supply close to the bus stop. This is causing inconvenience to the public.",water_supply,english,NYC311_seed_controlled_augmentation
Please check the water system because of damp spot near the hospital. The problem has been continuing for some time.,water_supply,english,NYC311_seed_controlled_augmentation
Residents are reporting sewage leak close to the bus stop. We would appreciate assistance with this issue.,drainage,english,NYC311_seed_controlled_augmentation
Broken Curb near our house.,roads,english,NYC311_seed_controlled_augmentation
The drainage system has sewage odor near the public market. Please send the responsible team to inspect the area.,drainage,english,NYC311_seed_controlled_augmentation
There appears to be heavy flow in our neighbourhood. Please take the necessary action.,water_supply,english,NYC311_seed_controlled_augmentation
There is a water supply problem involving dirty water on the main road.,water_supply,english,NYC311_seed_controlled_augmentation
Please inspect the drain because of sewage odor near the hospital.,drainage,english,NYC311_seed_controlled_augmentation
Our area is facing possible water main break near the public market.,water_supply,english,NYC311_seed_controlled_augmentation
Please address missed recycling paper near the junction.,garbage,english,NYC311_seed_controlled_augmentation
There is: Please inspect the electrical issue: electrical wiring defective/exposed outside our building. We would appreciate assistance with this issue.,electricity,english,NYC311_seed_controlled_augmentation
The road has cave-in along the roadside. This is causing inconvenience to the public.,roads,english,NYC311_seed_controlled_augmentation
I would like to report: We are experiencing an electrical problem involving lamppost knocked down near the public market.,electricity,english,NYC311_seed_controlled_augmentation
"Air: Smoke, Vehicular is affecting the surrounding environment along the roadside. This issue needs attention.",environment,english,NYC311_seed_controlled_augmentation
There is: Garbage-related problems include receptacle violation near our house. Please arrange an inspection.,garbage,english,NYC311_seed_controlled_augmentation
The road has failed street repair near the school.,roads,english,NYC311_seed_controlled_augmentation
"Please check: Please inspect this environmental issue: air: dust, other on the main road. This is causing inconvenience to the public.",environment,english,NYC311_seed_controlled_augmentation
The area needs cleaning because of 15 street cond/dump-out/drop-off outside our building. Please investigate this issue.,garbage,english,NYC311_seed_controlled_augmentation
I would like to report: Waste has become a problem due to bulk-missed collection along the roadside.,garbage,english,NYC311_seed_controlled_augmentation
Garbage-related problems include missed recycling paper near our house.,garbage,english,NYC311_seed_controlled_augmentation
Please investigate the water issue: hydrant leaking near the school.,water_supply,english,NYC311_seed_controlled_augmentation
I would like to report: We need assistance with sewage odor near the school. Please send the responsible team to inspect the area.,drainage,english,NYC311_seed_controlled_augmentation
"Drivers are having difficulty because of rough, pitted or cracked roads in the residential area. This issue needs attention.",roads,english,NYC311_seed_controlled_augmentation
Residents have reported slow leak near the hospital. Please send the responsible team to inspect the area.,water_supply,english,NYC311_seed_controlled_augmentation
Culvert Blocked/Needs Cleaning is affecting the area near the hospital. Please investigate this issue.,drainage,english,NYC311_seed_controlled_augmentation
Waste has become a problem due to loose rubbish close to the bus stop. The problem has been continuing for some time.,garbage,english,NYC311_seed_controlled_augmentation
People nearby have complained about chemical spill/release near the junction. We would appreciate assistance with this issue.,environment,english,NYC311_seed_controlled_augmentation
I am reporting: Please inspect the drain because of sewer or drain close to the town centre.,drainage,english,NYC311_seed_controlled_augmentation
The drainage system has sewage odor near the junction. Please take the necessary action.,drainage,english,NYC311_seed_controlled_augmentation
There is wear & tear outside our building. This is causing inconvenience to the public.,roads,english,NYC311_seed_controlled_augmentation
I am reporting: The drainage system has manhole overflow near the public market. Residents are requesting assistance.,drainage,english,NYC311_seed_controlled_augmentation
Residents have complained about loose rubbish along the roadside.,garbage,english,NYC311_seed_controlled_augmentation
Curb Defect-Metal Protruding is causing problems for vehicles in our neighbourhood. Please send the responsible team to inspect the area.,roads,english,NYC311_seed_controlled_augmentation
People nearby have complained about air: other air problem near the public market. Please take the necessary action.,environment,english,NYC311_seed_controlled_augmentation
Waste has become a problem due to dirty area/alleyway close to the bus stop. The problem has been continuing for some time.,garbage,english,NYC311_seed_controlled_augmentation
We are experiencing an electrical problem involving street light lamp dim near the public market. Please take the necessary action.,electricity,english,NYC311_seed_controlled_augmentation
"Air: Odor/Fumes, Vehicle Idling is affecting the surrounding environment on the main road. Please arrange an inspection.",environment,english,NYC311_seed_controlled_augmentation
I would like to report: The drainage problem appears to involve sewer or drain near the hospital. We would appreciate assistance with this issue.,drainage,english,NYC311_seed_controlled_augmentation
I am reporting: Residents are reporting ponding in the residential area.,drainage,english,NYC311_seed_controlled_augmentation
Please check the water system because of heavy flow in the residential area. Please arrange an inspection.,water_supply,english,NYC311_seed_controlled_augmentation
I am reporting: Please address bulk-missed collection near our house.,garbage,english,NYC311_seed_controlled_augmentation
Residents have reported multiple street lights out outside our building. Please arrange an inspection.,electricity,english,NYC311_seed_controlled_augmentation
There is: Leak has affected the local water supply along the roadside. This issue needs attention.,water_supply,english,NYC311_seed_controlled_augmentation
"Oil Spill On Street, Small is affecting the surrounding environment in our neighbourhood. Please resolve this problem as soon as possible.",environment,english,NYC311_seed_controlled_augmentation
There appears to be: We need assistance with sewer backup close to the bus stop. We would appreciate assistance with this issue.,drainage,english,NYC311_seed_controlled_augmentation
"Please investigate air: odor/fumes, restaurant near the junction.",environment,english,NYC311_seed_controlled_augmentation
There is sewage odor near the public market. We would appreciate assistance with this issue.,drainage,english,NYC311_seed_controlled_augmentation
"I would like to report: Oil Spill On Street, Small is affecting the surrounding environment along the roadside.",environment,english,NYC311_seed_controlled_augmentation
We need assistance with sewer backup near our house. The problem has been continuing for some time.,drainage,english,NYC311_seed_controlled_augmentation
"Our area has: Air: Dust, Construction/Demolition is affecting the surrounding environment near the hospital. Residents are requesting assistance.",environment,english,NYC311_seed_controlled_augmentation
We are experiencing dirty water near the hospital.,water_supply,english,NYC311_seed_controlled_augmentation
Residents have reported damp spot along the roadside. Residents are requesting assistance.,water_supply,english,NYC311_seed_controlled_augmentation
The drainage system has sewer or drain close to the town centre. The problem has been continuing for some time.,drainage,english,NYC311_seed_controlled_augmentation
Wear & Tear is causing problems for vehicles near the hospital. We would appreciate assistance with this issue.,roads,english,NYC311_seed_controlled_augmentation
Please check: HEAVY FLOW has affected the local water supply in our neighbourhood. Residents are requesting assistance.,water_supply,english,NYC311_seed_controlled_augmentation
OUTLET/SWITCH is affecting the area near our house. Residents are requesting assistance.,electricity,english,NYC311_seed_controlled_augmentation
There has been: Failed Street Repair is causing problems for vehicles on the main road.,roads,english,NYC311_seed_controlled_augmentation
We are experiencing an electrical problem involving lighting near the school. Residents are requesting assistance.,electricity,english,NYC311_seed_controlled_augmentation
Our area is facing possible water main break in the residential area. This is causing inconvenience to the public.,water_supply,english,NYC311_seed_controlled_augmentation
"We are experiencing cloudy or milky, other close to the town centre. Residents are requesting assistance.",water_supply,english,NYC311_seed_controlled_augmentation
We have noticed chemical spill/release close to the bus stop.,environment,english,NYC311_seed_controlled_augmentation
Our area has: Residents have reported no lighting on the main road. Please take the necessary action.,electricity,english,NYC311_seed_controlled_augmentation
Please arrange cleaning because of dirty sidewalk near our house. Please resolve this problem as soon as possible.,garbage,english,NYC311_seed_controlled_augmentation
"Please check the water system because of cloudy or milky, other on the main road.",water_supply,english,NYC311_seed_controlled_augmentation
SLOW LEAK has affected the local water supply in the residential area. Please take the necessary action.,water_supply,english,NYC311_seed_controlled_augmentation
The area needs cleaning because of dirty sidewalk near the hospital. Please send the responsible team to inspect the area.,garbage,english,NYC311_seed_controlled_augmentation
We need assistance with street flooding outside our building. We would appreciate assistance with this issue.,drainage,english,NYC311_seed_controlled_augmentation
Chemical Spill/Release is affecting the surrounding environment near the school.,environment,english,NYC311_seed_controlled_augmentation
WIRING is affecting the area near our house. We would appreciate assistance with this issue.,electricity,english,NYC311_seed_controlled_augmentation
There is rain garden flooding in our neighbourhood. Residents are requesting assistance.,drainage,english,NYC311_seed_controlled_augmentation
Drivers are having difficulty because of cave-in near our house. This is causing inconvenience to the public.,roads,english,NYC311_seed_controlled_augmentation
Manhole Overflow is affecting the area close to the town centre. Please send the responsible team to inspect the area.,drainage,english,NYC311_seed_controlled_augmentation
15 Street Cond/Dump-Out/Drop-Off is creating an unsanitary condition near the junction.,garbage,english,NYC311_seed_controlled_augmentation
Wastewater is causing problems due to manhole overflow near the junction. The problem has been continuing for some time.,drainage,english,NYC311_seed_controlled_augmentation
There has been: Residents have reported street light lamp dim near the junction.,electricity,english,NYC311_seed_controlled_augmentation
Please send a technician because of no lighting on the main road. Please send the responsible team to inspect the area.,electricity,english,NYC311_seed_controlled_augmentation
Please check: The electricity service has a problem with power outage near the hospital.,electricity,english,NYC311_seed_controlled_augmentation
"The area is affected by air: odor/fumes, restaurant near the junction. Please arrange an inspection.",environment,english,NYC311_seed_controlled_augmentation
I would like to report: Residents have reported leak near the hospital. Please resolve this problem as soon as possible.,water_supply,english,NYC311_seed_controlled_augmentation
Please send a technician because of lighting in the residential area. Please investigate this issue.,electricity,english,NYC311_seed_controlled_augmentation
Please investigate the water issue: heavy flow near our house.,water_supply,english,NYC311_seed_controlled_augmentation
There is dirty sidewalk close to the bus stop.,garbage,english,NYC311_seed_controlled_augmentation
Lamppost Wire Exposed is affecting the area on the main road.,electricity,english,NYC311_seed_controlled_augmentation
Curb Defect-Metal Protruding is causing problems for vehicles near the school.,roads,english,NYC311_seed_controlled_augmentation
Sewer or Drain is affecting the area on the main road. Please investigate this issue.,drainage,english,NYC311_seed_controlled_augmentation
"We are experiencing: People nearby have complained about air: dust, construction/demolition close to the bus stop.",environment,english,NYC311_seed_controlled_augmentation
The electricity service has a problem with electrical wiring defective/exposed near the junction.,electricity,english,NYC311_seed_controlled_augmentation
We have noticed: We need assistance with culvert blocked/needs cleaning near the junction. Please take the necessary action.,drainage,english,NYC311_seed_controlled_augmentation
Drivers are having difficulty because of wear & tear near the hospital. Please investigate this issue.,roads,english,NYC311_seed_controlled_augmentation
Our area has: Please inspect this environmental issue: ventilation in our neighbourhood. This issue needs attention.,environment,english,NYC311_seed_controlled_augmentation
There appears to be: Drivers are having difficulty because of wear & tear near the public market. The problem has been continuing for some time.,roads,english,NYC311_seed_controlled_augmentation
Please address improper disposal near the public market. Please investigate this issue.,garbage,english,NYC311_seed_controlled_augmentation
We are experiencing an electrical problem involving power outage outside our building.,electricity,english,NYC311_seed_controlled_augmentation
Please address bulk-missed collection near our house.,garbage,english,NYC311_seed_controlled_augmentation
The road has cave-in in our neighbourhood. This is causing inconvenience to the public.,roads,english,NYC311_seed_controlled_augmentation
The road surface is affected by broken curb in our neighbourhood. Please resolve this problem as soon as possible.,roads,english,NYC311_seed_controlled_augmentation
There is: Our area is facing possible water main break near our house. Please send the responsible team to inspect the area.,water_supply,english,NYC311_seed_controlled_augmentation
Drivers are having difficulty because of pothole - highway in the residential area. Please arrange an inspection.,roads,english,NYC311_seed_controlled_augmentation
Please investigate large number of mosquitoes along the roadside. We would appreciate assistance with this issue.,environment,english,NYC311_seed_controlled_augmentation
Residents are concerned about asbestos complaint near the school. Residents are requesting assistance.,environment,english,NYC311_seed_controlled_augmentation
"Our area is facing cloudy or milky, other along the roadside.",water_supply,english,NYC311_seed_controlled_augmentation
Pothole - Highway on the main road. Residents are requesting assistance.,roads,english,NYC311_seed_controlled_augmentation
Residents have complained about receptacle violation on the main road. Please arrange an inspection.,garbage,english,NYC311_seed_controlled_augmentation
DAMP SPOT has affected the local water supply near the hospital. Please take the necessary action.,water_supply,english,NYC311_seed_controlled_augmentation
There appears to be no water on the main road.,water_supply,english,NYC311_seed_controlled_augmentation
Residents are concerned about air: other air problem near the public market. Please resolve this problem as soon as possible.,environment,english,NYC311_seed_controlled_augmentation
"People nearby have complained about air: odor/fumes, restaurant on the main road. This issue needs attention.",environment,english,NYC311_seed_controlled_augmentation
Our area is facing no water in the residential area. This is causing inconvenience to the public.,water_supply,english,NYC311_seed_controlled_augmentation
There is catch basin clogged/flooding in the residential area.,drainage,english,NYC311_seed_controlled_augmentation
Please check: The drainage system has sewer or drain near the junction. Please send the responsible team to inspect the area.,drainage,english,NYC311_seed_controlled_augmentation
We are experiencing an electrical problem involving multiple street lights out in our neighbourhood. We would appreciate assistance with this issue.,electricity,english,NYC311_seed_controlled_augmentation
The drainage system has street flooding near our house. Please send the responsible team to inspect the area.,drainage,english,NYC311_seed_controlled_augmentation
Residents are concerned about ventilation near the school. This is causing inconvenience to the public.,environment,english,NYC311_seed_controlled_augmentation
Ponding is affecting the area in the residential area. Residents are requesting assistance.,drainage,english,NYC311_seed_controlled_augmentation
"I am reporting: Please repair rough, pitted or cracked roads along the roadside.",roads,english,NYC311_seed_controlled_augmentation
"I am reporting: There is a water supply problem involving taste/odor, bitter/metallic in our neighbourhood.",water_supply,english,NYC311_seed_controlled_augmentation
WIRING is affecting the area close to the town centre.,electricity,english,NYC311_seed_controlled_augmentation
Residents have reported: 15 Street Cond/Dump-Out/Drop-Off is creating an unsanitary condition in our neighbourhood.,garbage,english,NYC311_seed_controlled_augmentation
Residents have complained about bulk-missed collection on the main road. Please take the necessary action.,garbage,english,NYC311_seed_controlled_augmentation
Waste has become a problem due to missed recycling - m/g/pl outside our building. This is causing inconvenience to the public.,garbage,english,NYC311_seed_controlled_augmentation
Residents have reported lighting along the roadside.,electricity,english,NYC311_seed_controlled_augmentation
The road has cave-in in our neighbourhood.,roads,english,NYC311_seed_controlled_augmentation
There is multiple street lights out near the junction. Please investigate this issue.,electricity,english,NYC311_seed_controlled_augmentation
Residents are concerned about wear & tear near the hospital. This is causing inconvenience to the public.,roads,english,NYC311_seed_controlled_augmentation
Waste has become a problem due to missed recycling paper close to the bus stop. Please investigate this issue.,garbage,english,NYC311_seed_controlled_augmentation
There is failed street repair near the junction. This issue needs attention.,roads,english,NYC311_seed_controlled_augmentation
Please send a technician because of lamppost knocked down close to the town centre. Please send the responsible team to inspect the area.,electricity,english,NYC311_seed_controlled_augmentation
Street Flooding is affecting the area outside our building.,drainage,english,NYC311_seed_controlled_augmentation
"Our area has: Rough, Pitted or Cracked Roads near the hospital.",roads,english,NYC311_seed_controlled_augmentation
There is an environmental problem involving chemical vapors/gases/odors close to the town centre.,environment,english,NYC311_seed_controlled_augmentation
There is manhole overflow on the main road. This issue needs attention.,drainage,english,NYC311_seed_controlled_augmentation
Drivers are having difficulty because of cave-in in our neighbourhood.,roads,english,NYC311_seed_controlled_augmentation
There is a water supply problem involving low water pressure - wlwp near the school. Please resolve this problem as soon as possible.,water_supply,english,NYC311_seed_controlled_augmentation
Wastewater is causing problems due to sewer or drain near our house. This is causing inconvenience to the public.,drainage,english,NYC311_seed_controlled_augmentation
Chemical Odor is affecting the surrounding environment outside our building.,environment,english,NYC311_seed_controlled_augmentation
Please inspect the drain because of street flooding near our house. We would appreciate assistance with this issue.,drainage,english,NYC311_seed_controlled_augmentation
Wastewater is causing problems due to street flooding in our neighbourhood.,drainage,english,NYC311_seed_controlled_augmentation
"Please check: Drivers are having difficulty because of rough, pitted or cracked roads near the school. This issue needs attention.",roads,english,NYC311_seed_controlled_augmentation
The drainage problem appears to involve rain garden flooding close to the town centre. This issue needs attention.,drainage,english,NYC311_seed_controlled_augmentation
The drainage problem appears to involve sewer backup near the school. Please send the responsible team to inspect the area.,drainage,english,NYC311_seed_controlled_augmentation
"There is a water supply problem involving taste/odor, chlorine along the roadside. Please arrange an inspection.",water_supply,english,NYC311_seed_controlled_augmentation
Pothole - Highway near the junction. Please investigate this issue.,roads,english,NYC311_seed_controlled_augmentation
The area needs cleaning because of loose rubbish near the public market. This is causing inconvenience to the public.,garbage,english,NYC311_seed_controlled_augmentation
Please investigate air: other air problem near the public market. Please take the necessary action.,environment,english,NYC311_seed_controlled_augmentation
The road has curb defect-metal protruding in our neighbourhood. Please send the responsible team to inspect the area.,roads,english,NYC311_seed_controlled_augmentation
Street Flooding is affecting the area in the residential area. Please investigate this issue.,drainage,english,NYC311_seed_controlled_augmentation
Please inspect the electrical issue: lamppost wire exposed near the school. This issue needs attention.,electricity,english,NYC311_seed_controlled_augmentation
Dirty Water has affected the local water supply close to the town centre. Please arrange an inspection.,water_supply,english,NYC311_seed_controlled_augmentation
"Our area has: Rough, Pitted or Cracked Roads is causing problems for vehicles in our neighbourhood. Residents are requesting assistance.",roads,english,NYC311_seed_controlled_augmentation
Residents are concerned about broken curb in our neighbourhood. Please resolve this problem as soon as possible.,roads,english,NYC311_seed_controlled_augmentation
There has been: Waste has become a problem due to bulk-missed recy collection close to the town centre. Residents are requesting assistance.,garbage,english,NYC311_seed_controlled_augmentation
Waste has become a problem due to missed collection near the junction.,garbage,english,NYC311_seed_controlled_augmentation
Please repair pothole - highway near the hospital. Residents are requesting assistance.,roads,english,NYC311_seed_controlled_augmentation
Please inspect the drain because of sewage leak outside our building. We would appreciate assistance with this issue.,drainage,english,NYC311_seed_controlled_augmentation
Residents have reported: Please inspect this environmental issue: ventilation close to the town centre.,environment,english,NYC311_seed_controlled_augmentation
The electricity service has a problem with no lighting near the school.,electricity,english,NYC311_seed_controlled_augmentation
Residents have reported lamppost wire exposed close to the bus stop. Please take the necessary action.,electricity,english,NYC311_seed_controlled_augmentation
"There appears to be: We have noticed air: odor/fumes, restaurant on the main road. Please arrange an inspection.",environment,english,NYC311_seed_controlled_augmentation
Please investigate large number of mosquitoes close to the town centre. Please investigate this issue.,environment,english,NYC311_seed_controlled_augmentation
The road has defective hardware near the junction. Please arrange an inspection.,roads,english,NYC311_seed_controlled_augmentation
Please arrange cleaning because of missed recycling-all materials in the residential area.,garbage,english,NYC311_seed_controlled_augmentation
Electrical Wiring Defective/Exposed is affecting the area in the residential area. We would appreciate assistance with this issue.,electricity,english,NYC311_seed_controlled_augmentation
There is failed street repair near the junction.,roads,english,NYC311_seed_controlled_augmentation
Please check: Our area is facing dirty water near the public market. This issue needs attention.,water_supply,english,NYC311_seed_controlled_augmentation
Pothole outside our building. This issue needs attention.,roads,english,NYC311_seed_controlled_augmentation
Please address missed collection close to the town centre. We would appreciate assistance with this issue.,garbage,english,NYC311_seed_controlled_augmentation
Please repair pothole near the school. Residents are requesting assistance.,roads,english,NYC311_seed_controlled_augmentation
"Residents are concerned about unsafe chemical, abandoned in the residential area. The problem has been continuing for some time.",environment,english,NYC311_seed_controlled_augmentation
Please inspect the electrical issue: street light out along the roadside. Please send the responsible team to inspect the area.,electricity,english,NYC311_seed_controlled_augmentation
Please inspect the drain because of street flooding on the main road. Residents are requesting assistance.,drainage,english,NYC311_seed_controlled_augmentation
Sewer Backup is affecting the area in our neighbourhood. Please investigate this issue.,drainage,english,NYC311_seed_controlled_augmentation
Please check the water system because of leak close to the town centre.,water_supply,english,NYC311_seed_controlled_augmentation
Please investigate the water issue: slow leak near the hospital. The problem has been continuing for some time.,water_supply,english,NYC311_seed_controlled_augmentation
"The road has rough, pitted or cracked roads near the hospital. Residents are requesting assistance.",roads,english,NYC311_seed_controlled_augmentation
There is bulk-missed recy collection near the junction.,garbage,english,NYC311_seed_controlled_augmentation
We are experiencing: We need assistance with catch basin clogged/flooding outside our building. Please take the necessary action.,drainage,english,NYC311_seed_controlled_augmentation
"People nearby have complained about oil spill on street, large in our neighbourhood. Please resolve this problem as soon as possible.",environment,english,NYC311_seed_controlled_augmentation
"Please investigate air: smoke, vehicular on the main road.",environment,english,NYC311_seed_controlled_augmentation
Residents are reporting street flooding close to the town centre.,drainage,english,NYC311_seed_controlled_augmentation
Our area has: There is pothole near the junction.,roads,english,NYC311_seed_controlled_augmentation
Residents have complained about missed recycling - m/g/pl near the school.,garbage,english,NYC311_seed_controlled_augmentation
The area needs cleaning because of missed recycling paper close to the bus stop. Please send the responsible team to inspect the area.,garbage,english,NYC311_seed_controlled_augmentation
"The area is affected by air: smoke, vehicular near the junction. Residents are requesting assistance.",environment,english,NYC311_seed_controlled_augmentation
There is: We are experiencing an electrical problem involving street light lamp dim on the main road.,electricity,english,NYC311_seed_controlled_augmentation
We are experiencing hydrant leaking near the hospital.,water_supply,english,NYC311_seed_controlled_augmentation
Wastewater is causing problems due to ponding in our neighbourhood. This is causing inconvenience to the public.,drainage,english,NYC311_seed_controlled_augmentation
Residents are concerned about wear & tear near the junction. We would appreciate assistance with this issue.,roads,english,NYC311_seed_controlled_augmentation
Please check the water system because of low water pressure - wlwp close to the bus stop. Please investigate this issue.,water_supply,english,NYC311_seed_controlled_augmentation
There has been: LOW WATER PRESSURE - WLWP has affected the local water supply near the hospital.,water_supply,english,NYC311_seed_controlled_augmentation
There appears to be street light out near the hospital.,electricity,english,NYC311_seed_controlled_augmentation
Please repair broken curb in our neighbourhood. Please arrange an inspection.,roads,english,NYC311_seed_controlled_augmentation
The area needs cleaning because of missed collection in the residential area. This is causing inconvenience to the public.,garbage,english,NYC311_seed_controlled_augmentation
Wastewater is causing problems due to sewage leak along the roadside. We would appreciate assistance with this issue.,drainage,english,NYC311_seed_controlled_augmentation
There is wiring near the junction. The problem has been continuing for some time.,electricity,english,NYC311_seed_controlled_augmentation
Drivers are having difficulty because of wear & tear near our house.,roads,english,NYC311_seed_controlled_augmentation
Please send a technician because of outlet/switch near our house. Please investigate this issue.,electricity,english,NYC311_seed_controlled_augmentation
"There is an environmental problem involving air: smoke, vehicular close to the bus stop. This issue needs attention.",environment,english,NYC311_seed_controlled_augmentation
"People nearby have complained about air: odor/fumes, restaurant close to the bus stop.",environment,english,NYC311_seed_controlled_augmentation
There is an environmental problem involving air: other air problem outside our building.,environment,english,NYC311_seed_controlled_augmentation
Street Light Out is affecting the area near the school. Please investigate this issue.,electricity,english,NYC311_seed_controlled_augmentation
The electricity service has a problem with multiple street lights out near the public market. We would appreciate assistance with this issue.,electricity,english,NYC311_seed_controlled_augmentation
The area needs cleaning because of loose rubbish near our house. Please take the necessary action.,garbage,english,NYC311_seed_controlled_augmentation
There appears to be: Missed Recycling-All Materials is creating an unsanitary condition outside our building. Please resolve this problem as soon as possible.,garbage,english,NYC311_seed_controlled_augmentation
There appears to be dirty water near the junction.,water_supply,english,NYC311_seed_controlled_augmentation
Residents have reported: Wastewater is causing problems due to catch basin clogged/flooding near our house. Please resolve this problem as soon as possible.,drainage,english,NYC311_seed_controlled_augmentation
Please check: There is sewage odor along the roadside. Residents are requesting assistance.,drainage,english,NYC311_seed_controlled_augmentation
Please address missed recycling-all materials near the junction.,garbage,english,NYC311_seed_controlled_augmentation
We are experiencing an electrical problem involving outlet/switch close to the bus stop. Residents are requesting assistance.,electricity,english,NYC311_seed_controlled_augmentation
"Air: Dust, Construction/Demolition is affecting the surrounding environment near the hospital. Please take the necessary action.",environment,english,NYC311_seed_controlled_augmentation
There is wear & tear in the residential area. Please take the necessary action.,roads,english,NYC311_seed_controlled_augmentation
Residents are concerned about cave-in close to the town centre. Please take the necessary action.,roads,english,NYC311_seed_controlled_augmentation
There appears to be lamppost wire exposed outside our building. Please arrange an inspection.,electricity,english,NYC311_seed_controlled_augmentation
There is cave-in along the roadside.,roads,english,NYC311_seed_controlled_augmentation
We need assistance with catch basin clogged/flooding near our house.,drainage,english,NYC311_seed_controlled_augmentation
Air: Other Air Problem is affecting the surrounding environment near our house. Residents are requesting assistance.,environment,english,NYC311_seed_controlled_augmentation
The electricity service has a problem with lighting in our neighbourhood.,electricity,english,NYC311_seed_controlled_augmentation
Please investigate the water issue: slow leak near our house. Please investigate this issue.,water_supply,english,NYC311_seed_controlled_augmentation
Pothole - Highway is causing problems for vehicles near the school.,roads,english,NYC311_seed_controlled_augmentation
There is sewage leak in our neighbourhood. This issue needs attention.,drainage,english,NYC311_seed_controlled_augmentation
The drainage problem appears to involve catch basin clogged/flooding near our house.,drainage,english,NYC311_seed_controlled_augmentation
Garbage-related problems include 15 street cond/dump-out/drop-off near the school.,garbage,english,NYC311_seed_controlled_augmentation
The road surface is affected by pothole outside our building. The problem has been continuing for some time.,roads,english,NYC311_seed_controlled_augmentation
"Please investigate air: dust, construction/demolition in our neighbourhood.",environment,english,NYC311_seed_controlled_augmentation
We need assistance with sewer or drain close to the bus stop. We would appreciate assistance with this issue.,drainage,english,NYC311_seed_controlled_augmentation
We are experiencing heavy flow near the junction. The problem has been continuing for some time.,water_supply,english,NYC311_seed_controlled_augmentation
Please investigate the water issue: slow leak near the school. This issue needs attention.,water_supply,english,NYC311_seed_controlled_augmentation
"Residents are concerned about air: dust, construction/demolition in our neighbourhood. This issue needs attention.",environment,english,NYC311_seed_controlled_augmentation
There appears to be damp spot on the main road. The problem has been continuing for some time.,water_supply,english,NYC311_seed_controlled_augmentation
I am reporting: Please inspect the electrical issue: street light lamp dim on the main road. We would appreciate assistance with this issue.,electricity,english,NYC311_seed_controlled_augmentation
Wear & Tear is causing problems for vehicles along the roadside. Please resolve this problem as soon as possible.,roads,english,NYC311_seed_controlled_augmentation
"There is an environmental problem involving unsafe chemical, storage close to the town centre. Please resolve this problem as soon as possible.",environment,english,NYC311_seed_controlled_augmentation
"Please investigate oil spill on street, small close to the town centre. Please resolve this problem as soon as possible.",environment,english,NYC311_seed_controlled_augmentation
"Please inspect this environmental issue: air: smoke, vehicular outside our building. This issue needs attention.",environment,english,NYC311_seed_controlled_augmentation
We need assistance with street flooding in the residential area.,drainage,english,NYC311_seed_controlled_augmentation
Residents have complained about bulk-missed collection on the main road.,garbage,english,NYC311_seed_controlled_augmentation
Please arrange cleaning because of improper disposal near the hospital.,garbage,english,NYC311_seed_controlled_augmentation
We have noticed: Failed Street Repair on the main road.,roads,english,NYC311_seed_controlled_augmentation
The drainage problem appears to involve rain garden flooding near the junction.,drainage,english,NYC311_seed_controlled_augmentation
Please arrange cleaning because of dirty area/alleyway near the school. The problem has been continuing for some time.,garbage,english,NYC311_seed_controlled_augmentation
There appears to be power outage near the junction. Please investigate this issue.,electricity,english,NYC311_seed_controlled_augmentation
DAMP SPOT has affected the local water supply along the roadside. This is causing inconvenience to the public.,water_supply,english,NYC311_seed_controlled_augmentation
Please inspect the drain because of catch basin clogged/flooding near the junction.,drainage,english,NYC311_seed_controlled_augmentation
Garbage-related problems include bulk-missed recy collection along the roadside.,garbage,english,NYC311_seed_controlled_augmentation
Our area is facing possible water main break in our neighbourhood. Please take the necessary action.,water_supply,english,NYC311_seed_controlled_augmentation
The drainage system has manhole overflow close to the town centre. Please arrange an inspection.,drainage,english,NYC311_seed_controlled_augmentation
"Air: Smoke, Chimney or vent is affecting the surrounding environment in the residential area. Please send the responsible team to inspect the area.",environment,english,NYC311_seed_controlled_augmentation
We have noticed: Wastewater is causing problems due to street flooding on the main road. Please take the necessary action.,drainage,english,NYC311_seed_controlled_augmentation
Our area is facing hydrant leaking close to the bus stop. Please resolve this problem as soon as possible.,water_supply,english,NYC311_seed_controlled_augmentation
Drivers are having difficulty because of pothole in the residential area. Please take the necessary action.,roads,english,NYC311_seed_controlled_augmentation
People nearby have complained about asbestos complaint close to the bus stop. Residents are requesting assistance.,environment,english,NYC311_seed_controlled_augmentation
There is bulk-missed recy collection outside our building. Residents are requesting assistance.,garbage,english,NYC311_seed_controlled_augmentation
There is street light out near the school. Please resolve this problem as soon as possible.,electricity,english,NYC311_seed_controlled_augmentation
Garbage-related problems include missed recycling-all materials outside our building. Please send the responsible team to inspect the area.,garbage,english,NYC311_seed_controlled_augmentation
Please check: Residents are reporting culvert blocked/needs cleaning outside our building. Please take the necessary action.,drainage,english,NYC311_seed_controlled_augmentation
"Please investigate the water issue: taste/odor, bitter/metallic along the roadside.",water_supply,english,NYC311_seed_controlled_augmentation
Garbage-related problems include bulk-missed collection near the school.,garbage,english,NYC311_seed_controlled_augmentation
We are experiencing an electrical problem involving lamppost wire exposed close to the bus stop. Please arrange an inspection.,electricity,english,NYC311_seed_controlled_augmentation
The road has cave-in near the junction. Residents are requesting assistance.,roads,english,NYC311_seed_controlled_augmentation
We are experiencing an electrical problem involving multiple street lights out in our neighbourhood. Please arrange an inspection.,electricity,english,NYC311_seed_controlled_augmentation
Residents are reporting sewage odor near the junction. Residents are requesting assistance.,drainage,english,NYC311_seed_controlled_augmentation
Residents have reported street light out on the main road. The problem has been continuing for some time.,electricity,english,NYC311_seed_controlled_augmentation
"There is rough, pitted or cracked roads near the school. Please arrange an inspection.",roads,english,NYC311_seed_controlled_augmentation
Residents have complained about missed recycling-all materials near our house. Please arrange an inspection.,garbage,english,NYC311_seed_controlled_augmentation
Please check: Please investigate the water issue: possible water main break close to the bus stop. This is causing inconvenience to the public.,water_supply,english,NYC311_seed_controlled_augmentation
"There appears to be cloudy or milky, other near the junction.",water_supply,english,NYC311_seed_controlled_augmentation
We are experiencing: People nearby have complained about chemical vapors/gases/odors outside our building.,environment,english,NYC311_seed_controlled_augmentation
There appears to be lighting along the roadside. The problem has been continuing for some time.,electricity,english,NYC311_seed_controlled_augmentation
Residents have reported slow leak near the public market.,water_supply,english,NYC311_seed_controlled_augmentation
Ponding is affecting the area near the hospital. Residents are requesting assistance.,drainage,english,NYC311_seed_controlled_augmentation
Please address missed recycling - m/g/pl near the school.,garbage,english,NYC311_seed_controlled_augmentation
Lamppost Knocked Down is affecting the area outside our building. Please send the responsible team to inspect the area.,electricity,english,NYC311_seed_controlled_augmentation
Please investigate the water issue: possible water main break in the residential area. Please arrange an inspection.,water_supply,english,NYC311_seed_controlled_augmentation
Please check: The electricity service has a problem with lamppost wire exposed close to the town centre. This is causing inconvenience to the public.,electricity,english,NYC311_seed_controlled_augmentation
We need assistance with street flooding near the hospital. We would appreciate assistance with this issue.,drainage,english,NYC311_seed_controlled_augmentation
"There has been: There is rough, pitted or cracked roads along the roadside. Please arrange an inspection.",roads,english,NYC311_seed_controlled_augmentation
Please check: There appears to be unknown odor/taste in drinking water close to the town centre. Residents are requesting assistance.,water_supply,english,NYC311_seed_controlled_augmentation
The area is affected by chemical spill/release near the junction.,environment,english,NYC311_seed_controlled_augmentation
"There is a water supply problem involving cloudy or milky, other on the main road. This issue needs attention.",water_supply,english,NYC311_seed_controlled_augmentation
People nearby have complained about chemical odor in the residential area. Please investigate this issue.,environment,english,NYC311_seed_controlled_augmentation
Residents have reported dirty water outside our building.,water_supply,english,NYC311_seed_controlled_augmentation
We are experiencing an electrical problem involving lamppost knocked down near the school. Please take the necessary action.,electricity,english,NYC311_seed_controlled_augmentation
"Please check the water system because of cloudy or milky, other on the main road. This issue needs attention.",water_supply,english,NYC311_seed_controlled_augmentation
Our area has: POWER OUTAGE is affecting the area near the school. This is causing inconvenience to the public.,electricity,english,NYC311_seed_controlled_augmentation
Please address missed recycling - m/g/pl near our house.,garbage,english,NYC311_seed_controlled_augmentation
"Rough, Pitted or Cracked Roads near the hospital. This issue needs attention.",roads,english,NYC311_seed_controlled_augmentation
Residents have complained about bulk-missed recy collection near the school. Please resolve this problem as soon as possible.,garbage,english,NYC311_seed_controlled_augmentation
Please inspect this environmental issue: ventilation in the residential area. Please take the necessary action.,environment,english,NYC311_seed_controlled_augmentation
We are experiencing damp spot near the junction.,water_supply,english,NYC311_seed_controlled_augmentation
Residents have reported no lighting close to the town centre.,electricity,english,NYC311_seed_controlled_augmentation
There is a water supply problem involving unknown odor/taste in drinking water outside our building.,water_supply,english,NYC311_seed_controlled_augmentation
There is wear & tear near the school. Please resolve this problem as soon as possible.,roads,english,NYC311_seed_controlled_augmentation
SLOW LEAK has affected the local water supply outside our building. This is causing inconvenience to the public.,water_supply,english,NYC311_seed_controlled_augmentation
Garbage-related problems include bulk-missed recy collection near our house. Please resolve this problem as soon as possible.,garbage,english,NYC311_seed_controlled_augmentation
"People nearby have complained about air: smoke, chimney or vent near the hospital. Please send the responsible team to inspect the area.",environment,english,NYC311_seed_controlled_augmentation
POWER OUTAGE is affecting the area in the residential area.,electricity,english,NYC311_seed_controlled_augmentation
Waste has become a problem due to missed recycling-all materials near the public market. Please take the necessary action.,garbage,english,NYC311_seed_controlled_augmentation
The road surface is affected by cave-in close to the bus stop.,roads,english,NYC311_seed_controlled_augmentation
Catch Basin Clogged/Flooding is affecting the area close to the town centre.,drainage,english,NYC311_seed_controlled_augmentation
There has been: Electrical Wiring Defective/Exposed is affecting the area in our neighbourhood.,electricity,english,NYC311_seed_controlled_augmentation
There is bulk-missed recy collection along the roadside. Please arrange an inspection.,garbage,english,NYC311_seed_controlled_augmentation
Street Light Lamp Dim is affecting the area close to the bus stop. The problem has been continuing for some time.,electricity,english,NYC311_seed_controlled_augmentation
The road surface is affected by failed street repair in our neighbourhood. This is causing inconvenience to the public.,roads,english,NYC311_seed_controlled_augmentation
Residents have reported: Please repair wear & tear near the public market.,roads,english,NYC311_seed_controlled_augmentation
"People nearby have complained about unsafe chemical, abandoned close to the town centre. Please resolve this problem as soon as possible.",environment,english,NYC311_seed_controlled_augmentation
The road has pothole - highway close to the bus stop. The problem has been continuing for some time.,roads,english,NYC311_seed_controlled_augmentation
Our area has: Please investigate the water issue: hydrant leaking near the hospital.,water_supply,english,NYC311_seed_controlled_augmentation
Please address dirty sidewalk near our house. Please arrange an inspection.,garbage,english,NYC311_seed_controlled_augmentation
The electricity service has a problem with street light lamp dim near the junction. We would appreciate assistance with this issue.,electricity,english,NYC311_seed_controlled_augmentation
"There is a water supply problem involving cloudy or milky, other outside our building. Please take the necessary action.",water_supply,english,NYC311_seed_controlled_augmentation
We are experiencing: The drainage problem appears to involve rain garden flooding near the hospital. Please take the necessary action.,drainage,english,NYC311_seed_controlled_augmentation
The area is affected by asbestos complaint near the public market.,environment,english,NYC311_seed_controlled_augmentation
Wastewater is causing problems due to sewage odor near the junction. Please take the necessary action.,drainage,english,NYC311_seed_controlled_augmentation
Wastewater is causing problems due to catch basin clogged/flooding along the roadside.,drainage,english,NYC311_seed_controlled_augmentation
Waste has become a problem due to 15 street cond/dump-out/drop-off near the public market. The problem has been continuing for some time.,garbage,english,NYC311_seed_controlled_augmentation
Residents have complained about missed collection along the roadside. The problem has been continuing for some time.,garbage,english,NYC311_seed_controlled_augmentation
Please arrange cleaning because of dirty sidewalk along the roadside. This issue needs attention.,garbage,english,NYC311_seed_controlled_augmentation
Street Light Lamp Dim is affecting the area on the main road.,electricity,english,NYC311_seed_controlled_augmentation
There is lighting close to the town centre. The problem has been continuing for some time.,electricity,english,NYC311_seed_controlled_augmentation
"Residents are concerned about unsafe chemical, storage near our house. We would appreciate assistance with this issue.",environment,english,NYC311_seed_controlled_augmentation
There is: Hydrant Leaking has affected the local water supply in our neighbourhood. Please resolve this problem as soon as possible.,water_supply,english,NYC311_seed_controlled_augmentation
"Taste/Odor, Chlorine has affected the local water supply along the roadside. Please send the responsible team to inspect the area.",water_supply,english,NYC311_seed_controlled_augmentation
There appears to be no water on the main road. Please take the necessary action.,water_supply,english,NYC311_seed_controlled_augmentation
Please address missed recycling-all materials near our house. We would appreciate assistance with this issue.,garbage,english,NYC311_seed_controlled_augmentation
There is wiring in our neighbourhood.,electricity,english,NYC311_seed_controlled_augmentation
The area needs cleaning because of missed recycling - m/g/pl near the public market. Residents are requesting assistance.,garbage,english,NYC311_seed_controlled_augmentation
I am reporting: There appears to be possible water main break near the school.,water_supply,english,NYC311_seed_controlled_augmentation
Please send a technician because of wiring in the residential area. Please investigate this issue.,electricity,english,NYC311_seed_controlled_augmentation
I would like to report: There is ponding near the public market. The problem has been continuing for some time.,drainage,english,NYC311_seed_controlled_augmentation
Wastewater is causing problems due to sewage odor outside our building. Please resolve this problem as soon as possible.,drainage,english,NYC311_seed_controlled_augmentation
"There has been: We have noticed air: smoke, vehicular near the junction. Please resolve this problem as soon as possible.",environment,english,NYC311_seed_controlled_augmentation
Our area is facing low water pressure - wlwp near the junction. Please take the necessary action.,water_supply,english,NYC311_seed_controlled_augmentation
"Residents are concerned about air: dust, construction/demolition close to the bus stop. The problem has been continuing for some time.",environment,english,NYC311_seed_controlled_augmentation
I am reporting: There is 15 street cond/dump-out/drop-off outside our building. Please investigate this issue.,garbage,english,NYC311_seed_controlled_augmentation
We need assistance with manhole overflow near the public market.,drainage,english,NYC311_seed_controlled_augmentation
"People nearby have complained about air: smoke, chimney or vent near our house.",environment,english,NYC311_seed_controlled_augmentation
There is: Broken Curb is causing problems for vehicles near the school.,roads,english,NYC311_seed_controlled_augmentation
There is broken curb in the residential area. The problem has been continuing for some time.,roads,english,NYC311_seed_controlled_augmentation
The electricity service has a problem with lamppost wire exposed near the hospital. We would appreciate assistance with this issue.,electricity,english,NYC311_seed_controlled_augmentation
"There appears to be cloudy or milky, other close to the town centre.",water_supply,english,NYC311_seed_controlled_augmentation
Dirty Water has affected the local water supply near our house.,water_supply,english,NYC311_seed_controlled_augmentation
Please send a technician because of lamppost knocked down outside our building. We would appreciate assistance with this issue.,electricity,english,NYC311_seed_controlled_augmentation
The drainage system has catch basin clogged/flooding on the main road.,drainage,english,NYC311_seed_controlled_augmentation
People nearby have complained about chemical vapors/gases/odors along the roadside.,environment,english,NYC311_seed_controlled_augmentation
Residents have reported outlet/switch in our neighbourhood. This is causing inconvenience to the public.,electricity,english,NYC311_seed_controlled_augmentation
"We have noticed air: odor/fumes, restaurant near the hospital.",environment,english,NYC311_seed_controlled_augmentation
Please check: There is a water supply problem involving possible water main break close to the bus stop. This is causing inconvenience to the public.,water_supply,english,NYC311_seed_controlled_augmentation
There is failed street repair near the junction. Please resolve this problem as soon as possible.,roads,english,NYC311_seed_controlled_augmentation
"Air: Smoke, Vehicular is affecting the surrounding environment in the residential area. This is causing inconvenience to the public.",environment,english,NYC311_seed_controlled_augmentation
"We have noticed air: smoke, vehicular near the school. This is causing inconvenience to the public.",environment,english,NYC311_seed_controlled_augmentation
Residents have reported street light lamp dim in the residential area.,electricity,english,NYC311_seed_controlled_augmentation
There is a water supply problem involving slow leak near the school. Residents are requesting assistance.,water_supply,english,NYC311_seed_controlled_augmentation
The area needs cleaning because of missed recycling-all materials near the public market.,garbage,english,NYC311_seed_controlled_augmentation
The drainage problem appears to involve sewer backup in the residential area.,drainage,english,NYC311_seed_controlled_augmentation
Please check the water system because of hydrant leaking near the junction. The problem has been continuing for some time.,water_supply,english,NYC311_seed_controlled_augmentation
"Please inspect this environmental issue: air: odor/fumes, restaurant on the main road. Residents are requesting assistance.",environment,english,NYC311_seed_controlled_augmentation
"There appears to be: The area is affected by air: dust, other in our neighbourhood.",environment,english,NYC311_seed_controlled_augmentation
Please inspect the drain because of ponding near our house. This issue needs attention.,drainage,english,NYC311_seed_controlled_augmentation
We have noticed: There is rain garden flooding near the hospital. Please arrange an inspection.,drainage,english,NYC311_seed_controlled_augmentation
Please inspect the electrical issue: lamppost wire exposed near the hospital. Please resolve this problem as soon as possible.,electricity,english,NYC311_seed_controlled_augmentation
I am reporting: Please send a technician because of street light out in our neighbourhood. Please arrange an inspection.,electricity,english,NYC311_seed_controlled_augmentation
Please inspect the drain because of rain garden flooding in the residential area. This is causing inconvenience to the public.,drainage,english,NYC311_seed_controlled_augmentation
Street Flooding is affecting the area close to the town centre. This is causing inconvenience to the public.,drainage,english,NYC311_seed_controlled_augmentation
We are experiencing an electrical problem involving lamppost knocked down on the main road. Please investigate this issue.,electricity,english,NYC311_seed_controlled_augmentation
"Residents are concerned about air: smoke, vehicular near the hospital. This issue needs attention.",environment,english,NYC311_seed_controlled_augmentation
We are experiencing an electrical problem involving multiple street lights out near the hospital. This is causing inconvenience to the public.,electricity,english,NYC311_seed_controlled_augmentation
"Taste/Odor, Bitter/Metallic has affected the local water supply close to the bus stop. Please take the necessary action.",water_supply,english,NYC311_seed_controlled_augmentation
There appears to be lighting near our house.,electricity,english,NYC311_seed_controlled_augmentation
Residents are reporting catch basin clogged/flooding near the hospital. Please arrange an inspection.,drainage,english,NYC311_seed_controlled_augmentation
There is: NO LIGHTING is affecting the area near the hospital.,electricity,english,NYC311_seed_controlled_augmentation
There appears to be leak near the junction. Please take the necessary action.,water_supply,english,NYC311_seed_controlled_augmentation
Please address dirty area/alleyway in the residential area.,garbage,english,NYC311_seed_controlled_augmentation
Residents are concerned about chemical odor near the public market.,environment,english,NYC311_seed_controlled_augmentation
Our area is facing unknown odor/taste in drinking water in the residential area. We would appreciate assistance with this issue.,water_supply,english,NYC311_seed_controlled_augmentation
There appears to be lamppost wire exposed in the residential area. Please arrange an inspection.,electricity,english,NYC311_seed_controlled_augmentation
There has been: Sewer Backup is affecting the area close to the town centre. We would appreciate assistance with this issue.,drainage,english,NYC311_seed_controlled_augmentation
Please check: There appears to be lighting on the main road.,electricity,english,NYC311_seed_controlled_augmentation
Residents have complained about missed collection along the roadside. Residents are requesting assistance.,garbage,english,NYC311_seed_controlled_augmentation
"Drivers are having difficulty because of rough, pitted or cracked roads close to the town centre. Please resolve this problem as soon as possible.",roads,english,NYC311_seed_controlled_augmentation
Chemical Spill/Release is affecting the surrounding environment outside our building.,environment,english,NYC311_seed_controlled_augmentation
I am reporting: We are experiencing an electrical problem involving multiple street lights out near our house.,electricity,english,NYC311_seed_controlled_augmentation
Residents have reported: Broken Curb along the roadside.,roads,english,NYC311_seed_controlled_augmentation
"Please repair rough, pitted or cracked roads near the hospital. Please send the responsible team to inspect the area.",roads,english,NYC311_seed_controlled_augmentation
The drainage problem appears to involve catch basin clogged/flooding near the junction. This is causing inconvenience to the public.,drainage,english,NYC311_seed_controlled_augmentation
Wastewater is causing problems due to sewer backup in our neighbourhood. We would appreciate assistance with this issue.,drainage,english,NYC311_seed_controlled_augmentation
Residents have reported: Waste has become a problem due to missed recycling paper near the hospital. Please investigate this issue.,garbage,english,NYC311_seed_controlled_augmentation
I would like to report: Residents are concerned about chemical odor in the residential area. This issue needs attention.,environment,english,NYC311_seed_controlled_augmentation
Please arrange cleaning because of receptacle violation near our house. We would appreciate assistance with this issue.,garbage,english,NYC311_seed_controlled_augmentation
Please inspect the drain because of culvert blocked/needs cleaning near the junction. Please investigate this issue.,drainage,english,NYC311_seed_controlled_augmentation
Sewage Odor is affecting the area on the main road. This is causing inconvenience to the public.,drainage,english,NYC311_seed_controlled_augmentation
Please repair cave-in close to the town centre. Please take the necessary action.,roads,english,NYC311_seed_controlled_augmentation
Sewage Leak is affecting the area along the roadside. The problem has been continuing for some time.,drainage,english,NYC311_seed_controlled_augmentation
There is a water supply problem involving dirty water in the residential area. Please arrange an inspection.,water_supply,english,NYC311_seed_controlled_augmentation
Please investigate the water issue: leak near the hospital. Residents are requesting assistance.,water_supply,english,NYC311_seed_controlled_augmentation
Drivers are having difficulty because of failed street repair outside our building. Please investigate this issue.,roads,english,NYC311_seed_controlled_augmentation
Cave-in is causing problems for vehicles close to the town centre. Please send the responsible team to inspect the area.,roads,english,NYC311_seed_controlled_augmentation
Please inspect the drain because of manhole overflow near the public market. We would appreciate assistance with this issue.,drainage,english,NYC311_seed_controlled_augmentation
People nearby have complained about chemical odor in the residential area. This is causing inconvenience to the public.,environment,english,NYC311_seed_controlled_augmentation
We are experiencing: Curb Defect-Metal Protruding is causing problems for vehicles near the hospital.,roads,english,NYC311_seed_controlled_augmentation
Please check the water system because of no water outside our building. This issue needs attention.,water_supply,english,NYC311_seed_controlled_augmentation
There appears to be slow leak close to the bus stop.,water_supply,english,NYC311_seed_controlled_augmentation
Wastewater is causing problems due to sewage odor close to the bus stop.,drainage,english,NYC311_seed_controlled_augmentation
Residents have reported: Multiple Street Lights Out is affecting the area near the public market. Please take the necessary action.,electricity,english,NYC311_seed_controlled_augmentation
We need assistance with sewer backup near the junction. We would appreciate assistance with this issue.,drainage,english,NYC311_seed_controlled_augmentation
There is a water supply problem involving unknown odor/taste in drinking water along the roadside. Residents are requesting assistance.,water_supply,english,NYC311_seed_controlled_augmentation
Culvert Blocked/Needs Cleaning is affecting the area in the residential area. Please investigate this issue.,drainage,english,NYC311_seed_controlled_augmentation
Garbage-related problems include improper disposal near the hospital.,garbage,english,NYC311_seed_controlled_augmentation
Please inspect the drain because of sewer backup near the junction.,drainage,english,NYC311_seed_controlled_augmentation
"Residents have reported cloudy or milky, other near the public market.",water_supply,english,NYC311_seed_controlled_augmentation
Wastewater is causing problems due to manhole overflow on the main road. Please arrange an inspection.,drainage,english,NYC311_seed_controlled_augmentation
"Residents have reported taste/odor, chlorine on the main road. Residents are requesting assistance.",water_supply,english,NYC311_seed_controlled_augmentation
"Drivers are having difficulty because of rough, pitted or cracked roads near the public market. This is causing inconvenience to the public.",roads,english,NYC311_seed_controlled_augmentation
"We are experiencing: Residents are concerned about air: dust, construction/demolition near the school.",environment,english,NYC311_seed_controlled_augmentation
unknown odor/taste in drinking water has affected the local water supply near the junction. Residents are requesting assistance.,water_supply,english,NYC311_seed_controlled_augmentation
"Please investigate unsafe chemical, abandoned close to the bus stop.",environment,english,NYC311_seed_controlled_augmentation
We need assistance with sewage leak on the main road. We would appreciate assistance with this issue.,drainage,english,NYC311_seed_controlled_augmentation
Please inspect the drain because of culvert blocked/needs cleaning along the roadside.,drainage,english,NYC311_seed_controlled_augmentation
Please repair pothole - highway along the roadside. Please resolve this problem as soon as possible.,roads,english,NYC311_seed_controlled_augmentation
"Our area has: Please investigate air: dust, construction/demolition along the roadside. The problem has been continuing for some time.",environment,english,NYC311_seed_controlled_augmentation
"Please check: We have noticed unsafe chemical, storage near the hospital. Please arrange an inspection.",environment,english,NYC311_seed_controlled_augmentation
Please inspect the electrical issue: lamppost knocked down near the school.,electricity,english,NYC311_seed_controlled_augmentation
Lamppost Knocked Down is affecting the area on the main road. This issue needs attention.,electricity,english,NYC311_seed_controlled_augmentation
Defective Hardware on the main road.,roads,english,NYC311_seed_controlled_augmentation
There is wiring on the main road. Please take the necessary action.,electricity,english,NYC311_seed_controlled_augmentation
The road surface is affected by failed street repair near the junction.,roads,english,NYC311_seed_controlled_augmentation
"Unsafe Chemical, Storage is affecting the surrounding environment near the school. We would appreciate assistance with this issue.",environment,english,NYC311_seed_controlled_augmentation
Sewer Backup is affecting the area near the public market. Please investigate this issue.,drainage,english,NYC311_seed_controlled_augmentation
I would like to report: Please inspect this environmental issue: air: other air problem in the residential area.,environment,english,NYC311_seed_controlled_augmentation
Lamppost Knocked Down is affecting the area in the residential area.,electricity,english,NYC311_seed_controlled_augmentation
"We are experiencing taste/odor, chlorine in the residential area.",water_supply,english,NYC311_seed_controlled_augmentation
We have noticed: The road surface is affected by defective hardware along the roadside. Please investigate this issue.,roads,english,NYC311_seed_controlled_augmentation
The road has curb defect-metal protruding along the roadside. We would appreciate assistance with this issue.,roads,english,NYC311_seed_controlled_augmentation
The area needs cleaning because of loose rubbish close to the town centre. This is causing inconvenience to the public.,garbage,english,NYC311_seed_controlled_augmentation
There is missed recycling paper near the school.,garbage,english,NYC311_seed_controlled_augmentation
Drivers are having difficulty because of failed street repair in our neighbourhood. Please resolve this problem as soon as possible.,roads,english,NYC311_seed_controlled_augmentation
The area needs cleaning because of missed recycling-all materials near the junction. This is causing inconvenience to the public.,garbage,english,NYC311_seed_controlled_augmentation
There is a water supply problem involving heavy flow near the junction. Please arrange an inspection.,water_supply,english,NYC311_seed_controlled_augmentation
"People nearby have complained about air: odor/fumes, vehicle idling close to the town centre.",environment,english,NYC311_seed_controlled_augmentation
There is sewage odor close to the bus stop.,drainage,english,NYC311_seed_controlled_augmentation
Please repair pothole close to the bus stop.,roads,english,NYC311_seed_controlled_augmentation
"Air: Odor/Fumes, Vehicle Idling is affecting the surrounding environment in the residential area. Please send the responsible team to inspect the area.",environment,english,NYC311_seed_controlled_augmentation
"Air: Smoke, Chimney or vent is affecting the surrounding environment near the junction. Please investigate this issue.",environment,english,NYC311_seed_controlled_augmentation
"The area is affected by air: odor/fumes, vehicle idling close to the town centre.",environment,english,NYC311_seed_controlled_augmentation
Residents are reporting sewer or drain close to the bus stop. Please send the responsible team to inspect the area.,drainage,english,NYC311_seed_controlled_augmentation
There appears to be no water near the junction.,water_supply,english,NYC311_seed_controlled_augmentation
Please investigate ventilation in the residential area. The problem has been continuing for some time.,environment,english,NYC311_seed_controlled_augmentation
Residents have reported dirty water near the junction.,water_supply,english,NYC311_seed_controlled_augmentation
"People nearby have complained about unsafe chemical, storage on the main road.",environment,english,NYC311_seed_controlled_augmentation
Drivers are having difficulty because of wear & tear near the public market.,roads,english,NYC311_seed_controlled_augmentation
We have noticed: Possible Water Main Break has affected the local water supply near our house. We would appreciate assistance with this issue.,water_supply,english,NYC311_seed_controlled_augmentation
Please arrange cleaning because of missed recycling - m/g/pl close to the town centre.,garbage,english,NYC311_seed_controlled_augmentation
I am reporting: Please inspect the drain because of sewer backup near the school. This is causing inconvenience to the public.,drainage,english,NYC311_seed_controlled_augmentation
Please inspect the electrical issue: power outage in our neighbourhood.,electricity,english,NYC311_seed_controlled_augmentation
Pothole - Highway is causing problems for vehicles near our house.,roads,english,NYC311_seed_controlled_augmentation
Catch Basin Clogged/Flooding is affecting the area in our neighbourhood. Please investigate this issue.,drainage,english,NYC311_seed_controlled_augmentation
There is: Please arrange cleaning because of missed recycling paper close to the bus stop. Please take the necessary action.,garbage,english,NYC311_seed_controlled_augmentation
"The area is affected by oil spill on street, small in our neighbourhood. This is causing inconvenience to the public.",environment,english,NYC311_seed_controlled_augmentation
We have noticed: Please repair cave-in along the roadside. Please investigate this issue.,roads,english,NYC311_seed_controlled_augmentation
"There is an environmental problem involving unsafe chemical, abandoned outside our building.",environment,english,NYC311_seed_controlled_augmentation
There is missed recycling paper along the roadside. We would appreciate assistance with this issue.,garbage,english,NYC311_seed_controlled_augmentation
Sewage Odor is affecting the area near the public market.,drainage,english,NYC311_seed_controlled_augmentation
"Unsafe Chemical, Abandoned is affecting the surrounding environment near the school. Please investigate this issue.",environment,english,NYC311_seed_controlled_augmentation
Residents have reported lighting near our house. The problem has been continuing for some time.,electricity,english,NYC311_seed_controlled_augmentation
Please check the water system because of heavy flow outside our building.,water_supply,english,NYC311_seed_controlled_augmentation
There is wear & tear close to the bus stop. Please investigate this issue.,roads,english,NYC311_seed_controlled_augmentation
"There is an environmental problem involving air: odor/fumes, vehicle idling close to the bus stop. Please investigate this issue.",environment,english,NYC311_seed_controlled_augmentation
Please inspect the drain because of sewer or drain near the hospital.,drainage,english,NYC311_seed_controlled_augmentation
Please inspect this environmental issue: chemical odor near the junction. Please resolve this problem as soon as possible.,environment,english,NYC311_seed_controlled_augmentation
I am reporting: Improper Disposal is creating an unsanitary condition close to the bus stop. Please take the necessary action.,garbage,english,NYC311_seed_controlled_augmentation
"There is an environmental problem involving air: smoke, vehicular in the residential area. We would appreciate assistance with this issue.",environment,english,NYC311_seed_controlled_augmentation
I would like to report: There appears to be lamppost wire exposed in the residential area. Please arrange an inspection.,electricity,english,NYC311_seed_controlled_augmentation
"We are experiencing: We have noticed air: dust, construction/demolition near our house. Please resolve this problem as soon as possible.",environment,english,NYC311_seed_controlled_augmentation
People nearby have complained about chemical spill/release outside our building.,environment,english,NYC311_seed_controlled_augmentation
Pothole is causing problems for vehicles along the roadside. This issue needs attention.,roads,english,NYC311_seed_controlled_augmentation
We need assistance with street flooding near the public market. The problem has been continuing for some time.,drainage,english,NYC311_seed_controlled_augmentation
Please investigate the water issue: damp spot near the junction. We would appreciate assistance with this issue.,water_supply,english,NYC311_seed_controlled_augmentation
"We have noticed: Please inspect this environmental issue: oil spill on street, large near our house.",environment,english,NYC311_seed_controlled_augmentation
"There is an environmental problem involving unsafe chemical, storage near the public market.",environment,english,NYC311_seed_controlled_augmentation
Our area is facing dirty water in our neighbourhood.,water_supply,english,NYC311_seed_controlled_augmentation
"Residents are concerned about unsafe chemical, abandoned near the hospital.",environment,english,NYC311_seed_controlled_augmentation
Residents have reported possible water main break close to the bus stop. We would appreciate assistance with this issue.,water_supply,english,NYC311_seed_controlled_augmentation
There is no lighting on the main road. Please send the responsible team to inspect the area.,electricity,english,NYC311_seed_controlled_augmentation
Air: Other Air Problem is affecting the surrounding environment near the public market.,environment,english,NYC311_seed_controlled_augmentation
Defective Hardware is causing problems for vehicles in the residential area.,roads,english,NYC311_seed_controlled_augmentation
Please repair broken curb along the roadside. This issue needs attention.,roads,english,NYC311_seed_controlled_augmentation
Please inspect the drain because of sewer backup outside our building. Please send the responsible team to inspect the area.,drainage,english,NYC311_seed_controlled_augmentation
"Our area has: People nearby have complained about unsafe chemical, storage near our house. This is causing inconvenience to the public.",environment,english,NYC311_seed_controlled_augmentation
Drivers are having difficulty because of failed street repair in our neighbourhood.,roads,english,NYC311_seed_controlled_augmentation
Sewage Odor is affecting the area near the hospital.,drainage,english,NYC311_seed_controlled_augmentation
The electricity service has a problem with street light out in the residential area. Please resolve this problem as soon as possible.,electricity,english,NYC311_seed_controlled_augmentation
There is wear & tear near the public market. Please send the responsible team to inspect the area.,roads,english,NYC311_seed_controlled_augmentation
Residents are concerned about chemical spill/release in the residential area.,environment,english,NYC311_seed_controlled_augmentation
Please check: We are experiencing damp spot near the public market. The problem has been continuing for some time.,water_supply,english,NYC311_seed_controlled_augmentation
Please inspect the electrical issue: electrical wiring defective/exposed in the residential area. This issue needs attention.,electricity,english,NYC311_seed_controlled_augmentation
Residents are reporting sewer backup in our neighbourhood. Please resolve this problem as soon as possible.,drainage,english,NYC311_seed_controlled_augmentation
"We have noticed air: odor/fumes, vehicle idling near the public market. This issue needs attention.",environment,english,NYC311_seed_controlled_augmentation
The electricity service has a problem with no lighting outside our building.,electricity,english,NYC311_seed_controlled_augmentation
The drainage problem appears to involve manhole overflow in the residential area. Please send the responsible team to inspect the area.,drainage,english,NYC311_seed_controlled_augmentation
"There appears to be cloudy or milky, other near the school. Please take the necessary action.",water_supply,english,NYC311_seed_controlled_augmentation
We have noticed: Our area is facing damp spot on the main road. We would appreciate assistance with this issue.,water_supply,english,NYC311_seed_controlled_augmentation
Curb Defect-Metal Protruding is causing problems for vehicles near the junction.,roads,english,NYC311_seed_controlled_augmentation
There is curb defect-metal protruding on the main road. Residents are requesting assistance.,roads,english,NYC311_seed_controlled_augmentation
There is: Please send a technician because of street light out along the roadside.,electricity,english,NYC311_seed_controlled_augmentation
Please inspect the electrical issue: street light out along the roadside. Residents are requesting assistance.,electricity,english,NYC311_seed_controlled_augmentation
Residents have complained about bulk-missed recy collection near the school. This issue needs attention.,garbage,english,NYC311_seed_controlled_augmentation
Please repair broken curb in our neighbourhood. This issue needs attention.,roads,english,NYC311_seed_controlled_augmentation
"There is a water supply problem involving taste/odor, bitter/metallic outside our building. Please resolve this problem as soon as possible.",water_supply,english,NYC311_seed_controlled_augmentation
There has been: Bulk-Missed Recy Collection is creating an unsanitary condition on the main road. Please take the necessary action.,garbage,english,NYC311_seed_controlled_augmentation
"Please investigate the water issue: taste/odor, chlorine close to the town centre. Please investigate this issue.",water_supply,english,NYC311_seed_controlled_augmentation
Our area is facing possible water main break near the junction.,water_supply,english,NYC311_seed_controlled_augmentation
There appears to be possible water main break near the junction. The problem has been continuing for some time.,water_supply,english,NYC311_seed_controlled_augmentation
Please arrange cleaning because of 15 street cond/dump-out/drop-off in the residential area. The problem has been continuing for some time.,garbage,english,NYC311_seed_controlled_augmentation
There is a water supply problem involving possible water main break in our neighbourhood. Please arrange an inspection.,water_supply,english,NYC311_seed_controlled_augmentation
We have noticed: The area is affected by large number of mosquitoes on the main road. Please arrange an inspection.,environment,english,NYC311_seed_controlled_augmentation
We are experiencing slow leak close to the town centre. The problem has been continuing for some time.,water_supply,english,NYC311_seed_controlled_augmentation
Large Number of Mosquitoes is affecting the surrounding environment along the roadside. The problem has been continuing for some time.,environment,english,NYC311_seed_controlled_augmentation
Please send a technician because of electrical wiring defective/exposed near the junction. Please investigate this issue.,electricity,english,NYC311_seed_controlled_augmentation
Please arrange cleaning because of improper disposal near our house.,garbage,english,NYC311_seed_controlled_augmentation
"Rough, Pitted or Cracked Roads near the public market. Please take the necessary action.",roads,english,NYC311_seed_controlled_augmentation
Please send a technician because of street light lamp dim near the school. Please send the responsible team to inspect the area.,electricity,english,NYC311_seed_controlled_augmentation
There is: Please send a technician because of street light out near the hospital. Please arrange an inspection.,electricity,english,NYC311_seed_controlled_augmentation
The road surface is affected by defective hardware along the roadside.,roads,english,NYC311_seed_controlled_augmentation
There is curb defect-metal protruding near our house. Please resolve this problem as soon as possible.,roads,english,NYC311_seed_controlled_augmentation
We need assistance with catch basin clogged/flooding in the residential area. The problem has been continuing for some time.,drainage,english,NYC311_seed_controlled_augmentation
Dirty Water has affected the local water supply outside our building. Please take the necessary action.,water_supply,english,NYC311_seed_controlled_augmentation
Please send a technician because of multiple street lights out on the main road.,electricity,english,NYC311_seed_controlled_augmentation
Residents have complained about dirty sidewalk along the roadside. Please take the necessary action.,garbage,english,NYC311_seed_controlled_augmentation
The road surface is affected by curb defect-metal protruding in our neighbourhood.,roads,english,NYC311_seed_controlled_augmentation
The electricity service has a problem with lamppost knocked down in our neighbourhood. Please take the necessary action.,electricity,english,NYC311_seed_controlled_augmentation
I am reporting: Street Flooding is affecting the area close to the bus stop. Please resolve this problem as soon as possible.,drainage,english,NYC311_seed_controlled_augmentation
Please send a technician because of no lighting close to the bus stop. Please take the necessary action.,electricity,english,NYC311_seed_controlled_augmentation
Please check the water system because of hydrant leaking near the school. We would appreciate assistance with this issue.,water_supply,english,NYC311_seed_controlled_augmentation
Please send a technician because of wiring close to the bus stop. Residents are requesting assistance.,electricity,english,NYC311_seed_controlled_augmentation
"Please investigate the water issue: taste/odor, bitter/metallic near the hospital.",water_supply,english,NYC311_seed_controlled_augmentation
Pothole - Highway is causing problems for vehicles in the residential area. Please resolve this problem as soon as possible.,roads,english,NYC311_seed_controlled_augmentation
The drainage system has catch basin clogged/flooding in our neighbourhood.,drainage,english,NYC311_seed_controlled_augmentation
I am reporting: Please inspect this environmental issue: chemical odor outside our building.,environment,english,NYC311_seed_controlled_augmentation
Bulk-Missed Collection is creating an unsanitary condition close to the bus stop.,garbage,english,NYC311_seed_controlled_augmentation
There is wear & tear near the hospital. We would appreciate assistance with this issue.,roads,english,NYC311_seed_controlled_augmentation
"Residents are concerned about air: odor/fumes, vehicle idling outside our building. We would appreciate assistance with this issue.",environment,english,NYC311_seed_controlled_augmentation
Please address dirty sidewalk near the school.,garbage,english,NYC311_seed_controlled_augmentation
We are experiencing dirty water near the school. Please send the responsible team to inspect the area.,water_supply,english,NYC311_seed_controlled_augmentation
Drivers are having difficulty because of curb defect-metal protruding in the residential area. Residents are requesting assistance.,roads,english,NYC311_seed_controlled_augmentation
The road has pothole - highway in our neighbourhood. This is causing inconvenience to the public.,roads,english,NYC311_seed_controlled_augmentation
We are experiencing damp spot close to the bus stop. This is causing inconvenience to the public.,water_supply,english,NYC311_seed_controlled_augmentation
Residents have reported electrical wiring defective/exposed near the public market. Please investigate this issue.,electricity,english,NYC311_seed_controlled_augmentation
There is a water supply problem involving dirty water along the roadside.,water_supply,english,NYC311_seed_controlled_augmentation
Broken Curb is causing problems for vehicles near the public market.,roads,english,NYC311_seed_controlled_augmentation
"We have noticed: Residents are concerned about rough, pitted or cracked roads in our neighbourhood. This issue needs attention.",roads,english,NYC311_seed_controlled_augmentation
We are experiencing: The drainage system has ponding on the main road. The problem has been continuing for some time.,drainage,english,NYC311_seed_controlled_augmentation
The drainage problem appears to involve manhole overflow near the junction. Please investigate this issue.,drainage,english,NYC311_seed_controlled_augmentation
Residents are reporting culvert blocked/needs cleaning close to the town centre. The problem has been continuing for some time.,drainage,english,NYC311_seed_controlled_augmentation
Please check: Drivers are having difficulty because of defective hardware in our neighbourhood. Please resolve this problem as soon as possible.,roads,english,NYC311_seed_controlled_augmentation
Missed Recycling-All Materials is creating an unsanitary condition on the main road. The problem has been continuing for some time.,garbage,english,NYC311_seed_controlled_augmentation
We are experiencing: There appears to be possible water main break in our neighbourhood. This is causing inconvenience to the public.,water_supply,english,NYC311_seed_controlled_augmentation
Wastewater is causing problems due to catch basin clogged/flooding near the hospital.,drainage,english,NYC311_seed_controlled_augmentation
Residents have complained about bulk-missed collection in the residential area. Please investigate this issue.,garbage,english,NYC311_seed_controlled_augmentation
"There has been: The road surface is affected by rough, pitted or cracked roads near the junction. Please take the necessary action.",roads,english,NYC311_seed_controlled_augmentation
The area needs cleaning because of bulk-missed recy collection close to the town centre. This is causing inconvenience to the public.,garbage,english,NYC311_seed_controlled_augmentation
We are experiencing: There is a water supply problem involving unknown odor/taste in drinking water near the hospital. Please arrange an inspection.,water_supply,english,NYC311_seed_controlled_augmentation
The drainage problem appears to involve ponding near the hospital.,drainage,english,NYC311_seed_controlled_augmentation
"There is a water supply problem involving taste/odor, chlorine along the roadside.",water_supply,english,NYC311_seed_controlled_augmentation
"There appears to be: Please investigate air: smoke, vehicular close to the town centre. Please send the responsible team to inspect the area.",environment,english,NYC311_seed_controlled_augmentation
Residents are concerned about air: other air problem close to the town centre.,environment,english,NYC311_seed_controlled_augmentation
The road surface is affected by failed street repair near the hospital. The problem has been continuing for some time.,roads,english,NYC311_seed_controlled_augmentation
Please inspect the drain because of catch basin clogged/flooding outside our building.,drainage,english,NYC311_seed_controlled_augmentation
The drainage problem appears to involve ponding in the residential area. We would appreciate assistance with this issue.,drainage,english,NYC311_seed_controlled_augmentation
Residents have reported damp spot on the main road.,water_supply,english,NYC311_seed_controlled_augmentation
I am reporting: Residents are concerned about failed street repair near our house. We would appreciate assistance with this issue.,roads,english,NYC311_seed_controlled_augmentation
There is multiple street lights out near the school. Please take the necessary action.,electricity,english,NYC311_seed_controlled_augmentation
"There has been: Please inspect this environmental issue: air: odor/fumes, vehicle idling near the public market.",environment,english,NYC311_seed_controlled_augmentation
Chemical Odor is affecting the surrounding environment in the residential area. The problem has been continuing for some time.,environment,english,NYC311_seed_controlled_augmentation
unknown odor/taste in drinking water has affected the local water supply near the hospital. Please investigate this issue.,water_supply,english,NYC311_seed_controlled_augmentation
NO LIGHTING is affecting the area outside our building. We would appreciate assistance with this issue.,electricity,english,NYC311_seed_controlled_augmentation
Please check the water system because of dirty water near the junction.,water_supply,english,NYC311_seed_controlled_augmentation
"Please inspect this environmental issue: air: dust, other near our house. Please resolve this problem as soon as possible.",environment,english,NYC311_seed_controlled_augmentation
"Our area is facing cloudy or milky, other outside our building.",water_supply,english,NYC311_seed_controlled_augmentation
"There has been: People nearby have complained about unsafe chemical, storage in our neighbourhood.",environment,english,NYC311_seed_controlled_augmentation
We are experiencing an electrical problem involving street light out close to the bus stop.,electricity,english,NYC311_seed_controlled_augmentation
There appears to be possible water main break in the residential area. Please investigate this issue.,water_supply,english,NYC311_seed_controlled_augmentation
We have noticed: Wastewater is causing problems due to sewer backup outside our building. Please send the responsible team to inspect the area.,drainage,english,NYC311_seed_controlled_augmentation
Wastewater is causing problems due to street flooding near the junction.,drainage,english,NYC311_seed_controlled_augmentation
Dirty Water has affected the local water supply in our neighbourhood. This issue needs attention.,water_supply,english,NYC311_seed_controlled_augmentation
Wear & Tear on the main road. This is causing inconvenience to the public.,roads,english,NYC311_seed_controlled_augmentation
Asbestos Complaint is affecting the surrounding environment near the hospital.,environment,english,NYC311_seed_controlled_augmentation
There is: Waste has become a problem due to bulk-missed recy collection on the main road. Please send the responsible team to inspect the area.,garbage,english,NYC311_seed_controlled_augmentation
We need assistance with sewer backup close to the bus stop. This issue needs attention.,drainage,english,NYC311_seed_controlled_augmentation
Air: Other Air Problem is affecting the surrounding environment near the school. We would appreciate assistance with this issue.,environment,english,NYC311_seed_controlled_augmentation
Drivers are having difficulty because of broken curb near our house. Please arrange an inspection.,roads,english,NYC311_seed_controlled_augmentation
LIGHTING is affecting the area close to the bus stop.,electricity,english,NYC311_seed_controlled_augmentation
"People nearby have complained about unsafe chemical, abandoned close to the bus stop. Please resolve this problem as soon as possible.",environment,english,NYC311_seed_controlled_augmentation
We have noticed: Large Number of Mosquitoes is affecting the surrounding environment near the school.,environment,english,NYC311_seed_controlled_augmentation
Please address dirty area/alleyway outside our building. Residents are requesting assistance.,garbage,english,NYC311_seed_controlled_augmentation
Please investigate the water issue: heavy flow near the junction. Residents are requesting assistance.,water_supply,english,NYC311_seed_controlled_augmentation
"We have noticed oil spill on street, large near our house. Residents are requesting assistance.",environment,english,NYC311_seed_controlled_augmentation
There appears to be hydrant leaking near the hospital.,water_supply,english,NYC311_seed_controlled_augmentation
"There is an environmental problem involving unsafe chemical, abandoned near the hospital.",environment,english,NYC311_seed_controlled_augmentation
There appears to be: We are experiencing an electrical problem involving electrical wiring defective/exposed near our house.,electricity,english,NYC311_seed_controlled_augmentation
Wear & Tear near the school. Please send the responsible team to inspect the area.,roads,english,NYC311_seed_controlled_augmentation
Curb Defect-Metal Protruding in the residential area. Please investigate this issue.,roads,english,NYC311_seed_controlled_augmentation
There has been: Residents are reporting manhole overflow near the hospital.,drainage,english,NYC311_seed_controlled_augmentation
Residents are concerned about asbestos complaint in the residential area. Residents are requesting assistance.,environment,english,NYC311_seed_controlled_augmentation
Please check: There is curb defect-metal protruding on the main road.,roads,english,NYC311_seed_controlled_augmentation
Curb Defect-Metal Protruding is causing problems for vehicles close to the bus stop.,roads,english,NYC311_seed_controlled_augmentation
There is a water supply problem involving low water pressure - wlwp in our neighbourhood.,water_supply,english,NYC311_seed_controlled_augmentation
The road has broken curb near our house.,roads,english,NYC311_seed_controlled_augmentation
Residents have reported multiple street lights out in our neighbourhood. Please arrange an inspection.,electricity,english,NYC311_seed_controlled_augmentation
"Residents are concerned about unsafe chemical, storage close to the bus stop.",environment,english,NYC311_seed_controlled_augmentation
There is: Pothole - Highway is causing problems for vehicles near our house. Please resolve this problem as soon as possible.,roads,english,NYC311_seed_controlled_augmentation
Dirty Sidewalk is creating an unsanitary condition near our house. This is causing inconvenience to the public.,garbage,english,NYC311_seed_controlled_augmentation
Please send a technician because of multiple street lights out on the main road. We would appreciate assistance with this issue.,electricity,english,NYC311_seed_controlled_augmentation
There is an environmental problem involving air: other air problem outside our building. Please send the responsible team to inspect the area.,environment,english,NYC311_seed_controlled_augmentation
Please send a technician because of lamppost knocked down near our house. This is causing inconvenience to the public.,electricity,english,NYC311_seed_controlled_augmentation
The electricity service has a problem with street light lamp dim near the hospital.,electricity,english,NYC311_seed_controlled_augmentation
There is power outage close to the town centre. Please send the responsible team to inspect the area.,electricity,english,NYC311_seed_controlled_augmentation
We have noticed chemical odor near the public market. Please investigate this issue.,environment,english,NYC311_seed_controlled_augmentation
"The area is affected by oil spill on street, large near our house. Please investigate this issue.",environment,english,NYC311_seed_controlled_augmentation
The road surface is affected by cave-in close to the town centre. Please arrange an inspection.,roads,english,NYC311_seed_controlled_augmentation
We are experiencing an electrical problem involving no lighting near our house. Please arrange an inspection.,electricity,english,NYC311_seed_controlled_augmentation
Residents are reporting sewage leak close to the bus stop. Please resolve this problem as soon as possible.,drainage,english,NYC311_seed_controlled_augmentation
Please inspect the drain because of rain garden flooding near the junction. This issue needs attention.,drainage,english,NYC311_seed_controlled_augmentation
"Residents are concerned about unsafe chemical, abandoned near our house. Residents are requesting assistance.",environment,english,NYC311_seed_controlled_augmentation
Residents have reported no lighting near the public market. Residents are requesting assistance.,electricity,english,NYC311_seed_controlled_augmentation
"Please inspect this environmental issue: air: odor/fumes, vehicle idling near the hospital. The problem has been continuing for some time.",environment,english,NYC311_seed_controlled_augmentation
"Residents are concerned about air: smoke, vehicular near our house. Please resolve this problem as soon as possible.",environment,english,NYC311_seed_controlled_augmentation
Please arrange cleaning because of 15 street cond/dump-out/drop-off along the roadside. Please take the necessary action.,garbage,english,NYC311_seed_controlled_augmentation
There is an environmental problem involving chemical odor along the roadside. Please investigate this issue.,environment,english,NYC311_seed_controlled_augmentation
Please arrange cleaning because of dirty sidewalk in our neighbourhood. Residents are requesting assistance.,garbage,english,NYC311_seed_controlled_augmentation
There has been: Residents have reported damp spot on the main road.,water_supply,english,NYC311_seed_controlled_augmentation
We are experiencing an electrical problem involving wiring outside our building. We would appreciate assistance with this issue.,electricity,english,NYC311_seed_controlled_augmentation
Drivers are having difficulty because of failed street repair near the junction. Please arrange an inspection.,roads,english,NYC311_seed_controlled_augmentation
Garbage-related problems include receptacle violation near the junction.,garbage,english,NYC311_seed_controlled_augmentation
There is defective hardware near the hospital. We would appreciate assistance with this issue.,roads,english,NYC311_seed_controlled_augmentation
Please inspect the electrical issue: street light out close to the town centre. This is causing inconvenience to the public.,electricity,english,NYC311_seed_controlled_augmentation
Please send a technician because of wiring near the school. Please send the responsible team to inspect the area.,electricity,english,NYC311_seed_controlled_augmentation
"Please repair rough, pitted or cracked roads in the residential area. This issue needs attention.",roads,english,NYC311_seed_controlled_augmentation
Please inspect the electrical issue: street light out on the main road. The problem has been continuing for some time.,electricity,english,NYC311_seed_controlled_augmentation
People nearby have complained about air: other air problem on the main road. Please resolve this problem as soon as possible.,environment,english,NYC311_seed_controlled_augmentation
There is pothole near the school. Please resolve this problem as soon as possible.,roads,english,NYC311_seed_controlled_augmentation
The road surface is affected by curb defect-metal protruding in the residential area. Residents are requesting assistance.,roads,english,NYC311_seed_controlled_augmentation
Residents are reporting culvert blocked/needs cleaning near the public market. The problem has been continuing for some time.,drainage,english,NYC311_seed_controlled_augmentation
The road has broken curb close to the town centre.,roads,english,NYC311_seed_controlled_augmentation
Please send a technician because of no lighting on the main road. Please arrange an inspection.,electricity,english,NYC311_seed_controlled_augmentation
There is multiple street lights out on the main road. Please send the responsible team to inspect the area.,electricity,english,NYC311_seed_controlled_augmentation
We have noticed air: other air problem close to the bus stop. Please resolve this problem as soon as possible.,environment,english,NYC311_seed_controlled_augmentation
Please send a technician because of power outage close to the town centre. We would appreciate assistance with this issue.,electricity,english,NYC311_seed_controlled_augmentation
There appears to be power outage outside our building.,electricity,english,NYC311_seed_controlled_augmentation
Drivers are having difficulty because of failed street repair near the public market.,roads,english,NYC311_seed_controlled_augmentation
We need assistance with street flooding in our neighbourhood. Please take the necessary action.,drainage,english,NYC311_seed_controlled_augmentation
There appears to be lighting near the junction. The problem has been continuing for some time.,electricity,english,NYC311_seed_controlled_augmentation
Please address bulk-missed recy collection in our neighbourhood. Residents are requesting assistance.,garbage,english,NYC311_seed_controlled_augmentation
"People nearby have complained about oil spill on street, small near the hospital. Please arrange an inspection.",environment,english,NYC311_seed_controlled_augmentation
Garbage-related problems include missed recycling paper in our neighbourhood. Please arrange an inspection.,garbage,english,NYC311_seed_controlled_augmentation
Waste has become a problem due to dirty area/alleyway near our house. Please investigate this issue.,garbage,english,NYC311_seed_controlled_augmentation
Our area is facing dirty water close to the town centre. Residents are requesting assistance.,water_supply,english,NYC311_seed_controlled_augmentation
Please investigate chemical odor in our neighbourhood. The problem has been continuing for some time.,environment,english,NYC311_seed_controlled_augmentation
We have noticed: Curb Defect-Metal Protruding is causing problems for vehicles near the public market.,roads,english,NYC311_seed_controlled_augmentation
There is cave-in close to the town centre. Please investigate this issue.,roads,english,NYC311_seed_controlled_augmentation
Residents have reported low water pressure - wlwp near the school. We would appreciate assistance with this issue.,water_supply,english,NYC311_seed_controlled_augmentation
Our area has: Please investigate the water issue: leak in the residential area. Residents are requesting assistance.,water_supply,english,NYC311_seed_controlled_augmentation
Please check: Residents are concerned about pothole - highway close to the bus stop.,roads,english,NYC311_seed_controlled_augmentation
We are experiencing unknown odor/taste in drinking water on the main road. Please investigate this issue.,water_supply,english,NYC311_seed_controlled_augmentation
I am reporting: WIRING is affecting the area in the residential area. Please investigate this issue.,electricity,english,NYC311_seed_controlled_augmentation
Residents are concerned about failed street repair in the residential area. Please arrange an inspection.,roads,english,NYC311_seed_controlled_augmentation
I am reporting: Chemical Spill/Release is affecting the surrounding environment near the junction. Please arrange an inspection.,environment,english,NYC311_seed_controlled_augmentation
Please inspect the electrical issue: lamppost wire exposed in the residential area. Please arrange an inspection.,electricity,english,NYC311_seed_controlled_augmentation
There is a water supply problem involving dirty water close to the bus stop.,water_supply,english,NYC311_seed_controlled_augmentation
The drainage system has sewage leak near the school.,drainage,english,NYC311_seed_controlled_augmentation
Residents have reported: Please repair failed street repair close to the town centre.,roads,english,NYC311_seed_controlled_augmentation
Please repair pothole - highway outside our building. This issue needs attention.,roads,english,NYC311_seed_controlled_augmentation
Residents have reported street light lamp dim close to the town centre. Residents are requesting assistance.,electricity,english,NYC311_seed_controlled_augmentation
We are experiencing: There is bulk-missed collection near the public market. Residents are requesting assistance.,garbage,english,NYC311_seed_controlled_augmentation
Sewer or Drain is affecting the area near the junction.,drainage,english,NYC311_seed_controlled_augmentation
We are experiencing: Pothole is causing problems for vehicles near the junction.,roads,english,NYC311_seed_controlled_augmentation
Chemical Odor is affecting the surrounding environment close to the bus stop. We would appreciate assistance with this issue.,environment,english,NYC311_seed_controlled_augmentation
"There appears to be taste/odor, chlorine close to the town centre. The problem has been continuing for some time.",water_supply,english,NYC311_seed_controlled_augmentation
Please inspect the electrical issue: power outage near the junction. This is causing inconvenience to the public.,electricity,english,NYC311_seed_controlled_augmentation
Please arrange cleaning because of receptacle violation close to the bus stop.,garbage,english,NYC311_seed_controlled_augmentation
The drainage problem appears to involve sewage leak near the school. This issue needs attention.,drainage,english,NYC311_seed_controlled_augmentation
"We have noticed air: odor/fumes, restaurant near the public market. Please arrange an inspection.",environment,english,NYC311_seed_controlled_augmentation
Residents have reported leak on the main road. Please take the necessary action.,water_supply,english,NYC311_seed_controlled_augmentation
"Residents are concerned about air: odor/fumes, vehicle idling in our neighbourhood. Please take the necessary action.",environment,english,NYC311_seed_controlled_augmentation
Residents are reporting manhole overflow near the hospital.,drainage,english,NYC311_seed_controlled_augmentation
Residents have reported lighting close to the bus stop.,electricity,english,NYC311_seed_controlled_augmentation
The area needs cleaning because of receptacle violation near the public market. The problem has been continuing for some time.,garbage,english,NYC311_seed_controlled_augmentation
Please inspect this environmental issue: chemical vapors/gases/odors in our neighbourhood. We would appreciate assistance with this issue.,environment,english,NYC311_seed_controlled_augmentation
"Residents have reported cloudy or milky, other near the school. This is causing inconvenience to the public.",water_supply,english,NYC311_seed_controlled_augmentation
Residents have complained about 15 street cond/dump-out/drop-off near the public market. Please investigate this issue.,garbage,english,NYC311_seed_controlled_augmentation
The electricity service has a problem with multiple street lights out near the school. The problem has been continuing for some time.,electricity,english,NYC311_seed_controlled_augmentation
Culvert Blocked/Needs Cleaning is affecting the area close to the town centre. Please investigate this issue.,drainage,english,NYC311_seed_controlled_augmentation
Please arrange cleaning because of dirty sidewalk near the hospital. Residents are requesting assistance.,garbage,english,NYC311_seed_controlled_augmentation
Lamppost Knocked Down is affecting the area near our house. Please take the necessary action.,electricity,english,NYC311_seed_controlled_augmentation
"Residents have reported: The area is affected by unsafe chemical, abandoned in our neighbourhood. Please send the responsible team to inspect the area.",environment,english,NYC311_seed_controlled_augmentation
There is sewage odor near the hospital.,drainage,english,NYC311_seed_controlled_augmentation
I am reporting: There appears to be unknown odor/taste in drinking water near our house. We would appreciate assistance with this issue.,water_supply,english,NYC311_seed_controlled_augmentation
Residents are concerned about asbestos complaint outside our building. The problem has been continuing for some time.,environment,english,NYC311_seed_controlled_augmentation
"The road surface is affected by rough, pitted or cracked roads near the junction.",roads,english,NYC311_seed_controlled_augmentation
There is street light out near the junction. Please arrange an inspection.,electricity,english,NYC311_seed_controlled_augmentation
Bulk-Missed Recy Collection is creating an unsanitary condition in our neighbourhood. This issue needs attention.,garbage,english,NYC311_seed_controlled_augmentation
Please send a technician because of multiple street lights out near the junction. This issue needs attention.,electricity,english,NYC311_seed_controlled_augmentation
We are experiencing slow leak in our neighbourhood. Please take the necessary action.,water_supply,english,NYC311_seed_controlled_augmentation
"We have noticed air: odor/fumes, restaurant near the school. We would appreciate assistance with this issue.",environment,english,NYC311_seed_controlled_augmentation
Residents have reported damp spot outside our building.,water_supply,english,NYC311_seed_controlled_augmentation
There is rain garden flooding on the main road. Please take the necessary action.,drainage,english,NYC311_seed_controlled_augmentation
The area needs cleaning because of missed collection near the junction. We would appreciate assistance with this issue.,garbage,english,NYC311_seed_controlled_augmentation
Missed Recycling-All Materials is creating an unsanitary condition near the public market. Please resolve this problem as soon as possible.,garbage,english,NYC311_seed_controlled_augmentation
There has been: Please address bulk-missed recy collection near the public market. Please take the necessary action.,garbage,english,NYC311_seed_controlled_augmentation
Please address missed recycling-all materials near our house. The problem has been continuing for some time.,garbage,english,NYC311_seed_controlled_augmentation
The electricity service has a problem with no lighting near our house. This issue needs attention.,electricity,english,NYC311_seed_controlled_augmentation
Please send a technician because of electrical wiring defective/exposed near the public market.,electricity,english,NYC311_seed_controlled_augmentation
Street Light Out is affecting the area near the school.,electricity,english,NYC311_seed_controlled_augmentation
Please inspect this environmental issue: chemical vapors/gases/odors along the roadside. Please investigate this issue.,environment,english,NYC311_seed_controlled_augmentation
Residents have reported unknown odor/taste in drinking water in the residential area.,water_supply,english,NYC311_seed_controlled_augmentation
Residents are concerned about chemical vapors/gases/odors on the main road.,environment,english,NYC311_seed_controlled_augmentation
There is improper disposal near the junction.,garbage,english,NYC311_seed_controlled_augmentation
Please check the water system because of leak near the school. This issue needs attention.,water_supply,english,NYC311_seed_controlled_augmentation
Please inspect this environmental issue: large number of mosquitoes near the junction.,environment,english,NYC311_seed_controlled_augmentation
The drainage system has ponding on the main road. Please take the necessary action.,drainage,english,NYC311_seed_controlled_augmentation
The area is affected by chemical odor near the hospital.,environment,english,NYC311_seed_controlled_augmentation
The area needs cleaning because of missed recycling - m/g/pl near the school. Please send the responsible team to inspect the area.,garbage,english,NYC311_seed_controlled_augmentation
Please inspect the electrical issue: power outage near the junction.,electricity,english,NYC311_seed_controlled_augmentation
I am reporting: The road surface is affected by failed street repair in our neighbourhood. Please resolve this problem as soon as possible.,roads,english,NYC311_seed_controlled_augmentation
We are experiencing: There is no lighting close to the town centre.,electricity,english,NYC311_seed_controlled_augmentation
Bulk-Missed Recy Collection is creating an unsanitary condition near the public market.,garbage,english,NYC311_seed_controlled_augmentation
We need assistance with sewer backup near the school.,drainage,english,NYC311_seed_controlled_augmentation
There appears to be power outage outside our building. Please take the necessary action.,electricity,english,NYC311_seed_controlled_augmentation
"I am reporting: We have noticed air: smoke, vehicular outside our building. Please arrange an inspection.",environment,english,NYC311_seed_controlled_augmentation
"Please investigate air: odor/fumes, restaurant outside our building.",environment,english,NYC311_seed_controlled_augmentation
Please arrange cleaning because of missed recycling-all materials in our neighbourhood. The problem has been continuing for some time.,garbage,english,NYC311_seed_controlled_augmentation
Residents have reported dirty water near the junction. We would appreciate assistance with this issue.,water_supply,english,NYC311_seed_controlled_augmentation
"Air: Dust, Other is affecting the surrounding environment near the junction.",environment,english,NYC311_seed_controlled_augmentation
"We are experiencing: The area is affected by air: odor/fumes, vehicle idling close to the bus stop. Please take the necessary action.",environment,english,NYC311_seed_controlled_augmentation
Please send a technician because of power outage close to the bus stop. This issue needs attention.,electricity,english,NYC311_seed_controlled_augmentation
There is culvert blocked/needs cleaning outside our building.,drainage,english,NYC311_seed_controlled_augmentation
"We have noticed air: dust, construction/demolition close to the town centre. Please send the responsible team to inspect the area.",environment,english,NYC311_seed_controlled_augmentation
I would like to report: Defective Hardware in our neighbourhood. This issue needs attention.,roads,english,NYC311_seed_controlled_augmentation
People nearby have complained about chemical spill/release near our house. We would appreciate assistance with this issue.,environment,english,NYC311_seed_controlled_augmentation
unknown odor/taste in drinking water has affected the local water supply outside our building. Please take the necessary action.,water_supply,english,NYC311_seed_controlled_augmentation
Please investigate the water issue: low water pressure - wlwp near the junction. Please arrange an inspection.,water_supply,english,NYC311_seed_controlled_augmentation
There appears to be power outage near the public market. This issue needs attention.,electricity,english,NYC311_seed_controlled_augmentation
We are experiencing low water pressure - wlwp outside our building. Please send the responsible team to inspect the area.,water_supply,english,NYC311_seed_controlled_augmentation
Residents have reported: We are experiencing an electrical problem involving power outage in our neighbourhood. This is causing inconvenience to the public.,electricity,english,NYC311_seed_controlled_augmentation
"There is a water supply problem involving taste/odor, bitter/metallic close to the bus stop. Residents are requesting assistance.",water_supply,english,NYC311_seed_controlled_augmentation
"Please investigate air: smoke, chimney or vent near the junction. Please arrange an inspection.",environment,english,NYC311_seed_controlled_augmentation
Please inspect the electrical issue: lamppost wire exposed on the main road. The problem has been continuing for some time.,electricity,english,NYC311_seed_controlled_augmentation
"Please check: People nearby have complained about unsafe chemical, storage near the hospital. This issue needs attention.",environment,english,NYC311_seed_controlled_augmentation
"Residents are concerned about rough, pitted or cracked roads outside our building. This is causing inconvenience to the public.",roads,english,NYC311_seed_controlled_augmentation
Garbage-related problems include bulk-missed recy collection in the residential area. This is causing inconvenience to the public.,garbage,english,NYC311_seed_controlled_augmentation
Please address missed collection near the junction. Please arrange an inspection.,garbage,english,NYC311_seed_controlled_augmentation
There is: We are experiencing an electrical problem involving street light out in our neighbourhood. The problem has been continuing for some time.,electricity,english,NYC311_seed_controlled_augmentation
Residents have complained about bulk-missed recy collection near the school. We would appreciate assistance with this issue.,garbage,english,NYC311_seed_controlled_augmentation
Residents are reporting culvert blocked/needs cleaning near the public market.,drainage,english,NYC311_seed_controlled_augmentation
Please inspect the drain because of catch basin clogged/flooding in our neighbourhood. Please arrange an inspection.,drainage,english,NYC311_seed_controlled_augmentation
The drainage system has sewage leak near the junction. This is causing inconvenience to the public.,drainage,english,NYC311_seed_controlled_augmentation
Please repair pothole - highway close to the town centre. We would appreciate assistance with this issue.,roads,english,NYC311_seed_controlled_augmentation
SLOW LEAK has affected the local water supply near the hospital.,water_supply,english,NYC311_seed_controlled_augmentation
Residents are reporting catch basin clogged/flooding outside our building.,drainage,english,NYC311_seed_controlled_augmentation
We are experiencing low water pressure - wlwp close to the bus stop.,water_supply,english,NYC311_seed_controlled_augmentation
There is an environmental problem involving chemical odor in the residential area. This is causing inconvenience to the public.,environment,english,NYC311_seed_controlled_augmentation
The drainage problem appears to involve rain garden flooding near the hospital.,drainage,english,NYC311_seed_controlled_augmentation
Residents have reported: Please send a technician because of power outage near the public market.,electricity,english,NYC311_seed_controlled_augmentation
We are experiencing: Residents are concerned about curb defect-metal protruding in the residential area. Please resolve this problem as soon as possible.,roads,english,NYC311_seed_controlled_augmentation
There is dirty area/alleyway outside our building.,garbage,english,NYC311_seed_controlled_augmentation
"Please check the water system because of taste/odor, bitter/metallic near our house.",water_supply,english,NYC311_seed_controlled_augmentation
Our area has: Waste has become a problem due to bulk-missed recy collection outside our building. Please send the responsible team to inspect the area.,garbage,english,NYC311_seed_controlled_augmentation
Residents are reporting ponding near our house. Please send the responsible team to inspect the area.,drainage,english,NYC311_seed_controlled_augmentation
We are experiencing an electrical problem involving outlet/switch close to the bus stop. Please arrange an inspection.,electricity,english,NYC311_seed_controlled_augmentation
There appears to be unknown odor/taste in drinking water along the roadside. Please resolve this problem as soon as possible.,water_supply,english,NYC311_seed_controlled_augmentation
Drivers are having difficulty because of failed street repair on the main road. The problem has been continuing for some time.,roads,english,NYC311_seed_controlled_augmentation
There has been: The drainage system has ponding on the main road. Residents are requesting assistance.,drainage,english,NYC311_seed_controlled_augmentation
"There has been: People nearby have complained about air: smoke, chimney or vent along the roadside.",environment,english,NYC311_seed_controlled_augmentation
The road surface is affected by pothole - highway in our neighbourhood.,roads,english,NYC311_seed_controlled_augmentation
Please inspect the drain because of sewage odor in our neighbourhood. Residents are requesting assistance.,drainage,english,NYC311_seed_controlled_augmentation
Residents have reported: Please send a technician because of street light lamp dim along the roadside.,electricity,english,NYC311_seed_controlled_augmentation
Residents have reported: Culvert Blocked/Needs Cleaning is affecting the area along the roadside. This is causing inconvenience to the public.,drainage,english,NYC311_seed_controlled_augmentation
Residents are concerned about pothole in our neighbourhood. Please arrange an inspection.,roads,english,NYC311_seed_controlled_augmentation
There is lamppost knocked down near the public market. The problem has been continuing for some time.,electricity,english,NYC311_seed_controlled_augmentation
We are experiencing an electrical problem involving power outage near the junction. Please take the necessary action.,electricity,english,NYC311_seed_controlled_augmentation
Please inspect the drain because of sewage leak close to the bus stop.,drainage,english,NYC311_seed_controlled_augmentation
The road surface is affected by cave-in outside our building. Please investigate this issue.,roads,english,NYC311_seed_controlled_augmentation
Please address 15 street cond/dump-out/drop-off near the junction. Please take the necessary action.,garbage,english,NYC311_seed_controlled_augmentation
The electricity service has a problem with no lighting in the residential area. This is causing inconvenience to the public.,electricity,english,NYC311_seed_controlled_augmentation
Please check: The drainage problem appears to involve sewage leak near the school. Please investigate this issue.,drainage,english,NYC311_seed_controlled_augmentation
Please arrange cleaning because of receptacle violation near the public market. We would appreciate assistance with this issue.,garbage,english,NYC311_seed_controlled_augmentation
The road surface is affected by broken curb near the hospital.,roads,english,NYC311_seed_controlled_augmentation
Residents have reported lamppost wire exposed along the roadside.,electricity,english,NYC311_seed_controlled_augmentation
Garbage-related problems include missed recycling-all materials close to the bus stop.,garbage,english,NYC311_seed_controlled_augmentation
Our area has: The area needs cleaning because of missed recycling - m/g/pl on the main road. Please send the responsible team to inspect the area.,garbage,english,NYC311_seed_controlled_augmentation
Waste has become a problem due to dirty area/alleyway near the school. Please send the responsible team to inspect the area.,garbage,english,NYC311_seed_controlled_augmentation
The road surface is affected by pothole near the junction.,roads,english,NYC311_seed_controlled_augmentation
There is cave-in near our house. This is causing inconvenience to the public.,roads,english,NYC311_seed_controlled_augmentation
Please send a technician because of lighting outside our building. We would appreciate assistance with this issue.,electricity,english,NYC311_seed_controlled_augmentation
The area is affected by chemical odor in our neighbourhood. Please send the responsible team to inspect the area.,environment,english,NYC311_seed_controlled_augmentation
Pothole - Highway near the junction. This is causing inconvenience to the public.,roads,english,NYC311_seed_controlled_augmentation
"The area is affected by air: odor/fumes, vehicle idling near our house.",environment,english,NYC311_seed_controlled_augmentation
"We have noticed oil spill on street, large outside our building. We would appreciate assistance with this issue.",environment,english,NYC311_seed_controlled_augmentation
"There is rough, pitted or cracked roads on the main road. The problem has been continuing for some time.",roads,english,NYC311_seed_controlled_augmentation
I would like to report: There is curb defect-metal protruding near the hospital. This is causing inconvenience to the public.,roads,english,NYC311_seed_controlled_augmentation
Please arrange cleaning because of missed recycling - m/g/pl along the roadside. Please take the necessary action.,garbage,english,NYC311_seed_controlled_augmentation
"Residents are concerned about air: smoke, chimney or vent in our neighbourhood.",environment,english,NYC311_seed_controlled_augmentation
We have noticed: Please arrange cleaning because of bulk-missed collection on the main road.,garbage,english,NYC311_seed_controlled_augmentation
We have noticed large number of mosquitoes close to the town centre.,environment,english,NYC311_seed_controlled_augmentation
"There has been: Please inspect this environmental issue: air: odor/fumes, restaurant on the main road. We would appreciate assistance with this issue.",environment,english,NYC311_seed_controlled_augmentation
Drivers are having difficulty because of defective hardware near our house. This is causing inconvenience to the public.,roads,english,NYC311_seed_controlled_augmentation
"The road surface is affected by rough, pitted or cracked roads near the public market. This issue needs attention.",roads,english,NYC311_seed_controlled_augmentation
The drainage problem appears to involve sewage leak close to the bus stop.,drainage,english,NYC311_seed_controlled_augmentation
Please check: Please inspect the electrical issue: lighting close to the bus stop.,electricity,english,NYC311_seed_controlled_augmentation
Please send a technician because of street light lamp dim near the junction. This is causing inconvenience to the public.,electricity,english,NYC311_seed_controlled_augmentation
15 Street Cond/Dump-Out/Drop-Off is creating an unsanitary condition along the roadside.,garbage,english,NYC311_seed_controlled_augmentation
Waste has become a problem due to dirty sidewalk close to the town centre. Please arrange an inspection.,garbage,english,NYC311_seed_controlled_augmentation
There appears to be lighting close to the bus stop. This is causing inconvenience to the public.,electricity,english,NYC311_seed_controlled_augmentation
Missed Recycling Paper is creating an unsanitary condition outside our building. The problem has been continuing for some time.,garbage,english,NYC311_seed_controlled_augmentation
Wear & Tear is causing problems for vehicles in our neighbourhood.,roads,english,NYC311_seed_controlled_augmentation
The road surface is affected by cave-in near the school.,roads,english,NYC311_seed_controlled_augmentation
We have noticed: Residents have reported street light lamp dim near the school. Please send the responsible team to inspect the area.,electricity,english,NYC311_seed_controlled_augmentation
The road has broken curb near the junction.,roads,english,NYC311_seed_controlled_augmentation
"I would like to report: People nearby have complained about air: smoke, chimney or vent in the residential area. Please send the responsible team to inspect the area.",environment,english,NYC311_seed_controlled_augmentation
The area needs cleaning because of missed recycling - m/g/pl close to the bus stop.,garbage,english,NYC311_seed_controlled_augmentation
Residents have reported low water pressure - wlwp near the school. This issue needs attention.,water_supply,english,NYC311_seed_controlled_augmentation
Broken Curb is causing problems for vehicles near the school. This issue needs attention.,roads,english,NYC311_seed_controlled_augmentation
Residents are reporting sewer backup near our house. Please investigate this issue.,drainage,english,NYC311_seed_controlled_augmentation
"The area is affected by air: smoke, chimney or vent near the school. The problem has been continuing for some time.",environment,english,NYC311_seed_controlled_augmentation
We are experiencing: There is a water supply problem involving hydrant leaking close to the bus stop. This issue needs attention.,water_supply,english,NYC311_seed_controlled_augmentation
Please investigate the water issue: dirty water close to the town centre. This issue needs attention.,water_supply,english,NYC311_seed_controlled_augmentation
Please send a technician because of lamppost knocked down in our neighbourhood. Please send the responsible team to inspect the area.,electricity,english,NYC311_seed_controlled_augmentation
There is catch basin clogged/flooding near the school.,drainage,english,NYC311_seed_controlled_augmentation
"Please repair rough, pitted or cracked roads close to the town centre. Please send the responsible team to inspect the area.",roads,english,NYC311_seed_controlled_augmentation
There appears to be: Residents have reported heavy flow close to the town centre.,water_supply,english,NYC311_seed_controlled_augmentation
There is lamppost knocked down near the hospital.,electricity,english,NYC311_seed_controlled_augmentation
Residents have complained about bulk-missed recy collection near the school.,garbage,english,NYC311_seed_controlled_augmentation
Waste has become a problem due to 15 street cond/dump-out/drop-off in the residential area. This issue needs attention.,garbage,english,NYC311_seed_controlled_augmentation
There appears to be street light out near the junction. We would appreciate assistance with this issue.,electricity,english,NYC311_seed_controlled_augmentation
There is a water supply problem involving unknown odor/taste in drinking water near the public market.,water_supply,english,NYC311_seed_controlled_augmentation
Our area is facing leak outside our building. The problem has been continuing for some time.,water_supply,english,NYC311_seed_controlled_augmentation
The road has defective hardware along the roadside.,roads,english,NYC311_seed_controlled_augmentation
We are experiencing: The road surface is affected by broken curb on the main road. We would appreciate assistance with this issue.,roads,english,NYC311_seed_controlled_augmentation
Residents have reported: Sewage Odor is affecting the area close to the bus stop.,drainage,english,NYC311_seed_controlled_augmentation
"Please investigate unsafe chemical, storage along the roadside.",environment,english,NYC311_seed_controlled_augmentation
There appears to be leak outside our building. This is causing inconvenience to the public.,water_supply,english,NYC311_seed_controlled_augmentation
"We have noticed: Air: Dust, Other is affecting the surrounding environment near the school.",environment,english,NYC311_seed_controlled_augmentation
People nearby have complained about asbestos complaint close to the bus stop. Please take the necessary action.,environment,english,NYC311_seed_controlled_augmentation
Please inspect the electrical issue: street light out close to the town centre. Please investigate this issue.,electricity,english,NYC311_seed_controlled_augmentation
Bulk-Missed Recy Collection is creating an unsanitary condition near the hospital.,garbage,english,NYC311_seed_controlled_augmentation
Garbage-related problems include bulk-missed recy collection near the school.,garbage,english,NYC311_seed_controlled_augmentation
The area needs cleaning because of missed recycling - m/g/pl along the roadside. Please resolve this problem as soon as possible.,garbage,english,NYC311_seed_controlled_augmentation
Wear & Tear along the roadside. Please take the necessary action.,roads,english,NYC311_seed_controlled_augmentation
Residents have complained about bulk-missed recy collection near the junction. Residents are requesting assistance.,garbage,english,NYC311_seed_controlled_augmentation
Broken Curb is causing problems for vehicles close to the bus stop. Please take the necessary action.,roads,english,NYC311_seed_controlled_augmentation
Garbage-related problems include 15 street cond/dump-out/drop-off outside our building.,garbage,english,NYC311_seed_controlled_augmentation
NO LIGHTING is affecting the area near the school. Please take the necessary action.,electricity,english,NYC311_seed_controlled_augmentation
There is multiple street lights out near the junction.,electricity,english,NYC311_seed_controlled_augmentation
Pothole is causing problems for vehicles near the hospital. This issue needs attention.,roads,english,NYC311_seed_controlled_augmentation
Wear & Tear close to the bus stop. We would appreciate assistance with this issue.,roads,english,NYC311_seed_controlled_augmentation
"There is rough, pitted or cracked roads in our neighbourhood.",roads,english,NYC311_seed_controlled_augmentation
The road has failed street repair outside our building.,roads,english,NYC311_seed_controlled_augmentation
"Please investigate the water issue: cloudy or milky, other outside our building. The problem has been continuing for some time.",water_supply,english,NYC311_seed_controlled_augmentation
"Please check: There is an environmental problem involving unsafe chemical, abandoned in the residential area. Please resolve this problem as soon as possible.",environment,english,NYC311_seed_controlled_augmentation
Garbage-related problems include missed recycling-all materials in the residential area. Please arrange an inspection.,garbage,english,NYC311_seed_controlled_augmentation
Street Flooding is affecting the area near our house. Please investigate this issue.,drainage,english,NYC311_seed_controlled_augmentation
There is broken curb near our house. Residents are requesting assistance.,roads,english,NYC311_seed_controlled_augmentation
We are experiencing an electrical problem involving street light out close to the town centre.,electricity,english,NYC311_seed_controlled_augmentation
There appears to be leak near the public market. The problem has been continuing for some time.,water_supply,english,NYC311_seed_controlled_augmentation
Please send a technician because of street light out along the roadside. Please resolve this problem as soon as possible.,electricity,english,NYC311_seed_controlled_augmentation
Please inspect the electrical issue: street light out close to the bus stop. Please send the responsible team to inspect the area.,electricity,english,NYC311_seed_controlled_augmentation
The drainage system has ponding close to the bus stop. Residents are requesting assistance.,drainage,english,NYC311_seed_controlled_augmentation
The drainage problem appears to involve street flooding near the public market. Please take the necessary action.,drainage,english,NYC311_seed_controlled_augmentation
Residents are reporting sewage odor in the residential area. This issue needs attention.,drainage,english,NYC311_seed_controlled_augmentation
Wastewater is causing problems due to street flooding close to the town centre.,drainage,english,NYC311_seed_controlled_augmentation
There appears to be multiple street lights out near the junction. Please investigate this issue.,electricity,english,NYC311_seed_controlled_augmentation
Electrical Wiring Defective/Exposed is affecting the area along the roadside. Please arrange an inspection.,electricity,english,NYC311_seed_controlled_augmentation
We need assistance with sewer backup near the junction. Please send the responsible team to inspect the area.,drainage,english,NYC311_seed_controlled_augmentation
The road has wear & tear near the school. We would appreciate assistance with this issue.,roads,english,NYC311_seed_controlled_augmentation
We are experiencing: Please inspect the drain because of sewage leak on the main road. Please take the necessary action.,drainage,english,NYC311_seed_controlled_augmentation
Our area is facing low water pressure - wlwp close to the town centre. We would appreciate assistance with this issue.,water_supply,english,NYC311_seed_controlled_augmentation
The area is affected by large number of mosquitoes near the public market. Please resolve this problem as soon as possible.,environment,english,NYC311_seed_controlled_augmentation
The road surface is affected by wear & tear in our neighbourhood. This issue needs attention.,roads,english,NYC311_seed_controlled_augmentation
Residents are concerned about pothole outside our building.,roads,english,NYC311_seed_controlled_augmentation
There is: Residents are concerned about pothole - highway near the hospital.,roads,english,NYC311_seed_controlled_augmentation
There is power outage near the junction. This issue needs attention.,electricity,english,NYC311_seed_controlled_augmentation
Please investigate air: other air problem along the roadside.,environment,english,NYC311_seed_controlled_augmentation
We are experiencing slow leak close to the town centre. Please resolve this problem as soon as possible.,water_supply,english,NYC311_seed_controlled_augmentation
Residents have reported wiring near the public market. This issue needs attention.,electricity,english,NYC311_seed_controlled_augmentation
Garbage-related problems include missed recycling - m/g/pl on the main road. Please resolve this problem as soon as possible.,garbage,english,NYC311_seed_controlled_augmentation
There has been: There is an environmental problem involving chemical vapors/gases/odors on the main road. The problem has been continuing for some time.,environment,english,NYC311_seed_controlled_augmentation
Please investigate the water issue: slow leak in our neighbourhood. Please arrange an inspection.,water_supply,english,NYC311_seed_controlled_augmentation
Please investigate the water issue: hydrant leaking outside our building.,water_supply,english,NYC311_seed_controlled_augmentation
Residents have reported: We have noticed air: other air problem in the residential area. Residents are requesting assistance.,environment,english,NYC311_seed_controlled_augmentation
Garbage-related problems include dirty area/alleyway close to the bus stop.,garbage,english,NYC311_seed_controlled_augmentation
"There is an environmental problem involving oil spill on street, large near the public market. Please send the responsible team to inspect the area.",environment,english,NYC311_seed_controlled_augmentation
There appears to be: We need assistance with sewer or drain in our neighbourhood. Please arrange an inspection.,drainage,english,NYC311_seed_controlled_augmentation
There appears to be: The drainage system has culvert blocked/needs cleaning close to the bus stop. Please send the responsible team to inspect the area.,drainage,english,NYC311_seed_controlled_augmentation
There is: Residents are reporting sewage odor outside our building.,drainage,english,NYC311_seed_controlled_augmentation
"People nearby have complained about air: odor/fumes, restaurant near the public market.",environment,english,NYC311_seed_controlled_augmentation
We have noticed chemical spill/release on the main road. Please take the necessary action.,environment,english,NYC311_seed_controlled_augmentation
Pothole is causing problems for vehicles in our neighbourhood. This issue needs attention.,roads,english,NYC311_seed_controlled_augmentation
Please inspect the drain because of sewer backup close to the bus stop. Please resolve this problem as soon as possible.,drainage,english,NYC311_seed_controlled_augmentation
Residents have reported hydrant leaking near the junction. Please arrange an inspection.,water_supply,english,NYC311_seed_controlled_augmentation
Our area is facing leak outside our building.,water_supply,english,NYC311_seed_controlled_augmentation
We are experiencing: Please investigate ventilation on the main road. Please arrange an inspection.,environment,english,NYC311_seed_controlled_augmentation
There appears to be possible water main break in our neighbourhood. This is causing inconvenience to the public.,water_supply,english,NYC311_seed_controlled_augmentation
Residents have reported: There is a water supply problem involving damp spot on the main road.,water_supply,english,NYC311_seed_controlled_augmentation
Please address missed recycling-all materials in the residential area.,garbage,english,NYC311_seed_controlled_augmentation
Our area has: There is improper disposal near the school. We would appreciate assistance with this issue.,garbage,english,NYC311_seed_controlled_augmentation
Waste has become a problem due to loose rubbish near our house.,garbage,english,NYC311_seed_controlled_augmentation
The road has defective hardware close to the town centre. Please take the necessary action.,roads,english,NYC311_seed_controlled_augmentation
There has been: Wastewater is causing problems due to sewer backup on the main road.,drainage,english,NYC311_seed_controlled_augmentation
"Please investigate unsafe chemical, storage near the junction. Please investigate this issue.",environment,english,NYC311_seed_controlled_augmentation
There is bulk-missed collection outside our building. Please investigate this issue.,garbage,english,NYC311_seed_controlled_augmentation
There appears to be: There is an environmental problem involving chemical spill/release in our neighbourhood. This issue needs attention.,environment,english,NYC311_seed_controlled_augmentation
There appears to be: Please investigate the water issue: no water outside our building.,water_supply,english,NYC311_seed_controlled_augmentation
Please check: We are experiencing an electrical problem involving lamppost wire exposed along the roadside. Please take the necessary action.,electricity,english,NYC311_seed_controlled_augmentation
"Please check: Please inspect this environmental issue: air: dust, other close to the bus stop. Please resolve this problem as soon as possible.",environment,english,NYC311_seed_controlled_augmentation
The road surface is affected by cave-in near the hospital.,roads,english,NYC311_seed_controlled_augmentation
Defective Hardware is causing problems for vehicles on the main road. The problem has been continuing for some time.,roads,english,NYC311_seed_controlled_augmentation
There appears to be street light lamp dim along the roadside. Please take the necessary action.,electricity,english,NYC311_seed_controlled_augmentation
Residents have reported: The road surface is affected by wear & tear in the residential area. Please arrange an inspection.,roads,english,NYC311_seed_controlled_augmentation
Pothole near the school. Residents are requesting assistance.,roads,english,NYC311_seed_controlled_augmentation
Our area has: Residents are reporting sewer or drain outside our building.,drainage,english,NYC311_seed_controlled_augmentation
Defective Hardware is causing problems for vehicles in the residential area. Please investigate this issue.,roads,english,NYC311_seed_controlled_augmentation
There has been: Garbage-related problems include missed recycling paper near the school.,garbage,english,NYC311_seed_controlled_augmentation
I would like to report: Receptacle Violation is creating an unsanitary condition near the hospital. Please send the responsible team to inspect the area.,garbage,english,NYC311_seed_controlled_augmentation
"We are experiencing taste/odor, bitter/metallic near the school.",water_supply,english,NYC311_seed_controlled_augmentation
There appears to be street light lamp dim near the hospital.,electricity,english,NYC311_seed_controlled_augmentation
"There appears to be: Please investigate air: smoke, vehicular in our neighbourhood.",environment,english,NYC311_seed_controlled_augmentation
"Please repair rough, pitted or cracked roads near the hospital. Please resolve this problem as soon as possible.",roads,english,NYC311_seed_controlled_augmentation
We have noticed: The area needs cleaning because of improper disposal near the school.,garbage,english,NYC311_seed_controlled_augmentation
Residents have reported: There is lamppost wire exposed in our neighbourhood.,electricity,english,NYC311_seed_controlled_augmentation
"Please inspect this environmental issue: oil spill on street, small in our neighbourhood. This is causing inconvenience to the public.",environment,english,NYC311_seed_controlled_augmentation
There has been: The road surface is affected by broken curb near the public market.,roads,english,NYC311_seed_controlled_augmentation
"There is an environmental problem involving air: smoke, chimney or vent outside our building.",environment,english,NYC311_seed_controlled_augmentation
There appears to be no water near the hospital.,water_supply,english,NYC311_seed_controlled_augmentation
There is missed recycling-all materials near the school. Please take the necessary action.,garbage,english,NYC311_seed_controlled_augmentation
"Our area is facing taste/odor, chlorine in our neighbourhood. Please arrange an inspection.",water_supply,english,NYC311_seed_controlled_augmentation
The electricity service has a problem with wiring close to the bus stop. Please investigate this issue.,electricity,english,NYC311_seed_controlled_augmentation
"The road has rough, pitted or cracked roads near the public market. Please send the responsible team to inspect the area.",roads,english,NYC311_seed_controlled_augmentation
Please address dirty area/alleyway near the public market. The problem has been continuing for some time.,garbage,english,NYC311_seed_controlled_augmentation
I would like to report: Please inspect this environmental issue: chemical odor in the residential area. Please send the responsible team to inspect the area.,environment,english,NYC311_seed_controlled_augmentation
Residents have reported: There appears to be no water near the public market.,water_supply,english,NYC311_seed_controlled_augmentation
We are experiencing leak in the residential area. This is causing inconvenience to the public.,water_supply,english,NYC311_seed_controlled_augmentation
"We have noticed air: odor/fumes, vehicle idling near the junction.",environment,english,NYC311_seed_controlled_augmentation
Residents are concerned about failed street repair on the main road. Please investigate this issue.,roads,english,NYC311_seed_controlled_augmentation
"Rough, Pitted or Cracked Roads is causing problems for vehicles near the hospital.",roads,english,NYC311_seed_controlled_augmentation
The area needs cleaning because of missed collection in our neighbourhood.,garbage,english,NYC311_seed_controlled_augmentation
Wastewater is causing problems due to manhole overflow along the roadside. This is causing inconvenience to the public.,drainage,english,NYC311_seed_controlled_augmentation
"I would like to report: People nearby have complained about oil spill on street, large close to the bus stop. Please send the responsible team to inspect the area.",environment,english,NYC311_seed_controlled_augmentation
The drainage problem appears to involve culvert blocked/needs cleaning outside our building. We would appreciate assistance with this issue.,drainage,english,NYC311_seed_controlled_augmentation
The electricity service has a problem with lamppost wire exposed near our house.,electricity,english,NYC311_seed_controlled_augmentation
Bulk-Missed Collection is creating an unsanitary condition in the residential area.,garbage,english,NYC311_seed_controlled_augmentation
Please check the water system because of no water near the junction. Please arrange an inspection.,water_supply,english,NYC311_seed_controlled_augmentation
Our area is facing possible water main break in our neighbourhood. This issue needs attention.,water_supply,english,NYC311_seed_controlled_augmentation
We have noticed: Residents are concerned about wear & tear in our neighbourhood. We would appreciate assistance with this issue.,roads,english,NYC311_seed_controlled_augmentation
"We have noticed air: odor/fumes, vehicle idling along the roadside. The problem has been continuing for some time.",environment,english,NYC311_seed_controlled_augmentation
The road surface is affected by broken curb close to the town centre.,roads,english,NYC311_seed_controlled_augmentation
"There appears to be taste/odor, bitter/metallic outside our building.",water_supply,english,NYC311_seed_controlled_augmentation
Please inspect the electrical issue: lamppost knocked down near the school. This issue needs attention.,electricity,english,NYC311_seed_controlled_augmentation
We have noticed: Please arrange cleaning because of missed recycling paper near the hospital. Please investigate this issue.,garbage,english,NYC311_seed_controlled_augmentation
"Residents have reported: We have noticed unsafe chemical, abandoned in the residential area. This issue needs attention.",environment,english,NYC311_seed_controlled_augmentation
There appears to be lamppost wire exposed near our house.,electricity,english,NYC311_seed_controlled_augmentation
The road has cave-in along the roadside.,roads,english,NYC311_seed_controlled_augmentation
Please inspect the electrical issue: multiple street lights out on the main road. Please investigate this issue.,electricity,english,NYC311_seed_controlled_augmentation
I would like to report: Waste has become a problem due to missed recycling-all materials close to the bus stop.,garbage,english,NYC311_seed_controlled_augmentation
"Please investigate air: smoke, vehicular near the hospital.",environment,english,NYC311_seed_controlled_augmentation
"We are experiencing taste/odor, bitter/metallic near the junction. Please take the necessary action.",water_supply,english,NYC311_seed_controlled_augmentation
"The road surface is affected by rough, pitted or cracked roads along the roadside. We would appreciate assistance with this issue.",roads,english,NYC311_seed_controlled_augmentation
The area is affected by chemical odor in our neighbourhood.,environment,english,NYC311_seed_controlled_augmentation
Please investigate air: other air problem in our neighbourhood.,environment,english,NYC311_seed_controlled_augmentation
"People nearby have complained about air: smoke, vehicular along the roadside. Please investigate this issue.",environment,english,NYC311_seed_controlled_augmentation
We are experiencing: There appears to be no lighting in our neighbourhood. Please take the necessary action.,electricity,english,NYC311_seed_controlled_augmentation
Please send a technician because of wiring near the junction. Please send the responsible team to inspect the area.,electricity,english,NYC311_seed_controlled_augmentation
The road has failed street repair in our neighbourhood. Please investigate this issue.,roads,english,NYC311_seed_controlled_augmentation
We are experiencing low water pressure - wlwp close to the bus stop. Please send the responsible team to inspect the area.,water_supply,english,NYC311_seed_controlled_augmentation
There is missed recycling-all materials close to the town centre. This issue needs attention.,garbage,english,NYC311_seed_controlled_augmentation
The area needs cleaning because of missed collection on the main road.,garbage,english,NYC311_seed_controlled_augmentation
Residents are reporting culvert blocked/needs cleaning on the main road. The problem has been continuing for some time.,drainage,english,NYC311_seed_controlled_augmentation
"We are experiencing taste/odor, chlorine in the residential area. Please investigate this issue.",water_supply,english,NYC311_seed_controlled_augmentation
Wastewater is causing problems due to manhole overflow near the hospital.,drainage,english,NYC311_seed_controlled_augmentation
Wastewater is causing problems due to ponding near the junction. Please resolve this problem as soon as possible.,drainage,english,NYC311_seed_controlled_augmentation
Please inspect the electrical issue: no lighting on the main road.,electricity,english,NYC311_seed_controlled_augmentation
"Please check: Rough, Pitted or Cracked Roads is causing problems for vehicles near the school.",roads,english,NYC311_seed_controlled_augmentation
There has been: We are experiencing slow leak close to the bus stop. Please arrange an inspection.,water_supply,english,NYC311_seed_controlled_augmentation
There appears to be no water in the residential area. Please resolve this problem as soon as possible.,water_supply,english,NYC311_seed_controlled_augmentation
"Residents are concerned about oil spill on street, small near the hospital. Please investigate this issue.",environment,english,NYC311_seed_controlled_augmentation
We are experiencing: Drivers are having difficulty because of curb defect-metal protruding close to the bus stop. We would appreciate assistance with this issue.,roads,english,NYC311_seed_controlled_augmentation
Residents are reporting rain garden flooding in the residential area.,drainage,english,NYC311_seed_controlled_augmentation
There appears to be lamppost knocked down along the roadside. Please send the responsible team to inspect the area.,electricity,english,NYC311_seed_controlled_augmentation
"There is an environmental problem involving air: odor/fumes, vehicle idling near the school. Residents are requesting assistance.",environment,english,NYC311_seed_controlled_augmentation
Please investigate the water issue: heavy flow in the residential area. Please arrange an inspection.,water_supply,english,NYC311_seed_controlled_augmentation
Please send a technician because of lamppost knocked down near our house.,electricity,english,NYC311_seed_controlled_augmentation
The drainage problem appears to involve street flooding in the residential area.,drainage,english,NYC311_seed_controlled_augmentation
Street Light Out is affecting the area in our neighbourhood. Please send the responsible team to inspect the area.,electricity,english,NYC311_seed_controlled_augmentation
There appears to be lamppost wire exposed near the hospital. Please resolve this problem as soon as possible.,electricity,english,NYC311_seed_controlled_augmentation
Waste has become a problem due to missed recycling - m/g/pl close to the bus stop. Please arrange an inspection.,garbage,english,NYC311_seed_controlled_augmentation
"We have noticed oil spill on street, large along the roadside. This is causing inconvenience to the public.",environment,english,NYC311_seed_controlled_augmentation
Please investigate asbestos complaint near the junction. The problem has been continuing for some time.,environment,english,NYC311_seed_controlled_augmentation
Hydrant Leaking has affected the local water supply near our house. The problem has been continuing for some time.,water_supply,english,NYC311_seed_controlled_augmentation
There appears to be wiring along the roadside. This issue needs attention.,electricity,english,NYC311_seed_controlled_augmentation
Receptacle Violation is creating an unsanitary condition near our house. We would appreciate assistance with this issue.,garbage,english,NYC311_seed_controlled_augmentation
We have noticed: The drainage system has sewer backup near the junction.,drainage,english,NYC311_seed_controlled_augmentation
There has been: Wastewater is causing problems due to sewer backup close to the town centre.,drainage,english,NYC311_seed_controlled_augmentation
There appears to be outlet/switch in our neighbourhood.,electricity,english,NYC311_seed_controlled_augmentation
There is curb defect-metal protruding outside our building. This is causing inconvenience to the public.,roads,english,NYC311_seed_controlled_augmentation
Failed Street Repair is causing problems for vehicles along the roadside.,roads,english,NYC311_seed_controlled_augmentation
There is lamppost knocked down in our neighbourhood. Please take the necessary action.,electricity,english,NYC311_seed_controlled_augmentation
"Please inspect this environmental issue: air: odor/fumes, vehicle idling close to the town centre. This issue needs attention.",environment,english,NYC311_seed_controlled_augmentation
"The road surface is affected by rough, pitted or cracked roads near the hospital. We would appreciate assistance with this issue.",roads,english,NYC311_seed_controlled_augmentation
Pothole - Highway is causing problems for vehicles on the main road. Please resolve this problem as soon as possible.,roads,english,NYC311_seed_controlled_augmentation
The drainage system has sewage leak near the hospital.,drainage,english,NYC311_seed_controlled_augmentation
Street Light Out is affecting the area along the roadside. The problem has been continuing for some time.,electricity,english,NYC311_seed_controlled_augmentation
"Please investigate air: odor/fumes, vehicle idling near the junction. We would appreciate assistance with this issue.",environment,english,NYC311_seed_controlled_augmentation
"The area is affected by air: dust, construction/demolition in the residential area. Please take the necessary action.",environment,english,NYC311_seed_controlled_augmentation
We need assistance with ponding near the school. Please resolve this problem as soon as possible.,drainage,english,NYC311_seed_controlled_augmentation
Waste has become a problem due to missed recycling-all materials outside our building.,garbage,english,NYC311_seed_controlled_augmentation
I am reporting: Waste has become a problem due to missed recycling-all materials outside our building.,garbage,english,NYC311_seed_controlled_augmentation
"Residents are concerned about air: dust, other in the residential area. Residents are requesting assistance.",environment,english,NYC311_seed_controlled_augmentation
"Residents are concerned about air: dust, other near the public market. Please send the responsible team to inspect the area.",environment,english,NYC311_seed_controlled_augmentation
Residents have reported: We are experiencing an electrical problem involving wiring near our house.,electricity,english,NYC311_seed_controlled_augmentation
There is defective hardware close to the town centre.,roads,english,NYC311_seed_controlled_augmentation
Drivers are having difficulty because of broken curb outside our building. The problem has been continuing for some time.,roads,english,NYC311_seed_controlled_augmentation
Please repair failed street repair close to the town centre. Please take the necessary action.,roads,english,NYC311_seed_controlled_augmentation
Residents are concerned about wear & tear on the main road. The problem has been continuing for some time.,roads,english,NYC311_seed_controlled_augmentation
We have noticed: Failed Street Repair is causing problems for vehicles near the hospital.,roads,english,NYC311_seed_controlled_augmentation
Please investigate the water issue: hydrant leaking near the hospital. Please resolve this problem as soon as possible.,water_supply,english,NYC311_seed_controlled_augmentation
Residents have complained about missed recycling-all materials outside our building.,garbage,english,NYC311_seed_controlled_augmentation
"Please inspect this environmental issue: air: dust, other near the junction. The problem has been continuing for some time.",environment,english,NYC311_seed_controlled_augmentation
LIGHTING is affecting the area near the junction. We would appreciate assistance with this issue.,electricity,english,NYC311_seed_controlled_augmentation
There appears to be: Drivers are having difficulty because of pothole on the main road. This issue needs attention.,roads,english,NYC311_seed_controlled_augmentation
The area is affected by large number of mosquitoes on the main road. The problem has been continuing for some time.,environment,english,NYC311_seed_controlled_augmentation
There appears to be electrical wiring defective/exposed in our neighbourhood. Please investigate this issue.,electricity,english,NYC311_seed_controlled_augmentation
There is sewage odor along the roadside.,drainage,english,NYC311_seed_controlled_augmentation
The road has cave-in on the main road. This issue needs attention.,roads,english,NYC311_seed_controlled_augmentation
Residents are concerned about defective hardware near the hospital.,roads,english,NYC311_seed_controlled_augmentation
The road has curb defect-metal protruding near the public market. The problem has been continuing for some time.,roads,english,NYC311_seed_controlled_augmentation
Our area is facing heavy flow outside our building. Please take the necessary action.,water_supply,english,NYC311_seed_controlled_augmentation
There is defective hardware along the roadside. Please arrange an inspection.,roads,english,NYC311_seed_controlled_augmentation
There is power outage on the main road. Please investigate this issue.,electricity,english,NYC311_seed_controlled_augmentation
There is dirty sidewalk along the roadside. This is causing inconvenience to the public.,garbage,english,NYC311_seed_controlled_augmentation
Residents have complained about bulk-missed collection near the hospital. This issue needs attention.,garbage,english,NYC311_seed_controlled_augmentation
"Air: Smoke, Chimney or vent is affecting the surrounding environment in our neighbourhood. The problem has been continuing for some time.",environment,english,NYC311_seed_controlled_augmentation
Please arrange cleaning because of missed recycling paper near our house.,garbage,english,NYC311_seed_controlled_augmentation
There is wear & tear outside our building.,roads,english,NYC311_seed_controlled_augmentation
Wastewater is causing problems due to sewer or drain near the school. We would appreciate assistance with this issue.,drainage,english,NYC311_seed_controlled_augmentation
We need assistance with sewage leak near our house.,drainage,english,NYC311_seed_controlled_augmentation
"Oil Spill On Street, Small is affecting the surrounding environment along the roadside.",environment,english,NYC311_seed_controlled_augmentation
There appears to be street light out on the main road.,electricity,english,NYC311_seed_controlled_augmentation
There appears to be leak near the junction.,water_supply,english,NYC311_seed_controlled_augmentation
There has been: Curb Defect-Metal Protruding is causing problems for vehicles near our house. We would appreciate assistance with this issue.,roads,english,NYC311_seed_controlled_augmentation
Garbage-related problems include improper disposal close to the bus stop. Please resolve this problem as soon as possible.,garbage,english,NYC311_seed_controlled_augmentation
We need assistance with sewage odor close to the town centre.,drainage,english,NYC311_seed_controlled_augmentation
"Rough, Pitted or Cracked Roads is causing problems for vehicles on the main road. Please investigate this issue.",roads,english,NYC311_seed_controlled_augmentation
Dirty Area/Alleyway is creating an unsanitary condition near the junction. Please resolve this problem as soon as possible.,garbage,english,NYC311_seed_controlled_augmentation
The electricity service has a problem with street light out close to the bus stop. Please send the responsible team to inspect the area.,electricity,english,NYC311_seed_controlled_augmentation
We have noticed: Please arrange cleaning because of improper disposal outside our building.,garbage,english,NYC311_seed_controlled_augmentation
The road has failed street repair along the roadside.,roads,english,NYC311_seed_controlled_augmentation
The drainage system has catch basin clogged/flooding on the main road. Please send the responsible team to inspect the area.,drainage,english,NYC311_seed_controlled_augmentation
We are experiencing an electrical problem involving no lighting near the school. This issue needs attention.,electricity,english,NYC311_seed_controlled_augmentation
Drivers are having difficulty because of wear & tear near our house. This is causing inconvenience to the public.,roads,english,NYC311_seed_controlled_augmentation
Lamppost Wire Exposed is affecting the area near the school.,electricity,english,NYC311_seed_controlled_augmentation
"We have noticed air: smoke, vehicular close to the town centre. Please send the responsible team to inspect the area.",environment,english,NYC311_seed_controlled_augmentation
We have noticed: Please check the water system because of damp spot near the junction.,water_supply,english,NYC311_seed_controlled_augmentation
"Residents have reported taste/odor, chlorine near the junction.",water_supply,english,NYC311_seed_controlled_augmentation
Our area has: Waste has become a problem due to bulk-missed recy collection in our neighbourhood. Please send the responsible team to inspect the area.,garbage,english,NYC311_seed_controlled_augmentation
Please repair cave-in near the school. Please resolve this problem as soon as possible.,roads,english,NYC311_seed_controlled_augmentation
Residents have reported possible water main break close to the town centre. Please investigate this issue.,water_supply,english,NYC311_seed_controlled_augmentation
"Please investigate the water issue: taste/odor, chlorine near the school. This is causing inconvenience to the public.",water_supply,english,NYC311_seed_controlled_augmentation
Please repair cave-in near the hospital.,roads,english,NYC311_seed_controlled_augmentation
Pothole - Highway is causing problems for vehicles near the school. We would appreciate assistance with this issue.,roads,english,NYC311_seed_controlled_augmentation
Waste has become a problem due to bulk-missed collection in our neighbourhood. This issue needs attention.,garbage,english,NYC311_seed_controlled_augmentation
There is pothole - highway in the residential area. Residents are requesting assistance.,roads,english,NYC311_seed_controlled_augmentation
We have noticed: There appears to be heavy flow in our neighbourhood.,water_supply,english,NYC311_seed_controlled_augmentation
I would like to report: Sewage Odor is affecting the area in the residential area. Please take the necessary action.,drainage,english,NYC311_seed_controlled_augmentation
We are experiencing: Please send a technician because of lighting near our house.,electricity,english,NYC311_seed_controlled_augmentation
The electricity service has a problem with lamppost knocked down in the residential area. Please arrange an inspection.,electricity,english,NYC311_seed_controlled_augmentation
Drivers are having difficulty because of curb defect-metal protruding outside our building. Please send the responsible team to inspect the area.,roads,english,NYC311_seed_controlled_augmentation
There appears to be lamppost knocked down near the school. Please investigate this issue.,electricity,english,NYC311_seed_controlled_augmentation
Residents have complained about missed recycling paper along the roadside. The problem has been continuing for some time.,garbage,english,NYC311_seed_controlled_augmentation
Please arrange cleaning because of loose rubbish near the junction. Please resolve this problem as soon as possible.,garbage,english,NYC311_seed_controlled_augmentation
We have noticed: The drainage problem appears to involve street flooding in our neighbourhood. This is causing inconvenience to the public.,drainage,english,NYC311_seed_controlled_augmentation
"The area is affected by air: dust, construction/demolition on the main road. Please take the necessary action.",environment,english,NYC311_seed_controlled_augmentation
Drivers are having difficulty because of defective hardware close to the town centre. The problem has been continuing for some time.,roads,english,NYC311_seed_controlled_augmentation
We are experiencing an electrical problem involving lamppost knocked down outside our building.,electricity,english,NYC311_seed_controlled_augmentation
We are experiencing: Residents are concerned about cave-in on the main road.,roads,english,NYC311_seed_controlled_augmentation
There appears to be: Our area is facing slow leak outside our building. The problem has been continuing for some time.,water_supply,english,NYC311_seed_controlled_augmentation
There is electrical wiring defective/exposed on the main road. This is causing inconvenience to the public.,electricity,english,NYC311_seed_controlled_augmentation
There is a water supply problem involving hydrant leaking along the roadside. The problem has been continuing for some time.,water_supply,english,NYC311_seed_controlled_augmentation
"We have noticed: Taste/Odor, Bitter/Metallic has affected the local water supply near our house. Please investigate this issue.",water_supply,english,NYC311_seed_controlled_augmentation
The road has broken curb near our house. Please send the responsible team to inspect the area.,roads,english,NYC311_seed_controlled_augmentation
We are experiencing: Wastewater is causing problems due to street flooding close to the bus stop. Please arrange an inspection.,drainage,english,NYC311_seed_controlled_augmentation
Please repair pothole on the main road.,roads,english,NYC311_seed_controlled_augmentation
There is lamppost wire exposed close to the town centre.,electricity,english,NYC311_seed_controlled_augmentation
People nearby have complained about chemical vapors/gases/odors close to the town centre. Please resolve this problem as soon as possible.,environment,english,NYC311_seed_controlled_augmentation
Cave-in close to the bus stop. Residents are requesting assistance.,roads,english,NYC311_seed_controlled_augmentation
I would like to report: The area needs cleaning because of missed recycling paper on the main road. Please take the necessary action.,garbage,english,NYC311_seed_controlled_augmentation
There is wiring close to the bus stop.,electricity,english,NYC311_seed_controlled_augmentation
HEAVY FLOW has affected the local water supply near the school. Please investigate this issue.,water_supply,english,NYC311_seed_controlled_augmentation
Residents are reporting sewer backup near the hospital. Please take the necessary action.,drainage,english,NYC311_seed_controlled_augmentation
Pothole is causing problems for vehicles near our house.,roads,english,NYC311_seed_controlled_augmentation
There has been: Missed Recycling - M/G/Pl is creating an unsanitary condition outside our building. We would appreciate assistance with this issue.,garbage,english,NYC311_seed_controlled_augmentation
The area is affected by chemical odor near the school.,environment,english,NYC311_seed_controlled_augmentation
There is outlet/switch close to the bus stop. The problem has been continuing for some time.,electricity,english,NYC311_seed_controlled_augmentation
Please investigate the water issue: slow leak close to the town centre. Please arrange an inspection.,water_supply,english,NYC311_seed_controlled_augmentation
We are experiencing an electrical problem involving power outage near the school.,electricity,english,NYC311_seed_controlled_augmentation
Broken Curb is causing problems for vehicles near the school. Residents are requesting assistance.,roads,english,NYC311_seed_controlled_augmentation
I would like to report: Residents have reported unknown odor/taste in drinking water on the main road. This is causing inconvenience to the public.,water_supply,english,NYC311_seed_controlled_augmentation
People nearby have complained about asbestos complaint near the school.,environment,english,NYC311_seed_controlled_augmentation
We are experiencing an electrical problem involving outlet/switch near the junction. This issue needs attention.,electricity,english,NYC311_seed_controlled_augmentation
"Residents are concerned about air: smoke, vehicular near the school.",environment,english,NYC311_seed_controlled_augmentation
There is rain garden flooding close to the bus stop. This is causing inconvenience to the public.,drainage,english,NYC311_seed_controlled_augmentation
Please inspect the electrical issue: no lighting in our neighbourhood. Residents are requesting assistance.,electricity,english,NYC311_seed_controlled_augmentation
Residents are reporting sewer backup on the main road. Please send the responsible team to inspect the area.,drainage,english,NYC311_seed_controlled_augmentation
Please investigate asbestos complaint along the roadside. Residents are requesting assistance.,environment,english,NYC311_seed_controlled_augmentation
We are experiencing an electrical problem involving no lighting outside our building.,electricity,english,NYC311_seed_controlled_augmentation
There is: Residents are reporting ponding along the roadside.,drainage,english,NYC311_seed_controlled_augmentation
DAMP SPOT has affected the local water supply near the school. We would appreciate assistance with this issue.,water_supply,english,NYC311_seed_controlled_augmentation
"Please check: Air: Smoke, Chimney or vent is affecting the surrounding environment near the hospital.",environment,english,NYC311_seed_controlled_augmentation
Our area is facing no water close to the town centre. Residents are requesting assistance.,water_supply,english,NYC311_seed_controlled_augmentation
I would like to report: Please send a technician because of outlet/switch outside our building. This issue needs attention.,electricity,english,NYC311_seed_controlled_augmentation
The drainage problem appears to involve catch basin clogged/flooding in our neighbourhood. Please send the responsible team to inspect the area.,drainage,english,NYC311_seed_controlled_augmentation
There has been: Residents are reporting sewer or drain near our house.,drainage,english,NYC311_seed_controlled_augmentation
There has been: Residents have reported leak in our neighbourhood. Please take the necessary action.,water_supply,english,NYC311_seed_controlled_augmentation
Residents have complained about loose rubbish outside our building.,garbage,english,NYC311_seed_controlled_augmentation
Residents have complained about missed recycling paper on the main road.,garbage,english,NYC311_seed_controlled_augmentation
"Residents are concerned about air: smoke, vehicular near the public market. The problem has been continuing for some time.",environment,english,NYC311_seed_controlled_augmentation
Our area has: Please address bulk-missed recy collection near the school. The problem has been continuing for some time.,garbage,english,NYC311_seed_controlled_augmentation
Failed Street Repair near the hospital. Please investigate this issue.,roads,english,NYC311_seed_controlled_augmentation
"Please investigate air: smoke, vehicular outside our building.",environment,english,NYC311_seed_controlled_augmentation
Drivers are having difficulty because of cave-in near the hospital.,roads,english,NYC311_seed_controlled_augmentation
"Please investigate air: smoke, vehicular near the junction. Please send the responsible team to inspect the area.",environment,english,NYC311_seed_controlled_augmentation
Please inspect the drain because of sewer backup close to the town centre. Please take the necessary action.,drainage,english,NYC311_seed_controlled_augmentation
Please inspect the electrical issue: multiple street lights out on the main road. Please resolve this problem as soon as possible.,electricity,english,NYC311_seed_controlled_augmentation
"Residents are concerned about rough, pitted or cracked roads close to the town centre. Please resolve this problem as soon as possible.",roads,english,NYC311_seed_controlled_augmentation
Wear & Tear is causing problems for vehicles near the junction.,roads,english,NYC311_seed_controlled_augmentation
We have noticed chemical vapors/gases/odors in the residential area. Residents are requesting assistance.,environment,english,NYC311_seed_controlled_augmentation
We are experiencing heavy flow near the hospital. Please investigate this issue.,water_supply,english,NYC311_seed_controlled_augmentation
"The area is affected by air: odor/fumes, vehicle idling close to the town centre. Residents are requesting assistance.",environment,english,NYC311_seed_controlled_augmentation
Residents have reported: The electricity service has a problem with lighting near our house. Residents are requesting assistance.,electricity,english,NYC311_seed_controlled_augmentation
Please inspect the drain because of sewage odor near the school. Please resolve this problem as soon as possible.,drainage,english,NYC311_seed_controlled_augmentation
There appears to be: Please arrange cleaning because of loose rubbish close to the bus stop. This issue needs attention.,garbage,english,NYC311_seed_controlled_augmentation
I am reporting: Residents are concerned about chemical odor near our house.,environment,english,NYC311_seed_controlled_augmentation
Please inspect the drain because of street flooding close to the bus stop. Please send the responsible team to inspect the area.,drainage,english,NYC311_seed_controlled_augmentation
"Please repair rough, pitted or cracked roads in the residential area. We would appreciate assistance with this issue.",roads,english,NYC311_seed_controlled_augmentation
The drainage problem appears to involve sewer backup along the roadside. Residents are requesting assistance.,drainage,english,NYC311_seed_controlled_augmentation
The area needs cleaning because of loose rubbish along the roadside. We would appreciate assistance with this issue.,garbage,english,NYC311_seed_controlled_augmentation
Curb Defect-Metal Protruding is causing problems for vehicles close to the town centre.,roads,english,NYC311_seed_controlled_augmentation
Please send a technician because of no lighting along the roadside. Please send the responsible team to inspect the area.,electricity,english,NYC311_seed_controlled_augmentation
Residents have complained about loose rubbish close to the bus stop. Residents are requesting assistance.,garbage,english,NYC311_seed_controlled_augmentation
"Cloudy Or Milky, Other has affected the local water supply close to the town centre.",water_supply,english,NYC311_seed_controlled_augmentation
There appears to be: There is outlet/switch in our neighbourhood.,electricity,english,NYC311_seed_controlled_augmentation
There is: Pothole - Highway close to the town centre. Please arrange an inspection.,roads,english,NYC311_seed_controlled_augmentation
There appears to be dirty water near the school.,water_supply,english,NYC311_seed_controlled_augmentation
Wastewater is causing problems due to rain garden flooding near the public market. The problem has been continuing for some time.,drainage,english,NYC311_seed_controlled_augmentation
We are experiencing an electrical problem involving wiring along the roadside. Please take the necessary action.,electricity,english,NYC311_seed_controlled_augmentation
I am reporting: Dirty Sidewalk is creating an unsanitary condition close to the bus stop.,garbage,english,NYC311_seed_controlled_augmentation
Our area is facing no water in our neighbourhood.,water_supply,english,NYC311_seed_controlled_augmentation
There is catch basin clogged/flooding near our house. Please send the responsible team to inspect the area.,drainage,english,NYC311_seed_controlled_augmentation
Residents have complained about dirty sidewalk close to the bus stop.,garbage,english,NYC311_seed_controlled_augmentation
"Residents are concerned about rough, pitted or cracked roads near the school. Residents are requesting assistance.",roads,english,NYC311_seed_controlled_augmentation
"Please repair rough, pitted or cracked roads on the main road. Please send the responsible team to inspect the area.",roads,english,NYC311_seed_controlled_augmentation
I would like to report: Residents have complained about missed recycling-all materials along the roadside. Please send the responsible team to inspect the area.,garbage,english,NYC311_seed_controlled_augmentation
There is a water supply problem involving possible water main break near our house.,water_supply,english,NYC311_seed_controlled_augmentation
There appears to be no lighting near the junction. The problem has been continuing for some time.,electricity,english,NYC311_seed_controlled_augmentation
There is: Please check the water system because of leak outside our building. The problem has been continuing for some time.,water_supply,english,NYC311_seed_controlled_augmentation
Our area has: We need assistance with sewage leak outside our building. Please investigate this issue.,drainage,english,NYC311_seed_controlled_augmentation
Our area has: WIRING is affecting the area near the public market. This issue needs attention.,electricity,english,NYC311_seed_controlled_augmentation
The road has broken curb along the roadside. This issue needs attention.,roads,english,NYC311_seed_controlled_augmentation
There is: Residents have reported outlet/switch in our neighbourhood. Please take the necessary action.,electricity,english,NYC311_seed_controlled_augmentation
"We have noticed air: odor/fumes, restaurant close to the town centre.",environment,english,NYC311_seed_controlled_augmentation
"There is a water supply problem involving taste/odor, bitter/metallic near the school. Please send the responsible team to inspect the area.",water_supply,english,NYC311_seed_controlled_augmentation
Drivers are having difficulty because of wear & tear close to the town centre. Please take the necessary action.,roads,english,NYC311_seed_controlled_augmentation
The drainage system has sewer or drain near the hospital.,drainage,english,NYC311_seed_controlled_augmentation
Residents are concerned about pothole - highway near the school.,roads,english,NYC311_seed_controlled_augmentation
There is wear & tear close to the town centre. Please resolve this problem as soon as possible.,roads,english,NYC311_seed_controlled_augmentation
"We have noticed oil spill on street, small near our house.",environment,english,NYC311_seed_controlled_augmentation
There appears to be leak near the junction. Residents are requesting assistance.,water_supply,english,NYC311_seed_controlled_augmentation
Pothole near the public market. Residents are requesting assistance.,roads,english,NYC311_seed_controlled_augmentation
Please check: Wastewater is causing problems due to ponding outside our building. Please send the responsible team to inspect the area.,drainage,english,NYC311_seed_controlled_augmentation
Residents have reported lamppost knocked down in our neighbourhood. This issue needs attention.,electricity,english,NYC311_seed_controlled_augmentation
Please inspect the electrical issue: multiple street lights out near the hospital. Please arrange an inspection.,electricity,english,NYC311_seed_controlled_augmentation
Please check: There appears to be slow leak in our neighbourhood. Please send the responsible team to inspect the area.,water_supply,english,NYC311_seed_controlled_augmentation
Residents have reported: Chemical Spill/Release is affecting the surrounding environment near the hospital. Please resolve this problem as soon as possible.,environment,english,NYC311_seed_controlled_augmentation
Pothole - Highway near our house.,roads,english,NYC311_seed_controlled_augmentation
"There is an environmental problem involving unsafe chemical, storage in our neighbourhood.",environment,english,NYC311_seed_controlled_augmentation
There is pothole on the main road. This issue needs attention.,roads,english,NYC311_seed_controlled_augmentation
I am reporting: The area needs cleaning because of missed collection in our neighbourhood.,garbage,english,NYC311_seed_controlled_augmentation
Please investigate ventilation in the residential area. Please send the responsible team to inspect the area.,environment,english,NYC311_seed_controlled_augmentation
"Oil Spill On Street, Small is affecting the surrounding environment outside our building. Please investigate this issue.",environment,english,NYC311_seed_controlled_augmentation
DAMP SPOT has affected the local water supply in the residential area.,water_supply,english,NYC311_seed_controlled_augmentation
There is a water supply problem involving unknown odor/taste in drinking water near the junction. Residents are requesting assistance.,water_supply,english,NYC311_seed_controlled_augmentation
"The road has rough, pitted or cracked roads outside our building. This is causing inconvenience to the public.",roads,english,NYC311_seed_controlled_augmentation
We are experiencing: Please inspect the electrical issue: lighting outside our building.,electricity,english,NYC311_seed_controlled_augmentation
We are experiencing: Wastewater is causing problems due to culvert blocked/needs cleaning near the hospital. We would appreciate assistance with this issue.,drainage,english,NYC311_seed_controlled_augmentation
Wastewater is causing problems due to sewer or drain close to the town centre.,drainage,english,NYC311_seed_controlled_augmentation
I am reporting: Hydrant Leaking has affected the local water supply near the public market. Please take the necessary action.,water_supply,english,NYC311_seed_controlled_augmentation
Please arrange cleaning because of improper disposal along the roadside. This issue needs attention.,garbage,english,NYC311_seed_controlled_augmentation
Residents have reported street light out near the public market.,electricity,english,NYC311_seed_controlled_augmentation
OUTLET/SWITCH is affecting the area in the residential area. The problem has been continuing for some time.,electricity,english,NYC311_seed_controlled_augmentation
SLOW LEAK has affected the local water supply along the roadside. We would appreciate assistance with this issue.,water_supply,english,NYC311_seed_controlled_augmentation
"Residents are concerned about air: smoke, vehicular near our house.",environment,english,NYC311_seed_controlled_augmentation
Please check: The drainage problem appears to involve rain garden flooding in the residential area.,drainage,english,NYC311_seed_controlled_augmentation
"I would like to report: Residents are concerned about oil spill on street, small near the school. We would appreciate assistance with this issue.",environment,english,NYC311_seed_controlled_augmentation
Street Light Lamp Dim is affecting the area on the main road. Please investigate this issue.,electricity,english,NYC311_seed_controlled_augmentation
I am reporting: Residents have reported no water along the roadside.,water_supply,english,NYC311_seed_controlled_augmentation
We are experiencing: We need assistance with manhole overflow near the public market. Please send the responsible team to inspect the area.,drainage,english,NYC311_seed_controlled_augmentation
There has been: There is missed recycling - m/g/pl near our house.,garbage,english,NYC311_seed_controlled_augmentation
There is missed recycling - m/g/pl outside our building. Please arrange an inspection.,garbage,english,NYC311_seed_controlled_augmentation
There is broken curb near our house.,roads,english,NYC311_seed_controlled_augmentation
"Please repair rough, pitted or cracked roads near the hospital.",roads,english,NYC311_seed_controlled_augmentation
"Our area is facing taste/odor, chlorine near the hospital.",water_supply,english,NYC311_seed_controlled_augmentation
I would like to report: Our area is facing unknown odor/taste in drinking water close to the bus stop.,water_supply,english,NYC311_seed_controlled_augmentation
We have noticed chemical vapors/gases/odors close to the town centre. Please send the responsible team to inspect the area.,environment,english,NYC311_seed_controlled_augmentation
Sewer or Drain is affecting the area near our house. We would appreciate assistance with this issue.,drainage,english,NYC311_seed_controlled_augmentation
"There appears to be: There is a water supply problem involving taste/odor, bitter/metallic close to the town centre.",water_supply,english,NYC311_seed_controlled_augmentation
There is lamppost wire exposed in our neighbourhood. This issue needs attention.,electricity,english,NYC311_seed_controlled_augmentation
Residents have reported: SLOW LEAK has affected the local water supply on the main road. Please investigate this issue.,water_supply,english,NYC311_seed_controlled_augmentation
I am reporting: There is lighting near the junction.,electricity,english,NYC311_seed_controlled_augmentation
Cave-in near the school. Residents are requesting assistance.,roads,english,NYC311_seed_controlled_augmentation
Residents have reported electrical wiring defective/exposed near the junction.,electricity,english,NYC311_seed_controlled_augmentation
Broken Curb is causing problems for vehicles near the hospital. Please take the necessary action.,roads,english,NYC311_seed_controlled_augmentation
Please inspect this environmental issue: chemical spill/release near the school. This issue needs attention.,environment,english,NYC311_seed_controlled_augmentation
The drainage problem appears to involve street flooding along the roadside.,drainage,english,NYC311_seed_controlled_augmentation
Please inspect the drain because of ponding close to the town centre.,drainage,english,NYC311_seed_controlled_augmentation
Our area has: Broken Curb near the school. Please send the responsible team to inspect the area.,roads,english,NYC311_seed_controlled_augmentation
Residents are reporting sewer backup near the hospital. This is causing inconvenience to the public.,drainage,english,NYC311_seed_controlled_augmentation
Defective Hardware in our neighbourhood. We would appreciate assistance with this issue.,roads,english,NYC311_seed_controlled_augmentation
Asbestos Complaint is affecting the surrounding environment outside our building.,environment,english,NYC311_seed_controlled_augmentation
Residents have complained about improper disposal in our neighbourhood.,garbage,english,NYC311_seed_controlled_augmentation
There appears to be multiple street lights out in the residential area. Please send the responsible team to inspect the area.,electricity,english,NYC311_seed_controlled_augmentation
Residents are concerned about pothole - highway near the hospital.,roads,english,NYC311_seed_controlled_augmentation
Our area is facing leak near the school.,water_supply,english,NYC311_seed_controlled_augmentation
There is an environmental problem involving large number of mosquitoes near the public market. We would appreciate assistance with this issue.,environment,english,NYC311_seed_controlled_augmentation
DAMP SPOT has affected the local water supply in our neighbourhood. We would appreciate assistance with this issue.,water_supply,english,NYC311_seed_controlled_augmentation
The electricity service has a problem with power outage near our house. Please arrange an inspection.,electricity,english,NYC311_seed_controlled_augmentation
"The area is affected by oil spill on street, large near our house. Please take the necessary action.",environment,english,NYC311_seed_controlled_augmentation
"There appears to be cloudy or milky, other outside our building.",water_supply,english,NYC311_seed_controlled_augmentation
We are experiencing an electrical problem involving no lighting along the roadside. Residents are requesting assistance.,electricity,english,NYC311_seed_controlled_augmentation
Waste has become a problem due to missed recycling - m/g/pl close to the town centre.,garbage,english,NYC311_seed_controlled_augmentation
The drainage system has street flooding outside our building.,drainage,english,NYC311_seed_controlled_augmentation
Catch Basin Clogged/Flooding is affecting the area near the school. Please investigate this issue.,drainage,english,NYC311_seed_controlled_augmentation
"Residents are concerned about oil spill on street, small near the hospital. The problem has been continuing for some time.",environment,english,NYC311_seed_controlled_augmentation
There appears to be: Residents are reporting catch basin clogged/flooding outside our building. We would appreciate assistance with this issue.,drainage,english,NYC311_seed_controlled_augmentation
I would like to report: Garbage-related problems include bulk-missed recy collection near the public market. This issue needs attention.,garbage,english,NYC311_seed_controlled_augmentation
"Our area is facing cloudy or milky, other along the roadside. This issue needs attention.",water_supply,english,NYC311_seed_controlled_augmentation
The drainage problem appears to involve sewage leak close to the town centre. The problem has been continuing for some time.,drainage,english,NYC311_seed_controlled_augmentation
Residents have complained about loose rubbish in the residential area.,garbage,english,NYC311_seed_controlled_augmentation
Please inspect the electrical issue: lamppost knocked down near the school. This is causing inconvenience to the public.,electricity,english,NYC311_seed_controlled_augmentation
"We are experiencing cloudy or milky, other near the hospital. We would appreciate assistance with this issue.",water_supply,english,NYC311_seed_controlled_augmentation
unknown odor/taste in drinking water has affected the local water supply near our house. Residents are requesting assistance.,water_supply,english,NYC311_seed_controlled_augmentation
Pothole - Highway near the school. Residents are requesting assistance.,roads,english,NYC311_seed_controlled_augmentation
There has been: Residents have complained about improper disposal close to the bus stop. Please investigate this issue.,garbage,english,NYC311_seed_controlled_augmentation
There appears to be no lighting near the hospital. Please investigate this issue.,electricity,english,NYC311_seed_controlled_augmentation
"There appears to be: Air: Smoke, Vehicular is affecting the surrounding environment in the residential area.",environment,english,NYC311_seed_controlled_augmentation
Wastewater is causing problems due to sewage leak near the public market. We would appreciate assistance with this issue.,drainage,english,NYC311_seed_controlled_augmentation
There appears to be unknown odor/taste in drinking water close to the bus stop. Please arrange an inspection.,water_supply,english,NYC311_seed_controlled_augmentation
Street Flooding is affecting the area near the hospital.,drainage,english,NYC311_seed_controlled_augmentation
Please check the water system because of dirty water close to the town centre.,water_supply,english,NYC311_seed_controlled_augmentation
Garbage-related problems include missed collection near our house. The problem has been continuing for some time.,garbage,english,NYC311_seed_controlled_augmentation
Please inspect the electrical issue: street light lamp dim on the main road.,electricity,english,NYC311_seed_controlled_augmentation
"Please inspect this environmental issue: unsafe chemical, abandoned along the roadside. This is causing inconvenience to the public.",environment,english,NYC311_seed_controlled_augmentation
Our area has: Residents are concerned about wear & tear along the roadside.,roads,english,NYC311_seed_controlled_augmentation
We have noticed: We are experiencing unknown odor/taste in drinking water close to the bus stop. We would appreciate assistance with this issue.,water_supply,english,NYC311_seed_controlled_augmentation
Garbage-related problems include 15 street cond/dump-out/drop-off along the roadside. This issue needs attention.,garbage,english,NYC311_seed_controlled_augmentation
Wastewater is causing problems due to sewage odor along the roadside. Please send the responsible team to inspect the area.,drainage,english,NYC311_seed_controlled_augmentation
There is an environmental problem involving air: other air problem close to the town centre. Residents are requesting assistance.,environment,english,NYC311_seed_controlled_augmentation
Improper Disposal is creating an unsanitary condition near the junction. The problem has been continuing for some time.,garbage,english,NYC311_seed_controlled_augmentation
The road has broken curb near the school.,roads,english,NYC311_seed_controlled_augmentation
Residents have reported lamppost knocked down on the main road.,electricity,english,NYC311_seed_controlled_augmentation
We are experiencing unknown odor/taste in drinking water near the hospital. Please send the responsible team to inspect the area.,water_supply,english,NYC311_seed_controlled_augmentation
Please investigate large number of mosquitoes outside our building.,environment,english,NYC311_seed_controlled_augmentation
"Air: Smoke, Vehicular is affecting the surrounding environment near the hospital. Please send the responsible team to inspect the area.",environment,english,NYC311_seed_controlled_augmentation
There is a water supply problem involving hydrant leaking along the roadside.,water_supply,english,NYC311_seed_controlled_augmentation
The drainage system has catch basin clogged/flooding along the roadside. The problem has been continuing for some time.,drainage,english,NYC311_seed_controlled_augmentation
The drainage system has rain garden flooding close to the town centre.,drainage,english,NYC311_seed_controlled_augmentation
"The area is affected by air: odor/fumes, vehicle idling close to the bus stop. Please send the responsible team to inspect the area.",environment,english,NYC311_seed_controlled_augmentation
Garbage-related problems include bulk-missed recy collection along the roadside. Please resolve this problem as soon as possible.,garbage,english,NYC311_seed_controlled_augmentation
The road surface is affected by failed street repair in the residential area. The problem has been continuing for some time.,roads,english,NYC311_seed_controlled_augmentation
"Please check: Air: Dust, Construction/Demolition is affecting the surrounding environment near the school. Please take the necessary action.",environment,english,NYC311_seed_controlled_augmentation
Residents have complained about 15 street cond/dump-out/drop-off along the roadside. Please investigate this issue.,garbage,english,NYC311_seed_controlled_augmentation
I am reporting: Please address dirty area/alleyway near the hospital.,garbage,english,NYC311_seed_controlled_augmentation
We are experiencing hydrant leaking on the main road. Please investigate this issue.,water_supply,english,NYC311_seed_controlled_augmentation
Residents have complained about improper disposal in the residential area. Please investigate this issue.,garbage,english,NYC311_seed_controlled_augmentation
"Please repair rough, pitted or cracked roads near the junction.",roads,english,NYC311_seed_controlled_augmentation
Drivers are having difficulty because of wear & tear outside our building. This issue needs attention.,roads,english,NYC311_seed_controlled_augmentation
"Our area is facing cloudy or milky, other in the residential area.",water_supply,english,NYC311_seed_controlled_augmentation
We need assistance with rain garden flooding near the junction. Please arrange an inspection.,drainage,english,NYC311_seed_controlled_augmentation
"Please inspect this environmental issue: air: dust, construction/demolition near the public market.",environment,english,NYC311_seed_controlled_augmentation
"The road has rough, pitted or cracked roads along the roadside. This is causing inconvenience to the public.",roads,english,NYC311_seed_controlled_augmentation
Please check the water system because of low water pressure - wlwp in our neighbourhood.,water_supply,english,NYC311_seed_controlled_augmentation
There appears to be leak close to the town centre. Please resolve this problem as soon as possible.,water_supply,english,NYC311_seed_controlled_augmentation
There is: Lamppost Wire Exposed is affecting the area on the main road. Please investigate this issue.,electricity,english,NYC311_seed_controlled_augmentation
I am reporting: HEAVY FLOW has affected the local water supply near the public market.,water_supply,english,NYC311_seed_controlled_augmentation
"There appears to be cloudy or milky, other outside our building. Please arrange an inspection.",water_supply,english,NYC311_seed_controlled_augmentation
Waste has become a problem due to dirty area/alleyway along the roadside. Please take the necessary action.,garbage,english,NYC311_seed_controlled_augmentation
Residents have reported: Waste has become a problem due to improper disposal on the main road. Please send the responsible team to inspect the area.,garbage,english,NYC311_seed_controlled_augmentation
We are experiencing damp spot near the public market. We would appreciate assistance with this issue.,water_supply,english,NYC311_seed_controlled_augmentation
The drainage system has street flooding close to the town centre.,drainage,english,NYC311_seed_controlled_augmentation
"Our area is facing taste/odor, bitter/metallic in our neighbourhood. Please send the responsible team to inspect the area.",water_supply,english,NYC311_seed_controlled_augmentation
Loose Rubbish is creating an unsanitary condition in the residential area. The problem has been continuing for some time.,garbage,english,NYC311_seed_controlled_augmentation
The area needs cleaning because of bulk-missed collection close to the town centre. Please send the responsible team to inspect the area.,garbage,english,NYC311_seed_controlled_augmentation
Dirty Water has affected the local water supply near the public market. Please take the necessary action.,water_supply,english,NYC311_seed_controlled_augmentation
The drainage problem appears to involve culvert blocked/needs cleaning outside our building.,drainage,english,NYC311_seed_controlled_augmentation
There is missed collection along the roadside. Please resolve this problem as soon as possible.,garbage,english,NYC311_seed_controlled_augmentation
Missed Collection is creating an unsanitary condition close to the bus stop. Residents are requesting assistance.,garbage,english,NYC311_seed_controlled_augmentation
Residents have reported low water pressure - wlwp near the junction.,water_supply,english,NYC311_seed_controlled_augmentation
Please address missed collection outside our building. Please take the necessary action.,garbage,english,NYC311_seed_controlled_augmentation
Residents are concerned about cave-in along the roadside.,roads,english,NYC311_seed_controlled_augmentation
Please arrange cleaning because of missed collection in our neighbourhood.,garbage,english,NYC311_seed_controlled_augmentation
Please inspect the electrical issue: wiring near the school. This issue needs attention.,electricity,english,NYC311_seed_controlled_augmentation
I am reporting: Drivers are having difficulty because of cave-in along the roadside.,roads,english,NYC311_seed_controlled_augmentation
Cave-in in our neighbourhood. Please send the responsible team to inspect the area.,roads,english,NYC311_seed_controlled_augmentation
Pothole - Highway along the roadside. This issue needs attention.,roads,english,NYC311_seed_controlled_augmentation
Residents have reported wiring in the residential area. Please resolve this problem as soon as possible.,electricity,english,NYC311_seed_controlled_augmentation
The electricity service has a problem with wiring on the main road.,electricity,english,NYC311_seed_controlled_augmentation
Wastewater is causing problems due to rain garden flooding outside our building. The problem has been continuing for some time.,drainage,english,NYC311_seed_controlled_augmentation
"There is an environmental problem involving air: dust, construction/demolition near the school. Residents are requesting assistance.",environment,english,NYC311_seed_controlled_augmentation
Please arrange cleaning because of missed recycling - m/g/pl near the public market. Please investigate this issue.,garbage,english,NYC311_seed_controlled_augmentation
"Please investigate air: smoke, vehicular outside our building. This is causing inconvenience to the public.",environment,english,NYC311_seed_controlled_augmentation
The drainage system has street flooding near our house.,drainage,english,NYC311_seed_controlled_augmentation
The road has wear & tear in our neighbourhood. The problem has been continuing for some time.,roads,english,NYC311_seed_controlled_augmentation
Please investigate the water issue: dirty water near the public market. Please investigate this issue.,water_supply,english,NYC311_seed_controlled_augmentation
"Please investigate air: smoke, vehicular outside our building. Please send the responsible team to inspect the area.",environment,english,NYC311_seed_controlled_augmentation
Chemical Odor is affecting the surrounding environment near the hospital. Please arrange an inspection.,environment,english,NYC311_seed_controlled_augmentation
Please arrange cleaning because of bulk-missed collection on the main road. Please resolve this problem as soon as possible.,garbage,english,NYC311_seed_controlled_augmentation
Manhole Overflow is affecting the area along the roadside.,drainage,english,NYC311_seed_controlled_augmentation
We are experiencing an electrical problem involving street light lamp dim near the hospital. Please arrange an inspection.,electricity,english,NYC311_seed_controlled_augmentation
I am reporting: Please send a technician because of no lighting near the junction. We would appreciate assistance with this issue.,electricity,english,NYC311_seed_controlled_augmentation
Please check the water system because of slow leak near the public market. The problem has been continuing for some time.,water_supply,english,NYC311_seed_controlled_augmentation
The road surface is affected by curb defect-metal protruding in the residential area. We would appreciate assistance with this issue.,roads,english,NYC311_seed_controlled_augmentation
Sewage Odor is affecting the area outside our building.,drainage,english,NYC311_seed_controlled_augmentation
We are experiencing: Improper Disposal is creating an unsanitary condition on the main road. Please arrange an inspection.,garbage,english,NYC311_seed_controlled_augmentation
The drainage system has sewage leak outside our building. We would appreciate assistance with this issue.,drainage,english,NYC311_seed_controlled_augmentation
There is sewer or drain close to the town centre. The problem has been continuing for some time.,drainage,english,NYC311_seed_controlled_augmentation
The road has curb defect-metal protruding in our neighbourhood. We would appreciate assistance with this issue.,roads,english,NYC311_seed_controlled_augmentation
There is wiring near the public market.,electricity,english,NYC311_seed_controlled_augmentation
There is: Failed Street Repair on the main road.,roads,english,NYC311_seed_controlled_augmentation
Please inspect the electrical issue: street light lamp dim close to the town centre. Please arrange an inspection.,electricity,english,NYC311_seed_controlled_augmentation
There is pothole - highway in our neighbourhood.,roads,english,NYC311_seed_controlled_augmentation
Please check the water system because of no water in our neighbourhood. Please take the necessary action.,water_supply,english,NYC311_seed_controlled_augmentation
Residents are concerned about defective hardware along the roadside. Please send the responsible team to inspect the area.,roads,english,NYC311_seed_controlled_augmentation
Chemical Spill/Release is affecting the surrounding environment along the roadside. The problem has been continuing for some time.,environment,english,NYC311_seed_controlled_augmentation
"The area is affected by air: odor/fumes, vehicle idling close to the town centre. The problem has been continuing for some time.",environment,english,NYC311_seed_controlled_augmentation
"Our area is facing taste/odor, bitter/metallic in our neighbourhood. Residents are requesting assistance.",water_supply,english,NYC311_seed_controlled_augmentation
Please inspect the electrical issue: lamppost wire exposed near the school. Please arrange an inspection.,electricity,english,NYC311_seed_controlled_augmentation
"There is an environmental problem involving air: smoke, chimney or vent close to the town centre. Please arrange an inspection.",environment,english,NYC311_seed_controlled_augmentation
Garbage-related problems include receptacle violation along the roadside. Please resolve this problem as soon as possible.,garbage,english,NYC311_seed_controlled_augmentation
"There appears to be taste/odor, bitter/metallic near the school.",water_supply,english,NYC311_seed_controlled_augmentation
"There is an environmental problem involving air: dust, other on the main road.",environment,english,NYC311_seed_controlled_augmentation
There is missed recycling-all materials near the junction. This issue needs attention.,garbage,english,NYC311_seed_controlled_augmentation
Wastewater is causing problems due to sewer or drain close to the town centre. Please send the responsible team to inspect the area.,drainage,english,NYC311_seed_controlled_augmentation
Please inspect the electrical issue: no lighting outside our building. Please arrange an inspection.,electricity,english,NYC311_seed_controlled_augmentation
unknown odor/taste in drinking water has affected the local water supply near the public market. We would appreciate assistance with this issue.,water_supply,english,NYC311_seed_controlled_augmentation
We need assistance with ponding on the main road.,drainage,english,NYC311_seed_controlled_augmentation
I am reporting: Missed Recycling-All Materials is creating an unsanitary condition near our house.,garbage,english,NYC311_seed_controlled_augmentation
The area needs cleaning because of missed recycling-all materials along the roadside. The problem has been continuing for some time.,garbage,english,NYC311_seed_controlled_augmentation
"We have noticed oil spill on street, large near the hospital. Please take the necessary action.",environment,english,NYC311_seed_controlled_augmentation
Please investigate the water issue: possible water main break near the public market.,water_supply,english,NYC311_seed_controlled_augmentation
"Residents are concerned about oil spill on street, small near the hospital.",environment,english,NYC311_seed_controlled_augmentation
Please inspect the drain because of manhole overflow close to the town centre. This is causing inconvenience to the public.,drainage,english,NYC311_seed_controlled_augmentation
Please send a technician because of lamppost knocked down in our neighbourhood.,electricity,english,NYC311_seed_controlled_augmentation
There is power outage in the residential area. Please send the responsible team to inspect the area.,electricity,english,NYC311_seed_controlled_augmentation
Missed Recycling-All Materials is creating an unsanitary condition in the residential area.,garbage,english,NYC311_seed_controlled_augmentation
There is catch basin clogged/flooding in our neighbourhood. The problem has been continuing for some time.,drainage,english,NYC311_seed_controlled_augmentation
There is an environmental problem involving asbestos complaint close to the town centre. Residents are requesting assistance.,environment,english,NYC311_seed_controlled_augmentation
People nearby have complained about asbestos complaint near the public market. Residents are requesting assistance.,environment,english,NYC311_seed_controlled_augmentation
We need assistance with culvert blocked/needs cleaning near the hospital. The problem has been continuing for some time.,drainage,english,NYC311_seed_controlled_augmentation
Please inspect this environmental issue: chemical vapors/gases/odors in the residential area. Please send the responsible team to inspect the area.,environment,english,NYC311_seed_controlled_augmentation
Please repair failed street repair near the junction.,roads,english,NYC311_seed_controlled_augmentation
"Cloudy Or Milky, Other has affected the local water supply in our neighbourhood. Please arrange an inspection.",water_supply,english,NYC311_seed_controlled_augmentation
Please check: Residents have complained about bulk-missed collection near the public market. Residents are requesting assistance.,garbage,english,NYC311_seed_controlled_augmentation
Please address dirty area/alleyway near the junction.,garbage,english,NYC311_seed_controlled_augmentation
Please send a technician because of outlet/switch near our house.,electricity,english,NYC311_seed_controlled_augmentation
We are experiencing an electrical problem involving power outage in our neighbourhood. This is causing inconvenience to the public.,electricity,english,NYC311_seed_controlled_augmentation
Missed Recycling-All Materials is creating an unsanitary condition on the main road. Please take the necessary action.,garbage,english,NYC311_seed_controlled_augmentation
We are experiencing an electrical problem involving lighting near our house. This issue needs attention.,electricity,english,NYC311_seed_controlled_augmentation
Wastewater is causing problems due to culvert blocked/needs cleaning near the public market. Residents are requesting assistance.,drainage,english,NYC311_seed_controlled_augmentation
Please check: Residents are reporting culvert blocked/needs cleaning near our house.,drainage,english,NYC311_seed_controlled_augmentation
"Residents are concerned about unsafe chemical, storage on the main road. The problem has been continuing for some time.",environment,english,NYC311_seed_controlled_augmentation
I am reporting: Please inspect the drain because of sewage odor outside our building. This is causing inconvenience to the public.,drainage,english,NYC311_seed_controlled_augmentation
"Please investigate oil spill on street, large along the roadside. We would appreciate assistance with this issue.",environment,english,NYC311_seed_controlled_augmentation
Please send a technician because of street light out in the residential area. We would appreciate assistance with this issue.,electricity,english,NYC311_seed_controlled_augmentation
Waste has become a problem due to dirty sidewalk near our house. Please investigate this issue.,garbage,english,NYC311_seed_controlled_augmentation
"The area is affected by oil spill on street, large near the school.",environment,english,NYC311_seed_controlled_augmentation
Residents are reporting rain garden flooding near the junction. We would appreciate assistance with this issue.,drainage,english,NYC311_seed_controlled_augmentation
"I am reporting: We have noticed air: dust, other close to the bus stop.",environment,english,NYC311_seed_controlled_augmentation
"Our area is facing taste/odor, bitter/metallic close to the town centre. This is causing inconvenience to the public.",water_supply,english,NYC311_seed_controlled_augmentation
I am reporting: The road has wear & tear along the roadside. Please take the necessary action.,roads,english,NYC311_seed_controlled_augmentation
"I am reporting: Please repair rough, pitted or cracked roads outside our building. This issue needs attention.",roads,english,NYC311_seed_controlled_augmentation
HEAVY FLOW has affected the local water supply near the hospital.,water_supply,english,NYC311_seed_controlled_augmentation
Residents have reported street light lamp dim near the public market. We would appreciate assistance with this issue.,electricity,english,NYC311_seed_controlled_augmentation
The electricity service has a problem with no lighting near our house.,electricity,english,NYC311_seed_controlled_augmentation
Please investigate chemical vapors/gases/odors near the junction.,environment,english,NYC311_seed_controlled_augmentation
There is an environmental problem involving ventilation outside our building. This is causing inconvenience to the public.,environment,english,NYC311_seed_controlled_augmentation
We are experiencing an electrical problem involving multiple street lights out near our house. Please investigate this issue.,electricity,english,NYC311_seed_controlled_augmentation
"Please inspect this environmental issue: oil spill on street, small near the public market. This is causing inconvenience to the public.",environment,english,NYC311_seed_controlled_augmentation
There is sewage odor near our house. This issue needs attention.,drainage,english,NYC311_seed_controlled_augmentation
"There is an environmental problem involving air: smoke, vehicular near our house. Residents are requesting assistance.",environment,english,NYC311_seed_controlled_augmentation
Please inspect the electrical issue: lamppost wire exposed along the roadside.,electricity,english,NYC311_seed_controlled_augmentation
We are experiencing: The road surface is affected by pothole - highway near our house. Please arrange an inspection.,roads,english,NYC311_seed_controlled_augmentation
There has been: The area needs cleaning because of bulk-missed collection near the school.,garbage,english,NYC311_seed_controlled_augmentation
Multiple Street Lights Out is affecting the area in our neighbourhood. Please take the necessary action.,electricity,english,NYC311_seed_controlled_augmentation
There has been: Please send a technician because of street light lamp dim near the hospital. Please resolve this problem as soon as possible.,electricity,english,NYC311_seed_controlled_augmentation
Street Light Out is affecting the area near the public market. This is causing inconvenience to the public.,electricity,english,NYC311_seed_controlled_augmentation
Drivers are having difficulty because of curb defect-metal protruding near the junction.,roads,english,NYC311_seed_controlled_augmentation
The drainage problem appears to involve sewage leak along the roadside. Please investigate this issue.,drainage,english,NYC311_seed_controlled_augmentation
We need assistance with street flooding near the hospital. Please resolve this problem as soon as possible.,drainage,english,NYC311_seed_controlled_augmentation
The road surface is affected by wear & tear in our neighbourhood. Please take the necessary action.,roads,english,NYC311_seed_controlled_augmentation
Our area is facing unknown odor/taste in drinking water near the public market.,water_supply,english,NYC311_seed_controlled_augmentation
"There is an environmental problem involving air: odor/fumes, vehicle idling close to the town centre.",environment,english,NYC311_seed_controlled_augmentation
Please arrange cleaning because of missed collection near the junction. Please investigate this issue.,garbage,english,NYC311_seed_controlled_augmentation
We need assistance with sewer or drain outside our building.,drainage,english,NYC311_seed_controlled_augmentation
"Please investigate air: dust, construction/demolition along the roadside. Please arrange an inspection.",environment,english,NYC311_seed_controlled_augmentation
"Residents have reported taste/odor, bitter/metallic near the school. Please take the necessary action.",water_supply,english,NYC311_seed_controlled_augmentation
Please send a technician because of electrical wiring defective/exposed close to the bus stop. Please arrange an inspection.,electricity,english,NYC311_seed_controlled_augmentation
I am reporting: We have noticed asbestos complaint near the public market. Please resolve this problem as soon as possible.,environment,english,NYC311_seed_controlled_augmentation
Please check: The road has curb defect-metal protruding in the residential area. Please take the necessary action.,roads,english,NYC311_seed_controlled_augmentation
"We have noticed air: smoke, vehicular in the residential area.",environment,english,NYC311_seed_controlled_augmentation
"Residents are concerned about air: dust, other near the school. Residents are requesting assistance.",environment,english,NYC311_seed_controlled_augmentation
There is a water supply problem involving leak on the main road. Please send the responsible team to inspect the area.,water_supply,english,NYC311_seed_controlled_augmentation
There is a water supply problem involving low water pressure - wlwp on the main road. Residents are requesting assistance.,water_supply,english,NYC311_seed_controlled_augmentation
Please inspect the drain because of rain garden flooding in the residential area.,drainage,english,NYC311_seed_controlled_augmentation
The area needs cleaning because of missed recycling - m/g/pl in our neighbourhood.,garbage,english,NYC311_seed_controlled_augmentation
There appears to be electrical wiring defective/exposed near the public market.,electricity,english,NYC311_seed_controlled_augmentation
Our area is facing leak on the main road. Please resolve this problem as soon as possible.,water_supply,english,NYC311_seed_controlled_augmentation
Residents have reported: We are experiencing dirty water near the public market. Please arrange an inspection.,water_supply,english,NYC311_seed_controlled_augmentation
There appears to be: Residents are reporting street flooding near the school.,drainage,english,NYC311_seed_controlled_augmentation
There is dirty sidewalk near the public market. This issue needs attention.,garbage,english,NYC311_seed_controlled_augmentation
"People nearby have complained about unsafe chemical, storage near the junction. The problem has been continuing for some time.",environment,english,NYC311_seed_controlled_augmentation
I would like to report: Drivers are having difficulty because of wear & tear in our neighbourhood. Residents are requesting assistance.,roads,english,NYC311_seed_controlled_augmentation
There appears to be leak near the public market.,water_supply,english,NYC311_seed_controlled_augmentation
Residents have complained about missed recycling paper near the school.,garbage,english,NYC311_seed_controlled_augmentation
Broken Curb is causing problems for vehicles near the hospital.,roads,english,NYC311_seed_controlled_augmentation
Residents are concerned about chemical vapors/gases/odors outside our building. Please take the necessary action.,environment,english,NYC311_seed_controlled_augmentation
We are experiencing an electrical problem involving electrical wiring defective/exposed near the public market.,electricity,english,NYC311_seed_controlled_augmentation
The drainage problem appears to involve sewer backup along the roadside.,drainage,english,NYC311_seed_controlled_augmentation
The drainage system has ponding outside our building.,drainage,english,NYC311_seed_controlled_augmentation
Garbage-related problems include bulk-missed recy collection near the junction.,garbage,english,NYC311_seed_controlled_augmentation
There is: We are experiencing an electrical problem involving electrical wiring defective/exposed near the hospital. Please take the necessary action.,electricity,english,NYC311_seed_controlled_augmentation
Wastewater is causing problems due to catch basin clogged/flooding in our neighbourhood.,drainage,english,NYC311_seed_controlled_augmentation
The drainage system has ponding near the public market.,drainage,english,NYC311_seed_controlled_augmentation
Drivers are having difficulty because of defective hardware near the school. This issue needs attention.,roads,english,NYC311_seed_controlled_augmentation
Culvert Blocked/Needs Cleaning is affecting the area outside our building. Please investigate this issue.,drainage,english,NYC311_seed_controlled_augmentation
Catch Basin Clogged/Flooding is affecting the area outside our building. Please take the necessary action.,drainage,english,NYC311_seed_controlled_augmentation
Residents have reported street light out close to the bus stop. This issue needs attention.,electricity,english,NYC311_seed_controlled_augmentation
The drainage system has sewage odor near the junction.,drainage,english,NYC311_seed_controlled_augmentation
The road has curb defect-metal protruding on the main road.,roads,english,NYC311_seed_controlled_augmentation
Please arrange cleaning because of dirty sidewalk on the main road.,garbage,english,NYC311_seed_controlled_augmentation
The road surface is affected by broken curb in our neighbourhood. Residents are requesting assistance.,roads,english,NYC311_seed_controlled_augmentation
"People nearby have complained about air: dust, construction/demolition in our neighbourhood. This is causing inconvenience to the public.",environment,english,NYC311_seed_controlled_augmentation
There appears to be wiring near the junction. This issue needs attention.,electricity,english,NYC311_seed_controlled_augmentation
Please address receptacle violation near the school.,garbage,english,NYC311_seed_controlled_augmentation
The road surface is affected by broken curb near the public market. Please resolve this problem as soon as possible.,roads,english,NYC311_seed_controlled_augmentation
There appears to be: There is pothole - highway near the hospital. We would appreciate assistance with this issue.,roads,english,NYC311_seed_controlled_augmentation
There is bulk-missed recy collection near our house. Please send the responsible team to inspect the area.,garbage,english,NYC311_seed_controlled_augmentation
The electricity service has a problem with lighting near the school. The problem has been continuing for some time.,electricity,english,NYC311_seed_controlled_augmentation
The drainage system has manhole overflow in our neighbourhood. This is causing inconvenience to the public.,drainage,english,NYC311_seed_controlled_augmentation
Residents have reported no water near our house.,water_supply,english,NYC311_seed_controlled_augmentation
The drainage problem appears to involve manhole overflow along the roadside. Please send the responsible team to inspect the area.,drainage,english,NYC311_seed_controlled_augmentation
RAIN GARDEN FLOODING is affecting the area near our house. Please arrange an inspection.,drainage,english,NYC311_seed_controlled_augmentation
"There is: Air: Odor/Fumes, Restaurant is affecting the surrounding environment along the roadside. This is causing inconvenience to the public.",environment,english,NYC311_seed_controlled_augmentation
Our area has: Failed Street Repair is causing problems for vehicles close to the town centre.,roads,english,NYC311_seed_controlled_augmentation
Please arrange cleaning because of 15 street cond/dump-out/drop-off on the main road.,garbage,english,NYC311_seed_controlled_augmentation
The area needs cleaning because of missed collection in the residential area. This issue needs attention.,garbage,english,NYC311_seed_controlled_augmentation
Leak has affected the local water supply on the main road. Residents are requesting assistance.,water_supply,english,NYC311_seed_controlled_augmentation
Residents are reporting sewage leak near the school. We would appreciate assistance with this issue.,drainage,english,NYC311_seed_controlled_augmentation
Please arrange cleaning because of dirty area/alleyway outside our building.,garbage,english,NYC311_seed_controlled_augmentation
We need assistance with sewage odor near the junction. Please investigate this issue.,drainage,english,NYC311_seed_controlled_augmentation
The road surface is affected by defective hardware near the junction. This issue needs attention.,roads,english,NYC311_seed_controlled_augmentation
The area needs cleaning because of receptacle violation in our neighbourhood. The problem has been continuing for some time.,garbage,english,NYC311_seed_controlled_augmentation
I am reporting: Waste has become a problem due to missed recycling paper near the junction.,garbage,english,NYC311_seed_controlled_augmentation
Our area has: Residents are concerned about chemical spill/release in our neighbourhood. Please arrange an inspection.,environment,english,NYC311_seed_controlled_augmentation
There has been: Residents have complained about dirty sidewalk close to the bus stop. Please take the necessary action.,garbage,english,NYC311_seed_controlled_augmentation
Please check the water system because of slow leak close to the bus stop. This issue needs attention.,water_supply,english,NYC311_seed_controlled_augmentation
I am reporting: Curb Defect-Metal Protruding is causing problems for vehicles near the hospital. Please investigate this issue.,roads,english,NYC311_seed_controlled_augmentation
Please address dirty sidewalk near the public market. The problem has been continuing for some time.,garbage,english,NYC311_seed_controlled_augmentation
"There is an environmental problem involving unsafe chemical, storage in our neighbourhood. Please investigate this issue.",environment,english,NYC311_seed_controlled_augmentation
"Drivers are having difficulty because of rough, pitted or cracked roads in the residential area.",roads,english,NYC311_seed_controlled_augmentation
I am reporting: People nearby have complained about chemical spill/release close to the town centre.,environment,english,NYC311_seed_controlled_augmentation
Garbage-related problems include 15 street cond/dump-out/drop-off along the roadside. This is causing inconvenience to the public.,garbage,english,NYC311_seed_controlled_augmentation
We need assistance with ponding outside our building.,drainage,english,NYC311_seed_controlled_augmentation
There is: Residents are reporting manhole overflow near the school.,drainage,english,NYC311_seed_controlled_augmentation
There is no lighting in the residential area. This issue needs attention.,electricity,english,NYC311_seed_controlled_augmentation
There is street flooding near the hospital. Residents are requesting assistance.,drainage,english,NYC311_seed_controlled_augmentation
The area needs cleaning because of receptacle violation on the main road. Please resolve this problem as soon as possible.,garbage,english,NYC311_seed_controlled_augmentation
The road has cave-in near the school. Please investigate this issue.,roads,english,NYC311_seed_controlled_augmentation
Please check the water system because of heavy flow outside our building. We would appreciate assistance with this issue.,water_supply,english,NYC311_seed_controlled_augmentation
There is: Please check the water system because of no water in the residential area. Please investigate this issue.,water_supply,english,NYC311_seed_controlled_augmentation
"There appears to be cloudy or milky, other along the roadside.",water_supply,english,NYC311_seed_controlled_augmentation
There appears to be lighting along the roadside. Please send the responsible team to inspect the area.,electricity,english,NYC311_seed_controlled_augmentation
Curb Defect-Metal Protruding on the main road. The problem has been continuing for some time.,roads,english,NYC311_seed_controlled_augmentation
Please inspect this environmental issue: chemical vapors/gases/odors in the residential area. Please take the necessary action.,environment,english,NYC311_seed_controlled_augmentation
"Our area is facing cloudy or milky, other near the junction. Please take the necessary action.",water_supply,english,NYC311_seed_controlled_augmentation
I am reporting: There is wiring near the public market. The problem has been continuing for some time.,electricity,english,NYC311_seed_controlled_augmentation
Please inspect this environmental issue: chemical vapors/gases/odors close to the town centre.,environment,english,NYC311_seed_controlled_augmentation
I would like to report: There appears to be low water pressure - wlwp near the public market. We would appreciate assistance with this issue.,water_supply,english,NYC311_seed_controlled_augmentation
There appears to be low water pressure - wlwp near the public market. Please arrange an inspection.,water_supply,english,NYC311_seed_controlled_augmentation
"The road has rough, pitted or cracked roads near the school.",roads,english,NYC311_seed_controlled_augmentation
Residents are concerned about large number of mosquitoes near our house. Please take the necessary action.,environment,english,NYC311_seed_controlled_augmentation
Please check the water system because of possible water main break near our house. Please resolve this problem as soon as possible.,water_supply,english,NYC311_seed_controlled_augmentation
We are experiencing unknown odor/taste in drinking water along the roadside. This issue needs attention.,water_supply,english,NYC311_seed_controlled_augmentation
Residents have reported no lighting in our neighbourhood.,electricity,english,NYC311_seed_controlled_augmentation
Please arrange cleaning because of 15 street cond/dump-out/drop-off on the main road. Please send the responsible team to inspect the area.,garbage,english,NYC311_seed_controlled_augmentation
Please arrange cleaning because of missed collection outside our building. Please arrange an inspection.,garbage,english,NYC311_seed_controlled_augmentation
Please inspect the electrical issue: multiple street lights out near the junction.,electricity,english,NYC311_seed_controlled_augmentation
Residents are concerned about large number of mosquitoes in the residential area.,environment,english,NYC311_seed_controlled_augmentation
"Residents have reported taste/odor, bitter/metallic close to the town centre. This issue needs attention.",water_supply,english,NYC311_seed_controlled_augmentation
Waste has become a problem due to missed recycling - m/g/pl in our neighbourhood. Please resolve this problem as soon as possible.,garbage,english,NYC311_seed_controlled_augmentation
Our area is facing no water near the junction.,water_supply,english,NYC311_seed_controlled_augmentation
We have noticed: There is a water supply problem involving no water near the junction. Please arrange an inspection.,water_supply,english,NYC311_seed_controlled_augmentation
Please send a technician because of electrical wiring defective/exposed in our neighbourhood.,electricity,english,NYC311_seed_controlled_augmentation
Wastewater is causing problems due to catch basin clogged/flooding close to the town centre.,drainage,english,NYC311_seed_controlled_augmentation
There is an environmental problem involving chemical vapors/gases/odors on the main road. This is causing inconvenience to the public.,environment,english,NYC311_seed_controlled_augmentation
Residents are concerned about chemical spill/release close to the bus stop. We would appreciate assistance with this issue.,environment,english,NYC311_seed_controlled_augmentation
Garbage-related problems include loose rubbish close to the town centre. Please resolve this problem as soon as possible.,garbage,english,NYC311_seed_controlled_augmentation
There is a water supply problem involving slow leak near the public market. This issue needs attention.,water_supply,english,NYC311_seed_controlled_augmentation
There appears to be electrical wiring defective/exposed near the school. The problem has been continuing for some time.,electricity,english,NYC311_seed_controlled_augmentation
We are experiencing: Residents have complained about receptacle violation close to the bus stop. Residents are requesting assistance.,garbage,english,NYC311_seed_controlled_augmentation
Residents are reporting rain garden flooding near the hospital. Please arrange an inspection.,drainage,english,NYC311_seed_controlled_augmentation
Please repair wear & tear on the main road. The problem has been continuing for some time.,roads,english,NYC311_seed_controlled_augmentation
We need assistance with ponding in the residential area.,drainage,english,NYC311_seed_controlled_augmentation
Please check: Sewer Backup is affecting the area on the main road. Residents are requesting assistance.,drainage,english,NYC311_seed_controlled_augmentation
Please send a technician because of wiring near the school. Please investigate this issue.,electricity,english,NYC311_seed_controlled_augmentation
"Please check: The area is affected by air: odor/fumes, restaurant near our house. This issue needs attention.",environment,english,NYC311_seed_controlled_augmentation
We need assistance with sewage odor in our neighbourhood. We would appreciate assistance with this issue.,drainage,english,NYC311_seed_controlled_augmentation
Wastewater is causing problems due to sewage odor near the public market. Please investigate this issue.,drainage,english,NYC311_seed_controlled_augmentation
Residents have reported: The road has curb defect-metal protruding near the hospital. Please send the responsible team to inspect the area.,roads,english,NYC311_seed_controlled_augmentation
Our area has: We are experiencing an electrical problem involving lighting near the junction. This issue needs attention.,electricity,english,NYC311_seed_controlled_augmentation
Please inspect the drain because of sewage odor outside our building. Please take the necessary action.,drainage,english,NYC311_seed_controlled_augmentation
There is: The road surface is affected by broken curb near the school. The problem has been continuing for some time.,roads,english,NYC311_seed_controlled_augmentation
The road surface is affected by wear & tear close to the bus stop.,roads,english,NYC311_seed_controlled_augmentation
HEAVY FLOW has affected the local water supply near the hospital. We would appreciate assistance with this issue.,water_supply,english,NYC311_seed_controlled_augmentation
Please address dirty sidewalk near our house. Please send the responsible team to inspect the area.,garbage,english,NYC311_seed_controlled_augmentation
There is: Sewage Leak is affecting the area on the main road. This issue needs attention.,drainage,english,NYC311_seed_controlled_augmentation
Residents are reporting street flooding near the school. Please investigate this issue.,drainage,english,NYC311_seed_controlled_augmentation
The electricity service has a problem with street light out near the school.,electricity,english,NYC311_seed_controlled_augmentation
"The area is affected by air: odor/fumes, vehicle idling on the main road. Please investigate this issue.",environment,english,NYC311_seed_controlled_augmentation
Please check the water system because of damp spot on the main road.,water_supply,english,NYC311_seed_controlled_augmentation
Culvert Blocked/Needs Cleaning is affecting the area near our house. Please investigate this issue.,drainage,english,NYC311_seed_controlled_augmentation
Please repair wear & tear near our house. This is causing inconvenience to the public.,roads,english,NYC311_seed_controlled_augmentation
We are experiencing: Residents have reported damp spot in the residential area.,water_supply,english,NYC311_seed_controlled_augmentation
Please check the water system because of damp spot near the public market. Please investigate this issue.,water_supply,english,NYC311_seed_controlled_augmentation
Waste has become a problem due to missed collection close to the bus stop. Residents are requesting assistance.,garbage,english,NYC311_seed_controlled_augmentation
Hydrant Leaking has affected the local water supply in the residential area.,water_supply,english,NYC311_seed_controlled_augmentation
We are experiencing heavy flow near the hospital.,water_supply,english,NYC311_seed_controlled_augmentation
Please repair defective hardware outside our building. Please resolve this problem as soon as possible.,roads,english,NYC311_seed_controlled_augmentation
Chemical Vapors/Gases/Odors is affecting the surrounding environment close to the bus stop. We would appreciate assistance with this issue.,environment,english,NYC311_seed_controlled_augmentation
We are experiencing an electrical problem involving street light out near the school.,electricity,english,NYC311_seed_controlled_augmentation
"Please inspect this environmental issue: oil spill on street, large in the residential area. Please take the necessary action.",environment,english,NYC311_seed_controlled_augmentation
We are experiencing heavy flow close to the town centre. Residents are requesting assistance.,water_supply,english,NYC311_seed_controlled_augmentation
Wastewater is causing problems due to manhole overflow on the main road.,drainage,english,NYC311_seed_controlled_augmentation
"There has been: Residents have reported taste/odor, bitter/metallic in the residential area. We would appreciate assistance with this issue.",water_supply,english,NYC311_seed_controlled_augmentation
We have noticed: Please send a technician because of street light lamp dim in the residential area.,electricity,english,NYC311_seed_controlled_augmentation
There appears to be damp spot near the hospital.,water_supply,english,NYC311_seed_controlled_augmentation
We need assistance with sewer backup close to the bus stop. Please send the responsible team to inspect the area.,drainage,english,NYC311_seed_controlled_augmentation
We have noticed: Residents are concerned about curb defect-metal protruding near the junction.,roads,english,NYC311_seed_controlled_augmentation
Drivers are having difficulty because of broken curb on the main road. The problem has been continuing for some time.,roads,english,NYC311_seed_controlled_augmentation
There is an environmental problem involving large number of mosquitoes on the main road. Please resolve this problem as soon as possible.,environment,english,NYC311_seed_controlled_augmentation
There is pothole near the public market.,roads,english,NYC311_seed_controlled_augmentation
Waste has become a problem due to 15 street cond/dump-out/drop-off outside our building.,garbage,english,NYC311_seed_controlled_augmentation
There is missed collection near the public market. The problem has been continuing for some time.,garbage,english,NYC311_seed_controlled_augmentation
"Please inspect this environmental issue: air: smoke, vehicular on the main road.",environment,english,NYC311_seed_controlled_augmentation
There appears to be hydrant leaking near our house. Please send the responsible team to inspect the area.,water_supply,english,NYC311_seed_controlled_augmentation
The electricity service has a problem with multiple street lights out in the residential area.,electricity,english,NYC311_seed_controlled_augmentation
There is street light out outside our building.,electricity,english,NYC311_seed_controlled_augmentation
Drivers are having difficulty because of defective hardware on the main road. This is causing inconvenience to the public.,roads,english,NYC311_seed_controlled_augmentation
Wastewater is causing problems due to ponding near the junction.,drainage,english,NYC311_seed_controlled_augmentation
We need assistance with rain garden flooding outside our building. This issue needs attention.,drainage,english,NYC311_seed_controlled_augmentation
There is: Residents have reported street light out near the public market.,electricity,english,NYC311_seed_controlled_augmentation
Air: Other Air Problem is affecting the surrounding environment near the hospital. We would appreciate assistance with this issue.,environment,english,NYC311_seed_controlled_augmentation
"People nearby have complained about oil spill on street, large near the hospital. Please investigate this issue.",environment,english,NYC311_seed_controlled_augmentation
The electricity service has a problem with street light out near the school. Please arrange an inspection.,electricity,english,NYC311_seed_controlled_augmentation
"People nearby have complained about air: smoke, vehicular near the school. Please take the necessary action.",environment,english,NYC311_seed_controlled_augmentation
"People nearby have complained about unsafe chemical, abandoned near the hospital. This is causing inconvenience to the public.",environment,english,NYC311_seed_controlled_augmentation
"People nearby have complained about unsafe chemical, storage close to the town centre.",environment,english,NYC311_seed_controlled_augmentation
Please inspect the electrical issue: power outage near the public market. Please resolve this problem as soon as possible.,electricity,english,NYC311_seed_controlled_augmentation
Please check: Lamppost Wire Exposed is affecting the area near our house. Please resolve this problem as soon as possible.,electricity,english,NYC311_seed_controlled_augmentation
We need assistance with sewer backup outside our building.,drainage,english,NYC311_seed_controlled_augmentation
There has been: HEAVY FLOW has affected the local water supply close to the town centre. Residents are requesting assistance.,water_supply,english,NYC311_seed_controlled_augmentation
I would like to report: Please investigate air: other air problem near the junction. Please take the necessary action.,environment,english,NYC311_seed_controlled_augmentation
Please investigate the water issue: hydrant leaking close to the bus stop. Please investigate this issue.,water_supply,english,NYC311_seed_controlled_augmentation
"Rough, Pitted or Cracked Roads is causing problems for vehicles near the junction.",roads,english,NYC311_seed_controlled_augmentation
Residents have reported low water pressure - wlwp outside our building. Residents are requesting assistance.,water_supply,english,NYC311_seed_controlled_augmentation
"We are experiencing taste/odor, chlorine near the hospital. Please take the necessary action.",water_supply,english,NYC311_seed_controlled_augmentation
The drainage problem appears to involve street flooding near the junction. This is causing inconvenience to the public.,drainage,english,NYC311_seed_controlled_augmentation
There is rain garden flooding near the school.,drainage,english,NYC311_seed_controlled_augmentation
Please investigate air: other air problem near the hospital. This is causing inconvenience to the public.,environment,english,NYC311_seed_controlled_augmentation
The road has cave-in on the main road. Please take the necessary action.,roads,english,NYC311_seed_controlled_augmentation
Improper Disposal is creating an unsanitary condition along the roadside. This issue needs attention.,garbage,english,NYC311_seed_controlled_augmentation
I am reporting: Residents have reported damp spot near the junction. Please arrange an inspection.,water_supply,english,NYC311_seed_controlled_augmentation
The electricity service has a problem with lamppost wire exposed in our neighbourhood.,electricity,english,NYC311_seed_controlled_augmentation
Please check the water system because of hydrant leaking close to the bus stop.,water_supply,english,NYC311_seed_controlled_augmentation
We have noticed: Residents have complained about missed collection on the main road.,garbage,english,NYC311_seed_controlled_augmentation
We are experiencing: Residents have complained about missed recycling-all materials close to the bus stop.,garbage,english,NYC311_seed_controlled_augmentation
Please inspect the electrical issue: power outage outside our building. Please investigate this issue.,electricity,english,NYC311_seed_controlled_augmentation
There is lamppost wire exposed near the public market.,electricity,english,NYC311_seed_controlled_augmentation
unknown odor/taste in drinking water has affected the local water supply outside our building. This is causing inconvenience to the public.,water_supply,english,NYC311_seed_controlled_augmentation
We are experiencing an electrical problem involving wiring near the public market.,electricity,english,NYC311_seed_controlled_augmentation
Pothole - Highway near the hospital. Please send the responsible team to inspect the area.,roads,english,NYC311_seed_controlled_augmentation
Pothole - Highway is causing problems for vehicles near the hospital. We would appreciate assistance with this issue.,roads,english,NYC311_seed_controlled_augmentation
Residents have reported no water close to the bus stop. We would appreciate assistance with this issue.,water_supply,english,NYC311_seed_controlled_augmentation
Please inspect the electrical issue: street light lamp dim near the hospital.,electricity,english,NYC311_seed_controlled_augmentation
There appears to be heavy flow in our neighbourhood. Please investigate this issue.,water_supply,english,NYC311_seed_controlled_augmentation
Electrical Wiring Defective/Exposed is affecting the area along the roadside. The problem has been continuing for some time.,electricity,english,NYC311_seed_controlled_augmentation
The drainage problem appears to involve manhole overflow outside our building. Please take the necessary action.,drainage,english,NYC311_seed_controlled_augmentation
Residents have reported power outage in our neighbourhood. We would appreciate assistance with this issue.,electricity,english,NYC311_seed_controlled_augmentation
Please address bulk-missed recy collection near the public market. Please take the necessary action.,garbage,english,NYC311_seed_controlled_augmentation
There has been: There is sewage leak near the public market. This is causing inconvenience to the public.,drainage,english,NYC311_seed_controlled_augmentation
Please inspect this environmental issue: large number of mosquitoes close to the bus stop. Please arrange an inspection.,environment,english,NYC311_seed_controlled_augmentation
"Please check the water system because of cloudy or milky, other near the junction. We would appreciate assistance with this issue.",water_supply,english,NYC311_seed_controlled_augmentation
Please send a technician because of street light out on the main road. Please send the responsible team to inspect the area.,electricity,english,NYC311_seed_controlled_augmentation
We are experiencing no water near our house. Please arrange an inspection.,water_supply,english,NYC311_seed_controlled_augmentation
We are experiencing low water pressure - wlwp near the public market. Residents are requesting assistance.,water_supply,english,NYC311_seed_controlled_augmentation
Chemical Spill/Release is affecting the surrounding environment on the main road.,environment,english,NYC311_seed_controlled_augmentation
Please arrange cleaning because of bulk-missed recy collection close to the town centre. We would appreciate assistance with this issue.,garbage,english,NYC311_seed_controlled_augmentation
I am reporting: Drivers are having difficulty because of pothole along the roadside. We would appreciate assistance with this issue.,roads,english,NYC311_seed_controlled_augmentation
The road surface is affected by pothole on the main road.,roads,english,NYC311_seed_controlled_augmentation
There is: The electricity service has a problem with street light out in the residential area. Please send the responsible team to inspect the area.,electricity,english,NYC311_seed_controlled_augmentation
Please inspect the drain because of sewage odor close to the town centre.,drainage,english,NYC311_seed_controlled_augmentation
Residents have reported: Pothole - Highway near the public market. Residents are requesting assistance.,roads,english,NYC311_seed_controlled_augmentation
Our area is facing low water pressure - wlwp in our neighbourhood. Please resolve this problem as soon as possible.,water_supply,english,NYC311_seed_controlled_augmentation
Please inspect the drain because of sewage odor in our neighbourhood.,drainage,english,NYC311_seed_controlled_augmentation
People nearby have complained about chemical odor in the residential area. This issue needs attention.,environment,english,NYC311_seed_controlled_augmentation
Residents have reported lamppost wire exposed close to the bus stop.,electricity,english,NYC311_seed_controlled_augmentation
We need assistance with manhole overflow near the hospital. This is causing inconvenience to the public.,drainage,english,NYC311_seed_controlled_augmentation
There appears to be lamppost knocked down near our house.,electricity,english,NYC311_seed_controlled_augmentation
The drainage system has sewer or drain near our house. Please resolve this problem as soon as possible.,drainage,english,NYC311_seed_controlled_augmentation
I am reporting: Please send a technician because of lamppost wire exposed along the roadside. Please send the responsible team to inspect the area.,electricity,english,NYC311_seed_controlled_augmentation
Residents have reported lamppost knocked down close to the town centre. Please arrange an inspection.,electricity,english,NYC311_seed_controlled_augmentation
Please investigate the water issue: possible water main break near the hospital. Please take the necessary action.,water_supply,english,NYC311_seed_controlled_augmentation
There appears to be leak near our house. This is causing inconvenience to the public.,water_supply,english,NYC311_seed_controlled_augmentation
Ventilation is affecting the surrounding environment outside our building.,environment,english,NYC311_seed_controlled_augmentation
There appears to be leak near the public market. Please arrange an inspection.,water_supply,english,NYC311_seed_controlled_augmentation
People nearby have complained about air: other air problem along the roadside.,environment,english,NYC311_seed_controlled_augmentation
Wastewater is causing problems due to manhole overflow near our house.,drainage,english,NYC311_seed_controlled_augmentation
Missed Recycling - M/G/Pl is creating an unsanitary condition near the junction.,garbage,english,NYC311_seed_controlled_augmentation
Curb Defect-Metal Protruding close to the bus stop. Please arrange an inspection.,roads,english,NYC311_seed_controlled_augmentation
Please send a technician because of power outage close to the bus stop. Please send the responsible team to inspect the area.,electricity,english,NYC311_seed_controlled_augmentation
I am reporting: The area needs cleaning because of missed recycling - m/g/pl along the roadside. This issue needs attention.,garbage,english,NYC311_seed_controlled_augmentation
We are experiencing leak near our house. Please take the necessary action.,water_supply,english,NYC311_seed_controlled_augmentation
There is improper disposal on the main road.,garbage,english,NYC311_seed_controlled_augmentation
Please inspect this environmental issue: chemical vapors/gases/odors along the roadside. Please resolve this problem as soon as possible.,environment,english,NYC311_seed_controlled_augmentation
We are experiencing no water near the school. Please arrange an inspection.,water_supply,english,NYC311_seed_controlled_augmentation
Our area is facing heavy flow in our neighbourhood. Please resolve this problem as soon as possible.,water_supply,english,NYC311_seed_controlled_augmentation
There is electrical wiring defective/exposed near the school. The problem has been continuing for some time.,electricity,english,NYC311_seed_controlled_augmentation
Curb Defect-Metal Protruding outside our building. Please resolve this problem as soon as possible.,roads,english,NYC311_seed_controlled_augmentation
There appears to be hydrant leaking near the school.,water_supply,english,NYC311_seed_controlled_augmentation
Our area has: There is pothole - highway close to the town centre.,roads,english,NYC311_seed_controlled_augmentation
Residents are concerned about failed street repair on the main road. We would appreciate assistance with this issue.,roads,english,NYC311_seed_controlled_augmentation
Residents have reported low water pressure - wlwp near the school. Please take the necessary action.,water_supply,english,NYC311_seed_controlled_augmentation
The area is affected by large number of mosquitoes close to the town centre. Please resolve this problem as soon as possible.,environment,english,NYC311_seed_controlled_augmentation
Please repair cave-in close to the town centre. Please investigate this issue.,roads,english,NYC311_seed_controlled_augmentation
The area needs cleaning because of missed collection near the school. Please arrange an inspection.,garbage,english,NYC311_seed_controlled_augmentation
Please arrange cleaning because of missed recycling-all materials in our neighbourhood. This is causing inconvenience to the public.,garbage,english,NYC311_seed_controlled_augmentation
Please inspect the drain because of sewer backup near the hospital. Please resolve this problem as soon as possible.,drainage,english,NYC311_seed_controlled_augmentation
We are experiencing an electrical problem involving electrical wiring defective/exposed close to the town centre. Please take the necessary action.,electricity,english,NYC311_seed_controlled_augmentation
Residents are reporting catch basin clogged/flooding near the hospital. Please resolve this problem as soon as possible.,drainage,english,NYC311_seed_controlled_augmentation
Residents have complained about receptacle violation near the school. Please resolve this problem as soon as possible.,garbage,english,NYC311_seed_controlled_augmentation
There appears to be heavy flow close to the town centre.,water_supply,english,NYC311_seed_controlled_augmentation
Please investigate chemical spill/release near the public market. Please send the responsible team to inspect the area.,environment,english,NYC311_seed_controlled_augmentation
"Residents are concerned about air: odor/fumes, vehicle idling near the school. Please arrange an inspection.",environment,english,NYC311_seed_controlled_augmentation
The area needs cleaning because of missed recycling - m/g/pl near the hospital.,garbage,english,NYC311_seed_controlled_augmentation
There appears to be low water pressure - wlwp near the junction. Please resolve this problem as soon as possible.,water_supply,english,NYC311_seed_controlled_augmentation
"There is: Please inspect this environmental issue: air: dust, construction/demolition along the roadside.",environment,english,NYC311_seed_controlled_augmentation
Residents have complained about improper disposal near the junction. Please resolve this problem as soon as possible.,garbage,english,NYC311_seed_controlled_augmentation
We are experiencing an electrical problem involving electrical wiring defective/exposed near the school.,electricity,english,NYC311_seed_controlled_augmentation
There has been: The road surface is affected by curb defect-metal protruding outside our building.,roads,english,NYC311_seed_controlled_augmentation
Residents are concerned about wear & tear outside our building.,roads,english,NYC311_seed_controlled_augmentation
We need assistance with sewage odor near the public market.,drainage,english,NYC311_seed_controlled_augmentation
The electricity service has a problem with outlet/switch close to the town centre. We would appreciate assistance with this issue.,electricity,english,NYC311_seed_controlled_augmentation
"Air: Smoke, Vehicular is affecting the surrounding environment near the public market. Please send the responsible team to inspect the area.",environment,english,NYC311_seed_controlled_augmentation
There appears to be multiple street lights out near the junction. Please send the responsible team to inspect the area.,electricity,english,NYC311_seed_controlled_augmentation
The road surface is affected by cave-in near the junction. Please take the necessary action.,roads,english,NYC311_seed_controlled_augmentation
There appears to be hydrant leaking close to the bus stop. This is causing inconvenience to the public.,water_supply,english,NYC311_seed_controlled_augmentation
There appears to be: There is wiring outside our building. Please send the responsible team to inspect the area.,electricity,english,NYC311_seed_controlled_augmentation
"There appears to be: Please inspect this environmental issue: air: dust, other along the roadside.",environment,english,NYC311_seed_controlled_augmentation
The drainage problem appears to involve street flooding on the main road. This issue needs attention.,drainage,english,NYC311_seed_controlled_augmentation
We are experiencing an electrical problem involving wiring close to the town centre. Please send the responsible team to inspect the area.,electricity,english,NYC311_seed_controlled_augmentation
Please arrange cleaning because of bulk-missed recy collection in the residential area. Please resolve this problem as soon as possible.,garbage,english,NYC311_seed_controlled_augmentation
Waste has become a problem due to 15 street cond/dump-out/drop-off near the hospital.,garbage,english,NYC311_seed_controlled_augmentation
The road surface is affected by defective hardware near the junction.,roads,english,NYC311_seed_controlled_augmentation
The electricity service has a problem with electrical wiring defective/exposed close to the bus stop.,electricity,english,NYC311_seed_controlled_augmentation
"People nearby have complained about oil spill on street, large near the school.",environment,english,NYC311_seed_controlled_augmentation
Garbage-related problems include 15 street cond/dump-out/drop-off in the residential area. Please investigate this issue.,garbage,english,NYC311_seed_controlled_augmentation
Residents are concerned about cave-in near the hospital.,roads,english,NYC311_seed_controlled_augmentation
WIRING is affecting the area near the school.,electricity,english,NYC311_seed_controlled_augmentation
The road surface is affected by defective hardware near our house. The problem has been continuing for some time.,roads,english,NYC311_seed_controlled_augmentation
I am reporting: Please inspect this environmental issue: chemical odor near our house. Please resolve this problem as soon as possible.,environment,english,NYC311_seed_controlled_augmentation
The area needs cleaning because of improper disposal near the public market.,garbage,english,NYC311_seed_controlled_augmentation
Please check the water system because of hydrant leaking near the public market.,water_supply,english,NYC311_seed_controlled_augmentation
We need assistance with manhole overflow outside our building. This is causing inconvenience to the public.,drainage,english,NYC311_seed_controlled_augmentation
"We are experiencing: People nearby have complained about air: smoke, chimney or vent near the junction. Please send the responsible team to inspect the area.",environment,english,NYC311_seed_controlled_augmentation
"People nearby have complained about air: smoke, vehicular in our neighbourhood. We would appreciate assistance with this issue.",environment,english,NYC311_seed_controlled_augmentation
Residents have complained about missed recycling - m/g/pl near the junction. The problem has been continuing for some time.,garbage,english,NYC311_seed_controlled_augmentation
Drivers are having difficulty because of broken curb in our neighbourhood. We would appreciate assistance with this issue.,roads,english,NYC311_seed_controlled_augmentation
"We have noticed air: odor/fumes, restaurant near the school.",environment,english,NYC311_seed_controlled_augmentation
There appears to be power outage outside our building. This is causing inconvenience to the public.,electricity,english,NYC311_seed_controlled_augmentation
Residents have reported: There appears to be power outage on the main road.,electricity,english,NYC311_seed_controlled_augmentation
"Please inspect this environmental issue: air: odor/fumes, vehicle idling outside our building. This is causing inconvenience to the public.",environment,english,NYC311_seed_controlled_augmentation
"There is: We have noticed air: odor/fumes, restaurant close to the bus stop. Please take the necessary action.",environment,english,NYC311_seed_controlled_augmentation
We are experiencing: Waste has become a problem due to dirty sidewalk on the main road.,garbage,english,NYC311_seed_controlled_augmentation
Pothole is causing problems for vehicles along the roadside.,roads,english,NYC311_seed_controlled_augmentation
There is multiple street lights out near the public market.,electricity,english,NYC311_seed_controlled_augmentation
Residents have reported: Pothole outside our building.,roads,english,NYC311_seed_controlled_augmentation
We are experiencing: Garbage-related problems include bulk-missed recy collection in the residential area.,garbage,english,NYC311_seed_controlled_augmentation
The area needs cleaning because of missed recycling-all materials near the junction.,garbage,english,NYC311_seed_controlled_augmentation
"There appears to be: Our area is facing taste/odor, bitter/metallic near our house.",water_supply,english,NYC311_seed_controlled_augmentation
There is an environmental problem involving large number of mosquitoes close to the bus stop.,environment,english,NYC311_seed_controlled_augmentation
There is rain garden flooding near the school. This is causing inconvenience to the public.,drainage,english,NYC311_seed_controlled_augmentation
"Please investigate the water issue: taste/odor, bitter/metallic close to the bus stop.",water_supply,english,NYC311_seed_controlled_augmentation
I am reporting: Pothole is causing problems for vehicles close to the town centre. Please resolve this problem as soon as possible.,roads,english,NYC311_seed_controlled_augmentation
We are experiencing an electrical problem involving electrical wiring defective/exposed near the public market. Please resolve this problem as soon as possible.,electricity,english,NYC311_seed_controlled_augmentation
Please arrange cleaning because of dirty sidewalk near the school. Residents are requesting assistance.,garbage,english,NYC311_seed_controlled_augmentation
There is street light out in the residential area. We would appreciate assistance with this issue.,electricity,english,NYC311_seed_controlled_augmentation
There is catch basin clogged/flooding in our neighbourhood. Please send the responsible team to inspect the area.,drainage,english,NYC311_seed_controlled_augmentation
Missed Recycling-All Materials is creating an unsanitary condition close to the town centre.,garbage,english,NYC311_seed_controlled_augmentation
Residents have reported: Please address receptacle violation on the main road. Please investigate this issue.,garbage,english,NYC311_seed_controlled_augmentation
"Taste/Odor, Chlorine has affected the local water supply near the public market. Please investigate this issue.",water_supply,english,NYC311_seed_controlled_augmentation
Residents have complained about receptacle violation in our neighbourhood.,garbage,english,NYC311_seed_controlled_augmentation
The area needs cleaning because of missed collection along the roadside. Please investigate this issue.,garbage,english,NYC311_seed_controlled_augmentation
We need assistance with catch basin clogged/flooding near our house. This is causing inconvenience to the public.,drainage,english,NYC311_seed_controlled_augmentation
People nearby have complained about air: other air problem in the residential area. This issue needs attention.,environment,english,NYC311_seed_controlled_augmentation
We are experiencing an electrical problem involving outlet/switch near the school. This is causing inconvenience to the public.,electricity,english,NYC311_seed_controlled_augmentation
Pothole - Highway close to the bus stop. Please take the necessary action.,roads,english,NYC311_seed_controlled_augmentation
The area needs cleaning because of improper disposal along the roadside.,garbage,english,NYC311_seed_controlled_augmentation
LOW WATER PRESSURE - WLWP has affected the local water supply outside our building.,water_supply,english,NYC311_seed_controlled_augmentation
I would like to report: Residents have complained about bulk-missed recy collection close to the bus stop.,garbage,english,NYC311_seed_controlled_augmentation
Please investigate asbestos complaint on the main road. We would appreciate assistance with this issue.,environment,english,NYC311_seed_controlled_augmentation
LIGHTING is affecting the area close to the town centre. This is causing inconvenience to the public.,electricity,english,NYC311_seed_controlled_augmentation
Electrical Wiring Defective/Exposed is affecting the area close to the town centre. Please take the necessary action.,electricity,english,NYC311_seed_controlled_augmentation
Residents are concerned about air: other air problem close to the bus stop. We would appreciate assistance with this issue.,environment,english,NYC311_seed_controlled_augmentation
We need assistance with sewage odor along the roadside. We would appreciate assistance with this issue.,drainage,english,NYC311_seed_controlled_augmentation
There has been: Please investigate chemical odor near our house.,environment,english,NYC311_seed_controlled_augmentation
Street Light Lamp Dim is affecting the area near the hospital. Please send the responsible team to inspect the area.,electricity,english,NYC311_seed_controlled_augmentation
The area needs cleaning because of missed collection near the public market.,garbage,english,NYC311_seed_controlled_augmentation
Pothole - Highway is causing problems for vehicles close to the town centre. Please send the responsible team to inspect the area.,roads,english,NYC311_seed_controlled_augmentation
"People nearby have complained about unsafe chemical, abandoned near the public market. Please investigate this issue.",environment,english,NYC311_seed_controlled_augmentation
"Taste/Odor, Bitter/Metallic has affected the local water supply in the residential area. Please resolve this problem as soon as possible.",water_supply,english,NYC311_seed_controlled_augmentation
I would like to report: Broken Curb is causing problems for vehicles close to the bus stop.,roads,english,NYC311_seed_controlled_augmentation
"There is an environmental problem involving air: smoke, chimney or vent along the roadside. Please resolve this problem as soon as possible.",environment,english,NYC311_seed_controlled_augmentation
"Please investigate air: odor/fumes, vehicle idling near the public market. Please arrange an inspection.",environment,english,NYC311_seed_controlled_augmentation
Please inspect the drain because of sewer backup close to the bus stop. Please send the responsible team to inspect the area.,drainage,english,NYC311_seed_controlled_augmentation
Please send a technician because of lamppost wire exposed near our house. Please investigate this issue.,electricity,english,NYC311_seed_controlled_augmentation
The drainage problem appears to involve rain garden flooding outside our building. Please arrange an inspection.,drainage,english,NYC311_seed_controlled_augmentation
Residents have reported lamppost wire exposed near our house.,electricity,english,NYC311_seed_controlled_augmentation
I am reporting: Please arrange cleaning because of dirty sidewalk close to the bus stop.,garbage,english,NYC311_seed_controlled_augmentation
The drainage problem appears to involve manhole overflow on the main road. This issue needs attention.,drainage,english,NYC311_seed_controlled_augmentation
Please investigate air: other air problem close to the town centre.,environment,english,NYC311_seed_controlled_augmentation
Wastewater is causing problems due to sewage odor outside our building.,drainage,english,NYC311_seed_controlled_augmentation
We need assistance with sewage odor outside our building. Please send the responsible team to inspect the area.,drainage,english,NYC311_seed_controlled_augmentation
We have noticed chemical vapors/gases/odors in our neighbourhood. Residents are requesting assistance.,environment,english,NYC311_seed_controlled_augmentation
Please repair failed street repair near the hospital. Please take the necessary action.,roads,english,NYC311_seed_controlled_augmentation
"We have noticed: Unsafe Chemical, Storage is affecting the surrounding environment along the roadside. This is causing inconvenience to the public.",environment,english,NYC311_seed_controlled_augmentation
"We have noticed unsafe chemical, abandoned near the school. This is causing inconvenience to the public.",environment,english,NYC311_seed_controlled_augmentation
There appears to be lamppost wire exposed near the hospital. Please send the responsible team to inspect the area.,electricity,english,NYC311_seed_controlled_augmentation
We need assistance with manhole overflow near our house. Residents are requesting assistance.,drainage,english,NYC311_seed_controlled_augmentation
Please address receptacle violation in the residential area. Please send the responsible team to inspect the area.,garbage,english,NYC311_seed_controlled_augmentation
There is culvert blocked/needs cleaning along the roadside.,drainage,english,NYC311_seed_controlled_augmentation
Leak has affected the local water supply close to the bus stop. Residents are requesting assistance.,water_supply,english,NYC311_seed_controlled_augmentation
"Please inspect this environmental issue: unsafe chemical, abandoned near the junction. The problem has been continuing for some time.",environment,english,NYC311_seed_controlled_augmentation
"Please investigate the water issue: cloudy or milky, other in our neighbourhood.",water_supply,english,NYC311_seed_controlled_augmentation
"Please inspect this environmental issue: air: odor/fumes, restaurant outside our building.",environment,english,NYC311_seed_controlled_augmentation
Residents are reporting sewage leak close to the bus stop. The problem has been continuing for some time.,drainage,english,NYC311_seed_controlled_augmentation
"Taste/Odor, Bitter/Metallic has affected the local water supply near the hospital.",water_supply,english,NYC311_seed_controlled_augmentation
Please inspect this environmental issue: chemical odor near the public market. Please arrange an inspection.,environment,english,NYC311_seed_controlled_augmentation
Please address 15 street cond/dump-out/drop-off near the public market.,garbage,english,NYC311_seed_controlled_augmentation
Our area is facing dirty water along the roadside.,water_supply,english,NYC311_seed_controlled_augmentation
Pothole - Highway is causing problems for vehicles near the junction. We would appreciate assistance with this issue.,roads,english,NYC311_seed_controlled_augmentation
I am reporting: Residents have complained about missed collection near the school. Please take the necessary action.,garbage,english,NYC311_seed_controlled_augmentation
Please check the water system because of leak near our house.,water_supply,english,NYC311_seed_controlled_augmentation
Waste has become a problem due to loose rubbish along the roadside. Please send the responsible team to inspect the area.,garbage,english,NYC311_seed_controlled_augmentation
There is missed recycling - m/g/pl near the junction. This is causing inconvenience to the public.,garbage,english,NYC311_seed_controlled_augmentation
Our area has: Residents are concerned about asbestos complaint outside our building. Please take the necessary action.,environment,english,NYC311_seed_controlled_augmentation
"Taste/Odor, Bitter/Metallic has affected the local water supply close to the town centre. This issue needs attention.",water_supply,english,NYC311_seed_controlled_augmentation
There appears to be: Residents are reporting catch basin clogged/flooding near the hospital.,drainage,english,NYC311_seed_controlled_augmentation
People nearby have complained about chemical odor in our neighbourhood.,environment,english,NYC311_seed_controlled_augmentation
We are experiencing no water close to the bus stop.,water_supply,english,NYC311_seed_controlled_augmentation
There is pothole - highway in the residential area. Please investigate this issue.,roads,english,NYC311_seed_controlled_augmentation
Please check the water system because of no water close to the bus stop. We would appreciate assistance with this issue.,water_supply,english,NYC311_seed_controlled_augmentation
"Please investigate the water issue: taste/odor, bitter/metallic near the junction. Please investigate this issue.",water_supply,english,NYC311_seed_controlled_augmentation
There appears to be dirty water near the junction. Please investigate this issue.,water_supply,english,NYC311_seed_controlled_augmentation
I am reporting: We are experiencing heavy flow close to the bus stop.,water_supply,english,NYC311_seed_controlled_augmentation
Residents are reporting ponding on the main road. Please resolve this problem as soon as possible.,drainage,english,NYC311_seed_controlled_augmentation
Please address dirty area/alleyway outside our building. Please take the necessary action.,garbage,english,NYC311_seed_controlled_augmentation
There is: Curb Defect-Metal Protruding near the junction. This is causing inconvenience to the public.,roads,english,NYC311_seed_controlled_augmentation
There has been: Please address missed recycling-all materials near the junction. Please investigate this issue.,garbage,english,NYC311_seed_controlled_augmentation
We have noticed: Residents have reported no lighting near our house. Please take the necessary action.,electricity,english,NYC311_seed_controlled_augmentation
The road surface is affected by defective hardware on the main road. Please arrange an inspection.,roads,english,NYC311_seed_controlled_augmentation
Cave-in is causing problems for vehicles near the public market. This is causing inconvenience to the public.,roads,english,NYC311_seed_controlled_augmentation
"The area is affected by unsafe chemical, storage near the public market. Please take the necessary action.",environment,english,NYC311_seed_controlled_augmentation
Please arrange cleaning because of receptacle violation on the main road. This issue needs attention.,garbage,english,NYC311_seed_controlled_augmentation
"The area is affected by oil spill on street, large in our neighbourhood. Please take the necessary action.",environment,english,NYC311_seed_controlled_augmentation
I am reporting: Please address 15 street cond/dump-out/drop-off near our house. Please investigate this issue.,garbage,english,NYC311_seed_controlled_augmentation
Please inspect the electrical issue: lamppost knocked down near the public market. This issue needs attention.,electricity,english,NYC311_seed_controlled_augmentation
There is: Sewage Odor is affecting the area close to the town centre. This is causing inconvenience to the public.,drainage,english,NYC311_seed_controlled_augmentation
There is lamppost knocked down in the residential area.,electricity,english,NYC311_seed_controlled_augmentation
There is an environmental problem involving chemical odor close to the town centre. This is causing inconvenience to the public.,environment,english,NYC311_seed_controlled_augmentation
I would like to report: Residents have complained about receptacle violation close to the town centre. Please resolve this problem as soon as possible.,garbage,english,NYC311_seed_controlled_augmentation
The road has curb defect-metal protruding near the school. Residents are requesting assistance.,roads,english,NYC311_seed_controlled_augmentation
We have noticed chemical odor close to the bus stop.,environment,english,NYC311_seed_controlled_augmentation
I am reporting: The drainage problem appears to involve sewer or drain in the residential area.,drainage,english,NYC311_seed_controlled_augmentation
The drainage problem appears to involve ponding close to the bus stop. Please send the responsible team to inspect the area.,drainage,english,NYC311_seed_controlled_augmentation
The drainage problem appears to involve culvert blocked/needs cleaning on the main road.,drainage,english,NYC311_seed_controlled_augmentation
Please repair cave-in along the roadside.,roads,english,NYC311_seed_controlled_augmentation
"We have noticed: People nearby have complained about air: odor/fumes, vehicle idling in our neighbourhood.",environment,english,NYC311_seed_controlled_augmentation
Broken Curb is causing problems for vehicles near the junction. Please arrange an inspection.,roads,english,NYC311_seed_controlled_augmentation
The road has wear & tear close to the town centre.,roads,english,NYC311_seed_controlled_augmentation
Residents are concerned about ventilation along the roadside. Please take the necessary action.,environment,english,NYC311_seed_controlled_augmentation
We are experiencing: People nearby have complained about chemical odor near the school.,environment,english,NYC311_seed_controlled_augmentation
Drivers are having difficulty because of curb defect-metal protruding along the roadside. Please investigate this issue.,roads,english,NYC311_seed_controlled_augmentation
We need assistance with rain garden flooding near the school.,drainage,english,NYC311_seed_controlled_augmentation
Drivers are having difficulty because of cave-in close to the bus stop.,roads,english,NYC311_seed_controlled_augmentation
Residents have complained about missed recycling - m/g/pl along the roadside. This issue needs attention.,garbage,english,NYC311_seed_controlled_augmentation
Please check: Residents have reported electrical wiring defective/exposed near the hospital.,electricity,english,NYC311_seed_controlled_augmentation
There has been: There appears to be multiple street lights out along the roadside. Please arrange an inspection.,electricity,english,NYC311_seed_controlled_augmentation
There has been: The drainage problem appears to involve street flooding near the public market. Please resolve this problem as soon as possible.,drainage,english,NYC311_seed_controlled_augmentation
Residents have complained about missed recycling - m/g/pl on the main road. This is causing inconvenience to the public.,garbage,english,NYC311_seed_controlled_augmentation
Residents have reported: Please inspect the electrical issue: multiple street lights out near the public market. The problem has been continuing for some time.,electricity,english,NYC311_seed_controlled_augmentation
There has been: The drainage system has rain garden flooding close to the bus stop. This is causing inconvenience to the public.,drainage,english,NYC311_seed_controlled_augmentation
Residents have reported no water near the school. This is causing inconvenience to the public.,water_supply,english,NYC311_seed_controlled_augmentation
Please arrange cleaning because of missed collection outside our building. Please send the responsible team to inspect the area.,garbage,english,NYC311_seed_controlled_augmentation
Ponding is affecting the area on the main road.,drainage,english,NYC311_seed_controlled_augmentation
The drainage system has sewage odor near our house. We would appreciate assistance with this issue.,drainage,english,NYC311_seed_controlled_augmentation
There is manhole overflow in the residential area. Please resolve this problem as soon as possible.,drainage,english,NYC311_seed_controlled_augmentation
Please investigate chemical spill/release near the junction. Please arrange an inspection.,environment,english,NYC311_seed_controlled_augmentation
Residents are concerned about pothole along the roadside. We would appreciate assistance with this issue.,roads,english,NYC311_seed_controlled_augmentation
There is wiring on the main road.,electricity,english,NYC311_seed_controlled_augmentation
I would like to report: Please investigate chemical odor near the school. Please arrange an inspection.,environment,english,NYC311_seed_controlled_augmentation
Drivers are having difficulty because of pothole in our neighbourhood. Please arrange an inspection.,roads,english,NYC311_seed_controlled_augmentation
There is a water supply problem involving hydrant leaking along the roadside. Please arrange an inspection.,water_supply,english,NYC311_seed_controlled_augmentation
There is sewer backup close to the town centre. Please arrange an inspection.,drainage,english,NYC311_seed_controlled_augmentation
Please check the water system because of heavy flow near the junction. The problem has been continuing for some time.,water_supply,english,NYC311_seed_controlled_augmentation
We have noticed chemical spill/release in our neighbourhood. Please send the responsible team to inspect the area.,environment,english,NYC311_seed_controlled_augmentation
"Please investigate the water issue: taste/odor, chlorine near the junction. Residents are requesting assistance.",water_supply,english,NYC311_seed_controlled_augmentation
Please repair curb defect-metal protruding along the roadside. Residents are requesting assistance.,roads,english,NYC311_seed_controlled_augmentation
There is: Bulk-Missed Collection is creating an unsanitary condition in our neighbourhood. Please take the necessary action.,garbage,english,NYC311_seed_controlled_augmentation
Residents have reported: Sewer or Drain is affecting the area near the public market.,drainage,english,NYC311_seed_controlled_augmentation
Please inspect the electrical issue: wiring on the main road. Please take the necessary action.,electricity,english,NYC311_seed_controlled_augmentation
The area needs cleaning because of 15 street cond/dump-out/drop-off near the hospital.,garbage,english,NYC311_seed_controlled_augmentation
We are experiencing heavy flow close to the town centre.,water_supply,english,NYC311_seed_controlled_augmentation
"Residents are concerned about air: dust, other along the roadside. Please investigate this issue.",environment,english,NYC311_seed_controlled_augmentation
Please investigate the water issue: low water pressure - wlwp near the hospital. This issue needs attention.,water_supply,english,NYC311_seed_controlled_augmentation
Please investigate the water issue: unknown odor/taste in drinking water close to the town centre. This issue needs attention.,water_supply,english,NYC311_seed_controlled_augmentation
I would like to report: Please inspect this environmental issue: air: other air problem on the main road. We would appreciate assistance with this issue.,environment,english,NYC311_seed_controlled_augmentation
There is dirty area/alleyway on the main road. Residents are requesting assistance.,garbage,english,NYC311_seed_controlled_augmentation
"I am reporting: People nearby have complained about air: dust, other near the public market. We would appreciate assistance with this issue.",environment,english,NYC311_seed_controlled_augmentation
Residents have complained about missed recycling paper outside our building. The problem has been continuing for some time.,garbage,english,NYC311_seed_controlled_augmentation
"The area is affected by air: smoke, vehicular close to the bus stop. Please resolve this problem as soon as possible.",environment,english,NYC311_seed_controlled_augmentation
"Please investigate the water issue: taste/odor, chlorine on the main road. This issue needs attention.",water_supply,english,NYC311_seed_controlled_augmentation
We are experiencing: Please inspect the drain because of sewage odor in the residential area. The problem has been continuing for some time.,drainage,english,NYC311_seed_controlled_augmentation
We have noticed: Residents have reported electrical wiring defective/exposed near the hospital. This issue needs attention.,electricity,english,NYC311_seed_controlled_augmentation
Dirty Water has affected the local water supply near the public market.,water_supply,english,NYC311_seed_controlled_augmentation
Waste has become a problem due to 15 street cond/dump-out/drop-off close to the bus stop.,garbage,english,NYC311_seed_controlled_augmentation
Please check the water system because of slow leak near our house.,water_supply,english,NYC311_seed_controlled_augmentation
People nearby have complained about air: other air problem on the main road. Residents are requesting assistance.,environment,english,NYC311_seed_controlled_augmentation
"We are experiencing cloudy or milky, other near the junction. We would appreciate assistance with this issue.",water_supply,english,NYC311_seed_controlled_augmentation
There appears to be lamppost wire exposed near the hospital. This issue needs attention.,electricity,english,NYC311_seed_controlled_augmentation
There appears to be lamppost wire exposed outside our building.,electricity,english,NYC311_seed_controlled_augmentation
There appears to be leak on the main road. Please resolve this problem as soon as possible.,water_supply,english,NYC311_seed_controlled_augmentation
Street Flooding is affecting the area close to the bus stop. Please resolve this problem as soon as possible.,drainage,english,NYC311_seed_controlled_augmentation
Please inspect the electrical issue: street light lamp dim close to the bus stop. Please resolve this problem as soon as possible.,electricity,english,NYC311_seed_controlled_augmentation
Please arrange cleaning because of receptacle violation in the residential area.,garbage,english,NYC311_seed_controlled_augmentation
There appears to be: Please inspect the drain because of rain garden flooding near the school. The problem has been continuing for some time.,drainage,english,NYC311_seed_controlled_augmentation
Residents are concerned about cave-in outside our building. The problem has been continuing for some time.,roads,english,NYC311_seed_controlled_augmentation
We need assistance with culvert blocked/needs cleaning near the junction. Residents are requesting assistance.,drainage,english,NYC311_seed_controlled_augmentation
"Please investigate the water issue: taste/odor, bitter/metallic in the residential area.",water_supply,english,NYC311_seed_controlled_augmentation
I would like to report: Please inspect the drain because of ponding in the residential area.,drainage,english,NYC311_seed_controlled_augmentation
Please investigate the water issue: unknown odor/taste in drinking water outside our building. Residents are requesting assistance.,water_supply,english,NYC311_seed_controlled_augmentation
Missed Recycling Paper is creating an unsanitary condition near our house. This is causing inconvenience to the public.,garbage,english,NYC311_seed_controlled_augmentation
Residents have reported: The road has cave-in close to the town centre. Please take the necessary action.,roads,english,NYC311_seed_controlled_augmentation
Residents have complained about missed collection close to the town centre. This issue needs attention.,garbage,english,NYC311_seed_controlled_augmentation
There has been: The drainage problem appears to involve catch basin clogged/flooding along the roadside. Please send the responsible team to inspect the area.,drainage,english,NYC311_seed_controlled_augmentation
There appears to be slow leak in our neighbourhood. Please resolve this problem as soon as possible.,water_supply,english,NYC311_seed_controlled_augmentation
There appears to be: Waste has become a problem due to receptacle violation close to the town centre. Please arrange an inspection.,garbage,english,NYC311_seed_controlled_augmentation
"The area is affected by air: smoke, chimney or vent close to the bus stop. Please resolve this problem as soon as possible.",environment,english,NYC311_seed_controlled_augmentation
Please inspect the drain because of sewer or drain near the junction. This issue needs attention.,drainage,english,NYC311_seed_controlled_augmentation
Please arrange cleaning because of dirty sidewalk in our neighbourhood.,garbage,english,NYC311_seed_controlled_augmentation
Waste has become a problem due to missed recycling - m/g/pl close to the bus stop. Residents are requesting assistance.,garbage,english,NYC311_seed_controlled_augmentation
Wastewater is causing problems due to sewer backup near the public market. The problem has been continuing for some time.,drainage,english,NYC311_seed_controlled_augmentation
There is: Residents have reported no lighting along the roadside. Residents are requesting assistance.,electricity,english,NYC311_seed_controlled_augmentation
Please arrange cleaning because of loose rubbish close to the town centre. Please send the responsible team to inspect the area.,garbage,english,NYC311_seed_controlled_augmentation
Drivers are having difficulty because of cave-in on the main road. We would appreciate assistance with this issue.,roads,english,NYC311_seed_controlled_augmentation
There is missed recycling - m/g/pl near the hospital.,garbage,english,NYC311_seed_controlled_augmentation
"There is an environmental problem involving unsafe chemical, abandoned near our house. Please investigate this issue.",environment,english,NYC311_seed_controlled_augmentation
The road has cave-in close to the town centre. Please take the necessary action.,roads,english,NYC311_seed_controlled_augmentation
Please investigate chemical vapors/gases/odors in the residential area. We would appreciate assistance with this issue.,environment,english,NYC311_seed_controlled_augmentation
There is 15 street cond/dump-out/drop-off near the hospital.,garbage,english,NYC311_seed_controlled_augmentation
We are experiencing leak near the public market. Please send the responsible team to inspect the area.,water_supply,english,NYC311_seed_controlled_augmentation
Our area has: The drainage system has ponding in our neighbourhood. We would appreciate assistance with this issue.,drainage,english,NYC311_seed_controlled_augmentation
Bulk-Missed Collection is creating an unsanitary condition on the main road. Please resolve this problem as soon as possible.,garbage,english,NYC311_seed_controlled_augmentation
Please check: Wastewater is causing problems due to street flooding along the roadside.,drainage,english,NYC311_seed_controlled_augmentation
Residents are concerned about large number of mosquitoes near the public market.,environment,english,NYC311_seed_controlled_augmentation
Chemical Vapors/Gases/Odors is affecting the surrounding environment outside our building. Residents are requesting assistance.,environment,english,NYC311_seed_controlled_augmentation
Residents are concerned about failed street repair near our house. Please arrange an inspection.,roads,english,NYC311_seed_controlled_augmentation
We are experiencing heavy flow in our neighbourhood.,water_supply,english,NYC311_seed_controlled_augmentation
"Our area is facing cloudy or milky, other along the roadside. We would appreciate assistance with this issue.",water_supply,english,NYC311_seed_controlled_augmentation
The drainage problem appears to involve sewage odor in our neighbourhood. Please resolve this problem as soon as possible.,drainage,english,NYC311_seed_controlled_augmentation
Failed Street Repair is causing problems for vehicles near our house.,roads,english,NYC311_seed_controlled_augmentation
Waste has become a problem due to missed collection near the hospital.,garbage,english,NYC311_seed_controlled_augmentation
There has been: The drainage problem appears to involve manhole overflow on the main road.,drainage,english,NYC311_seed_controlled_augmentation
"Please investigate air: odor/fumes, vehicle idling along the roadside. Please investigate this issue.",environment,english,NYC311_seed_controlled_augmentation
Waste has become a problem due to loose rubbish near the public market.,garbage,english,NYC311_seed_controlled_augmentation
Please repair broken curb near the public market. This is causing inconvenience to the public.,roads,english,NYC311_seed_controlled_augmentation
There is: Drivers are having difficulty because of curb defect-metal protruding near the hospital. We would appreciate assistance with this issue.,roads,english,NYC311_seed_controlled_augmentation
Defective Hardware close to the town centre.,roads,english,NYC311_seed_controlled_augmentation
There is defective hardware near the public market. Please investigate this issue.,roads,english,NYC311_seed_controlled_augmentation
There appears to be: Residents are concerned about wear & tear on the main road. This is causing inconvenience to the public.,roads,english,NYC311_seed_controlled_augmentation
"Please investigate air: dust, other near the hospital. This issue needs attention.",environment,english,NYC311_seed_controlled_augmentation
The drainage system has sewage odor near the school.,drainage,english,NYC311_seed_controlled_augmentation
There appears to be: There is manhole overflow in the residential area. Please investigate this issue.,drainage,english,NYC311_seed_controlled_augmentation
There appears to be: We are experiencing damp spot near the school.,water_supply,english,NYC311_seed_controlled_augmentation
There is a water supply problem involving slow leak near the hospital.,water_supply,english,NYC311_seed_controlled_augmentation
"Air: Odor/Fumes, Vehicle Idling is affecting the surrounding environment on the main road. This issue needs attention.",environment,english,NYC311_seed_controlled_augmentation
Residents are reporting sewer or drain close to the bus stop. We would appreciate assistance with this issue.,drainage,english,NYC311_seed_controlled_augmentation
"Air: Smoke, Vehicular is affecting the surrounding environment near the junction.",environment,english,NYC311_seed_controlled_augmentation
We are experiencing unknown odor/taste in drinking water outside our building. Please take the necessary action.,water_supply,english,NYC311_seed_controlled_augmentation
There appears to be slow leak close to the town centre. Please investigate this issue.,water_supply,english,NYC311_seed_controlled_augmentation
"There is: Residents are concerned about oil spill on street, small outside our building. This is causing inconvenience to the public.",environment,english,NYC311_seed_controlled_augmentation
Please check: Garbage-related problems include missed recycling - m/g/pl along the roadside. Please resolve this problem as soon as possible.,garbage,english,NYC311_seed_controlled_augmentation
I would like to report: Residents have complained about missed recycling paper near the school. This issue needs attention.,garbage,english,NYC311_seed_controlled_augmentation
There appears to be lighting along the roadside.,electricity,english,NYC311_seed_controlled_augmentation
Please send a technician because of lamppost knocked down on the main road.,electricity,english,NYC311_seed_controlled_augmentation
Please check: We are experiencing an electrical problem involving multiple street lights out outside our building.,electricity,english,NYC311_seed_controlled_augmentation
Residents have complained about missed recycling paper near the public market. This is causing inconvenience to the public.,garbage,english,NYC311_seed_controlled_augmentation
Our area is facing hydrant leaking in the residential area. The problem has been continuing for some time.,water_supply,english,NYC311_seed_controlled_augmentation
I would like to report: Residents have complained about bulk-missed collection on the main road. The problem has been continuing for some time.,garbage,english,NYC311_seed_controlled_augmentation
SLOW LEAK has affected the local water supply close to the bus stop.,water_supply,english,NYC311_seed_controlled_augmentation
Our area has: There is electrical wiring defective/exposed close to the bus stop. The problem has been continuing for some time.,electricity,english,NYC311_seed_controlled_augmentation
The road surface is affected by curb defect-metal protruding near our house.,roads,english,NYC311_seed_controlled_augmentation
Residents have reported outlet/switch along the roadside. This is causing inconvenience to the public.,electricity,english,NYC311_seed_controlled_augmentation
Please check the water system because of slow leak near the public market. This is causing inconvenience to the public.,water_supply,english,NYC311_seed_controlled_augmentation
Residents are concerned about defective hardware near the public market. We would appreciate assistance with this issue.,roads,english,NYC311_seed_controlled_augmentation
Wastewater is causing problems due to manhole overflow near the school. Please take the necessary action.,drainage,english,NYC311_seed_controlled_augmentation
There is electrical wiring defective/exposed near the junction.,electricity,english,NYC311_seed_controlled_augmentation
"Air: Dust, Construction/Demolition is affecting the surrounding environment outside our building. This issue needs attention.",environment,english,NYC311_seed_controlled_augmentation
Street Light Lamp Dim is affecting the area close to the bus stop.,electricity,english,NYC311_seed_controlled_augmentation
Please inspect the drain because of sewage leak near the school. We would appreciate assistance with this issue.,drainage,english,NYC311_seed_controlled_augmentation
There has been: Residents are concerned about large number of mosquitoes outside our building.,environment,english,NYC311_seed_controlled_augmentation
There appears to be unknown odor/taste in drinking water along the roadside. Residents are requesting assistance.,water_supply,english,NYC311_seed_controlled_augmentation
We need assistance with culvert blocked/needs cleaning on the main road. Please take the necessary action.,drainage,english,NYC311_seed_controlled_augmentation
Failed Street Repair in our neighbourhood. This issue needs attention.,roads,english,NYC311_seed_controlled_augmentation
Wastewater is causing problems due to catch basin clogged/flooding close to the bus stop.,drainage,english,NYC311_seed_controlled_augmentation
I am reporting: There is receptacle violation near the junction. Please arrange an inspection.,garbage,english,NYC311_seed_controlled_augmentation
Please check the water system because of damp spot outside our building. Please resolve this problem as soon as possible.,water_supply,english,NYC311_seed_controlled_augmentation
Residents are reporting sewage leak outside our building. Please send the responsible team to inspect the area.,drainage,english,NYC311_seed_controlled_augmentation
"Please inspect this environmental issue: air: dust, other in our neighbourhood. We would appreciate assistance with this issue.",environment,english,NYC311_seed_controlled_augmentation
There is a water supply problem involving heavy flow on the main road.,water_supply,english,NYC311_seed_controlled_augmentation
Our area is facing dirty water near the school. We would appreciate assistance with this issue.,water_supply,english,NYC311_seed_controlled_augmentation
"Air: Dust, Construction/Demolition is affecting the surrounding environment along the roadside. Please investigate this issue.",environment,english,NYC311_seed_controlled_augmentation
Please check the water system because of heavy flow in our neighbourhood.,water_supply,english,NYC311_seed_controlled_augmentation
We have noticed asbestos complaint near our house. Residents are requesting assistance.,environment,english,NYC311_seed_controlled_augmentation
Residents are concerned about chemical spill/release close to the bus stop. Please take the necessary action.,environment,english,NYC311_seed_controlled_augmentation
Please address loose rubbish close to the bus stop. Please investigate this issue.,garbage,english,NYC311_seed_controlled_augmentation
"The area is affected by air: dust, construction/demolition outside our building. Residents are requesting assistance.",environment,english,NYC311_seed_controlled_augmentation
The drainage system has catch basin clogged/flooding near our house. Please investigate this issue.,drainage,english,NYC311_seed_controlled_augmentation
WIRING is affecting the area outside our building. The problem has been continuing for some time.,electricity,english,NYC311_seed_controlled_augmentation
There is multiple street lights out on the main road.,electricity,english,NYC311_seed_controlled_augmentation
Please arrange cleaning because of missed collection close to the town centre. The problem has been continuing for some time.,garbage,english,NYC311_seed_controlled_augmentation
Chemical Vapors/Gases/Odors is affecting the surrounding environment near our house. Please take the necessary action.,environment,english,NYC311_seed_controlled_augmentation
"I am reporting: Our area is facing taste/odor, chlorine in the residential area. Please resolve this problem as soon as possible.",water_supply,english,NYC311_seed_controlled_augmentation
Please address improper disposal in our neighbourhood. Please resolve this problem as soon as possible.,garbage,english,NYC311_seed_controlled_augmentation
Residents are reporting street flooding near the hospital. Please arrange an inspection.,drainage,english,NYC311_seed_controlled_augmentation
Please investigate chemical spill/release in our neighbourhood. This issue needs attention.,environment,english,NYC311_seed_controlled_augmentation
"Residents are concerned about oil spill on street, small on the main road.",environment,english,NYC311_seed_controlled_augmentation
There appears to be: Residents have complained about missed collection on the main road. Please arrange an inspection.,garbage,english,NYC311_seed_controlled_augmentation
There is failed street repair close to the town centre. Residents are requesting assistance.,roads,english,NYC311_seed_controlled_augmentation
The electricity service has a problem with outlet/switch along the roadside. The problem has been continuing for some time.,electricity,english,NYC311_seed_controlled_augmentation
Ponding is affecting the area in the residential area.,drainage,english,NYC311_seed_controlled_augmentation
There is a water supply problem involving dirty water on the main road. The problem has been continuing for some time.,water_supply,english,NYC311_seed_controlled_augmentation
Residents have complained about bulk-missed collection along the roadside.,garbage,english,NYC311_seed_controlled_augmentation
Garbage-related problems include loose rubbish on the main road. Residents are requesting assistance.,garbage,english,NYC311_seed_controlled_augmentation
Our area is facing unknown odor/taste in drinking water near our house.,water_supply,english,NYC311_seed_controlled_augmentation
We are experiencing an electrical problem involving lighting close to the town centre. This issue needs attention.,electricity,english,NYC311_seed_controlled_augmentation
Garbage-related problems include dirty area/alleyway near the public market. Please take the necessary action.,garbage,english,NYC311_seed_controlled_augmentation
Pothole - Highway is causing problems for vehicles near the junction. The problem has been continuing for some time.,roads,english,NYC311_seed_controlled_augmentation
"I am reporting: Air: Smoke, Vehicular is affecting the surrounding environment near the hospital. This issue needs attention.",environment,english,NYC311_seed_controlled_augmentation
There is an environmental problem involving chemical vapors/gases/odors close to the town centre. Please investigate this issue.,environment,english,NYC311_seed_controlled_augmentation
Missed Recycling - M/G/Pl is creating an unsanitary condition on the main road.,garbage,english,NYC311_seed_controlled_augmentation
"Please check: There is an environmental problem involving air: dust, construction/demolition in the residential area. Please send the responsible team to inspect the area.",environment,english,NYC311_seed_controlled_augmentation
There is street flooding in the residential area. This issue needs attention.,drainage,english,NYC311_seed_controlled_augmentation
Please investigate the water issue: low water pressure - wlwp near the public market. This is causing inconvenience to the public.,water_supply,english,NYC311_seed_controlled_augmentation
Waste has become a problem due to missed recycling - m/g/pl close to the bus stop. Please resolve this problem as soon as possible.,garbage,english,NYC311_seed_controlled_augmentation
Please check: There is electrical wiring defective/exposed close to the town centre. This is causing inconvenience to the public.,electricity,english,NYC311_seed_controlled_augmentation
Please address missed collection outside our building. Please investigate this issue.,garbage,english,NYC311_seed_controlled_augmentation
HEAVY FLOW has affected the local water supply close to the town centre.,water_supply,english,NYC311_seed_controlled_augmentation
Ponding is affecting the area near the public market. Please investigate this issue.,drainage,english,NYC311_seed_controlled_augmentation
There is catch basin clogged/flooding in the residential area. Please investigate this issue.,drainage,english,NYC311_seed_controlled_augmentation
We are experiencing: Please investigate the water issue: damp spot near the junction.,water_supply,english,NYC311_seed_controlled_augmentation
Bulk-Missed Recy Collection is creating an unsanitary condition in the residential area. Please send the responsible team to inspect the area.,garbage,english,NYC311_seed_controlled_augmentation
Bulk-Missed Collection is creating an unsanitary condition close to the town centre.,garbage,english,NYC311_seed_controlled_augmentation
Ponding is affecting the area along the roadside. This issue needs attention.,drainage,english,NYC311_seed_controlled_augmentation
Lamppost Wire Exposed is affecting the area in the residential area.,electricity,english,NYC311_seed_controlled_augmentation
Residents have reported street light lamp dim near the school. This issue needs attention.,electricity,english,NYC311_seed_controlled_augmentation
The area is affected by large number of mosquitoes near the hospital.,environment,english,NYC311_seed_controlled_augmentation
Our area has: There appears to be leak in the residential area. This issue needs attention.,water_supply,english,NYC311_seed_controlled_augmentation
Residents have reported: Please inspect the electrical issue: no lighting in our neighbourhood. This is causing inconvenience to the public.,electricity,english,NYC311_seed_controlled_augmentation
The electricity service has a problem with multiple street lights out along the roadside.,electricity,english,NYC311_seed_controlled_augmentation
Please inspect the electrical issue: wiring near the school.,electricity,english,NYC311_seed_controlled_augmentation
Garbage-related problems include 15 street cond/dump-out/drop-off near our house.,garbage,english,NYC311_seed_controlled_augmentation
There appears to be: Our area is facing low water pressure - wlwp near the public market. This issue needs attention.,water_supply,english,NYC311_seed_controlled_augmentation
I am reporting: There appears to be hydrant leaking near the hospital. Please investigate this issue.,water_supply,english,NYC311_seed_controlled_augmentation
Please inspect the drain because of rain garden flooding near our house.,drainage,english,NYC311_seed_controlled_augmentation
Residents have complained about dirty sidewalk in the residential area. This is causing inconvenience to the public.,garbage,english,NYC311_seed_controlled_augmentation
People nearby have complained about air: other air problem along the roadside. Please take the necessary action.,environment,english,NYC311_seed_controlled_augmentation
Please check: Sewer Backup is affecting the area close to the bus stop. We would appreciate assistance with this issue.,drainage,english,NYC311_seed_controlled_augmentation
Please address missed recycling-all materials on the main road.,garbage,english,NYC311_seed_controlled_augmentation
There has been: HEAVY FLOW has affected the local water supply on the main road. Please investigate this issue.,water_supply,english,NYC311_seed_controlled_augmentation
Please send a technician because of power outage near the hospital. Residents are requesting assistance.,electricity,english,NYC311_seed_controlled_augmentation
There appears to be: Please inspect the electrical issue: electrical wiring defective/exposed near the school. Please take the necessary action.,electricity,english,NYC311_seed_controlled_augmentation
Residents have complained about receptacle violation in the residential area. We would appreciate assistance with this issue.,garbage,english,NYC311_seed_controlled_augmentation
Our area has: There is a water supply problem involving low water pressure - wlwp outside our building. Residents are requesting assistance.,water_supply,english,NYC311_seed_controlled_augmentation
We have noticed: Please inspect this environmental issue: asbestos complaint close to the town centre. We would appreciate assistance with this issue.,environment,english,NYC311_seed_controlled_augmentation
We have noticed: Sewage Odor is affecting the area near the junction.,drainage,english,NYC311_seed_controlled_augmentation
We need assistance with sewage leak close to the town centre. The problem has been continuing for some time.,drainage,english,NYC311_seed_controlled_augmentation
We are experiencing: OUTLET/SWITCH is affecting the area outside our building.,electricity,english,NYC311_seed_controlled_augmentation
We are experiencing an electrical problem involving outlet/switch in our neighbourhood.,electricity,english,NYC311_seed_controlled_augmentation
We are experiencing an electrical problem involving street light out in our neighbourhood. We would appreciate assistance with this issue.,electricity,english,NYC311_seed_controlled_augmentation
Dirty Water has affected the local water supply in the residential area.,water_supply,english,NYC311_seed_controlled_augmentation
Please inspect the drain because of sewer or drain near the public market.,drainage,english,NYC311_seed_controlled_augmentation
Residents are concerned about chemical spill/release near the junction. This issue needs attention.,environment,english,NYC311_seed_controlled_augmentation
There is street flooding outside our building. Please resolve this problem as soon as possible.,drainage,english,NYC311_seed_controlled_augmentation
"The area is affected by air: odor/fumes, restaurant along the roadside. We would appreciate assistance with this issue.",environment,english,NYC311_seed_controlled_augmentation
"The area is affected by air: smoke, vehicular on the main road. Please send the responsible team to inspect the area.",environment,english,NYC311_seed_controlled_augmentation
Please inspect the electrical issue: outlet/switch on the main road. Please arrange an inspection.,electricity,english,NYC311_seed_controlled_augmentation
There is missed collection outside our building. We would appreciate assistance with this issue.,garbage,english,NYC311_seed_controlled_augmentation
Residents have complained about dirty area/alleyway near the school. The problem has been continuing for some time.,garbage,english,NYC311_seed_controlled_augmentation
Bulk-Missed Recy Collection is creating an unsanitary condition close to the bus stop. Please take the necessary action.,garbage,english,NYC311_seed_controlled_augmentation
Please address dirty sidewalk near the junction.,garbage,english,NYC311_seed_controlled_augmentation
Residents are concerned about pothole - highway in our neighbourhood.,roads,english,NYC311_seed_controlled_augmentation
"There is an environmental problem involving oil spill on street, large in the residential area.",environment,english,NYC311_seed_controlled_augmentation
Residents have reported wiring near the junction.,electricity,english,NYC311_seed_controlled_augmentation
Pothole is causing problems for vehicles on the main road. Please investigate this issue.,roads,english,NYC311_seed_controlled_augmentation
Our area is facing low water pressure - wlwp in the residential area. This issue needs attention.,water_supply,english,NYC311_seed_controlled_augmentation
Please repair broken curb near the public market.,roads,english,NYC311_seed_controlled_augmentation
There is street light out near the school. This issue needs attention.,electricity,english,NYC311_seed_controlled_augmentation
Our area has: Residents are concerned about broken curb outside our building. Please arrange an inspection.,roads,english,NYC311_seed_controlled_augmentation
There is rain garden flooding close to the bus stop.,drainage,english,NYC311_seed_controlled_augmentation
"We have noticed air: smoke, vehicular near the junction. Please send the responsible team to inspect the area.",environment,english,NYC311_seed_controlled_augmentation
We are experiencing an electrical problem involving power outage close to the bus stop.,electricity,english,NYC311_seed_controlled_augmentation
Residents have complained about bulk-missed recy collection along the roadside. The problem has been continuing for some time.,garbage,english,NYC311_seed_controlled_augmentation
"Cloudy Or Milky, Other has affected the local water supply near the junction.",water_supply,english,NYC311_seed_controlled_augmentation
I am reporting: Dirty Area/Alleyway is creating an unsanitary condition close to the bus stop. This issue needs attention.,garbage,english,NYC311_seed_controlled_augmentation
There has been: The drainage system has sewage odor near the hospital.,drainage,english,NYC311_seed_controlled_augmentation
RAIN GARDEN FLOODING is affecting the area near the public market. Please take the necessary action.,drainage,english,NYC311_seed_controlled_augmentation
Dirty Sidewalk is creating an unsanitary condition near the school. The problem has been continuing for some time.,garbage,english,NYC311_seed_controlled_augmentation
Wastewater is causing problems due to culvert blocked/needs cleaning in the residential area.,drainage,english,NYC311_seed_controlled_augmentation
Waste has become a problem due to improper disposal outside our building. Please send the responsible team to inspect the area.,garbage,english,NYC311_seed_controlled_augmentation
There has been: There is a water supply problem involving heavy flow near the school. We would appreciate assistance with this issue.,water_supply,english,NYC311_seed_controlled_augmentation
The area needs cleaning because of receptacle violation near our house. Please investigate this issue.,garbage,english,NYC311_seed_controlled_augmentation
LIGHTING is affecting the area near the junction.,electricity,english,NYC311_seed_controlled_augmentation
Garbage-related problems include receptacle violation in our neighbourhood.,garbage,english,NYC311_seed_controlled_augmentation
The area needs cleaning because of improper disposal near our house.,garbage,english,NYC311_seed_controlled_augmentation
Please address missed recycling - m/g/pl in the residential area.,garbage,english,NYC311_seed_controlled_augmentation
"Please repair rough, pitted or cracked roads near the public market.",roads,english,NYC311_seed_controlled_augmentation
Please repair failed street repair on the main road. This issue needs attention.,roads,english,NYC311_seed_controlled_augmentation
There is failed street repair outside our building.,roads,english,NYC311_seed_controlled_augmentation
"Please investigate air: dust, other on the main road. We would appreciate assistance with this issue.",environment,english,NYC311_seed_controlled_augmentation
The area needs cleaning because of missed collection near the public market. This issue needs attention.,garbage,english,NYC311_seed_controlled_augmentation
"There is an environmental problem involving air: dust, other close to the bus stop.",environment,english,NYC311_seed_controlled_augmentation
Curb Defect-Metal Protruding is causing problems for vehicles near the school. The problem has been continuing for some time.,roads,english,NYC311_seed_controlled_augmentation
There is street light out on the main road.,electricity,english,NYC311_seed_controlled_augmentation
Lamppost Wire Exposed is affecting the area near the school. This is causing inconvenience to the public.,electricity,english,NYC311_seed_controlled_augmentation
Residents have reported: The area is affected by air: other air problem near the hospital. Please resolve this problem as soon as possible.,environment,english,NYC311_seed_controlled_augmentation
We are experiencing an electrical problem involving outlet/switch near the school. Please arrange an inspection.,electricity,english,NYC311_seed_controlled_augmentation
There is an environmental problem involving large number of mosquitoes on the main road.,environment,english,NYC311_seed_controlled_augmentation
The road has defective hardware in our neighbourhood. We would appreciate assistance with this issue.,roads,english,NYC311_seed_controlled_augmentation
The road surface is affected by curb defect-metal protruding in the residential area. Please take the necessary action.,roads,english,NYC311_seed_controlled_augmentation
The area needs cleaning because of missed recycling - m/g/pl in our neighbourhood. Please arrange an inspection.,garbage,english,NYC311_seed_controlled_augmentation
There is sewer backup near the hospital.,drainage,english,NYC311_seed_controlled_augmentation
The road surface is affected by broken curb in our neighbourhood. Please arrange an inspection.,roads,english,NYC311_seed_controlled_augmentation
Drivers are having difficulty because of broken curb near our house. This issue needs attention.,roads,english,NYC311_seed_controlled_augmentation
We are experiencing an electrical problem involving power outage near the public market.,electricity,english,NYC311_seed_controlled_augmentation
"The area is affected by oil spill on street, large near our house.",environment,english,NYC311_seed_controlled_augmentation
There has been: We are experiencing an electrical problem involving lamppost knocked down outside our building. Please investigate this issue.,electricity,english,NYC311_seed_controlled_augmentation
Drivers are having difficulty because of curb defect-metal protruding outside our building.,roads,english,NYC311_seed_controlled_augmentation
There is sewage odor near the junction.,drainage,english,NYC311_seed_controlled_augmentation
"Please check: Please repair rough, pitted or cracked roads near the school. Please take the necessary action.",roads,english,NYC311_seed_controlled_augmentation
There is a water supply problem involving dirty water near our house.,water_supply,english,NYC311_seed_controlled_augmentation
We have noticed: SLOW LEAK has affected the local water supply close to the town centre. Please resolve this problem as soon as possible.,water_supply,english,NYC311_seed_controlled_augmentation
The road surface is affected by failed street repair close to the town centre.,roads,english,NYC311_seed_controlled_augmentation
There is pothole near the hospital. Residents are requesting assistance.,roads,english,NYC311_seed_controlled_augmentation
Residents have reported: Residents are concerned about defective hardware in our neighbourhood. Please resolve this problem as soon as possible.,roads,english,NYC311_seed_controlled_augmentation
Wastewater is causing problems due to catch basin clogged/flooding close to the bus stop. Please take the necessary action.,drainage,english,NYC311_seed_controlled_augmentation
"Residents are concerned about air: smoke, chimney or vent near the public market. We would appreciate assistance with this issue.",environment,english,NYC311_seed_controlled_augmentation
Residents have reported outlet/switch close to the bus stop.,electricity,english,NYC311_seed_controlled_augmentation
Please address missed recycling paper near the school. Please investigate this issue.,garbage,english,NYC311_seed_controlled_augmentation
"There is a water supply problem involving cloudy or milky, other near the public market.",water_supply,english,NYC311_seed_controlled_augmentation
"There is an environmental problem involving oil spill on street, large outside our building.",environment,english,NYC311_seed_controlled_augmentation
Please repair defective hardware on the main road. We would appreciate assistance with this issue.,roads,english,NYC311_seed_controlled_augmentation
Our area has: Please inspect this environmental issue: chemical vapors/gases/odors in our neighbourhood.,environment,english,NYC311_seed_controlled_augmentation
Drivers are having difficulty because of cave-in in the residential area.,roads,english,NYC311_seed_controlled_augmentation
We are experiencing heavy flow outside our building. Please take the necessary action.,water_supply,english,NYC311_seed_controlled_augmentation
The electricity service has a problem with multiple street lights out on the main road.,electricity,english,NYC311_seed_controlled_augmentation
Residents are reporting sewage leak on the main road.,drainage,english,NYC311_seed_controlled_augmentation
There is missed collection close to the bus stop. The problem has been continuing for some time.,garbage,english,NYC311_seed_controlled_augmentation
No Water has affected the local water supply close to the bus stop. Please take the necessary action.,water_supply,english,NYC311_seed_controlled_augmentation
There is ponding close to the town centre.,drainage,english,NYC311_seed_controlled_augmentation
Please address loose rubbish in the residential area. Please arrange an inspection.,garbage,english,NYC311_seed_controlled_augmentation
The area needs cleaning because of missed collection in our neighbourhood. The problem has been continuing for some time.,garbage,english,NYC311_seed_controlled_augmentation
Please investigate the water issue: unknown odor/taste in drinking water in our neighbourhood. We would appreciate assistance with this issue.,water_supply,english,NYC311_seed_controlled_augmentation
Curb Defect-Metal Protruding near our house. Please investigate this issue.,roads,english,NYC311_seed_controlled_augmentation
I am reporting: Please investigate the water issue: possible water main break near the public market. Please arrange an inspection.,water_supply,english,NYC311_seed_controlled_augmentation
"Please investigate the water issue: taste/odor, chlorine close to the bus stop.",water_supply,english,NYC311_seed_controlled_augmentation
Improper Disposal is creating an unsanitary condition near the public market. Please resolve this problem as soon as possible.,garbage,english,NYC311_seed_controlled_augmentation
Missed Recycling - M/G/Pl is creating an unsanitary condition outside our building.,garbage,english,NYC311_seed_controlled_augmentation
There is wiring near the junction.,electricity,english,NYC311_seed_controlled_augmentation
Residents are reporting catch basin clogged/flooding in our neighbourhood. We would appreciate assistance with this issue.,drainage,english,NYC311_seed_controlled_augmentation
"Air: Smoke, Vehicular is affecting the surrounding environment outside our building.",environment,english,NYC311_seed_controlled_augmentation
The drainage problem appears to involve sewage odor on the main road. This issue needs attention.,drainage,english,NYC311_seed_controlled_augmentation
Please inspect the drain because of rain garden flooding near the public market.,drainage,english,NYC311_seed_controlled_augmentation
Residents are concerned about failed street repair close to the town centre. This issue needs attention.,roads,english,NYC311_seed_controlled_augmentation
LOW WATER PRESSURE - WLWP has affected the local water supply near the hospital.,water_supply,english,NYC311_seed_controlled_augmentation
There is: We need assistance with sewer or drain near our house.,drainage,english,NYC311_seed_controlled_augmentation
Residents are reporting ponding on the main road.,drainage,english,NYC311_seed_controlled_augmentation
Residents have complained about bulk-missed collection near our house. Please resolve this problem as soon as possible.,garbage,english,NYC311_seed_controlled_augmentation
Street Light Lamp Dim is affecting the area near the junction. This is causing inconvenience to the public.,electricity,english,NYC311_seed_controlled_augmentation
Missed Recycling Paper is creating an unsanitary condition near the public market. The problem has been continuing for some time.,garbage,english,NYC311_seed_controlled_augmentation
We are experiencing: There appears to be hydrant leaking close to the town centre. Please resolve this problem as soon as possible.,water_supply,english,NYC311_seed_controlled_augmentation
Please inspect the drain because of sewer backup outside our building.,drainage,english,NYC311_seed_controlled_augmentation
There appears to be: Please inspect the electrical issue: power outage on the main road. Please arrange an inspection.,electricity,english,NYC311_seed_controlled_augmentation
The drainage system has sewage odor near the hospital. This issue needs attention.,drainage,english,NYC311_seed_controlled_augmentation
I would like to report: Waste has become a problem due to dirty area/alleyway outside our building. The problem has been continuing for some time.,garbage,english,NYC311_seed_controlled_augmentation
Residents have complained about missed collection close to the bus stop.,garbage,english,NYC311_seed_controlled_augmentation
Residents have reported dirty water close to the bus stop. This issue needs attention.,water_supply,english,NYC311_seed_controlled_augmentation
Residents have reported lamppost knocked down near the public market. This issue needs attention.,electricity,english,NYC311_seed_controlled_augmentation
Waste has become a problem due to improper disposal outside our building. Residents are requesting assistance.,garbage,english,NYC311_seed_controlled_augmentation
We are experiencing an electrical problem involving street light lamp dim near the junction. This is causing inconvenience to the public.,electricity,english,NYC311_seed_controlled_augmentation
There appears to be: We are experiencing an electrical problem involving no lighting near our house. Please arrange an inspection.,electricity,english,NYC311_seed_controlled_augmentation
Wastewater is causing problems due to culvert blocked/needs cleaning near the school.,drainage,english,NYC311_seed_controlled_augmentation
We are experiencing an electrical problem involving lighting in our neighbourhood.,electricity,english,NYC311_seed_controlled_augmentation
"There is an environmental problem involving air: smoke, vehicular near the public market. Please resolve this problem as soon as possible.",environment,english,NYC311_seed_controlled_augmentation
We have noticed: Garbage-related problems include loose rubbish in the residential area. This issue needs attention.,garbage,english,NYC311_seed_controlled_augmentation
"Please check: Rough, Pitted or Cracked Roads is causing problems for vehicles near the hospital.",roads,english,NYC311_seed_controlled_augmentation
"People nearby have complained about air: dust, other near our house.",environment,english,NYC311_seed_controlled_augmentation
Garbage-related problems include improper disposal in the residential area.,garbage,english,NYC311_seed_controlled_augmentation
Please inspect the drain because of sewer or drain in our neighbourhood.,drainage,english,NYC311_seed_controlled_augmentation
The road surface is affected by cave-in outside our building.,roads,english,NYC311_seed_controlled_augmentation
Street Light Out is affecting the area close to the bus stop. The problem has been continuing for some time.,electricity,english,NYC311_seed_controlled_augmentation
"Residents are concerned about oil spill on street, large on the main road.",environment,english,NYC311_seed_controlled_augmentation
Please check the water system because of dirty water in our neighbourhood. Please resolve this problem as soon as possible.,water_supply,english,NYC311_seed_controlled_augmentation
There has been: LOW WATER PRESSURE - WLWP has affected the local water supply near our house. The problem has been continuing for some time.,water_supply,english,NYC311_seed_controlled_augmentation
Sewage Leak is affecting the area near the school. The problem has been continuing for some time.,drainage,english,NYC311_seed_controlled_augmentation
I am reporting: Loose Rubbish is creating an unsanitary condition near the junction. Please investigate this issue.,garbage,english,NYC311_seed_controlled_augmentation
We have noticed: There is a water supply problem involving hydrant leaking on the main road.,water_supply,english,NYC311_seed_controlled_augmentation
"People nearby have complained about air: smoke, vehicular near the hospital.",environment,english,NYC311_seed_controlled_augmentation
Residents have reported: We are experiencing an electrical problem involving electrical wiring defective/exposed in our neighbourhood. Please arrange an inspection.,electricity,english,NYC311_seed_controlled_augmentation
There is dirty sidewalk near the hospital. Please resolve this problem as soon as possible.,garbage,english,NYC311_seed_controlled_augmentation
There is broken curb close to the town centre. Please investigate this issue.,roads,english,NYC311_seed_controlled_augmentation
Residents have reported dirty water near the school. Residents are requesting assistance.,water_supply,english,NYC311_seed_controlled_augmentation
Our area has: We are experiencing possible water main break near the junction.,water_supply,english,NYC311_seed_controlled_augmentation
"Please investigate the water issue: cloudy or milky, other near the hospital. This issue needs attention.",water_supply,english,NYC311_seed_controlled_augmentation
Catch Basin Clogged/Flooding is affecting the area in our neighbourhood. We would appreciate assistance with this issue.,drainage,english,NYC311_seed_controlled_augmentation
Please check: Please inspect the electrical issue: lamppost wire exposed close to the town centre. We would appreciate assistance with this issue.,electricity,english,NYC311_seed_controlled_augmentation
DAMP SPOT has affected the local water supply near the school.,water_supply,english,NYC311_seed_controlled_augmentation
Please arrange cleaning because of dirty area/alleyway near the hospital. Please arrange an inspection.,garbage,english,NYC311_seed_controlled_augmentation
"People nearby have complained about unsafe chemical, storage near the public market. Please take the necessary action.",environment,english,NYC311_seed_controlled_augmentation
Failed Street Repair is causing problems for vehicles along the roadside. Please arrange an inspection.,roads,english,NYC311_seed_controlled_augmentation
Residents are concerned about pothole - highway near the hospital. Please take the necessary action.,roads,english,NYC311_seed_controlled_augmentation
Defective Hardware outside our building. Please resolve this problem as soon as possible.,roads,english,NYC311_seed_controlled_augmentation
Garbage-related problems include receptacle violation outside our building. This issue needs attention.,garbage,english,NYC311_seed_controlled_augmentation
Our area has: Please check the water system because of possible water main break close to the town centre. This issue needs attention.,water_supply,english,NYC311_seed_controlled_augmentation
Wastewater is causing problems due to sewage leak near the school. Please resolve this problem as soon as possible.,drainage,english,NYC311_seed_controlled_augmentation
We are experiencing an electrical problem involving wiring near the junction.,electricity,english,NYC311_seed_controlled_augmentation
There is an environmental problem involving chemical vapors/gases/odors close to the bus stop.,environment,english,NYC311_seed_controlled_augmentation
Residents have reported hydrant leaking on the main road.,water_supply,english,NYC311_seed_controlled_augmentation
The road surface is affected by cave-in in our neighbourhood.,roads,english,NYC311_seed_controlled_augmentation
Please investigate the water issue: no water near the school.,water_supply,english,NYC311_seed_controlled_augmentation
Please repair failed street repair along the roadside. Please send the responsible team to inspect the area.,roads,english,NYC311_seed_controlled_augmentation
Sewage Leak is affecting the area near the hospital. Please resolve this problem as soon as possible.,drainage,english,NYC311_seed_controlled_augmentation
The area needs cleaning because of improper disposal outside our building. This issue needs attention.,garbage,english,NYC311_seed_controlled_augmentation
"Please investigate the water issue: taste/odor, chlorine in the residential area. We would appreciate assistance with this issue.",water_supply,english,NYC311_seed_controlled_augmentation
The area needs cleaning because of receptacle violation outside our building. Please investigate this issue.,garbage,english,NYC311_seed_controlled_augmentation
There is a water supply problem involving dirty water near the school.,water_supply,english,NYC311_seed_controlled_augmentation
"Please inspect this environmental issue: air: odor/fumes, vehicle idling close to the bus stop.",environment,english,NYC311_seed_controlled_augmentation
Waste has become a problem due to missed collection near our house. Please take the necessary action.,garbage,english,NYC311_seed_controlled_augmentation
The road surface is affected by pothole close to the town centre. We would appreciate assistance with this issue.,roads,english,NYC311_seed_controlled_augmentation
Our area is facing damp spot near the public market.,water_supply,english,NYC311_seed_controlled_augmentation
WIRING is affecting the area in our neighbourhood. The problem has been continuing for some time.,electricity,english,NYC311_seed_controlled_augmentation
There appears to be: Residents are reporting rain garden flooding close to the town centre. Please resolve this problem as soon as possible.,drainage,english,NYC311_seed_controlled_augmentation
Residents have complained about missed recycling - m/g/pl near the school. Please resolve this problem as soon as possible.,garbage,english,NYC311_seed_controlled_augmentation
Residents have reported heavy flow near our house. This is causing inconvenience to the public.,water_supply,english,NYC311_seed_controlled_augmentation
"Unsafe Chemical, Abandoned is affecting the surrounding environment close to the bus stop.",environment,english,NYC311_seed_controlled_augmentation
Residents are reporting catch basin clogged/flooding near the school. Please investigate this issue.,drainage,english,NYC311_seed_controlled_augmentation
Wear & Tear in the residential area. Please send the responsible team to inspect the area.,roads,english,NYC311_seed_controlled_augmentation
People nearby have complained about large number of mosquitoes on the main road. Please investigate this issue.,environment,english,NYC311_seed_controlled_augmentation
"There is an environmental problem involving unsafe chemical, abandoned near the school.",environment,english,NYC311_seed_controlled_augmentation
The road has curb defect-metal protruding on the main road. This issue needs attention.,roads,english,NYC311_seed_controlled_augmentation
I would like to report: There appears to be slow leak outside our building.,water_supply,english,NYC311_seed_controlled_augmentation
Please repair broken curb outside our building.,roads,english,NYC311_seed_controlled_augmentation
Please investigate the water issue: leak outside our building. Please send the responsible team to inspect the area.,water_supply,english,NYC311_seed_controlled_augmentation
People nearby have complained about asbestos complaint in the residential area. We would appreciate assistance with this issue.,environment,english,NYC311_seed_controlled_augmentation
Missed Recycling-All Materials is creating an unsanitary condition near our house. The problem has been continuing for some time.,garbage,english,NYC311_seed_controlled_augmentation
The road has wear & tear near the public market. We would appreciate assistance with this issue.,roads,english,NYC311_seed_controlled_augmentation
"Please investigate unsafe chemical, abandoned close to the bus stop. Please investigate this issue.",environment,english,NYC311_seed_controlled_augmentation
There is improper disposal outside our building. This is causing inconvenience to the public.,garbage,english,NYC311_seed_controlled_augmentation
We are experiencing an electrical problem involving street light out near the hospital. Residents are requesting assistance.,electricity,english,NYC311_seed_controlled_augmentation
Garbage-related problems include missed recycling paper near the hospital.,garbage,english,NYC311_seed_controlled_augmentation
There is failed street repair close to the bus stop. Please send the responsible team to inspect the area.,roads,english,NYC311_seed_controlled_augmentation
"There appears to be taste/odor, chlorine close to the bus stop. Residents are requesting assistance.",water_supply,english,NYC311_seed_controlled_augmentation
There appears to be: Please inspect the drain because of sewage leak on the main road. The problem has been continuing for some time.,drainage,english,NYC311_seed_controlled_augmentation
Please check: Please send a technician because of lighting close to the town centre. Please send the responsible team to inspect the area.,electricity,english,NYC311_seed_controlled_augmentation
Please inspect the electrical issue: street light out near our house. Please take the necessary action.,electricity,english,NYC311_seed_controlled_augmentation
Please inspect this environmental issue: chemical spill/release outside our building. Please resolve this problem as soon as possible.,environment,english,NYC311_seed_controlled_augmentation
Bulk-Missed Recy Collection is creating an unsanitary condition in our neighbourhood. Please investigate this issue.,garbage,english,NYC311_seed_controlled_augmentation
Please send a technician because of multiple street lights out near the school.,electricity,english,NYC311_seed_controlled_augmentation
"Please inspect this environmental issue: oil spill on street, small near the school.",environment,english,NYC311_seed_controlled_augmentation
The area is affected by large number of mosquitoes in the residential area. Please arrange an inspection.,environment,english,NYC311_seed_controlled_augmentation
There is a water supply problem involving hydrant leaking near the school.,water_supply,english,NYC311_seed_controlled_augmentation
There appears to be: Please check the water system because of hydrant leaking near the hospital. Please investigate this issue.,water_supply,english,NYC311_seed_controlled_augmentation
There appears to be lighting on the main road. Please arrange an inspection.,electricity,english,NYC311_seed_controlled_augmentation
Waste has become a problem due to missed recycling - m/g/pl close to the town centre. Please investigate this issue.,garbage,english,NYC311_seed_controlled_augmentation
Defective Hardware in the residential area.,roads,english,NYC311_seed_controlled_augmentation
There is: We are experiencing heavy flow in the residential area. Please take the necessary action.,water_supply,english,NYC311_seed_controlled_augmentation
Wastewater is causing problems due to catch basin clogged/flooding on the main road.,drainage,english,NYC311_seed_controlled_augmentation
Please check the water system because of possible water main break near our house.,water_supply,english,NYC311_seed_controlled_augmentation
Please arrange cleaning because of missed recycling paper in our neighbourhood.,garbage,english,NYC311_seed_controlled_augmentation
The area needs cleaning because of missed collection near the public market. Please send the responsible team to inspect the area.,garbage,english,NYC311_seed_controlled_augmentation
There is a water supply problem involving slow leak on the main road. The problem has been continuing for some time.,water_supply,english,NYC311_seed_controlled_augmentation
"Please check the water system because of taste/odor, chlorine outside our building. Please take the necessary action.",water_supply,english,NYC311_seed_controlled_augmentation
The electricity service has a problem with power outage near our house. Residents are requesting assistance.,electricity,english,NYC311_seed_controlled_augmentation
Residents have reported low water pressure - wlwp in our neighbourhood. This is causing inconvenience to the public.,water_supply,english,NYC311_seed_controlled_augmentation
"We have noticed unsafe chemical, abandoned along the roadside. We would appreciate assistance with this issue.",environment,english,NYC311_seed_controlled_augmentation
"Unsafe Chemical, Abandoned is affecting the surrounding environment on the main road. Residents are requesting assistance.",environment,english,NYC311_seed_controlled_augmentation
We are experiencing: Culvert Blocked/Needs Cleaning is affecting the area on the main road. Please resolve this problem as soon as possible.,drainage,english,NYC311_seed_controlled_augmentation
There is broken curb in our neighbourhood. We would appreciate assistance with this issue.,roads,english,NYC311_seed_controlled_augmentation
There is an environmental problem involving air: other air problem close to the bus stop. This is causing inconvenience to the public.,environment,english,NYC311_seed_controlled_augmentation
"Residents are concerned about air: dust, other near the school.",environment,english,NYC311_seed_controlled_augmentation
"There is rough, pitted or cracked roads close to the bus stop. Please investigate this issue.",roads,english,NYC311_seed_controlled_augmentation
Please investigate the water issue: heavy flow in our neighbourhood. This is causing inconvenience to the public.,water_supply,english,NYC311_seed_controlled_augmentation
There is failed street repair along the roadside. Residents are requesting assistance.,roads,english,NYC311_seed_controlled_augmentation
People nearby have complained about large number of mosquitoes in the residential area.,environment,english,NYC311_seed_controlled_augmentation
We are experiencing unknown odor/taste in drinking water along the roadside. Please resolve this problem as soon as possible.,water_supply,english,NYC311_seed_controlled_augmentation
Catch Basin Clogged/Flooding is affecting the area near the junction. We would appreciate assistance with this issue.,drainage,english,NYC311_seed_controlled_augmentation
Please arrange cleaning because of receptacle violation outside our building. The problem has been continuing for some time.,garbage,english,NYC311_seed_controlled_augmentation
There is a water supply problem involving unknown odor/taste in drinking water near the school. Please send the responsible team to inspect the area.,water_supply,english,NYC311_seed_controlled_augmentation
Multiple Street Lights Out is affecting the area near the hospital.,electricity,english,NYC311_seed_controlled_augmentation
Wear & Tear is causing problems for vehicles on the main road. Please arrange an inspection.,roads,english,NYC311_seed_controlled_augmentation
We are experiencing an electrical problem involving street light out in our neighbourhood.,electricity,english,NYC311_seed_controlled_augmentation
Please investigate the water issue: hydrant leaking near our house.,water_supply,english,NYC311_seed_controlled_augmentation
The drainage problem appears to involve sewer backup in the residential area. This is causing inconvenience to the public.,drainage,english,NYC311_seed_controlled_augmentation
There is street light out along the roadside.,electricity,english,NYC311_seed_controlled_augmentation
"Drivers are having difficulty because of rough, pitted or cracked roads close to the town centre. This issue needs attention.",roads,english,NYC311_seed_controlled_augmentation
There is wear & tear near the public market. Residents are requesting assistance.,roads,english,NYC311_seed_controlled_augmentation
We are experiencing: There appears to be street light out close to the bus stop. We would appreciate assistance with this issue.,electricity,english,NYC311_seed_controlled_augmentation
The drainage problem appears to involve manhole overflow on the main road.,drainage,english,NYC311_seed_controlled_augmentation
Residents are concerned about defective hardware in the residential area. Please take the necessary action.,roads,english,NYC311_seed_controlled_augmentation
Residents have reported power outage near the junction. Residents are requesting assistance.,electricity,english,NYC311_seed_controlled_augmentation
"Air: Dust, Construction/Demolition is affecting the surrounding environment near the hospital. The problem has been continuing for some time.",environment,english,NYC311_seed_controlled_augmentation
The electricity service has a problem with street light out outside our building.,electricity,english,NYC311_seed_controlled_augmentation
We are experiencing: Drivers are having difficulty because of pothole - highway near our house.,roads,english,NYC311_seed_controlled_augmentation
"People nearby have complained about air: odor/fumes, vehicle idling outside our building.",environment,english,NYC311_seed_controlled_augmentation
We are experiencing: There appears to be outlet/switch in our neighbourhood. This is causing inconvenience to the public.,electricity,english,NYC311_seed_controlled_augmentation
Please send a technician because of outlet/switch on the main road. We would appreciate assistance with this issue.,electricity,english,NYC311_seed_controlled_augmentation
"Please repair rough, pitted or cracked roads along the roadside. We would appreciate assistance with this issue.",roads,english,NYC311_seed_controlled_augmentation
"Residents have reported: There appears to be taste/odor, chlorine near the junction. Residents are requesting assistance.",water_supply,english,NYC311_seed_controlled_augmentation
Pothole - Highway close to the town centre. The problem has been continuing for some time.,roads,english,NYC311_seed_controlled_augmentation
Residents have reported slow leak on the main road.,water_supply,english,NYC311_seed_controlled_augmentation
There appears to be: Dirty Sidewalk is creating an unsanitary condition on the main road.,garbage,english,NYC311_seed_controlled_augmentation
Please inspect the drain because of rain garden flooding near our house. We would appreciate assistance with this issue.,drainage,english,NYC311_seed_controlled_augmentation
"Rough, Pitted or Cracked Roads is causing problems for vehicles along the roadside. The problem has been continuing for some time.",roads,english,NYC311_seed_controlled_augmentation
Please address dirty sidewalk in the residential area.,garbage,english,NYC311_seed_controlled_augmentation
The road has pothole close to the bus stop. Residents are requesting assistance.,roads,english,NYC311_seed_controlled_augmentation
"There is an environmental problem involving air: odor/fumes, restaurant on the main road.",environment,english,NYC311_seed_controlled_augmentation
There appears to be: Please check the water system because of low water pressure - wlwp close to the town centre. Please investigate this issue.,water_supply,english,NYC311_seed_controlled_augmentation
There has been: We are experiencing an electrical problem involving lighting close to the bus stop. We would appreciate assistance with this issue.,electricity,english,NYC311_seed_controlled_augmentation
Please address dirty area/alleyway close to the town centre. The problem has been continuing for some time.,garbage,english,NYC311_seed_controlled_augmentation
There is loose rubbish outside our building.,garbage,english,NYC311_seed_controlled_augmentation
Waste has become a problem due to loose rubbish on the main road. The problem has been continuing for some time.,garbage,english,NYC311_seed_controlled_augmentation
There appears to be hydrant leaking along the roadside. This is causing inconvenience to the public.,water_supply,english,NYC311_seed_controlled_augmentation
Please send a technician because of lamppost wire exposed near the junction. Please resolve this problem as soon as possible.,electricity,english,NYC311_seed_controlled_augmentation
Please inspect the electrical issue: lamppost wire exposed near our house. Please arrange an inspection.,electricity,english,NYC311_seed_controlled_augmentation
Please check the water system because of unknown odor/taste in drinking water near our house.,water_supply,english,NYC311_seed_controlled_augmentation
Residents have reported damp spot near the hospital.,water_supply,english,NYC311_seed_controlled_augmentation
Wear & Tear is causing problems for vehicles near the school.,roads,english,NYC311_seed_controlled_augmentation
The drainage system has culvert blocked/needs cleaning close to the bus stop. This is causing inconvenience to the public.,drainage,english,NYC311_seed_controlled_augmentation
There has been: Please investigate the water issue: slow leak in the residential area. This issue needs attention.,water_supply,english,NYC311_seed_controlled_augmentation
Please inspect the electrical issue: street light out near the junction. Please send the responsible team to inspect the area.,electricity,english,NYC311_seed_controlled_augmentation
There is an environmental problem involving asbestos complaint near the public market. Please arrange an inspection.,environment,english,NYC311_seed_controlled_augmentation
The road surface is affected by defective hardware near the hospital. Please take the necessary action.,roads,english,NYC311_seed_controlled_augmentation
Wastewater is causing problems due to street flooding close to the town centre. This issue needs attention.,drainage,english,NYC311_seed_controlled_augmentation
Residents have reported: We are experiencing an electrical problem involving electrical wiring defective/exposed close to the bus stop.,electricity,english,NYC311_seed_controlled_augmentation
Waste has become a problem due to improper disposal in the residential area. Please resolve this problem as soon as possible.,garbage,english,NYC311_seed_controlled_augmentation
Pothole - Highway is causing problems for vehicles in our neighbourhood. This is causing inconvenience to the public.,roads,english,NYC311_seed_controlled_augmentation
Drivers are having difficulty because of failed street repair near the hospital.,roads,english,NYC311_seed_controlled_augmentation
The road surface is affected by broken curb on the main road.,roads,english,NYC311_seed_controlled_augmentation
There has been: The road has broken curb in our neighbourhood. This issue needs attention.,roads,english,NYC311_seed_controlled_augmentation
I am reporting: Asbestos Complaint is affecting the surrounding environment in the residential area. Please arrange an inspection.,environment,english,NYC311_seed_controlled_augmentation
I am reporting: There is missed recycling paper near the hospital. The problem has been continuing for some time.,garbage,english,NYC311_seed_controlled_augmentation
There is a water supply problem involving hydrant leaking near the junction. Please investigate this issue.,water_supply,english,NYC311_seed_controlled_augmentation
Defective Hardware is causing problems for vehicles on the main road.,roads,english,NYC311_seed_controlled_augmentation
We need assistance with sewage odor near the school. Residents are requesting assistance.,drainage,english,NYC311_seed_controlled_augmentation
Please inspect the drain because of ponding outside our building. Residents are requesting assistance.,drainage,english,NYC311_seed_controlled_augmentation
Please send a technician because of multiple street lights out near our house. We would appreciate assistance with this issue.,electricity,english,NYC311_seed_controlled_augmentation
Drivers are having difficulty because of pothole - highway near our house.,roads,english,NYC311_seed_controlled_augmentation
The drainage system has culvert blocked/needs cleaning near the public market. The problem has been continuing for some time.,drainage,english,NYC311_seed_controlled_augmentation
Please send a technician because of wiring close to the bus stop. We would appreciate assistance with this issue.,electricity,english,NYC311_seed_controlled_augmentation
Drivers are having difficulty because of failed street repair near our house.,roads,english,NYC311_seed_controlled_augmentation
Our area has: Please check the water system because of unknown odor/taste in drinking water close to the town centre.,water_supply,english,NYC311_seed_controlled_augmentation
Curb Defect-Metal Protruding is causing problems for vehicles along the roadside. We would appreciate assistance with this issue.,roads,english,NYC311_seed_controlled_augmentation
There appears to be street light lamp dim along the roadside. This is causing inconvenience to the public.,electricity,english,NYC311_seed_controlled_augmentation
The area needs cleaning because of bulk-missed recy collection in the residential area.,garbage,english,NYC311_seed_controlled_augmentation
The road has wear & tear outside our building. Please arrange an inspection.,roads,english,NYC311_seed_controlled_augmentation
There is broken curb near the hospital. Please send the responsible team to inspect the area.,roads,english,NYC311_seed_controlled_augmentation
Broken Curb is causing problems for vehicles close to the bus stop. The problem has been continuing for some time.,roads,english,NYC311_seed_controlled_augmentation
There is a water supply problem involving low water pressure - wlwp near the public market.,water_supply,english,NYC311_seed_controlled_augmentation
Garbage-related problems include improper disposal in our neighbourhood. Please send the responsible team to inspect the area.,garbage,english,NYC311_seed_controlled_augmentation
Residents have complained about bulk-missed recy collection near the public market. The problem has been continuing for some time.,garbage,english,NYC311_seed_controlled_augmentation
Residents have complained about loose rubbish in our neighbourhood. Please investigate this issue.,garbage,english,NYC311_seed_controlled_augmentation
Please arrange cleaning because of improper disposal along the roadside. Please arrange an inspection.,garbage,english,NYC311_seed_controlled_augmentation
"Air: Odor/Fumes, Vehicle Idling is affecting the surrounding environment in our neighbourhood. We would appreciate assistance with this issue.",environment,english,NYC311_seed_controlled_augmentation
Our area is facing possible water main break near the school. Please resolve this problem as soon as possible.,water_supply,english,NYC311_seed_controlled_augmentation
The drainage system has manhole overflow on the main road. Please resolve this problem as soon as possible.,drainage,english,NYC311_seed_controlled_augmentation
Residents have reported unknown odor/taste in drinking water near the public market.,water_supply,english,NYC311_seed_controlled_augmentation
"Rough, Pitted or Cracked Roads is causing problems for vehicles in our neighbourhood.",roads,english,NYC311_seed_controlled_augmentation
There is culvert blocked/needs cleaning outside our building. Residents are requesting assistance.,drainage,english,NYC311_seed_controlled_augmentation
There has been: The area needs cleaning because of dirty sidewalk near the junction. Please arrange an inspection.,garbage,english,NYC311_seed_controlled_augmentation
Residents have reported lighting in our neighbourhood. Residents are requesting assistance.,electricity,english,NYC311_seed_controlled_augmentation
We have noticed: Residents are reporting street flooding along the roadside. Please send the responsible team to inspect the area.,drainage,english,NYC311_seed_controlled_augmentation
"Our area has: People nearby have complained about air: smoke, chimney or vent close to the bus stop. This issue needs attention.",environment,english,NYC311_seed_controlled_augmentation
We have noticed chemical odor near the school. Please resolve this problem as soon as possible.,environment,english,NYC311_seed_controlled_augmentation
"We are experiencing: Please check the water system because of taste/odor, bitter/metallic in our neighbourhood. The problem has been continuing for some time.",water_supply,english,NYC311_seed_controlled_augmentation
Please inspect the electrical issue: multiple street lights out in the residential area. This issue needs attention.,electricity,english,NYC311_seed_controlled_augmentation
Residents have reported street light lamp dim outside our building. Please take the necessary action.,electricity,english,NYC311_seed_controlled_augmentation
"Residents are concerned about oil spill on street, small near the public market. We would appreciate assistance with this issue.",environment,english,NYC311_seed_controlled_augmentation
"Taste/Odor, Chlorine has affected the local water supply near the public market. Please resolve this problem as soon as possible.",water_supply,english,NYC311_seed_controlled_augmentation
Please investigate the water issue: unknown odor/taste in drinking water in the residential area.,water_supply,english,NYC311_seed_controlled_augmentation
There appears to be slow leak near the school. This issue needs attention.,water_supply,english,NYC311_seed_controlled_augmentation
Residents are concerned about broken curb outside our building. Please resolve this problem as soon as possible.,roads,english,NYC311_seed_controlled_augmentation
The area needs cleaning because of dirty area/alleyway along the roadside. Please investigate this issue.,garbage,english,NYC311_seed_controlled_augmentation
I would like to report: There is missed recycling - m/g/pl near the hospital. Please arrange an inspection.,garbage,english,NYC311_seed_controlled_augmentation
There appears to be dirty water close to the town centre. The problem has been continuing for some time.,water_supply,english,NYC311_seed_controlled_augmentation
Residents have reported: There appears to be slow leak in the residential area. Please send the responsible team to inspect the area.,water_supply,english,NYC311_seed_controlled_augmentation
There is a water supply problem involving heavy flow near the hospital. This issue needs attention.,water_supply,english,NYC311_seed_controlled_augmentation
The area needs cleaning because of dirty area/alleyway near the school. Please arrange an inspection.,garbage,english,NYC311_seed_controlled_augmentation
Please check: There is bulk-missed recy collection near the hospital.,garbage,english,NYC311_seed_controlled_augmentation
"People nearby have complained about air: dust, other in our neighbourhood. This issue needs attention.",environment,english,NYC311_seed_controlled_augmentation
There is defective hardware near the junction. Please resolve this problem as soon as possible.,roads,english,NYC311_seed_controlled_augmentation
Cave-in is causing problems for vehicles in our neighbourhood. This is causing inconvenience to the public.,roads,english,NYC311_seed_controlled_augmentation
Please inspect this environmental issue: chemical spill/release on the main road.,environment,english,NYC311_seed_controlled_augmentation
Please inspect the electrical issue: street light out near the junction. Please arrange an inspection.,electricity,english,NYC311_seed_controlled_augmentation
"Our area is facing cloudy or milky, other outside our building. The problem has been continuing for some time.",water_supply,english,NYC311_seed_controlled_augmentation
Street Light Out is affecting the area near the hospital. This is causing inconvenience to the public.,electricity,english,NYC311_seed_controlled_augmentation
Residents have reported multiple street lights out near the junction.,electricity,english,NYC311_seed_controlled_augmentation
There appears to be no lighting in the residential area. This issue needs attention.,electricity,english,NYC311_seed_controlled_augmentation
We have noticed: We are experiencing an electrical problem involving outlet/switch in our neighbourhood. We would appreciate assistance with this issue.,electricity,english,NYC311_seed_controlled_augmentation
We are experiencing an electrical problem involving street light out near the school. Please resolve this problem as soon as possible.,electricity,english,NYC311_seed_controlled_augmentation
Please address missed recycling-all materials near our house.,garbage,english,NYC311_seed_controlled_augmentation
The electricity service has a problem with street light out near the hospital.,electricity,english,NYC311_seed_controlled_augmentation
"Please investigate the water issue: taste/odor, chlorine on the main road.",water_supply,english,NYC311_seed_controlled_augmentation
The drainage system has sewage leak near the hospital. Residents are requesting assistance.,drainage,english,NYC311_seed_controlled_augmentation
Drivers are having difficulty because of pothole - highway near the hospital. This is causing inconvenience to the public.,roads,english,NYC311_seed_controlled_augmentation
"Our area has: Please inspect this environmental issue: oil spill on street, small close to the town centre.",environment,english,NYC311_seed_controlled_augmentation
The drainage problem appears to involve sewage odor close to the town centre. We would appreciate assistance with this issue.,drainage,english,NYC311_seed_controlled_augmentation
Please check the water system because of unknown odor/taste in drinking water near the public market. Please resolve this problem as soon as possible.,water_supply,english,NYC311_seed_controlled_augmentation
There is dirty area/alleyway near the school. Please send the responsible team to inspect the area.,garbage,english,NYC311_seed_controlled_augmentation
"There is an environmental problem involving air: odor/fumes, vehicle idling in the residential area.",environment,english,NYC311_seed_controlled_augmentation
Please arrange cleaning because of bulk-missed recy collection near the school. Please arrange an inspection.,garbage,english,NYC311_seed_controlled_augmentation
Waste has become a problem due to bulk-missed recy collection in our neighbourhood. Please resolve this problem as soon as possible.,garbage,english,NYC311_seed_controlled_augmentation
"Please investigate unsafe chemical, storage close to the town centre. Please take the necessary action.",environment,english,NYC311_seed_controlled_augmentation
Please repair curb defect-metal protruding along the roadside. Please take the necessary action.,roads,english,NYC311_seed_controlled_augmentation
"Residents have reported taste/odor, chlorine near the hospital. Please send the responsible team to inspect the area.",water_supply,english,NYC311_seed_controlled_augmentation
Please address receptacle violation in the residential area. We would appreciate assistance with this issue.,garbage,english,NYC311_seed_controlled_augmentation
Residents have complained about loose rubbish near the school. Please investigate this issue.,garbage,english,NYC311_seed_controlled_augmentation
Please arrange cleaning because of missed collection close to the bus stop. This issue needs attention.,garbage,english,NYC311_seed_controlled_augmentation
I am reporting: Please inspect the electrical issue: lighting near the junction.,electricity,english,NYC311_seed_controlled_augmentation
The road surface is affected by curb defect-metal protruding near the hospital. Residents are requesting assistance.,roads,english,NYC311_seed_controlled_augmentation
We are experiencing: Residents are reporting sewage odor along the roadside. We would appreciate assistance with this issue.,drainage,english,NYC311_seed_controlled_augmentation
Bulk-Missed Recy Collection is creating an unsanitary condition on the main road.,garbage,english,NYC311_seed_controlled_augmentation
People nearby have complained about chemical vapors/gases/odors near our house.,environment,english,NYC311_seed_controlled_augmentation
"There has been: We have noticed air: dust, construction/demolition in our neighbourhood. Please arrange an inspection.",environment,english,NYC311_seed_controlled_augmentation
"Unsafe Chemical, Storage is affecting the surrounding environment near the junction. Please resolve this problem as soon as possible.",environment,english,NYC311_seed_controlled_augmentation
The road has defective hardware close to the bus stop. Residents are requesting assistance.,roads,english,NYC311_seed_controlled_augmentation
Residents have reported street light lamp dim close to the town centre.,electricity,english,NYC311_seed_controlled_augmentation
Residents have reported unknown odor/taste in drinking water in our neighbourhood. The problem has been continuing for some time.,water_supply,english,NYC311_seed_controlled_augmentation
Please inspect the electrical issue: lamppost wire exposed near the school.,electricity,english,NYC311_seed_controlled_augmentation
Drivers are having difficulty because of broken curb along the roadside. Please take the necessary action.,roads,english,NYC311_seed_controlled_augmentation
Please repair broken curb close to the town centre.,roads,english,NYC311_seed_controlled_augmentation
Waste has become a problem due to missed recycling - m/g/pl in our neighbourhood.,garbage,english,NYC311_seed_controlled_augmentation
We are experiencing: We need assistance with sewage leak near the public market.,drainage,english,NYC311_seed_controlled_augmentation
There is: Residents are concerned about failed street repair near the hospital. Please investigate this issue.,roads,english,NYC311_seed_controlled_augmentation
There appears to be: Residents are reporting sewage leak in the residential area. We would appreciate assistance with this issue.,drainage,english,NYC311_seed_controlled_augmentation
There is a water supply problem involving unknown odor/taste in drinking water near our house.,water_supply,english,NYC311_seed_controlled_augmentation
We need assistance with sewer or drain near the public market.,drainage,english,NYC311_seed_controlled_augmentation
Please arrange cleaning because of improper disposal along the roadside. Residents are requesting assistance.,garbage,english,NYC311_seed_controlled_augmentation
Residents have reported possible water main break close to the bus stop. This issue needs attention.,water_supply,english,NYC311_seed_controlled_augmentation
We have noticed: Drivers are having difficulty because of pothole - highway near the public market. The problem has been continuing for some time.,roads,english,NYC311_seed_controlled_augmentation
Wastewater is causing problems due to sewer backup along the roadside. This is causing inconvenience to the public.,drainage,english,NYC311_seed_controlled_augmentation
Please inspect the drain because of sewer or drain outside our building. Please send the responsible team to inspect the area.,drainage,english,NYC311_seed_controlled_augmentation
Please inspect the electrical issue: street light out in our neighbourhood. Please arrange an inspection.,electricity,english,NYC311_seed_controlled_augmentation
The area is affected by ventilation along the roadside. The problem has been continuing for some time.,environment,english,NYC311_seed_controlled_augmentation
"Please inspect this environmental issue: air: dust, other in the residential area. This issue needs attention.",environment,english,NYC311_seed_controlled_augmentation
"We have noticed air: odor/fumes, vehicle idling outside our building. We would appreciate assistance with this issue.",environment,english,NYC311_seed_controlled_augmentation
I would like to report: Pothole - Highway is causing problems for vehicles in our neighbourhood.,roads,english,NYC311_seed_controlled_augmentation
Please inspect the drain because of manhole overflow near the junction. This issue needs attention.,drainage,english,NYC311_seed_controlled_augmentation
"We have noticed air: dust, other in our neighbourhood. The problem has been continuing for some time.",environment,english,NYC311_seed_controlled_augmentation
There appears to be: Please address improper disposal close to the town centre.,garbage,english,NYC311_seed_controlled_augmentation
We have noticed: Improper Disposal is creating an unsanitary condition on the main road.,garbage,english,NYC311_seed_controlled_augmentation
Please arrange cleaning because of receptacle violation near the school. Please investigate this issue.,garbage,english,NYC311_seed_controlled_augmentation
There is: Residents are reporting sewer or drain near the school. This issue needs attention.,drainage,english,NYC311_seed_controlled_augmentation
Please send a technician because of lamppost knocked down near the school. Please send the responsible team to inspect the area.,electricity,english,NYC311_seed_controlled_augmentation
There appears to be electrical wiring defective/exposed outside our building.,electricity,english,NYC311_seed_controlled_augmentation
People nearby have complained about asbestos complaint close to the town centre. Please arrange an inspection.,environment,english,NYC311_seed_controlled_augmentation
"Please investigate air: dust, construction/demolition along the roadside. This is causing inconvenience to the public.",environment,english,NYC311_seed_controlled_augmentation
Waste has become a problem due to receptacle violation close to the bus stop.,garbage,english,NYC311_seed_controlled_augmentation
Residents have reported power outage near our house. We would appreciate assistance with this issue.,electricity,english,NYC311_seed_controlled_augmentation
Waste has become a problem due to improper disposal in our neighbourhood. Please send the responsible team to inspect the area.,garbage,english,NYC311_seed_controlled_augmentation
"The area is affected by air: smoke, vehicular near the junction. Please resolve this problem as soon as possible.",environment,english,NYC311_seed_controlled_augmentation
We need assistance with manhole overflow near our house. We would appreciate assistance with this issue.,drainage,english,NYC311_seed_controlled_augmentation
"We have noticed: There is an environmental problem involving oil spill on street, small outside our building. Please send the responsible team to inspect the area.",environment,english,NYC311_seed_controlled_augmentation
Please arrange cleaning because of loose rubbish outside our building. This is causing inconvenience to the public.,garbage,english,NYC311_seed_controlled_augmentation
Garbage-related problems include bulk-missed recy collection near the public market. We would appreciate assistance with this issue.,garbage,english,NYC311_seed_controlled_augmentation
Drivers are having difficulty because of wear & tear close to the bus stop. The problem has been continuing for some time.,roads,english,NYC311_seed_controlled_augmentation
There appears to be: We need assistance with culvert blocked/needs cleaning in the residential area. Please resolve this problem as soon as possible.,drainage,english,NYC311_seed_controlled_augmentation
Please send a technician because of electrical wiring defective/exposed outside our building. This issue needs attention.,electricity,english,NYC311_seed_controlled_augmentation
"We have noticed unsafe chemical, abandoned in the residential area. Please take the necessary action.",environment,english,NYC311_seed_controlled_augmentation
Please arrange cleaning because of dirty sidewalk near the junction. Please take the necessary action.,garbage,english,NYC311_seed_controlled_augmentation
There is rain garden flooding in our neighbourhood. Please arrange an inspection.,drainage,english,NYC311_seed_controlled_augmentation
There is a water supply problem involving hydrant leaking near the junction. We would appreciate assistance with this issue.,water_supply,english,NYC311_seed_controlled_augmentation
Please repair pothole near the junction. Please take the necessary action.,roads,english,NYC311_seed_controlled_augmentation
Please investigate the water issue: no water near our house. This issue needs attention.,water_supply,english,NYC311_seed_controlled_augmentation
The road surface is affected by cave-in near the public market. Please take the necessary action.,roads,english,NYC311_seed_controlled_augmentation
There appears to be: Air: Other Air Problem is affecting the surrounding environment near the school. Please take the necessary action.,environment,english,NYC311_seed_controlled_augmentation
The electricity service has a problem with lamppost wire exposed in our neighbourhood. Please arrange an inspection.,electricity,english,NYC311_seed_controlled_augmentation
"Our area is facing cloudy or milky, other in the residential area. Please send the responsible team to inspect the area.",water_supply,english,NYC311_seed_controlled_augmentation
The drainage problem appears to involve sewer backup near the public market. This is causing inconvenience to the public.,drainage,english,NYC311_seed_controlled_augmentation
Please inspect the electrical issue: street light lamp dim close to the town centre. Please investigate this issue.,electricity,english,NYC311_seed_controlled_augmentation
Garbage-related problems include missed recycling paper in our neighbourhood. Please send the responsible team to inspect the area.,garbage,english,NYC311_seed_controlled_augmentation
We are experiencing: Please check the water system because of slow leak near our house. This issue needs attention.,water_supply,english,NYC311_seed_controlled_augmentation
Residents are reporting street flooding near the public market. This issue needs attention.,drainage,english,NYC311_seed_controlled_augmentation
There is street light lamp dim close to the bus stop. Residents are requesting assistance.,electricity,english,NYC311_seed_controlled_augmentation
Residents are concerned about pothole - highway close to the town centre. Please investigate this issue.,roads,english,NYC311_seed_controlled_augmentation
I would like to report: The road surface is affected by pothole on the main road. Please send the responsible team to inspect the area.,roads,english,NYC311_seed_controlled_augmentation
We are experiencing: There appears to be power outage near the school. Please investigate this issue.,electricity,english,NYC311_seed_controlled_augmentation
There is electrical wiring defective/exposed near our house.,electricity,english,NYC311_seed_controlled_augmentation
Dirty Area/Alleyway is creating an unsanitary condition on the main road. This issue needs attention.,garbage,english,NYC311_seed_controlled_augmentation
Please repair defective hardware near the junction. Residents are requesting assistance.,roads,english,NYC311_seed_controlled_augmentation
LIGHTING is affecting the area in the residential area.,electricity,english,NYC311_seed_controlled_augmentation
Our area is facing slow leak near our house.,water_supply,english,NYC311_seed_controlled_augmentation
There is bulk-missed collection near the school.,garbage,english,NYC311_seed_controlled_augmentation
Wear & Tear is causing problems for vehicles near the hospital.,roads,english,NYC311_seed_controlled_augmentation
"Please repair rough, pitted or cracked roads close to the bus stop.",roads,english,NYC311_seed_controlled_augmentation
Residents have complained about receptacle violation near the public market. The problem has been continuing for some time.,garbage,english,NYC311_seed_controlled_augmentation
The road surface is affected by pothole - highway near the public market. The problem has been continuing for some time.,roads,english,NYC311_seed_controlled_augmentation
Residents have reported: The drainage system has street flooding close to the bus stop. This is causing inconvenience to the public.,drainage,english,NYC311_seed_controlled_augmentation
The road has defective hardware on the main road.,roads,english,NYC311_seed_controlled_augmentation
Please arrange cleaning because of loose rubbish near the public market. Please send the responsible team to inspect the area.,garbage,english,NYC311_seed_controlled_augmentation
Waste has become a problem due to dirty area/alleyway near the hospital. This is causing inconvenience to the public.,garbage,english,NYC311_seed_controlled_augmentation
"The area is affected by air: odor/fumes, restaurant near the school. This is causing inconvenience to the public.",environment,english,NYC311_seed_controlled_augmentation
Our area has: There is no lighting near our house.,electricity,english,NYC311_seed_controlled_augmentation
"Please investigate the water issue: cloudy or milky, other on the main road. This issue needs attention.",water_supply,english,NYC311_seed_controlled_augmentation
We are experiencing heavy flow in the residential area. Please investigate this issue.,water_supply,english,NYC311_seed_controlled_augmentation
Please check the water system because of unknown odor/taste in drinking water close to the town centre. Please take the necessary action.,water_supply,english,NYC311_seed_controlled_augmentation
Our area has: Street Flooding is affecting the area in the residential area. Please arrange an inspection.,drainage,english,NYC311_seed_controlled_augmentation
There is a water supply problem involving slow leak close to the bus stop. Please send the responsible team to inspect the area.,water_supply,english,NYC311_seed_controlled_augmentation
Please check the water system because of unknown odor/taste in drinking water close to the town centre.,water_supply,english,NYC311_seed_controlled_augmentation
"Please investigate the water issue: taste/odor, bitter/metallic along the roadside. We would appreciate assistance with this issue.",water_supply,english,NYC311_seed_controlled_augmentation
Drivers are having difficulty because of cave-in near our house. Please arrange an inspection.,roads,english,NYC311_seed_controlled_augmentation
Residents have complained about dirty sidewalk in the residential area. The problem has been continuing for some time.,garbage,english,NYC311_seed_controlled_augmentation
"Please investigate air: dust, construction/demolition on the main road. Please take the necessary action.",environment,english,NYC311_seed_controlled_augmentation
Garbage-related problems include missed recycling paper near the junction. This is causing inconvenience to the public.,garbage,english,NYC311_seed_controlled_augmentation
There is no lighting outside our building.,electricity,english,NYC311_seed_controlled_augmentation
Pothole - Highway is causing problems for vehicles along the roadside. Please arrange an inspection.,roads,english,NYC311_seed_controlled_augmentation
Please inspect the electrical issue: power outage near the public market. This issue needs attention.,electricity,english,NYC311_seed_controlled_augmentation
Residents have reported electrical wiring defective/exposed in our neighbourhood.,electricity,english,NYC311_seed_controlled_augmentation
There has been: Please inspect the electrical issue: electrical wiring defective/exposed on the main road.,electricity,english,NYC311_seed_controlled_augmentation
Wastewater is causing problems due to sewage odor in the residential area.,drainage,english,NYC311_seed_controlled_augmentation
NO LIGHTING is affecting the area near our house. This issue needs attention.,electricity,english,NYC311_seed_controlled_augmentation
Our area is facing possible water main break outside our building. Please send the responsible team to inspect the area.,water_supply,english,NYC311_seed_controlled_augmentation
We need assistance with sewer backup in the residential area. Please send the responsible team to inspect the area.,drainage,english,NYC311_seed_controlled_augmentation
"The area is affected by oil spill on street, small along the roadside. Please arrange an inspection.",environment,english,NYC311_seed_controlled_augmentation
There is a water supply problem involving possible water main break near the public market. Please resolve this problem as soon as possible.,water_supply,english,NYC311_seed_controlled_augmentation
We are experiencing low water pressure - wlwp close to the bus stop. This issue needs attention.,water_supply,english,NYC311_seed_controlled_augmentation
Please investigate the water issue: heavy flow close to the bus stop. Please send the responsible team to inspect the area.,water_supply,english,NYC311_seed_controlled_augmentation
I would like to report: Waste has become a problem due to missed recycling - m/g/pl near the school. This issue needs attention.,garbage,english,NYC311_seed_controlled_augmentation
We are experiencing an electrical problem involving multiple street lights out near the public market. We would appreciate assistance with this issue.,electricity,english,NYC311_seed_controlled_augmentation
Residents have complained about missed recycling-all materials near our house. Please resolve this problem as soon as possible.,garbage,english,NYC311_seed_controlled_augmentation
The road has curb defect-metal protruding close to the bus stop.,roads,english,NYC311_seed_controlled_augmentation
I am reporting: Please check the water system because of slow leak in the residential area.,water_supply,english,NYC311_seed_controlled_augmentation
There is wiring near the public market. Please arrange an inspection.,electricity,english,NYC311_seed_controlled_augmentation
"Air: Odor/Fumes, Restaurant is affecting the surrounding environment near the junction. Please send the responsible team to inspect the area.",environment,english,NYC311_seed_controlled_augmentation
There is an environmental problem involving large number of mosquitoes along the roadside. Please resolve this problem as soon as possible.,environment,english,NYC311_seed_controlled_augmentation
Please inspect the drain because of sewage odor in the residential area.,drainage,english,NYC311_seed_controlled_augmentation
Please inspect the electrical issue: lamppost wire exposed outside our building. Please investigate this issue.,electricity,english,NYC311_seed_controlled_augmentation
Residents have reported no lighting in our neighbourhood. This is causing inconvenience to the public.,electricity,english,NYC311_seed_controlled_augmentation
We are experiencing an electrical problem involving street light lamp dim close to the bus stop.,electricity,english,NYC311_seed_controlled_augmentation
There is missed collection near the school.,garbage,english,NYC311_seed_controlled_augmentation
Please check: The area is affected by chemical odor close to the town centre.,environment,english,NYC311_seed_controlled_augmentation
We are experiencing an electrical problem involving wiring near the public market. Please take the necessary action.,electricity,english,NYC311_seed_controlled_augmentation
Please investigate the water issue: slow leak near the hospital. This issue needs attention.,water_supply,english,NYC311_seed_controlled_augmentation
Wastewater is causing problems due to sewer or drain along the roadside. Please take the necessary action.,drainage,english,NYC311_seed_controlled_augmentation
There appears to be electrical wiring defective/exposed in our neighbourhood.,electricity,english,NYC311_seed_controlled_augmentation
The electricity service has a problem with street light lamp dim in the residential area.,electricity,english,NYC311_seed_controlled_augmentation
There appears to be: There is sewage odor near our house. Please arrange an inspection.,drainage,english,NYC311_seed_controlled_augmentation
"I would like to report: We have noticed air: odor/fumes, restaurant near the public market. Please resolve this problem as soon as possible.",environment,english,NYC311_seed_controlled_augmentation
Residents are concerned about curb defect-metal protruding in the residential area. Please take the necessary action.,roads,english,NYC311_seed_controlled_augmentation
Please send a technician because of lighting outside our building. This issue needs attention.,electricity,english,NYC311_seed_controlled_augmentation
There appears to be low water pressure - wlwp along the roadside. This issue needs attention.,water_supply,english,NYC311_seed_controlled_augmentation
The electricity service has a problem with electrical wiring defective/exposed in our neighbourhood.,electricity,english,NYC311_seed_controlled_augmentation
We have noticed: The drainage problem appears to involve ponding near the junction. Please send the responsible team to inspect the area.,drainage,english,NYC311_seed_controlled_augmentation
Please repair wear & tear on the main road. Residents are requesting assistance.,roads,english,NYC311_seed_controlled_augmentation
We have noticed: There appears to be outlet/switch on the main road.,electricity,english,NYC311_seed_controlled_augmentation
We have noticed: Residents have reported lighting outside our building. The problem has been continuing for some time.,electricity,english,NYC311_seed_controlled_augmentation
The road surface is affected by pothole - highway near the school.,roads,english,NYC311_seed_controlled_augmentation
We are experiencing an electrical problem involving street light out on the main road.,electricity,english,NYC311_seed_controlled_augmentation
Residents have reported lamppost wire exposed outside our building. Residents are requesting assistance.,electricity,english,NYC311_seed_controlled_augmentation
Garbage-related problems include improper disposal near the school. We would appreciate assistance with this issue.,garbage,english,NYC311_seed_controlled_augmentation
"Please inspect this environmental issue: unsafe chemical, storage in the residential area.",environment,english,NYC311_seed_controlled_augmentation
People nearby have complained about large number of mosquitoes near the school. Please arrange an inspection.,environment,english,NYC311_seed_controlled_augmentation
There appears to be slow leak close to the town centre. Please arrange an inspection.,water_supply,english,NYC311_seed_controlled_augmentation
Missed Recycling - M/G/Pl is creating an unsanitary condition in our neighbourhood.,garbage,english,NYC311_seed_controlled_augmentation
There is loose rubbish near the public market.,garbage,english,NYC311_seed_controlled_augmentation
The electricity service has a problem with wiring close to the bus stop.,electricity,english,NYC311_seed_controlled_augmentation
The drainage problem appears to involve sewage odor near the junction. Please investigate this issue.,drainage,english,NYC311_seed_controlled_augmentation
Please inspect this environmental issue: chemical spill/release in the residential area. We would appreciate assistance with this issue.,environment,english,NYC311_seed_controlled_augmentation
The electricity service has a problem with wiring along the roadside. This issue needs attention.,electricity,english,NYC311_seed_controlled_augmentation
Drivers are having difficulty because of broken curb along the roadside.,roads,english,NYC311_seed_controlled_augmentation
There appears to be: Residents are concerned about failed street repair outside our building. The problem has been continuing for some time.,roads,english,NYC311_seed_controlled_augmentation
Residents have reported lamppost wire exposed outside our building. Please send the responsible team to inspect the area.,electricity,english,NYC311_seed_controlled_augmentation
There has been: There is an environmental problem involving ventilation near our house.,environment,english,NYC311_seed_controlled_augmentation
The drainage problem appears to involve sewage odor near the hospital.,drainage,english,NYC311_seed_controlled_augmentation
Our area has: There is culvert blocked/needs cleaning in our neighbourhood.,drainage,english,NYC311_seed_controlled_augmentation
Residents are concerned about pothole near the school. This is causing inconvenience to the public.,roads,english,NYC311_seed_controlled_augmentation
There is dirty area/alleyway in our neighbourhood.,garbage,english,NYC311_seed_controlled_augmentation
There is dirty sidewalk near our house. Please investigate this issue.,garbage,english,NYC311_seed_controlled_augmentation
"There has been: Please check the water system because of taste/odor, chlorine outside our building.",water_supply,english,NYC311_seed_controlled_augmentation
Failed Street Repair close to the town centre.,roads,english,NYC311_seed_controlled_augmentation
"There is an environmental problem involving air: odor/fumes, restaurant near the junction. Please take the necessary action.",environment,english,NYC311_seed_controlled_augmentation
"The road surface is affected by rough, pitted or cracked roads in the residential area. Please resolve this problem as soon as possible.",roads,english,NYC311_seed_controlled_augmentation
"We have noticed oil spill on street, large along the roadside.",environment,english,NYC311_seed_controlled_augmentation
Wastewater is causing problems due to culvert blocked/needs cleaning along the roadside.,drainage,english,NYC311_seed_controlled_augmentation
Air: Other Air Problem is affecting the surrounding environment close to the town centre. This issue needs attention.,environment,english,NYC311_seed_controlled_augmentation
Please arrange cleaning because of missed recycling paper near the hospital. We would appreciate assistance with this issue.,garbage,english,NYC311_seed_controlled_augmentation
There appears to be low water pressure - wlwp near the hospital. We would appreciate assistance with this issue.,water_supply,english,NYC311_seed_controlled_augmentation
Missed Recycling - M/G/Pl is creating an unsanitary condition near the school. Residents are requesting assistance.,garbage,english,NYC311_seed_controlled_augmentation
Garbage-related problems include dirty sidewalk close to the town centre.,garbage,english,NYC311_seed_controlled_augmentation
The drainage problem appears to involve rain garden flooding in our neighbourhood.,drainage,english,NYC311_seed_controlled_augmentation
Failed Street Repair is causing problems for vehicles close to the town centre. Please send the responsible team to inspect the area.,roads,english,NYC311_seed_controlled_augmentation
Please investigate the water issue: dirty water in the residential area.,water_supply,english,NYC311_seed_controlled_augmentation
The drainage system has culvert blocked/needs cleaning in the residential area. Please arrange an inspection.,drainage,english,NYC311_seed_controlled_augmentation
Please investigate the water issue: no water near the public market. Residents are requesting assistance.,water_supply,english,NYC311_seed_controlled_augmentation
There appears to be: Please inspect the electrical issue: multiple street lights out near the junction. The problem has been continuing for some time.,electricity,english,NYC311_seed_controlled_augmentation
"The area is affected by air: odor/fumes, restaurant close to the bus stop. The problem has been continuing for some time.",environment,english,NYC311_seed_controlled_augmentation
Please arrange cleaning because of bulk-missed collection in our neighbourhood. Please take the necessary action.,garbage,english,NYC311_seed_controlled_augmentation
The road surface is affected by broken curb close to the bus stop. We would appreciate assistance with this issue.,roads,english,NYC311_seed_controlled_augmentation
"Residents are concerned about air: smoke, chimney or vent near our house. Please send the responsible team to inspect the area.",environment,english,NYC311_seed_controlled_augmentation
Residents have reported: The drainage system has manhole overflow in our neighbourhood. Please investigate this issue.,drainage,english,NYC311_seed_controlled_augmentation
"Please repair rough, pitted or cracked roads along the roadside.",roads,english,NYC311_seed_controlled_augmentation
Residents have reported: Please investigate the water issue: possible water main break on the main road. This is causing inconvenience to the public.,water_supply,english,NYC311_seed_controlled_augmentation
I would like to report: There is sewer or drain outside our building. Residents are requesting assistance.,drainage,english,NYC311_seed_controlled_augmentation
There appears to be possible water main break on the main road. Please investigate this issue.,water_supply,english,NYC311_seed_controlled_augmentation
"There is an environmental problem involving air: dust, construction/demolition near our house.",environment,english,NYC311_seed_controlled_augmentation
Please arrange cleaning because of improper disposal close to the bus stop. This issue needs attention.,garbage,english,NYC311_seed_controlled_augmentation
"Residents have reported: Please investigate the water issue: taste/odor, chlorine close to the town centre. Residents are requesting assistance.",water_supply,english,NYC311_seed_controlled_augmentation
"There appears to be taste/odor, chlorine along the roadside. Please resolve this problem as soon as possible.",water_supply,english,NYC311_seed_controlled_augmentation
Garbage-related problems include dirty area/alleyway on the main road. Please send the responsible team to inspect the area.,garbage,english,NYC311_seed_controlled_augmentation
I am reporting: Please inspect the drain because of sewage leak near the hospital. Residents are requesting assistance.,drainage,english,NYC311_seed_controlled_augmentation
Garbage-related problems include improper disposal near the junction. Please arrange an inspection.,garbage,english,NYC311_seed_controlled_augmentation
The electricity service has a problem with street light lamp dim close to the bus stop. Please send the responsible team to inspect the area.,electricity,english,NYC311_seed_controlled_augmentation
Broken Curb close to the bus stop. The problem has been continuing for some time.,roads,english,NYC311_seed_controlled_augmentation
The electricity service has a problem with lamppost knocked down along the roadside. Please resolve this problem as soon as possible.,electricity,english,NYC311_seed_controlled_augmentation
Please repair curb defect-metal protruding in our neighbourhood.,roads,english,NYC311_seed_controlled_augmentation
There is lamppost knocked down along the roadside. The problem has been continuing for some time.,electricity,english,NYC311_seed_controlled_augmentation
"We are experiencing: The area is affected by unsafe chemical, abandoned in the residential area.",environment,english,NYC311_seed_controlled_augmentation
I am reporting: The electricity service has a problem with outlet/switch close to the bus stop.,electricity,english,NYC311_seed_controlled_augmentation
There appears to be possible water main break close to the bus stop. Please send the responsible team to inspect the area.,water_supply,english,NYC311_seed_controlled_augmentation
Our area is facing heavy flow outside our building. Please resolve this problem as soon as possible.,water_supply,english,NYC311_seed_controlled_augmentation
Please address receptacle violation near the public market. This is causing inconvenience to the public.,garbage,english,NYC311_seed_controlled_augmentation
Residents have reported street light lamp dim in our neighbourhood.,electricity,english,NYC311_seed_controlled_augmentation
The electricity service has a problem with lighting in our neighbourhood. The problem has been continuing for some time.,electricity,english,NYC311_seed_controlled_augmentation
The drainage system has sewer or drain outside our building.,drainage,english,NYC311_seed_controlled_augmentation
There appears to be: Failed Street Repair is causing problems for vehicles in our neighbourhood.,roads,english,NYC311_seed_controlled_augmentation
Pothole is causing problems for vehicles in the residential area. Please arrange an inspection.,roads,english,NYC311_seed_controlled_augmentation
Please investigate the water issue: slow leak near the hospital.,water_supply,english,NYC311_seed_controlled_augmentation
Please inspect the drain because of culvert blocked/needs cleaning near the public market.,drainage,english,NYC311_seed_controlled_augmentation
"The area is affected by air: odor/fumes, restaurant near our house. The problem has been continuing for some time.",environment,english,NYC311_seed_controlled_augmentation
We have noticed: Please investigate the water issue: damp spot near the public market.,water_supply,english,NYC311_seed_controlled_augmentation
Please send a technician because of lighting near the school. Please investigate this issue.,electricity,english,NYC311_seed_controlled_augmentation
Residents are reporting rain garden flooding near the school. This is causing inconvenience to the public.,drainage,english,NYC311_seed_controlled_augmentation
There is dirty sidewalk near the junction. Please arrange an inspection.,garbage,english,NYC311_seed_controlled_augmentation
The drainage problem appears to involve sewer or drain near our house.,drainage,english,NYC311_seed_controlled_augmentation
We need assistance with sewage leak near the hospital.,drainage,english,NYC311_seed_controlled_augmentation
Residents are concerned about cave-in near the hospital. This is causing inconvenience to the public.,roads,english,NYC311_seed_controlled_augmentation
Please check: The drainage system has catch basin clogged/flooding in our neighbourhood.,drainage,english,NYC311_seed_controlled_augmentation
"We have noticed oil spill on street, large outside our building. Please resolve this problem as soon as possible.",environment,english,NYC311_seed_controlled_augmentation
"There is a water supply problem involving taste/odor, bitter/metallic in the residential area. Please arrange an inspection.",water_supply,english,NYC311_seed_controlled_augmentation
"There is an environmental problem involving air: odor/fumes, vehicle idling close to the town centre. The problem has been continuing for some time.",environment,english,NYC311_seed_controlled_augmentation
The drainage problem appears to involve culvert blocked/needs cleaning near the public market. Please arrange an inspection.,drainage,english,NYC311_seed_controlled_augmentation
Our area has: Sewer Backup is affecting the area near the junction. Please arrange an inspection.,drainage,english,NYC311_seed_controlled_augmentation
Residents have reported wiring along the roadside. Please send the responsible team to inspect the area.,electricity,english,NYC311_seed_controlled_augmentation
Residents have complained about loose rubbish near the school. Residents are requesting assistance.,garbage,english,NYC311_seed_controlled_augmentation
Wastewater is causing problems due to culvert blocked/needs cleaning close to the town centre.,drainage,english,NYC311_seed_controlled_augmentation
Please inspect this environmental issue: ventilation near the school. Please send the responsible team to inspect the area.,environment,english,NYC311_seed_controlled_augmentation
"We have noticed: Please inspect this environmental issue: air: dust, construction/demolition in the residential area. We would appreciate assistance with this issue.",environment,english,NYC311_seed_controlled_augmentation
Missed Recycling Paper is creating an unsanitary condition in our neighbourhood. Please take the necessary action.,garbage,english,NYC311_seed_controlled_augmentation
Garbage-related problems include improper disposal near the junction.,garbage,english,NYC311_seed_controlled_augmentation
Residents have reported lamppost knocked down close to the bus stop.,electricity,english,NYC311_seed_controlled_augmentation
The area needs cleaning because of missed collection near the junction.,garbage,english,NYC311_seed_controlled_augmentation
Wastewater is causing problems due to sewage odor close to the town centre. Residents are requesting assistance.,drainage,english,NYC311_seed_controlled_augmentation
We are experiencing: Please address missed collection close to the bus stop. This is causing inconvenience to the public.,garbage,english,NYC311_seed_controlled_augmentation
There appears to be leak on the main road.,water_supply,english,NYC311_seed_controlled_augmentation
Please send a technician because of no lighting near the school.,electricity,english,NYC311_seed_controlled_augmentation
Our area is facing heavy flow close to the town centre. Residents are requesting assistance.,water_supply,english,NYC311_seed_controlled_augmentation
There is a water supply problem involving hydrant leaking in the residential area.,water_supply,english,NYC311_seed_controlled_augmentation
Residents have complained about dirty area/alleyway near the public market.,garbage,english,NYC311_seed_controlled_augmentation
"People nearby have complained about unsafe chemical, storage close to the bus stop. Please arrange an inspection.",environment,english,NYC311_seed_controlled_augmentation
"Residents are concerned about rough, pitted or cracked roads in the residential area.",roads,english,NYC311_seed_controlled_augmentation
There appears to be: The drainage problem appears to involve manhole overflow close to the town centre. Please investigate this issue.,drainage,english,NYC311_seed_controlled_augmentation
We are experiencing dirty water near the hospital. We would appreciate assistance with this issue.,water_supply,english,NYC311_seed_controlled_augmentation
Street Flooding is affecting the area in our neighbourhood. Residents are requesting assistance.,drainage,english,NYC311_seed_controlled_augmentation
The road surface is affected by curb defect-metal protruding outside our building. Residents are requesting assistance.,roads,english,NYC311_seed_controlled_augmentation
Please check: Leak has affected the local water supply near the junction. Please take the necessary action.,water_supply,english,NYC311_seed_controlled_augmentation
There is a water supply problem involving slow leak near our house. Please investigate this issue.,water_supply,english,NYC311_seed_controlled_augmentation
Our area is facing unknown odor/taste in drinking water near the hospital. We would appreciate assistance with this issue.,water_supply,english,NYC311_seed_controlled_augmentation
We have noticed: The drainage problem appears to involve street flooding near the hospital.,drainage,english,NYC311_seed_controlled_augmentation
Wastewater is causing problems due to rain garden flooding near the junction.,drainage,english,NYC311_seed_controlled_augmentation
"I am reporting: Residents are concerned about unsafe chemical, abandoned in our neighbourhood.",environment,english,NYC311_seed_controlled_augmentation
We have noticed chemical vapors/gases/odors near the junction. This issue needs attention.,environment,english,NYC311_seed_controlled_augmentation
Residents have reported: Residents are reporting street flooding close to the bus stop.,drainage,english,NYC311_seed_controlled_augmentation
"We are experiencing taste/odor, chlorine near the public market.",water_supply,english,NYC311_seed_controlled_augmentation
Residents have reported: Please inspect the electrical issue: street light out along the roadside. This issue needs attention.,electricity,english,NYC311_seed_controlled_augmentation
The road has pothole in the residential area. Residents are requesting assistance.,roads,english,NYC311_seed_controlled_augmentation
Please send a technician because of power outage near our house.,electricity,english,NYC311_seed_controlled_augmentation
I would like to report: Garbage-related problems include improper disposal near our house. Residents are requesting assistance.,garbage,english,NYC311_seed_controlled_augmentation
Residents have reported: The drainage problem appears to involve sewage leak on the main road.,drainage,english,NYC311_seed_controlled_augmentation
Wastewater is causing problems due to sewage leak in our neighbourhood. Residents are requesting assistance.,drainage,english,NYC311_seed_controlled_augmentation
I would like to report: We are experiencing an electrical problem involving wiring outside our building. Please arrange an inspection.,electricity,english,NYC311_seed_controlled_augmentation
Please investigate chemical vapors/gases/odors outside our building. This is causing inconvenience to the public.,environment,english,NYC311_seed_controlled_augmentation
Residents have complained about dirty sidewalk on the main road. Please take the necessary action.,garbage,english,NYC311_seed_controlled_augmentation
Please investigate the water issue: heavy flow near our house. Please resolve this problem as soon as possible.,water_supply,english,NYC311_seed_controlled_augmentation
Please inspect the electrical issue: street light out in our neighbourhood. Please resolve this problem as soon as possible.,electricity,english,NYC311_seed_controlled_augmentation
I am reporting: There is catch basin clogged/flooding near the junction.,drainage,english,NYC311_seed_controlled_augmentation
There is sewer or drain near the hospital. Please investigate this issue.,drainage,english,NYC311_seed_controlled_augmentation
"Taste/Odor, Bitter/Metallic has affected the local water supply in the residential area.",water_supply,english,NYC311_seed_controlled_augmentation
I am reporting: Residents are reporting street flooding in our neighbourhood. Residents are requesting assistance.,drainage,english,NYC311_seed_controlled_augmentation
Failed Street Repair is causing problems for vehicles near our house. The problem has been continuing for some time.,roads,english,NYC311_seed_controlled_augmentation
The drainage system has street flooding near the hospital. Please arrange an inspection.,drainage,english,NYC311_seed_controlled_augmentation
Please address 15 street cond/dump-out/drop-off along the roadside. This issue needs attention.,garbage,english,NYC311_seed_controlled_augmentation
Pothole near the junction. Residents are requesting assistance.,roads,english,NYC311_seed_controlled_augmentation
Please inspect this environmental issue: large number of mosquitoes on the main road. This issue needs attention.,environment,english,NYC311_seed_controlled_augmentation
I am reporting: Lamppost Wire Exposed is affecting the area along the roadside.,electricity,english,NYC311_seed_controlled_augmentation
Ponding is affecting the area close to the town centre. This issue needs attention.,drainage,english,NYC311_seed_controlled_augmentation
"There is an environmental problem involving air: dust, construction/demolition near the hospital.",environment,english,NYC311_seed_controlled_augmentation
Receptacle Violation is creating an unsanitary condition near the junction. Please investigate this issue.,garbage,english,NYC311_seed_controlled_augmentation
Drivers are having difficulty because of defective hardware close to the bus stop. Residents are requesting assistance.,roads,english,NYC311_seed_controlled_augmentation
WIRING is affecting the area outside our building. Please take the necessary action.,electricity,english,NYC311_seed_controlled_augmentation
Residents are concerned about pothole - highway near the school. Please investigate this issue.,roads,english,NYC311_seed_controlled_augmentation
"Residents are concerned about air: odor/fumes, vehicle idling near the school.",environment,english,NYC311_seed_controlled_augmentation
There is sewage leak close to the town centre.,drainage,english,NYC311_seed_controlled_augmentation
Please repair broken curb in the residential area.,roads,english,NYC311_seed_controlled_augmentation
There is catch basin clogged/flooding close to the town centre. Please take the necessary action.,drainage,english,NYC311_seed_controlled_augmentation
Our area has: Our area is facing low water pressure - wlwp near our house. Please take the necessary action.,water_supply,english,NYC311_seed_controlled_augmentation
Please inspect this environmental issue: asbestos complaint on the main road.,environment,english,NYC311_seed_controlled_augmentation
Residents are reporting manhole overflow on the main road. Please arrange an inspection.,drainage,english,NYC311_seed_controlled_augmentation
"I would like to report: The road surface is affected by rough, pitted or cracked roads near the school.",roads,english,NYC311_seed_controlled_augmentation
"Please inspect this environmental issue: unsafe chemical, abandoned on the main road. Please resolve this problem as soon as possible.",environment,english,NYC311_seed_controlled_augmentation
"The area is affected by unsafe chemical, storage outside our building. This is causing inconvenience to the public.",environment,english,NYC311_seed_controlled_augmentation
There is street light out near the hospital.,electricity,english,NYC311_seed_controlled_augmentation
There is a water supply problem involving low water pressure - wlwp near the junction.,water_supply,english,NYC311_seed_controlled_augmentation
We are experiencing: Catch Basin Clogged/Flooding is affecting the area near the school. Please take the necessary action.,drainage,english,NYC311_seed_controlled_augmentation
Please inspect the drain because of ponding close to the town centre. Please arrange an inspection.,drainage,english,NYC311_seed_controlled_augmentation
Missed Collection is creating an unsanitary condition close to the bus stop.,garbage,english,NYC311_seed_controlled_augmentation
Please repair curb defect-metal protruding in the residential area. Please arrange an inspection.,roads,english,NYC311_seed_controlled_augmentation
"People nearby have complained about unsafe chemical, storage near the hospital.",environment,english,NYC311_seed_controlled_augmentation
There appears to be heavy flow near the public market. Please investigate this issue.,water_supply,english,NYC311_seed_controlled_augmentation
There appears to be: We are experiencing an electrical problem involving lamppost knocked down on the main road. Please send the responsible team to inspect the area.,electricity,english,NYC311_seed_controlled_augmentation
There is catch basin clogged/flooding outside our building. Please investigate this issue.,drainage,english,NYC311_seed_controlled_augmentation
Improper Disposal is creating an unsanitary condition in our neighbourhood. Please investigate this issue.,garbage,english,NYC311_seed_controlled_augmentation
Broken Curb outside our building. This issue needs attention.,roads,english,NYC311_seed_controlled_augmentation
"There has been: Unsafe Chemical, Storage is affecting the surrounding environment along the roadside.",environment,english,NYC311_seed_controlled_augmentation
Wastewater is causing problems due to catch basin clogged/flooding in our neighbourhood. Please investigate this issue.,drainage,english,NYC311_seed_controlled_augmentation
Garbage-related problems include receptacle violation along the roadside. Residents are requesting assistance.,garbage,english,NYC311_seed_controlled_augmentation
Drivers are having difficulty because of pothole - highway outside our building. We would appreciate assistance with this issue.,roads,english,NYC311_seed_controlled_augmentation
Please repair broken curb on the main road. This is causing inconvenience to the public.,roads,english,NYC311_seed_controlled_augmentation
Please check: Please address bulk-missed collection in our neighbourhood. Please arrange an inspection.,garbage,english,NYC311_seed_controlled_augmentation
There is sewage odor in the residential area.,drainage,english,NYC311_seed_controlled_augmentation
We need assistance with ponding near our house. Please arrange an inspection.,drainage,english,NYC311_seed_controlled_augmentation
"Residents have reported cloudy or milky, other on the main road. Please investigate this issue.",water_supply,english,NYC311_seed_controlled_augmentation
Please check the water system because of hydrant leaking near the school.,water_supply,english,NYC311_seed_controlled_augmentation
"Taste/Odor, Bitter/Metallic has affected the local water supply close to the town centre. We would appreciate assistance with this issue.",water_supply,english,NYC311_seed_controlled_augmentation
Residents are reporting street flooding near the public market. The problem has been continuing for some time.,drainage,english,NYC311_seed_controlled_augmentation
We are experiencing an electrical problem involving power outage outside our building. Residents are requesting assistance.,electricity,english,NYC311_seed_controlled_augmentation
There has been: WIRING is affecting the area near the hospital. We would appreciate assistance with this issue.,electricity,english,NYC311_seed_controlled_augmentation
Our area has: Please address receptacle violation near the school. This issue needs attention.,garbage,english,NYC311_seed_controlled_augmentation
The area needs cleaning because of missed collection outside our building. Please resolve this problem as soon as possible.,garbage,english,NYC311_seed_controlled_augmentation
There is an environmental problem involving asbestos complaint near our house. Please investigate this issue.,environment,english,NYC311_seed_controlled_augmentation
We have noticed: Please arrange cleaning because of missed recycling-all materials on the main road.,garbage,english,NYC311_seed_controlled_augmentation
Please inspect the drain because of sewage leak in the residential area.,drainage,english,NYC311_seed_controlled_augmentation
"Please investigate unsafe chemical, storage along the roadside. This is causing inconvenience to the public.",environment,english,NYC311_seed_controlled_augmentation
I am reporting: Waste has become a problem due to dirty sidewalk near the public market. Please resolve this problem as soon as possible.,garbage,english,NYC311_seed_controlled_augmentation
Please inspect the drain because of sewage odor along the roadside. Residents are requesting assistance.,drainage,english,NYC311_seed_controlled_augmentation
There appears to be low water pressure - wlwp near the hospital. The problem has been continuing for some time.,water_supply,english,NYC311_seed_controlled_augmentation
Waste has become a problem due to missed recycling-all materials on the main road.,garbage,english,NYC311_seed_controlled_augmentation
There appears to be outlet/switch near the junction. The problem has been continuing for some time.,electricity,english,NYC311_seed_controlled_augmentation
There is rain garden flooding in our neighbourhood.,drainage,english,NYC311_seed_controlled_augmentation
The drainage problem appears to involve culvert blocked/needs cleaning close to the bus stop. The problem has been continuing for some time.,drainage,english,NYC311_seed_controlled_augmentation
There is dirty area/alleyway near our house. The problem has been continuing for some time.,garbage,english,NYC311_seed_controlled_augmentation
The area needs cleaning because of improper disposal in the residential area. This is causing inconvenience to the public.,garbage,english,NYC311_seed_controlled_augmentation
There is pothole in the residential area. Residents are requesting assistance.,roads,english,NYC311_seed_controlled_augmentation
Residents have reported outlet/switch outside our building. Residents are requesting assistance.,electricity,english,NYC311_seed_controlled_augmentation
Please address 15 street cond/dump-out/drop-off near the hospital. Please resolve this problem as soon as possible.,garbage,english,NYC311_seed_controlled_augmentation
"Our area has: There is a water supply problem involving taste/odor, chlorine along the roadside.",water_supply,english,NYC311_seed_controlled_augmentation
Our area has: Please inspect the electrical issue: electrical wiring defective/exposed in the residential area.,electricity,english,NYC311_seed_controlled_augmentation
Wastewater is causing problems due to sewage leak close to the town centre. Please take the necessary action.,drainage,english,NYC311_seed_controlled_augmentation
The drainage problem appears to involve sewage leak near the hospital.,drainage,english,NYC311_seed_controlled_augmentation
We have noticed: Please repair defective hardware close to the town centre.,roads,english,NYC311_seed_controlled_augmentation
Residents have reported: POWER OUTAGE is affecting the area in our neighbourhood. Residents are requesting assistance.,electricity,english,NYC311_seed_controlled_augmentation
The electricity service has a problem with street light lamp dim in our neighbourhood. The problem has been continuing for some time.,electricity,english,NYC311_seed_controlled_augmentation
Missed Recycling - M/G/Pl is creating an unsanitary condition close to the bus stop.,garbage,english,NYC311_seed_controlled_augmentation
Garbage-related problems include dirty area/alleyway outside our building.,garbage,english,NYC311_seed_controlled_augmentation
I would like to report: Residents are reporting catch basin clogged/flooding along the roadside.,drainage,english,NYC311_seed_controlled_augmentation
Garbage-related problems include bulk-missed recy collection outside our building. This is causing inconvenience to the public.,garbage,english,NYC311_seed_controlled_augmentation
Possible Water Main Break has affected the local water supply along the roadside.,water_supply,english,NYC311_seed_controlled_augmentation
Drivers are having difficulty because of pothole close to the town centre.,roads,english,NYC311_seed_controlled_augmentation
There is failed street repair in the residential area. Please send the responsible team to inspect the area.,roads,english,NYC311_seed_controlled_augmentation
Please repair failed street repair near the hospital.,roads,english,NYC311_seed_controlled_augmentation
Wastewater is causing problems due to sewage odor near our house. Residents are requesting assistance.,drainage,english,NYC311_seed_controlled_augmentation
Please repair failed street repair near our house.,roads,english,NYC311_seed_controlled_augmentation
Dirty Area/Alleyway is creating an unsanitary condition near the school. The problem has been continuing for some time.,garbage,english,NYC311_seed_controlled_augmentation
We are experiencing damp spot near the junction. This is causing inconvenience to the public.,water_supply,english,NYC311_seed_controlled_augmentation
There is missed recycling-all materials on the main road. Please resolve this problem as soon as possible.,garbage,english,NYC311_seed_controlled_augmentation
Residents have reported dirty water near the school.,water_supply,english,NYC311_seed_controlled_augmentation
Dirty Sidewalk is creating an unsanitary condition near the junction.,garbage,english,NYC311_seed_controlled_augmentation
Receptacle Violation is creating an unsanitary condition near the public market.,garbage,english,NYC311_seed_controlled_augmentation
There is loose rubbish near the school. Please take the necessary action.,garbage,english,NYC311_seed_controlled_augmentation
Please repair curb defect-metal protruding on the main road.,roads,english,NYC311_seed_controlled_augmentation
There appears to be outlet/switch along the roadside. Please send the responsible team to inspect the area.,electricity,english,NYC311_seed_controlled_augmentation
The road has pothole near the hospital.,roads,english,NYC311_seed_controlled_augmentation
We have noticed air: other air problem near the school. The problem has been continuing for some time.,environment,english,NYC311_seed_controlled_augmentation
Please inspect the drain because of rain garden flooding near our house. Please arrange an inspection.,drainage,english,NYC311_seed_controlled_augmentation
No Water has affected the local water supply in the residential area. Please take the necessary action.,water_supply,english,NYC311_seed_controlled_augmentation
There is pothole near the hospital.,roads,english,NYC311_seed_controlled_augmentation
We have noticed: Please inspect the drain because of catch basin clogged/flooding near our house. Please arrange an inspection.,drainage,english,NYC311_seed_controlled_augmentation
Residents have reported: Please check the water system because of dirty water near the school. The problem has been continuing for some time.,water_supply,english,NYC311_seed_controlled_augmentation
Please inspect the electrical issue: lamppost knocked down along the roadside. Please arrange an inspection.,electricity,english,NYC311_seed_controlled_augmentation
There is loose rubbish close to the bus stop.,garbage,english,NYC311_seed_controlled_augmentation
Garbage-related problems include bulk-missed collection near our house. Please arrange an inspection.,garbage,english,NYC311_seed_controlled_augmentation
"The area is affected by air: smoke, vehicular outside our building.",environment,english,NYC311_seed_controlled_augmentation
The area is affected by air: other air problem along the roadside. Please take the necessary action.,environment,english,NYC311_seed_controlled_augmentation
Residents have complained about missed recycling-all materials in the residential area. We would appreciate assistance with this issue.,garbage,english,NYC311_seed_controlled_augmentation
There appears to be slow leak near the hospital. Please resolve this problem as soon as possible.,water_supply,english,NYC311_seed_controlled_augmentation
The drainage system has sewage odor near the hospital. Please resolve this problem as soon as possible.,drainage,english,NYC311_seed_controlled_augmentation
We have noticed: The drainage system has manhole overflow in the residential area. Please investigate this issue.,drainage,english,NYC311_seed_controlled_augmentation
"People nearby have complained about air: odor/fumes, vehicle idling near the school.",environment,english,NYC311_seed_controlled_augmentation
I am reporting: Please inspect this environmental issue: chemical vapors/gases/odors on the main road.,environment,english,NYC311_seed_controlled_augmentation
There has been: Sewer Backup is affecting the area near our house. We would appreciate assistance with this issue.,drainage,english,NYC311_seed_controlled_augmentation
Residents have reported: Missed Recycling - M/G/Pl is creating an unsanitary condition outside our building.,garbage,english,NYC311_seed_controlled_augmentation
Manhole Overflow is affecting the area near our house. The problem has been continuing for some time.,drainage,english,NYC311_seed_controlled_augmentation
I would like to report: The drainage system has manhole overflow near our house. Please arrange an inspection.,drainage,english,NYC311_seed_controlled_augmentation
"There is an environmental problem involving air: odor/fumes, vehicle idling near our house. This is causing inconvenience to the public.",environment,english,NYC311_seed_controlled_augmentation
There is broken curb along the roadside. We would appreciate assistance with this issue.,roads,english,NYC311_seed_controlled_augmentation
The drainage system has sewer backup along the roadside. This issue needs attention.,drainage,english,NYC311_seed_controlled_augmentation
Please inspect this environmental issue: air: other air problem close to the bus stop. This is causing inconvenience to the public.,environment,english,NYC311_seed_controlled_augmentation
We need assistance with sewer backup along the roadside. This issue needs attention.,drainage,english,NYC311_seed_controlled_augmentation
The drainage problem appears to involve sewage leak in the residential area. Please arrange an inspection.,drainage,english,NYC311_seed_controlled_augmentation
The electricity service has a problem with lamppost wire exposed close to the town centre. Please investigate this issue.,electricity,english,NYC311_seed_controlled_augmentation
Please inspect the electrical issue: no lighting near the hospital. Please take the necessary action.,electricity,english,NYC311_seed_controlled_augmentation
Our area is facing heavy flow in the residential area. Please investigate this issue.,water_supply,english,NYC311_seed_controlled_augmentation
Residents are reporting culvert blocked/needs cleaning outside our building.,drainage,english,NYC311_seed_controlled_augmentation
Please inspect this environmental issue: chemical vapors/gases/odors near our house. Residents are requesting assistance.,environment,english,NYC311_seed_controlled_augmentation
Residents have reported lamppost wire exposed near our house. Please take the necessary action.,electricity,english,NYC311_seed_controlled_augmentation
"We have noticed air: odor/fumes, restaurant on the main road. Residents are requesting assistance.",environment,english,NYC311_seed_controlled_augmentation
Catch Basin Clogged/Flooding is affecting the area near the school.,drainage,english,NYC311_seed_controlled_augmentation
I would like to report: We are experiencing an electrical problem involving wiring outside our building.,electricity,english,NYC311_seed_controlled_augmentation
The area needs cleaning because of receptacle violation along the roadside. This is causing inconvenience to the public.,garbage,english,NYC311_seed_controlled_augmentation
Please inspect the electrical issue: street light lamp dim near the hospital. Please arrange an inspection.,electricity,english,NYC311_seed_controlled_augmentation
Please address receptacle violation near our house. Residents are requesting assistance.,garbage,english,NYC311_seed_controlled_augmentation
Please investigate large number of mosquitoes on the main road.,environment,english,NYC311_seed_controlled_augmentation
Residents have reported lighting along the roadside. We would appreciate assistance with this issue.,electricity,english,NYC311_seed_controlled_augmentation
"There appears to be cloudy or milky, other near the school. This is causing inconvenience to the public.",water_supply,english,NYC311_seed_controlled_augmentation
"The area is affected by oil spill on street, small near the hospital.",environment,english,NYC311_seed_controlled_augmentation
No Water has affected the local water supply near the school. We would appreciate assistance with this issue.,water_supply,english,NYC311_seed_controlled_augmentation
There appears to be no lighting near our house. Please resolve this problem as soon as possible.,electricity,english,NYC311_seed_controlled_augmentation
Residents have reported damp spot in our neighbourhood. This is causing inconvenience to the public.,water_supply,english,NYC311_seed_controlled_augmentation
Please inspect the electrical issue: multiple street lights out near the hospital. We would appreciate assistance with this issue.,electricity,english,NYC311_seed_controlled_augmentation
Residents are reporting manhole overflow close to the town centre. The problem has been continuing for some time.,drainage,english,NYC311_seed_controlled_augmentation
There appears to be electrical wiring defective/exposed in the residential area. Please take the necessary action.,electricity,english,NYC311_seed_controlled_augmentation
We are experiencing: There is an environmental problem involving chemical vapors/gases/odors near the public market. Please resolve this problem as soon as possible.,environment,english,NYC311_seed_controlled_augmentation
We need assistance with street flooding close to the bus stop. The problem has been continuing for some time.,drainage,english,NYC311_seed_controlled_augmentation
There is missed recycling paper on the main road. This issue needs attention.,garbage,english,NYC311_seed_controlled_augmentation
People nearby have complained about asbestos complaint in our neighbourhood. Please take the necessary action.,environment,english,NYC311_seed_controlled_augmentation
"Please check: Please inspect this environmental issue: unsafe chemical, storage near the hospital. This is causing inconvenience to the public.",environment,english,NYC311_seed_controlled_augmentation
Missed Collection is creating an unsanitary condition near the public market. This is causing inconvenience to the public.,garbage,english,NYC311_seed_controlled_augmentation
There appears to be: There is a water supply problem involving hydrant leaking outside our building.,water_supply,english,NYC311_seed_controlled_augmentation
Garbage-related problems include bulk-missed collection near the junction.,garbage,english,NYC311_seed_controlled_augmentation
Please address improper disposal near the public market.,garbage,english,NYC311_seed_controlled_augmentation
People nearby have complained about ventilation in our neighbourhood. Please resolve this problem as soon as possible.,environment,english,NYC311_seed_controlled_augmentation
"Taste/Odor, Bitter/Metallic has affected the local water supply along the roadside. Please investigate this issue.",water_supply,english,NYC311_seed_controlled_augmentation
Please investigate the water issue: unknown odor/taste in drinking water close to the bus stop. The problem has been continuing for some time.,water_supply,english,NYC311_seed_controlled_augmentation
Wastewater is causing problems due to catch basin clogged/flooding in the residential area.,drainage,english,NYC311_seed_controlled_augmentation
"Residents are concerned about air: odor/fumes, restaurant near our house.",environment,english,NYC311_seed_controlled_augmentation
I am reporting: Please address missed recycling-all materials near the school.,garbage,english,NYC311_seed_controlled_augmentation
There is cave-in near the school. Please investigate this issue.,roads,english,NYC311_seed_controlled_augmentation
Our area has: Cave-in near the hospital. Please investigate this issue.,roads,english,NYC311_seed_controlled_augmentation
Lamppost Wire Exposed is affecting the area near our house.,electricity,english,NYC311_seed_controlled_augmentation
"The area is affected by air: dust, other along the roadside. Please send the responsible team to inspect the area.",environment,english,NYC311_seed_controlled_augmentation
The road surface is affected by pothole near the public market.,roads,english,NYC311_seed_controlled_augmentation
Please send a technician because of street light lamp dim near the hospital.,electricity,english,NYC311_seed_controlled_augmentation
Residents are concerned about chemical odor near the hospital.,environment,english,NYC311_seed_controlled_augmentation
There is: Garbage-related problems include missed recycling - m/g/pl close to the bus stop.,garbage,english,NYC311_seed_controlled_augmentation
"Please inspect this environmental issue: air: odor/fumes, restaurant near our house. Please resolve this problem as soon as possible.",environment,english,NYC311_seed_controlled_augmentation
Drivers are having difficulty because of pothole near the hospital. Please resolve this problem as soon as possible.,roads,english,NYC311_seed_controlled_augmentation
I would like to report: The electricity service has a problem with lamppost knocked down near the school.,electricity,english,NYC311_seed_controlled_augmentation
Our area is facing no water close to the town centre. Please resolve this problem as soon as possible.,water_supply,english,NYC311_seed_controlled_augmentation
"There appears to be taste/odor, bitter/metallic along the roadside. Please arrange an inspection.",water_supply,english,NYC311_seed_controlled_augmentation
Please address bulk-missed collection near the school. This is causing inconvenience to the public.,garbage,english,NYC311_seed_controlled_augmentation
Drivers are having difficulty because of defective hardware near the hospital. Please take the necessary action.,roads,english,NYC311_seed_controlled_augmentation
There appears to be outlet/switch near the hospital. The problem has been continuing for some time.,electricity,english,NYC311_seed_controlled_augmentation
SLOW LEAK has affected the local water supply near the junction.,water_supply,english,NYC311_seed_controlled_augmentation
"Please inspect this environmental issue: air: smoke, vehicular near our house. Please send the responsible team to inspect the area.",environment,english,NYC311_seed_controlled_augmentation
"Residents are concerned about unsafe chemical, storage near the hospital. Please resolve this problem as soon as possible.",environment,english,NYC311_seed_controlled_augmentation
I am reporting: We need assistance with sewer backup close to the bus stop.,drainage,english,NYC311_seed_controlled_augmentation
We have noticed: Residents have reported no water close to the town centre.,water_supply,english,NYC311_seed_controlled_augmentation
Please arrange cleaning because of dirty area/alleyway in our neighbourhood.,garbage,english,NYC311_seed_controlled_augmentation
Residents are concerned about defective hardware near our house. We would appreciate assistance with this issue.,roads,english,NYC311_seed_controlled_augmentation
We need assistance with manhole overflow in our neighbourhood. Please send the responsible team to inspect the area.,drainage,english,NYC311_seed_controlled_augmentation
Residents have complained about missed recycling-all materials along the roadside. Please arrange an inspection.,garbage,english,NYC311_seed_controlled_augmentation
I would like to report: The electricity service has a problem with power outage in the residential area. Please take the necessary action.,electricity,english,NYC311_seed_controlled_augmentation
We are experiencing: Residents have complained about bulk-missed recy collection near the hospital. This is causing inconvenience to the public.,garbage,english,NYC311_seed_controlled_augmentation
The drainage system has sewage odor along the roadside. Please send the responsible team to inspect the area.,drainage,english,NYC311_seed_controlled_augmentation
Catch Basin Clogged/Flooding is affecting the area near our house.,drainage,english,NYC311_seed_controlled_augmentation
Garbage-related problems include missed recycling paper near the junction. Please investigate this issue.,garbage,english,NYC311_seed_controlled_augmentation
Please repair failed street repair near the junction. Please take the necessary action.,roads,english,NYC311_seed_controlled_augmentation
The drainage problem appears to involve ponding close to the bus stop. We would appreciate assistance with this issue.,drainage,english,NYC311_seed_controlled_augmentation
Please inspect the drain because of culvert blocked/needs cleaning close to the town centre. Please send the responsible team to inspect the area.,drainage,english,NYC311_seed_controlled_augmentation
Please investigate the water issue: slow leak close to the bus stop. Please investigate this issue.,water_supply,english,NYC311_seed_controlled_augmentation
There appears to be multiple street lights out on the main road. The problem has been continuing for some time.,electricity,english,NYC311_seed_controlled_augmentation
There is electrical wiring defective/exposed in the residential area.,electricity,english,NYC311_seed_controlled_augmentation
The road has wear & tear along the roadside.,roads,english,NYC311_seed_controlled_augmentation
Residents are concerned about pothole near our house. Please resolve this problem as soon as possible.,roads,english,NYC311_seed_controlled_augmentation
We are experiencing an electrical problem involving street light lamp dim near the school. This is causing inconvenience to the public.,electricity,english,NYC311_seed_controlled_augmentation
Please check the water system because of dirty water on the main road. Please send the responsible team to inspect the area.,water_supply,english,NYC311_seed_controlled_augmentation
We need assistance with sewer or drain in our neighbourhood. We would appreciate assistance with this issue.,drainage,english,NYC311_seed_controlled_augmentation
"Air: Odor/Fumes, Restaurant is affecting the surrounding environment close to the town centre. This is causing inconvenience to the public.",environment,english,NYC311_seed_controlled_augmentation
Please send a technician because of lighting near the school.,electricity,english,NYC311_seed_controlled_augmentation
We are experiencing an electrical problem involving multiple street lights out on the main road.,electricity,english,NYC311_seed_controlled_augmentation
Garbage-related problems include 15 street cond/dump-out/drop-off near the junction.,garbage,english,NYC311_seed_controlled_augmentation
OUTLET/SWITCH is affecting the area near the junction. Please arrange an inspection.,electricity,english,NYC311_seed_controlled_augmentation
Please send a technician because of outlet/switch in our neighbourhood.,electricity,english,NYC311_seed_controlled_augmentation
We are experiencing slow leak close to the town centre. Please arrange an inspection.,water_supply,english,NYC311_seed_controlled_augmentation
Our area has: Garbage-related problems include loose rubbish near the school. The problem has been continuing for some time.,garbage,english,NYC311_seed_controlled_augmentation
I would like to report: We have noticed chemical vapors/gases/odors near our house. Please arrange an inspection.,environment,english,NYC311_seed_controlled_augmentation
There is street flooding outside our building.,drainage,english,NYC311_seed_controlled_augmentation
Residents have reported: The road has defective hardware close to the bus stop. This is causing inconvenience to the public.,roads,english,NYC311_seed_controlled_augmentation
"The road surface is affected by rough, pitted or cracked roads outside our building.",roads,english,NYC311_seed_controlled_augmentation
The drainage system has ponding near the junction. We would appreciate assistance with this issue.,drainage,english,NYC311_seed_controlled_augmentation
The area is affected by asbestos complaint along the roadside. This issue needs attention.,environment,english,NYC311_seed_controlled_augmentation
Please inspect the drain because of sewer or drain close to the town centre. We would appreciate assistance with this issue.,drainage,english,NYC311_seed_controlled_augmentation
Residents have reported: Please investigate chemical spill/release along the roadside. Please take the necessary action.,environment,english,NYC311_seed_controlled_augmentation
Please investigate chemical vapors/gases/odors in our neighbourhood. Please resolve this problem as soon as possible.,environment,english,NYC311_seed_controlled_augmentation
There appears to be lamppost wire exposed in the residential area.,electricity,english,NYC311_seed_controlled_augmentation
I would like to report: Residents have reported wiring near the junction. Please arrange an inspection.,electricity,english,NYC311_seed_controlled_augmentation
There is power outage near the school. Please send the responsible team to inspect the area.,electricity,english,NYC311_seed_controlled_augmentation
We are experiencing possible water main break in our neighbourhood.,water_supply,english,NYC311_seed_controlled_augmentation
"People nearby have complained about air: dust, other close to the town centre.",environment,english,NYC311_seed_controlled_augmentation
The drainage system has ponding near the public market. Residents are requesting assistance.,drainage,english,NYC311_seed_controlled_augmentation
Residents are reporting catch basin clogged/flooding near our house. Please arrange an inspection.,drainage,english,NYC311_seed_controlled_augmentation
OUTLET/SWITCH is affecting the area near the hospital.,electricity,english,NYC311_seed_controlled_augmentation
Residents have complained about missed recycling - m/g/pl outside our building. Please resolve this problem as soon as possible.,garbage,english,NYC311_seed_controlled_augmentation
"Unsafe Chemical, Abandoned is affecting the surrounding environment close to the town centre. Please arrange an inspection.",environment,english,NYC311_seed_controlled_augmentation
"Please investigate oil spill on street, large outside our building. This issue needs attention.",environment,english,NYC311_seed_controlled_augmentation
There is: Wastewater is causing problems due to street flooding near the hospital. Please take the necessary action.,drainage,english,NYC311_seed_controlled_augmentation
Curb Defect-Metal Protruding near the school. This is causing inconvenience to the public.,roads,english,NYC311_seed_controlled_augmentation
The drainage problem appears to involve sewer or drain near the hospital. Please investigate this issue.,drainage,english,NYC311_seed_controlled_augmentation
Please repair cave-in close to the bus stop. Please resolve this problem as soon as possible.,roads,english,NYC311_seed_controlled_augmentation
Garbage-related problems include receptacle violation outside our building. This is causing inconvenience to the public.,garbage,english,NYC311_seed_controlled_augmentation
The electricity service has a problem with lighting near our house. This is causing inconvenience to the public.,electricity,english,NYC311_seed_controlled_augmentation
Waste has become a problem due to receptacle violation near the hospital.,garbage,english,NYC311_seed_controlled_augmentation
The drainage problem appears to involve sewage leak outside our building. Please arrange an inspection.,drainage,english,NYC311_seed_controlled_augmentation
Our area has: POWER OUTAGE is affecting the area close to the town centre. The problem has been continuing for some time.,electricity,english,NYC311_seed_controlled_augmentation
Residents are reporting sewage odor near the junction. This is causing inconvenience to the public.,drainage,english,NYC311_seed_controlled_augmentation
The area needs cleaning because of missed recycling - m/g/pl on the main road. Please send the responsible team to inspect the area.,garbage,english,NYC311_seed_controlled_augmentation
We are experiencing an electrical problem involving power outage in our neighbourhood. Please arrange an inspection.,electricity,english,NYC311_seed_controlled_augmentation
Please check: We need assistance with sewage leak on the main road. We would appreciate assistance with this issue.,drainage,english,NYC311_seed_controlled_augmentation
There is cave-in near the school. This issue needs attention.,roads,english,NYC311_seed_controlled_augmentation
There is curb defect-metal protruding close to the town centre. We would appreciate assistance with this issue.,roads,english,NYC311_seed_controlled_augmentation
"Residents are concerned about oil spill on street, small in the residential area. This issue needs attention.",environment,english,NYC311_seed_controlled_augmentation
"We are experiencing taste/odor, bitter/metallic along the roadside. Please take the necessary action.",water_supply,english,NYC311_seed_controlled_augmentation
There is: We are experiencing hydrant leaking in our neighbourhood.,water_supply,english,NYC311_seed_controlled_augmentation
Please inspect this environmental issue: chemical vapors/gases/odors near our house.,environment,english,NYC311_seed_controlled_augmentation
The drainage problem appears to involve sewer or drain along the roadside. This issue needs attention.,drainage,english,NYC311_seed_controlled_augmentation
Please repair pothole outside our building. Please send the responsible team to inspect the area.,roads,english,NYC311_seed_controlled_augmentation
"There has been: The area is affected by unsafe chemical, storage close to the bus stop. Please send the responsible team to inspect the area.",environment,english,NYC311_seed_controlled_augmentation
Residents are reporting culvert blocked/needs cleaning close to the town centre.,drainage,english,NYC311_seed_controlled_augmentation
We need assistance with sewer backup near the public market. Please take the necessary action.,drainage,english,NYC311_seed_controlled_augmentation
I would like to report: The road has failed street repair near the public market. Please send the responsible team to inspect the area.,roads,english,NYC311_seed_controlled_augmentation
Residents have reported: The drainage system has sewer or drain in our neighbourhood. Please resolve this problem as soon as possible.,drainage,english,NYC311_seed_controlled_augmentation
"We have noticed air: smoke, chimney or vent in the residential area. Please investigate this issue.",environment,english,NYC311_seed_controlled_augmentation
"Please investigate the water issue: taste/odor, bitter/metallic near the hospital. This is causing inconvenience to the public.",water_supply,english,NYC311_seed_controlled_augmentation
There has been: Please send a technician because of lamppost wire exposed near the junction. Please resolve this problem as soon as possible.,electricity,english,NYC311_seed_controlled_augmentation
Dirty Sidewalk is creating an unsanitary condition near the hospital.,garbage,english,NYC311_seed_controlled_augmentation
"We are experiencing: Air: Odor/Fumes, Vehicle Idling is affecting the surrounding environment on the main road.",environment,english,NYC311_seed_controlled_augmentation
We have noticed: There is improper disposal in our neighbourhood.,garbage,english,NYC311_seed_controlled_augmentation
People nearby have complained about chemical vapors/gases/odors close to the bus stop. Please take the necessary action.,environment,english,NYC311_seed_controlled_augmentation
Wear & Tear near the school.,roads,english,NYC311_seed_controlled_augmentation
The road has broken curb close to the bus stop.,roads,english,NYC311_seed_controlled_augmentation
Pothole - Highway is causing problems for vehicles close to the bus stop. The problem has been continuing for some time.,roads,english,NYC311_seed_controlled_augmentation
Defective Hardware is causing problems for vehicles near the junction.,roads,english,NYC311_seed_controlled_augmentation
The road surface is affected by broken curb outside our building. Please arrange an inspection.,roads,english,NYC311_seed_controlled_augmentation
We have noticed: Please investigate ventilation near the junction. Residents are requesting assistance.,environment,english,NYC311_seed_controlled_augmentation
Lamppost Wire Exposed is affecting the area near the school. Please resolve this problem as soon as possible.,electricity,english,NYC311_seed_controlled_augmentation
I am reporting: Residents have reported lamppost knocked down near the school. Please take the necessary action.,electricity,english,NYC311_seed_controlled_augmentation
Garbage-related problems include loose rubbish in our neighbourhood.,garbage,english,NYC311_seed_controlled_augmentation
The drainage problem appears to involve sewer backup in our neighbourhood.,drainage,english,NYC311_seed_controlled_augmentation
Wastewater is causing problems due to sewage odor on the main road. Please investigate this issue.,drainage,english,NYC311_seed_controlled_augmentation
"We are experiencing cloudy or milky, other close to the bus stop. The problem has been continuing for some time.",water_supply,english,NYC311_seed_controlled_augmentation
The road has pothole near our house. Please resolve this problem as soon as possible.,roads,english,NYC311_seed_controlled_augmentation
"We have noticed air: dust, construction/demolition in our neighbourhood. Please take the necessary action.",environment,english,NYC311_seed_controlled_augmentation
Broken Curb is causing problems for vehicles in the residential area. Please send the responsible team to inspect the area.,roads,english,NYC311_seed_controlled_augmentation
There is sewer backup in our neighbourhood. Please resolve this problem as soon as possible.,drainage,english,NYC311_seed_controlled_augmentation
Residents have reported: Bulk-Missed Recy Collection is creating an unsanitary condition near the junction. Please arrange an inspection.,garbage,english,NYC311_seed_controlled_augmentation
Please repair defective hardware near the public market. Please investigate this issue.,roads,english,NYC311_seed_controlled_augmentation
We are experiencing an electrical problem involving electrical wiring defective/exposed along the roadside. We would appreciate assistance with this issue.,electricity,english,NYC311_seed_controlled_augmentation
Residents are concerned about curb defect-metal protruding in the residential area. Please arrange an inspection.,roads,english,NYC311_seed_controlled_augmentation
People nearby have complained about air: other air problem near the junction. This issue needs attention.,environment,english,NYC311_seed_controlled_augmentation
Please inspect the drain because of street flooding near the junction.,drainage,english,NYC311_seed_controlled_augmentation
There is missed recycling-all materials near our house. Please investigate this issue.,garbage,english,NYC311_seed_controlled_augmentation
We need assistance with rain garden flooding in our neighbourhood. Please investigate this issue.,drainage,english,NYC311_seed_controlled_augmentation
Residents have reported: We need assistance with street flooding close to the bus stop. Residents are requesting assistance.,drainage,english,NYC311_seed_controlled_augmentation
Residents have reported: Waste has become a problem due to missed recycling paper close to the town centre. We would appreciate assistance with this issue.,garbage,english,NYC311_seed_controlled_augmentation
Please send a technician because of lighting near the hospital.,electricity,english,NYC311_seed_controlled_augmentation
Residents have reported slow leak outside our building.,water_supply,english,NYC311_seed_controlled_augmentation
Pothole - Highway is causing problems for vehicles near the junction.,roads,english,NYC311_seed_controlled_augmentation
"There is: Air: Dust, Other is affecting the surrounding environment close to the bus stop.",environment,english,NYC311_seed_controlled_augmentation
The drainage problem appears to involve street flooding outside our building. The problem has been continuing for some time.,drainage,english,NYC311_seed_controlled_augmentation
Please arrange cleaning because of dirty area/alleyway near the public market.,garbage,english,NYC311_seed_controlled_augmentation
There is: Dirty Sidewalk is creating an unsanitary condition in our neighbourhood.,garbage,english,NYC311_seed_controlled_augmentation
There is ponding in our neighbourhood.,drainage,english,NYC311_seed_controlled_augmentation
We have noticed: Wear & Tear is causing problems for vehicles outside our building.,roads,english,NYC311_seed_controlled_augmentation
Drivers are having difficulty because of failed street repair near the school.,roads,english,NYC311_seed_controlled_augmentation
"There is an environmental problem involving unsafe chemical, abandoned near the public market. Please take the necessary action.",environment,english,NYC311_seed_controlled_augmentation
"There appears to be: There is a water supply problem involving taste/odor, bitter/metallic outside our building.",water_supply,english,NYC311_seed_controlled_augmentation
"There is: Please investigate air: dust, other close to the bus stop. Please take the necessary action.",environment,english,NYC311_seed_controlled_augmentation
There is receptacle violation outside our building. Please take the necessary action.,garbage,english,NYC311_seed_controlled_augmentation
I am reporting: Residents have reported outlet/switch close to the bus stop. We would appreciate assistance with this issue.,electricity,english,NYC311_seed_controlled_augmentation
There is street flooding near the school. Please resolve this problem as soon as possible.,drainage,english,NYC311_seed_controlled_augmentation
LOW WATER PRESSURE - WLWP has affected the local water supply near the junction. Please resolve this problem as soon as possible.,water_supply,english,NYC311_seed_controlled_augmentation
We have noticed: Lamppost Wire Exposed is affecting the area on the main road. Please investigate this issue.,electricity,english,NYC311_seed_controlled_augmentation
Drivers are having difficulty because of cave-in near the public market.,roads,english,NYC311_seed_controlled_augmentation
There is missed recycling paper along the roadside.,garbage,english,NYC311_seed_controlled_augmentation
The drainage system has ponding along the roadside. The problem has been continuing for some time.,drainage,english,NYC311_seed_controlled_augmentation
Air: Other Air Problem is affecting the surrounding environment in our neighbourhood. The problem has been continuing for some time.,environment,english,NYC311_seed_controlled_augmentation
We are experiencing no water in the residential area. Please resolve this problem as soon as possible.,water_supply,english,NYC311_seed_controlled_augmentation
The road has pothole - highway near the school. Please arrange an inspection.,roads,english,NYC311_seed_controlled_augmentation
There is culvert blocked/needs cleaning near the school. Residents are requesting assistance.,drainage,english,NYC311_seed_controlled_augmentation
Residents have reported lamppost knocked down near our house. Please investigate this issue.,electricity,english,NYC311_seed_controlled_augmentation
"We have noticed: There is an environmental problem involving oil spill on street, large on the main road. Please arrange an inspection.",environment,english,NYC311_seed_controlled_augmentation
Failed Street Repair is causing problems for vehicles near the school. Residents are requesting assistance.,roads,english,NYC311_seed_controlled_augmentation
The drainage problem appears to involve catch basin clogged/flooding outside our building.,drainage,english,NYC311_seed_controlled_augmentation
The road surface is affected by failed street repair near the school. We would appreciate assistance with this issue.,roads,english,NYC311_seed_controlled_augmentation
There is: Waste has become a problem due to missed recycling-all materials along the roadside.,garbage,english,NYC311_seed_controlled_augmentation
Residents are reporting manhole overflow near the school.,drainage,english,NYC311_seed_controlled_augmentation
Drivers are having difficulty because of pothole - highway near the hospital. We would appreciate assistance with this issue.,roads,english,NYC311_seed_controlled_augmentation
We are experiencing unknown odor/taste in drinking water near the public market.,water_supply,english,NYC311_seed_controlled_augmentation
Waste has become a problem due to dirty sidewalk in the residential area. The problem has been continuing for some time.,garbage,english,NYC311_seed_controlled_augmentation
The drainage problem appears to involve manhole overflow near the public market. This is causing inconvenience to the public.,drainage,english,NYC311_seed_controlled_augmentation
15 Street Cond/Dump-Out/Drop-Off is creating an unsanitary condition near the hospital. We would appreciate assistance with this issue.,garbage,english,NYC311_seed_controlled_augmentation
Wastewater is causing problems due to sewer or drain close to the town centre. This issue needs attention.,drainage,english,NYC311_seed_controlled_augmentation
"We are experiencing taste/odor, bitter/metallic near our house.",water_supply,english,NYC311_seed_controlled_augmentation
There has been: We are experiencing hydrant leaking near the school. Please send the responsible team to inspect the area.,water_supply,english,NYC311_seed_controlled_augmentation
Residents have complained about missed recycling - m/g/pl near our house. This is causing inconvenience to the public.,garbage,english,NYC311_seed_controlled_augmentation
There is loose rubbish near the public market. This issue needs attention.,garbage,english,NYC311_seed_controlled_augmentation
"Taste/Odor, Bitter/Metallic has affected the local water supply near the hospital. This issue needs attention.",water_supply,english,NYC311_seed_controlled_augmentation
The area is affected by asbestos complaint in the residential area. This issue needs attention.,environment,english,NYC311_seed_controlled_augmentation
The electricity service has a problem with outlet/switch on the main road.,electricity,english,NYC311_seed_controlled_augmentation
Residents have reported possible water main break on the main road. This is causing inconvenience to the public.,water_supply,english,NYC311_seed_controlled_augmentation
Broken Curb is causing problems for vehicles on the main road.,roads,english,NYC311_seed_controlled_augmentation
Please repair curb defect-metal protruding near the junction.,roads,english,NYC311_seed_controlled_augmentation
Please inspect the drain because of sewer backup along the roadside. This is causing inconvenience to the public.,drainage,english,NYC311_seed_controlled_augmentation
Please inspect the drain because of catch basin clogged/flooding in our neighbourhood. Please take the necessary action.,drainage,english,NYC311_seed_controlled_augmentation
Receptacle Violation is creating an unsanitary condition close to the town centre.,garbage,english,NYC311_seed_controlled_augmentation
We are experiencing: Please inspect the electrical issue: wiring near the hospital.,electricity,english,NYC311_seed_controlled_augmentation
"There appears to be taste/odor, chlorine near the public market.",water_supply,english,NYC311_seed_controlled_augmentation
The area needs cleaning because of dirty sidewalk near the school. Please send the responsible team to inspect the area.,garbage,english,NYC311_seed_controlled_augmentation
Waste has become a problem due to bulk-missed collection near our house. Residents are requesting assistance.,garbage,english,NYC311_seed_controlled_augmentation
Residents are reporting culvert blocked/needs cleaning in our neighbourhood.,drainage,english,NYC311_seed_controlled_augmentation
Waste has become a problem due to loose rubbish on the main road. Please investigate this issue.,garbage,english,NYC311_seed_controlled_augmentation
"Our area is facing taste/odor, bitter/metallic near the junction.",water_supply,english,NYC311_seed_controlled_augmentation
I would like to report: Residents have complained about missed collection near the hospital.,garbage,english,NYC311_seed_controlled_augmentation
"We are experiencing taste/odor, chlorine in our neighbourhood. This issue needs attention.",water_supply,english,NYC311_seed_controlled_augmentation
"There is an environmental problem involving air: odor/fumes, restaurant in our neighbourhood.",environment,english,NYC311_seed_controlled_augmentation
Curb Defect-Metal Protruding near our house.,roads,english,NYC311_seed_controlled_augmentation
Please check: The area needs cleaning because of missed recycling - m/g/pl near the public market. Please arrange an inspection.,garbage,english,NYC311_seed_controlled_augmentation
The electricity service has a problem with lamppost knocked down close to the town centre. This issue needs attention.,electricity,english,NYC311_seed_controlled_augmentation
Sewage Odor is affecting the area close to the bus stop. This issue needs attention.,drainage,english,NYC311_seed_controlled_augmentation
Pothole - Highway in our neighbourhood. Please take the necessary action.,roads,english,NYC311_seed_controlled_augmentation
"Residents have reported taste/odor, chlorine in our neighbourhood. Please resolve this problem as soon as possible.",water_supply,english,NYC311_seed_controlled_augmentation
There has been: Please arrange cleaning because of receptacle violation along the roadside.,garbage,english,NYC311_seed_controlled_augmentation
Please repair curb defect-metal protruding near the school.,roads,english,NYC311_seed_controlled_augmentation
The road surface is affected by cave-in near our house.,roads,english,NYC311_seed_controlled_augmentation
I would like to report: The road surface is affected by curb defect-metal protruding in the residential area. Please send the responsible team to inspect the area.,roads,english,NYC311_seed_controlled_augmentation
I am reporting: There is rain garden flooding in our neighbourhood. This issue needs attention.,drainage,english,NYC311_seed_controlled_augmentation
The drainage problem appears to involve sewer or drain near the school.,drainage,english,NYC311_seed_controlled_augmentation
There has been: Lamppost Wire Exposed is affecting the area close to the bus stop.,electricity,english,NYC311_seed_controlled_augmentation
Residents have reported leak outside our building. The problem has been continuing for some time.,water_supply,english,NYC311_seed_controlled_augmentation
We have noticed large number of mosquitoes outside our building. This is causing inconvenience to the public.,environment,english,NYC311_seed_controlled_augmentation
We are experiencing an electrical problem involving street light lamp dim near the school.,electricity,english,NYC311_seed_controlled_augmentation
Wastewater is causing problems due to sewer backup close to the town centre.,drainage,english,NYC311_seed_controlled_augmentation
Sewage Leak is affecting the area outside our building. Please resolve this problem as soon as possible.,drainage,english,NYC311_seed_controlled_augmentation
Failed Street Repair along the roadside. We would appreciate assistance with this issue.,roads,english,NYC311_seed_controlled_augmentation
Garbage-related problems include missed recycling paper outside our building.,garbage,english,NYC311_seed_controlled_augmentation
There appears to be electrical wiring defective/exposed along the roadside. This issue needs attention.,electricity,english,NYC311_seed_controlled_augmentation
I would like to report: Residents are reporting manhole overflow in our neighbourhood.,drainage,english,NYC311_seed_controlled_augmentation
Please send a technician because of street light out near the junction. Please resolve this problem as soon as possible.,electricity,english,NYC311_seed_controlled_augmentation
"The road surface is affected by rough, pitted or cracked roads outside our building. Please send the responsible team to inspect the area.",roads,english,NYC311_seed_controlled_augmentation
We have noticed chemical odor near the junction.,environment,english,NYC311_seed_controlled_augmentation
Please repair pothole close to the bus stop. Please resolve this problem as soon as possible.,roads,english,NYC311_seed_controlled_augmentation
"Residents are concerned about rough, pitted or cracked roads outside our building.",roads,english,NYC311_seed_controlled_augmentation
Please inspect the electrical issue: lighting near the public market.,electricity,english,NYC311_seed_controlled_augmentation
I am reporting: We are experiencing leak outside our building. Please send the responsible team to inspect the area.,water_supply,english,NYC311_seed_controlled_augmentation
Residents are concerned about chemical spill/release near the school. Please send the responsible team to inspect the area.,environment,english,NYC311_seed_controlled_augmentation
Please inspect the drain because of sewage leak near our house. Please take the necessary action.,drainage,english,NYC311_seed_controlled_augmentation
There is wiring near the school.,electricity,english,NYC311_seed_controlled_augmentation
"There is an environmental problem involving air: odor/fumes, restaurant in our neighbourhood. The problem has been continuing for some time.",environment,english,NYC311_seed_controlled_augmentation
Please investigate the water issue: dirty water near the school. Residents are requesting assistance.,water_supply,english,NYC311_seed_controlled_augmentation
Ponding is affecting the area near our house. The problem has been continuing for some time.,drainage,english,NYC311_seed_controlled_augmentation
I am reporting: Residents are concerned about failed street repair outside our building.,roads,english,NYC311_seed_controlled_augmentation
Waste has become a problem due to improper disposal outside our building.,garbage,english,NYC311_seed_controlled_augmentation
I am reporting: We have noticed large number of mosquitoes along the roadside. The problem has been continuing for some time.,environment,english,NYC311_seed_controlled_augmentation
15 Street Cond/Dump-Out/Drop-Off is creating an unsanitary condition in our neighbourhood.,garbage,english,NYC311_seed_controlled_augmentation
There appears to be street light out near the hospital. This issue needs attention.,electricity,english,NYC311_seed_controlled_augmentation
I am reporting: unknown odor/taste in drinking water has affected the local water supply on the main road.,water_supply,english,NYC311_seed_controlled_augmentation
I am reporting: The road surface is affected by failed street repair near the school.,roads,english,NYC311_seed_controlled_augmentation
Please arrange cleaning because of 15 street cond/dump-out/drop-off on the main road. Please investigate this issue.,garbage,english,NYC311_seed_controlled_augmentation
There appears to be unknown odor/taste in drinking water near the school. The problem has been continuing for some time.,water_supply,english,NYC311_seed_controlled_augmentation
Dirty Area/Alleyway is creating an unsanitary condition near the hospital.,garbage,english,NYC311_seed_controlled_augmentation
There is an environmental problem involving air: other air problem near the hospital.,environment,english,NYC311_seed_controlled_augmentation
There is a water supply problem involving heavy flow near the junction.,water_supply,english,NYC311_seed_controlled_augmentation
Electrical Wiring Defective/Exposed is affecting the area near our house. The problem has been continuing for some time.,electricity,english,NYC311_seed_controlled_augmentation
"The area is affected by unsafe chemical, storage near our house. Please take the necessary action.",environment,english,NYC311_seed_controlled_augmentation
Please inspect the drain because of manhole overflow near the junction. The problem has been continuing for some time.,drainage,english,NYC311_seed_controlled_augmentation
Residents are reporting street flooding on the main road. Please resolve this problem as soon as possible.,drainage,english,NYC311_seed_controlled_augmentation
The road surface is affected by wear & tear near the hospital. Residents are requesting assistance.,roads,english,NYC311_seed_controlled_augmentation
"Residents have reported taste/odor, chlorine near the hospital. The problem has been continuing for some time.",water_supply,english,NYC311_seed_controlled_augmentation
Residents are concerned about large number of mosquitoes in the residential area. Please send the responsible team to inspect the area.,environment,english,NYC311_seed_controlled_augmentation
"Rough, Pitted or Cracked Roads is causing problems for vehicles near the public market. Please resolve this problem as soon as possible.",roads,english,NYC311_seed_controlled_augmentation
Failed Street Repair is causing problems for vehicles near the junction. Please send the responsible team to inspect the area.,roads,english,NYC311_seed_controlled_augmentation
Please send a technician because of street light out near the junction. Please send the responsible team to inspect the area.,electricity,english,NYC311_seed_controlled_augmentation
Drivers are having difficulty because of pothole on the main road.,roads,english,NYC311_seed_controlled_augmentation
Residents have reported slow leak near the hospital. We would appreciate assistance with this issue.,water_supply,english,NYC311_seed_controlled_augmentation
Our area has: Sewage Leak is affecting the area outside our building. We would appreciate assistance with this issue.,drainage,english,NYC311_seed_controlled_augmentation
We have noticed air: other air problem in our neighbourhood.,environment,english,NYC311_seed_controlled_augmentation
Waste has become a problem due to missed recycling - m/g/pl along the roadside. Please resolve this problem as soon as possible.,garbage,english,NYC311_seed_controlled_augmentation
"Please investigate air: odor/fumes, vehicle idling close to the bus stop. Please send the responsible team to inspect the area.",environment,english,NYC311_seed_controlled_augmentation
We need assistance with manhole overflow close to the town centre.,drainage,english,NYC311_seed_controlled_augmentation
There is a water supply problem involving low water pressure - wlwp near our house. We would appreciate assistance with this issue.,water_supply,english,NYC311_seed_controlled_augmentation
There appears to be possible water main break close to the town centre.,water_supply,english,NYC311_seed_controlled_augmentation
"Our area has: People nearby have complained about air: odor/fumes, restaurant near the hospital. The problem has been continuing for some time.",environment,english,NYC311_seed_controlled_augmentation
Waste has become a problem due to missed recycling paper near the junction.,garbage,english,NYC311_seed_controlled_augmentation
"Please investigate unsafe chemical, abandoned on the main road. This is causing inconvenience to the public.",environment,english,NYC311_seed_controlled_augmentation
There is sewer backup near our house. This is causing inconvenience to the public.,drainage,english,NYC311_seed_controlled_augmentation
"Unsafe Chemical, Abandoned is affecting the surrounding environment outside our building. Residents are requesting assistance.",environment,english,NYC311_seed_controlled_augmentation
"Please investigate air: odor/fumes, vehicle idling outside our building.",environment,english,NYC311_seed_controlled_augmentation
Please send a technician because of wiring in our neighbourhood.,electricity,english,NYC311_seed_controlled_augmentation
Please address dirty area/alleyway on the main road. The problem has been continuing for some time.,garbage,english,NYC311_seed_controlled_augmentation
There is electrical wiring defective/exposed outside our building.,electricity,english,NYC311_seed_controlled_augmentation
There is sewer backup near the school. Please send the responsible team to inspect the area.,drainage,english,NYC311_seed_controlled_augmentation
Our area has: The road surface is affected by wear & tear in the residential area. Please investigate this issue.,roads,english,NYC311_seed_controlled_augmentation
"Residents are concerned about air: dust, construction/demolition close to the bus stop. Please take the necessary action.",environment,english,NYC311_seed_controlled_augmentation
"Residents have reported: Rough, Pitted or Cracked Roads is causing problems for vehicles close to the town centre.",roads,english,NYC311_seed_controlled_augmentation
"We have noticed unsafe chemical, abandoned close to the bus stop. This issue needs attention.",environment,english,NYC311_seed_controlled_augmentation
Please check: Please arrange cleaning because of dirty area/alleyway near the public market.,garbage,english,NYC311_seed_controlled_augmentation
There is missed recycling-all materials near the junction. Please arrange an inspection.,garbage,english,NYC311_seed_controlled_augmentation
Please arrange cleaning because of missed recycling - m/g/pl in the residential area. The problem has been continuing for some time.,garbage,english,NYC311_seed_controlled_augmentation
"There is an environmental problem involving air: dust, construction/demolition close to the town centre. Please send the responsible team to inspect the area.",environment,english,NYC311_seed_controlled_augmentation
The road has pothole - highway along the roadside.,roads,english,NYC311_seed_controlled_augmentation
"We have noticed oil spill on street, large near the junction. This is causing inconvenience to the public.",environment,english,NYC311_seed_controlled_augmentation
Residents are concerned about chemical odor on the main road. Please arrange an inspection.,environment,english,NYC311_seed_controlled_augmentation
"Residents are concerned about air: odor/fumes, vehicle idling near the hospital.",environment,english,NYC311_seed_controlled_augmentation
There is broken curb along the roadside. Please take the necessary action.,roads,english,NYC311_seed_controlled_augmentation
There is street light lamp dim near the hospital. Please take the necessary action.,electricity,english,NYC311_seed_controlled_augmentation
"Our area is facing taste/odor, chlorine near the junction.",water_supply,english,NYC311_seed_controlled_augmentation
"Residents have reported cloudy or milky, other close to the bus stop. This is causing inconvenience to the public.",water_supply,english,NYC311_seed_controlled_augmentation
Please send a technician because of lighting near the school. Please take the necessary action.,electricity,english,NYC311_seed_controlled_augmentation
"There appears to be cloudy or milky, other near the public market. This issue needs attention.",water_supply,english,NYC311_seed_controlled_augmentation
There has been: Please inspect the electrical issue: street light out outside our building. Please resolve this problem as soon as possible.,electricity,english,NYC311_seed_controlled_augmentation
We have noticed: There appears to be no water near the public market. Please send the responsible team to inspect the area.,water_supply,english,NYC311_seed_controlled_augmentation
Loose Rubbish is creating an unsanitary condition near the hospital.,garbage,english,NYC311_seed_controlled_augmentation
The road has curb defect-metal protruding near the public market. Please arrange an inspection.,roads,english,NYC311_seed_controlled_augmentation
Drivers are having difficulty because of cave-in close to the bus stop. Please resolve this problem as soon as possible.,roads,english,NYC311_seed_controlled_augmentation
There appears to be unknown odor/taste in drinking water near the hospital.,water_supply,english,NYC311_seed_controlled_augmentation
Residents have complained about receptacle violation on the main road. We would appreciate assistance with this issue.,garbage,english,NYC311_seed_controlled_augmentation
Residents have reported street light lamp dim in the residential area. We would appreciate assistance with this issue.,electricity,english,NYC311_seed_controlled_augmentation
We need assistance with culvert blocked/needs cleaning near the school.,drainage,english,NYC311_seed_controlled_augmentation
The road surface is affected by cave-in on the main road. Please take the necessary action.,roads,english,NYC311_seed_controlled_augmentation
Residents have reported outlet/switch near the public market.,electricity,english,NYC311_seed_controlled_augmentation
Sewage Odor is affecting the area near the public market. Residents are requesting assistance.,drainage,english,NYC311_seed_controlled_augmentation
There is missed recycling - m/g/pl near the school.,garbage,english,NYC311_seed_controlled_augmentation
I would like to report: There is dirty sidewalk in the residential area. Please investigate this issue.,garbage,english,NYC311_seed_controlled_augmentation
The road has pothole - highway along the roadside. Please arrange an inspection.,roads,english,NYC311_seed_controlled_augmentation
Our area has: Waste has become a problem due to receptacle violation outside our building. Please take the necessary action.,garbage,english,NYC311_seed_controlled_augmentation
"People nearby have complained about air: dust, other in the residential area.",environment,english,NYC311_seed_controlled_augmentation
Residents are reporting manhole overflow in the residential area. Please send the responsible team to inspect the area.,drainage,english,NYC311_seed_controlled_augmentation
We are experiencing: Pothole - Highway on the main road. Please arrange an inspection.,roads,english,NYC311_seed_controlled_augmentation
We need assistance with sewer backup in the residential area.,drainage,english,NYC311_seed_controlled_augmentation
The drainage problem appears to involve street flooding in the residential area. Residents are requesting assistance.,drainage,english,NYC311_seed_controlled_augmentation
Residents are concerned about defective hardware near our house. Please take the necessary action.,roads,english,NYC311_seed_controlled_augmentation
Please inspect the drain because of catch basin clogged/flooding on the main road. This issue needs attention.,drainage,english,NYC311_seed_controlled_augmentation
"The road has rough, pitted or cracked roads near the hospital. This issue needs attention.",roads,english,NYC311_seed_controlled_augmentation
Dirty Sidewalk is creating an unsanitary condition near the school.,garbage,english,NYC311_seed_controlled_augmentation
"Residents are concerned about air: dust, construction/demolition close to the town centre. Please arrange an inspection.",environment,english,NYC311_seed_controlled_augmentation
We are experiencing leak close to the bus stop. This is causing inconvenience to the public.,water_supply,english,NYC311_seed_controlled_augmentation
We are experiencing an electrical problem involving lamppost knocked down close to the bus stop.,electricity,english,NYC311_seed_controlled_augmentation
"Please check the water system because of taste/odor, chlorine in the residential area. Please take the necessary action.",water_supply,english,NYC311_seed_controlled_augmentation
Broken Curb along the roadside. This issue needs attention.,roads,english,NYC311_seed_controlled_augmentation
Please check the water system because of possible water main break close to the bus stop.,water_supply,english,NYC311_seed_controlled_augmentation
There is loose rubbish along the roadside. Please resolve this problem as soon as possible.,garbage,english,NYC311_seed_controlled_augmentation
There appears to be: Dirty Sidewalk is creating an unsanitary condition near our house. Please arrange an inspection.,garbage,english,NYC311_seed_controlled_augmentation
Please inspect the drain because of rain garden flooding in the residential area. This issue needs attention.,drainage,english,NYC311_seed_controlled_augmentation
"Air: Odor/Fumes, Vehicle Idling is affecting the surrounding environment in the residential area.",environment,english,NYC311_seed_controlled_augmentation
"Taste/Odor, Chlorine has affected the local water supply near the school. This is causing inconvenience to the public.",water_supply,english,NYC311_seed_controlled_augmentation
Residents are concerned about pothole - highway close to the bus stop.,roads,english,NYC311_seed_controlled_augmentation
The drainage system has catch basin clogged/flooding near our house. This is causing inconvenience to the public.,drainage,english,NYC311_seed_controlled_augmentation
The area needs cleaning because of bulk-missed collection near the junction.,garbage,english,NYC311_seed_controlled_augmentation
Receptacle Violation is creating an unsanitary condition in the residential area. Please arrange an inspection.,garbage,english,NYC311_seed_controlled_augmentation
Residents have reported no water near the junction.,water_supply,english,NYC311_seed_controlled_augmentation
Residents have reported: The drainage problem appears to involve sewage leak in our neighbourhood. Please take the necessary action.,drainage,english,NYC311_seed_controlled_augmentation
Broken Curb outside our building. This is causing inconvenience to the public.,roads,english,NYC311_seed_controlled_augmentation
Please address bulk-missed recy collection near our house. This issue needs attention.,garbage,english,NYC311_seed_controlled_augmentation
There is no lighting close to the town centre.,electricity,english,NYC311_seed_controlled_augmentation
Please send a technician because of no lighting near our house.,electricity,english,NYC311_seed_controlled_augmentation
Residents have reported: Please repair cave-in in the residential area. Please take the necessary action.,roads,english,NYC311_seed_controlled_augmentation
There appears to be: Please address receptacle violation near the junction. Residents are requesting assistance.,garbage,english,NYC311_seed_controlled_augmentation
Please inspect the drain because of sewer or drain near the school. Please arrange an inspection.,drainage,english,NYC311_seed_controlled_augmentation
Please arrange cleaning because of bulk-missed recy collection near the junction. This is causing inconvenience to the public.,garbage,english,NYC311_seed_controlled_augmentation
"Air: Smoke, Vehicular is affecting the surrounding environment in the residential area. The problem has been continuing for some time.",environment,english,NYC311_seed_controlled_augmentation
I would like to report: Please check the water system because of possible water main break in our neighbourhood. We would appreciate assistance with this issue.,water_supply,english,NYC311_seed_controlled_augmentation
Please address receptacle violation close to the town centre. Please resolve this problem as soon as possible.,garbage,english,NYC311_seed_controlled_augmentation
Manhole Overflow is affecting the area near the hospital. The problem has been continuing for some time.,drainage,english,NYC311_seed_controlled_augmentation
"Cloudy Or Milky, Other has affected the local water supply near the school. Please investigate this issue.",water_supply,english,NYC311_seed_controlled_augmentation
There is missed recycling-all materials near the school.,garbage,english,NYC311_seed_controlled_augmentation
Wastewater is causing problems due to rain garden flooding near the junction. This issue needs attention.,drainage,english,NYC311_seed_controlled_augmentation
We are experiencing unknown odor/taste in drinking water close to the bus stop. This is causing inconvenience to the public.,water_supply,english,NYC311_seed_controlled_augmentation
The road has defective hardware close to the bus stop. Please resolve this problem as soon as possible.,roads,english,NYC311_seed_controlled_augmentation
"Cloudy Or Milky, Other has affected the local water supply on the main road. Please take the necessary action.",water_supply,english,NYC311_seed_controlled_augmentation
"There is an environmental problem involving air: dust, construction/demolition near the junction. Please investigate this issue.",environment,english,NYC311_seed_controlled_augmentation
Please inspect this environmental issue: asbestos complaint near the public market. We would appreciate assistance with this issue.,environment,english,NYC311_seed_controlled_augmentation
"There is an environmental problem involving air: odor/fumes, vehicle idling along the roadside.",environment,english,NYC311_seed_controlled_augmentation
Residents have complained about bulk-missed recy collection on the main road.,garbage,english,NYC311_seed_controlled_augmentation
Residents are reporting sewage odor near the public market. Please take the necessary action.,drainage,english,NYC311_seed_controlled_augmentation
There is catch basin clogged/flooding close to the bus stop.,drainage,english,NYC311_seed_controlled_augmentation
Residents have reported dirty water on the main road. Please arrange an inspection.,water_supply,english,NYC311_seed_controlled_augmentation
"The area is affected by oil spill on street, small near our house. We would appreciate assistance with this issue.",environment,english,NYC311_seed_controlled_augmentation
Residents are reporting sewer or drain close to the bus stop. This is causing inconvenience to the public.,drainage,english,NYC311_seed_controlled_augmentation
Residents have complained about dirty area/alleyway in our neighbourhood. Please arrange an inspection.,garbage,english,NYC311_seed_controlled_augmentation
We are experiencing an electrical problem involving wiring close to the town centre. Residents are requesting assistance.,electricity,english,NYC311_seed_controlled_augmentation
"The road has rough, pitted or cracked roads close to the town centre. Please investigate this issue.",roads,english,NYC311_seed_controlled_augmentation
Please repair cave-in on the main road.,roads,english,NYC311_seed_controlled_augmentation
Please send a technician because of no lighting on the main road. Residents are requesting assistance.,electricity,english,NYC311_seed_controlled_augmentation
Wastewater is causing problems due to rain garden flooding in our neighbourhood.,drainage,english,NYC311_seed_controlled_augmentation
Garbage-related problems include missed collection near the junction. This issue needs attention.,garbage,english,NYC311_seed_controlled_augmentation
"Drivers are having difficulty because of rough, pitted or cracked roads near the public market. Residents are requesting assistance.",roads,english,NYC311_seed_controlled_augmentation
I would like to report: Residents are reporting sewage odor near our house. This is causing inconvenience to the public.,drainage,english,NYC311_seed_controlled_augmentation
I would like to report: Please arrange cleaning because of missed recycling paper near the school. Please send the responsible team to inspect the area.,garbage,english,NYC311_seed_controlled_augmentation
Ponding is affecting the area outside our building. Residents are requesting assistance.,drainage,english,NYC311_seed_controlled_augmentation
Our area has: Residents have reported dirty water close to the bus stop. Please arrange an inspection.,water_supply,english,NYC311_seed_controlled_augmentation
"I would like to report: Please investigate air: smoke, vehicular near the hospital. The problem has been continuing for some time.",environment,english,NYC311_seed_controlled_augmentation
"Residents are concerned about air: odor/fumes, restaurant outside our building.",environment,english,NYC311_seed_controlled_augmentation
Please repair defective hardware near the school.,roads,english,NYC311_seed_controlled_augmentation
Possible Water Main Break has affected the local water supply outside our building.,water_supply,english,NYC311_seed_controlled_augmentation
We are experiencing: There appears to be possible water main break near the hospital.,water_supply,english,NYC311_seed_controlled_augmentation
Residents have complained about bulk-missed collection close to the town centre. Please send the responsible team to inspect the area.,garbage,english,NYC311_seed_controlled_augmentation
Curb Defect-Metal Protruding near the public market. We would appreciate assistance with this issue.,roads,english,NYC311_seed_controlled_augmentation
There appears to be lamppost knocked down near the junction. Please send the responsible team to inspect the area.,electricity,english,NYC311_seed_controlled_augmentation
"Residents are concerned about rough, pitted or cracked roads near the junction. This is causing inconvenience to the public.",roads,english,NYC311_seed_controlled_augmentation
The road has cave-in along the roadside. Residents are requesting assistance.,roads,english,NYC311_seed_controlled_augmentation
Failed Street Repair near the school.,roads,english,NYC311_seed_controlled_augmentation
Our area is facing hydrant leaking in the residential area.,water_supply,english,NYC311_seed_controlled_augmentation
"We have noticed: There is a water supply problem involving taste/odor, chlorine near our house. This is causing inconvenience to the public.",water_supply,english,NYC311_seed_controlled_augmentation
Please address dirty sidewalk close to the bus stop.,garbage,english,NYC311_seed_controlled_augmentation
"I am reporting: There is a water supply problem involving taste/odor, bitter/metallic along the roadside. Please take the necessary action.",water_supply,english,NYC311_seed_controlled_augmentation
There appears to be heavy flow in the residential area. Residents are requesting assistance.,water_supply,english,NYC311_seed_controlled_augmentation
"Residents are concerned about rough, pitted or cracked roads along the roadside.",roads,english,NYC311_seed_controlled_augmentation
The drainage problem appears to involve ponding outside our building.,drainage,english,NYC311_seed_controlled_augmentation
Our area is facing possible water main break near the school.,water_supply,english,NYC311_seed_controlled_augmentation
Residents have reported no water in the residential area. Please resolve this problem as soon as possible.,water_supply,english,NYC311_seed_controlled_augmentation
Residents are reporting manhole overflow close to the bus stop.,drainage,english,NYC311_seed_controlled_augmentation
Please check the water system because of no water along the roadside. Please send the responsible team to inspect the area.,water_supply,english,NYC311_seed_controlled_augmentation
There is defective hardware on the main road.,roads,english,NYC311_seed_controlled_augmentation
Please arrange cleaning because of dirty area/alleyway outside our building. The problem has been continuing for some time.,garbage,english,NYC311_seed_controlled_augmentation
We have noticed: The drainage system has culvert blocked/needs cleaning close to the bus stop. This issue needs attention.,drainage,english,NYC311_seed_controlled_augmentation
Our area has: Please inspect the electrical issue: lighting in the residential area.,electricity,english,NYC311_seed_controlled_augmentation
Residents have complained about 15 street cond/dump-out/drop-off outside our building.,garbage,english,NYC311_seed_controlled_augmentation
We have noticed ventilation near the junction. Please arrange an inspection.,environment,english,NYC311_seed_controlled_augmentation
We have noticed: Drivers are having difficulty because of pothole close to the town centre.,roads,english,NYC311_seed_controlled_augmentation
The road surface is affected by defective hardware near the school. We would appreciate assistance with this issue.,roads,english,NYC311_seed_controlled_augmentation
There appears to be lamppost knocked down near the school. Please resolve this problem as soon as possible.,electricity,english,NYC311_seed_controlled_augmentation
Our area is facing leak near our house. Please send the responsible team to inspect the area.,water_supply,english,NYC311_seed_controlled_augmentation
"There appears to be: People nearby have complained about oil spill on street, small near the hospital. Please take the necessary action.",environment,english,NYC311_seed_controlled_augmentation
I would like to report: There is bulk-missed collection near the hospital. Please investigate this issue.,garbage,english,NYC311_seed_controlled_augmentation
Lamppost Wire Exposed is affecting the area close to the bus stop. This is causing inconvenience to the public.,electricity,english,NYC311_seed_controlled_augmentation
There is street light lamp dim close to the bus stop.,electricity,english,NYC311_seed_controlled_augmentation
Residents have complained about missed collection near the public market.,garbage,english,NYC311_seed_controlled_augmentation
There is missed recycling-all materials near our house.,garbage,english,NYC311_seed_controlled_augmentation
I am reporting: Please inspect this environmental issue: air: other air problem in the residential area.,environment,english,NYC311_seed_controlled_augmentation
The electricity service has a problem with street light out close to the bus stop.,electricity,english,NYC311_seed_controlled_augmentation
We are experiencing: Please arrange cleaning because of loose rubbish near the junction. Please resolve this problem as soon as possible.,garbage,english,NYC311_seed_controlled_augmentation
I am reporting: Missed Recycling-All Materials is creating an unsanitary condition in the residential area.,garbage,english,NYC311_seed_controlled_augmentation
Our area has: Residents have complained about bulk-missed recy collection close to the town centre.,garbage,english,NYC311_seed_controlled_augmentation
Garbage-related problems include loose rubbish in the residential area.,garbage,english,NYC311_seed_controlled_augmentation
"Please investigate the water issue: taste/odor, chlorine outside our building. Please investigate this issue.",water_supply,english,NYC311_seed_controlled_augmentation
We are experiencing: Please arrange cleaning because of missed recycling paper on the main road. Residents are requesting assistance.,garbage,english,NYC311_seed_controlled_augmentation
Sewer Backup is affecting the area close to the town centre. Please investigate this issue.,drainage,english,NYC311_seed_controlled_augmentation
Please check: The area needs cleaning because of loose rubbish along the roadside. We would appreciate assistance with this issue.,garbage,english,NYC311_seed_controlled_augmentation
Please investigate the water issue: dirty water on the main road. Please arrange an inspection.,water_supply,english,NYC311_seed_controlled_augmentation
I am reporting: There is sewage leak along the roadside. Please investigate this issue.,drainage,english,NYC311_seed_controlled_augmentation
Bulk-Missed Recy Collection is creating an unsanitary condition outside our building.,garbage,english,NYC311_seed_controlled_augmentation
Please investigate ventilation on the main road.,environment,english,NYC311_seed_controlled_augmentation
Wear & Tear is causing problems for vehicles along the roadside. We would appreciate assistance with this issue.,roads,english,NYC311_seed_controlled_augmentation
Residents have complained about loose rubbish along the roadside. We would appreciate assistance with this issue.,garbage,english,NYC311_seed_controlled_augmentation
"There is: Please investigate unsafe chemical, abandoned outside our building.",environment,english,NYC311_seed_controlled_augmentation
We have noticed: There is street flooding close to the town centre. Please resolve this problem as soon as possible.,drainage,english,NYC311_seed_controlled_augmentation
Please inspect the electrical issue: street light lamp dim close to the town centre.,electricity,english,NYC311_seed_controlled_augmentation
Please inspect the drain because of manhole overflow near the junction.,drainage,english,NYC311_seed_controlled_augmentation
There is dirty area/alleyway near the public market. Residents are requesting assistance.,garbage,english,NYC311_seed_controlled_augmentation
There has been: There is a water supply problem involving damp spot near the hospital. Please investigate this issue.,water_supply,english,NYC311_seed_controlled_augmentation
"Unsafe Chemical, Storage is affecting the surrounding environment near the public market.",environment,english,NYC311_seed_controlled_augmentation
"Taste/Odor, Chlorine has affected the local water supply near the hospital. This is causing inconvenience to the public.",water_supply,english,NYC311_seed_controlled_augmentation
"Please inspect this environmental issue: air: odor/fumes, restaurant in the residential area.",environment,english,NYC311_seed_controlled_augmentation
Residents are reporting manhole overflow near the public market. Please arrange an inspection.,drainage,english,NYC311_seed_controlled_augmentation
"Residents have reported: Residents are concerned about air: odor/fumes, restaurant in the residential area.",environment,english,NYC311_seed_controlled_augmentation
Wastewater is causing problems due to sewage odor on the main road. Please send the responsible team to inspect the area.,drainage,english,NYC311_seed_controlled_augmentation
Wastewater is causing problems due to sewage leak along the roadside. Please investigate this issue.,drainage,english,NYC311_seed_controlled_augmentation
Cave-in is causing problems for vehicles in the residential area. The problem has been continuing for some time.,roads,english,NYC311_seed_controlled_augmentation
Residents have complained about missed recycling paper near the public market. The problem has been continuing for some time.,garbage,english,NYC311_seed_controlled_augmentation
Hydrant Leaking has affected the local water supply in our neighbourhood. This is causing inconvenience to the public.,water_supply,english,NYC311_seed_controlled_augmentation
There is a water supply problem involving unknown odor/taste in drinking water near the junction. Please investigate this issue.,water_supply,english,NYC311_seed_controlled_augmentation
Our area has: Waste has become a problem due to loose rubbish on the main road. This issue needs attention.,garbage,english,NYC311_seed_controlled_augmentation
Residents are concerned about broken curb close to the town centre.,roads,english,NYC311_seed_controlled_augmentation
Please inspect this environmental issue: large number of mosquitoes in our neighbourhood. Please take the necessary action.,environment,english,NYC311_seed_controlled_augmentation
The electricity service has a problem with lamppost knocked down near the junction.,electricity,english,NYC311_seed_controlled_augmentation
There is rain garden flooding close to the bus stop. Please arrange an inspection.,drainage,english,NYC311_seed_controlled_augmentation
"Residents have reported cloudy or milky, other in our neighbourhood.",water_supply,english,NYC311_seed_controlled_augmentation
"Our area has: Please investigate air: smoke, chimney or vent near our house. This issue needs attention.",environment,english,NYC311_seed_controlled_augmentation
There is manhole overflow near the hospital. This issue needs attention.,drainage,english,NYC311_seed_controlled_augmentation
Wear & Tear is causing problems for vehicles near the public market. This issue needs attention.,roads,english,NYC311_seed_controlled_augmentation
Loose Rubbish is creating an unsanitary condition close to the town centre. Please resolve this problem as soon as possible.,garbage,english,NYC311_seed_controlled_augmentation
"People nearby have complained about oil spill on street, small near the hospital.",environment,english,NYC311_seed_controlled_augmentation
People nearby have complained about air: other air problem in our neighbourhood. Please send the responsible team to inspect the area.,environment,english,NYC311_seed_controlled_augmentation
Pothole near the public market. This is causing inconvenience to the public.,roads,english,NYC311_seed_controlled_augmentation
There is a water supply problem involving dirty water near the hospital.,water_supply,english,NYC311_seed_controlled_augmentation
Loose Rubbish is creating an unsanitary condition near the junction.,garbage,english,NYC311_seed_controlled_augmentation
"Please check the water system because of cloudy or milky, other in the residential area. Please resolve this problem as soon as possible.",water_supply,english,NYC311_seed_controlled_augmentation
"Residents are concerned about unsafe chemical, storage near the hospital. This is causing inconvenience to the public.",environment,english,NYC311_seed_controlled_augmentation
There is an environmental problem involving asbestos complaint in the residential area.,environment,english,NYC311_seed_controlled_augmentation
There appears to be outlet/switch outside our building. This issue needs attention.,electricity,english,NYC311_seed_controlled_augmentation
There is pothole near the school. This is causing inconvenience to the public.,roads,english,NYC311_seed_controlled_augmentation
The electricity service has a problem with electrical wiring defective/exposed close to the town centre. Please arrange an inspection.,electricity,english,NYC311_seed_controlled_augmentation
"The area is affected by unsafe chemical, abandoned outside our building. The problem has been continuing for some time.",environment,english,NYC311_seed_controlled_augmentation
People nearby have complained about chemical spill/release outside our building. Residents are requesting assistance.,environment,english,NYC311_seed_controlled_augmentation
"Residents are concerned about air: dust, other outside our building.",environment,english,NYC311_seed_controlled_augmentation
We need assistance with catch basin clogged/flooding near the school.,drainage,english,NYC311_seed_controlled_augmentation
Bulk-Missed Collection is creating an unsanitary condition near the public market.,garbage,english,NYC311_seed_controlled_augmentation
I am reporting: Please inspect the electrical issue: outlet/switch on the main road. We would appreciate assistance with this issue.,electricity,english,NYC311_seed_controlled_augmentation
"Please inspect this environmental issue: air: dust, construction/demolition close to the bus stop. Please arrange an inspection.",environment,english,NYC311_seed_controlled_augmentation
"We have noticed: People nearby have complained about air: dust, other in the residential area. This issue needs attention.",environment,english,NYC311_seed_controlled_augmentation
We need assistance with manhole overflow on the main road.,drainage,english,NYC311_seed_controlled_augmentation
Residents are reporting rain garden flooding close to the bus stop.,drainage,english,NYC311_seed_controlled_augmentation
We are experiencing an electrical problem involving street light out near the public market.,electricity,english,NYC311_seed_controlled_augmentation
Culvert Blocked/Needs Cleaning is affecting the area outside our building. We would appreciate assistance with this issue.,drainage,english,NYC311_seed_controlled_augmentation
I would like to report: Please inspect this environmental issue: large number of mosquitoes in the residential area. We would appreciate assistance with this issue.,environment,english,NYC311_seed_controlled_augmentation
There is wiring close to the bus stop. This issue needs attention.,electricity,english,NYC311_seed_controlled_augmentation
We are experiencing: Please inspect this environmental issue: chemical vapors/gases/odors near the public market. Please send the responsible team to inspect the area.,environment,english,NYC311_seed_controlled_augmentation
HEAVY FLOW has affected the local water supply near the public market.,water_supply,english,NYC311_seed_controlled_augmentation
Please inspect the electrical issue: lamppost wire exposed near the hospital. The problem has been continuing for some time.,electricity,english,NYC311_seed_controlled_augmentation
There has been: Residents have complained about missed recycling-all materials along the roadside.,garbage,english,NYC311_seed_controlled_augmentation
The road surface is affected by defective hardware on the main road. This is causing inconvenience to the public.,roads,english,NYC311_seed_controlled_augmentation
There is an environmental problem involving air: other air problem in the residential area. Please investigate this issue.,environment,english,NYC311_seed_controlled_augmentation
Waste has become a problem due to bulk-missed recy collection in our neighbourhood. Please take the necessary action.,garbage,english,NYC311_seed_controlled_augmentation
Wear & Tear in our neighbourhood. Please send the responsible team to inspect the area.,roads,english,NYC311_seed_controlled_augmentation
Please send a technician because of lamppost knocked down in the residential area. Please send the responsible team to inspect the area.,electricity,english,NYC311_seed_controlled_augmentation
Curb Defect-Metal Protruding is causing problems for vehicles along the roadside.,roads,english,NYC311_seed_controlled_augmentation
We are experiencing: Our area is facing slow leak in our neighbourhood. The problem has been continuing for some time.,water_supply,english,NYC311_seed_controlled_augmentation
The area needs cleaning because of improper disposal in our neighbourhood. Please send the responsible team to inspect the area.,garbage,english,NYC311_seed_controlled_augmentation
Street Light Lamp Dim is affecting the area in the residential area.,electricity,english,NYC311_seed_controlled_augmentation
"The area is affected by air: odor/fumes, restaurant near the hospital. The problem has been continuing for some time.",environment,english,NYC311_seed_controlled_augmentation
We have noticed: People nearby have complained about chemical spill/release on the main road. This issue needs attention.,environment,english,NYC311_seed_controlled_augmentation
There appears to be: We need assistance with rain garden flooding near the public market. Please resolve this problem as soon as possible.,drainage,english,NYC311_seed_controlled_augmentation
"We have noticed unsafe chemical, storage in the residential area.",environment,english,NYC311_seed_controlled_augmentation
Residents are concerned about failed street repair close to the bus stop. Please resolve this problem as soon as possible.,roads,english,NYC311_seed_controlled_augmentation
Residents have complained about bulk-missed collection in our neighbourhood.,garbage,english,NYC311_seed_controlled_augmentation
Please address receptacle violation close to the bus stop. Please investigate this issue.,garbage,english,NYC311_seed_controlled_augmentation
"Rough, Pitted or Cracked Roads is causing problems for vehicles outside our building. Please send the responsible team to inspect the area.",roads,english,NYC311_seed_controlled_augmentation
There is street light lamp dim near the junction. Please investigate this issue.,electricity,english,NYC311_seed_controlled_augmentation
Multiple Street Lights Out is affecting the area outside our building. Residents are requesting assistance.,electricity,english,NYC311_seed_controlled_augmentation
"Please inspect this environmental issue: air: dust, construction/demolition near the school. This is causing inconvenience to the public.",environment,english,NYC311_seed_controlled_augmentation
"Please investigate air: odor/fumes, restaurant near the school. Please take the necessary action.",environment,english,NYC311_seed_controlled_augmentation
People nearby have complained about chemical spill/release close to the town centre. Please arrange an inspection.,environment,english,NYC311_seed_controlled_augmentation
Please send a technician because of lamppost wire exposed in the residential area. Please send the responsible team to inspect the area.,electricity,english,NYC311_seed_controlled_augmentation
Please check the water system because of no water on the main road. Residents are requesting assistance.,water_supply,english,NYC311_seed_controlled_augmentation
Please repair failed street repair on the main road.,roads,english,NYC311_seed_controlled_augmentation
We have noticed chemical vapors/gases/odors near the hospital.,environment,english,NYC311_seed_controlled_augmentation
The drainage system has sewage leak outside our building.,drainage,english,NYC311_seed_controlled_augmentation
The area is affected by chemical vapors/gases/odors on the main road. Please arrange an inspection.,environment,english,NYC311_seed_controlled_augmentation
Drivers are having difficulty because of broken curb in our neighbourhood. Please resolve this problem as soon as possible.,roads,english,NYC311_seed_controlled_augmentation
There appears to be no lighting near the school. Please take the necessary action.,electricity,english,NYC311_seed_controlled_augmentation
"There appears to be taste/odor, chlorine near the hospital. This issue needs attention.",water_supply,english,NYC311_seed_controlled_augmentation
The drainage problem appears to involve culvert blocked/needs cleaning near the school. Please take the necessary action.,drainage,english,NYC311_seed_controlled_augmentation
Please arrange cleaning because of dirty sidewalk near the school. Please investigate this issue.,garbage,english,NYC311_seed_controlled_augmentation
There appears to be heavy flow near the hospital. This is causing inconvenience to the public.,water_supply,english,NYC311_seed_controlled_augmentation
"Air: Dust, Other is affecting the surrounding environment close to the bus stop.",environment,english,NYC311_seed_controlled_augmentation
Please address receptacle violation outside our building. Please arrange an inspection.,garbage,english,NYC311_seed_controlled_augmentation
Chemical Odor is affecting the surrounding environment near our house.,environment,english,NYC311_seed_controlled_augmentation
Our area is facing hydrant leaking along the roadside.,water_supply,english,NYC311_seed_controlled_augmentation
There is an environmental problem involving chemical vapors/gases/odors near the hospital. Please resolve this problem as soon as possible.,environment,english,NYC311_seed_controlled_augmentation
There is missed collection near the school. This is causing inconvenience to the public.,garbage,english,NYC311_seed_controlled_augmentation
Sewer Backup is affecting the area in the residential area.,drainage,english,NYC311_seed_controlled_augmentation
I am reporting: Residents have reported street light out close to the town centre. Residents are requesting assistance.,electricity,english,NYC311_seed_controlled_augmentation
The road surface is affected by defective hardware close to the town centre.,roads,english,NYC311_seed_controlled_augmentation
There appears to be: We are experiencing leak outside our building. This is causing inconvenience to the public.,water_supply,english,NYC311_seed_controlled_augmentation
We have noticed: Please check the water system because of slow leak outside our building.,water_supply,english,NYC311_seed_controlled_augmentation
There is curb defect-metal protruding near the hospital. Residents are requesting assistance.,roads,english,NYC311_seed_controlled_augmentation
Please inspect the electrical issue: lighting close to the bus stop.,electricity,english,NYC311_seed_controlled_augmentation
There is lamppost knocked down near our house. This issue needs attention.,electricity,english,NYC311_seed_controlled_augmentation
Bulk-Missed Collection is creating an unsanitary condition close to the town centre. Please investigate this issue.,garbage,english,NYC311_seed_controlled_augmentation
Receptacle Violation is creating an unsanitary condition close to the bus stop.,garbage,english,NYC311_seed_controlled_augmentation
Residents have reported no water near our house. This issue needs attention.,water_supply,english,NYC311_seed_controlled_augmentation
"Residents are concerned about unsafe chemical, storage in our neighbourhood. We would appreciate assistance with this issue.",environment,english,NYC311_seed_controlled_augmentation
We are experiencing an electrical problem involving power outage on the main road. Please send the responsible team to inspect the area.,electricity,english,NYC311_seed_controlled_augmentation
There is a water supply problem involving slow leak on the main road.,water_supply,english,NYC311_seed_controlled_augmentation
There appears to be possible water main break outside our building.,water_supply,english,NYC311_seed_controlled_augmentation
There is an environmental problem involving chemical spill/release near our house. The problem has been continuing for some time.,environment,english,NYC311_seed_controlled_augmentation
Street Light Out is affecting the area in the residential area.,electricity,english,NYC311_seed_controlled_augmentation
RAIN GARDEN FLOODING is affecting the area on the main road. We would appreciate assistance with this issue.,drainage,english,NYC311_seed_controlled_augmentation
We are experiencing an electrical problem involving electrical wiring defective/exposed near the school. We would appreciate assistance with this issue.,electricity,english,NYC311_seed_controlled_augmentation
Waste has become a problem due to dirty sidewalk in our neighbourhood. This issue needs attention.,garbage,english,NYC311_seed_controlled_augmentation
We have noticed air: other air problem near the junction. Residents are requesting assistance.,environment,english,NYC311_seed_controlled_augmentation
Please inspect this environmental issue: chemical spill/release in the residential area. Residents are requesting assistance.,environment,english,NYC311_seed_controlled_augmentation
We are experiencing an electrical problem involving street light lamp dim on the main road.,electricity,english,NYC311_seed_controlled_augmentation
The drainage problem appears to involve sewage odor in the residential area.,drainage,english,NYC311_seed_controlled_augmentation
Our area is facing leak on the main road. Please arrange an inspection.,water_supply,english,NYC311_seed_controlled_augmentation
There is an environmental problem involving chemical spill/release near the school.,environment,english,NYC311_seed_controlled_augmentation
Failed Street Repair is causing problems for vehicles close to the town centre. The problem has been continuing for some time.,roads,english,NYC311_seed_controlled_augmentation
Wastewater is causing problems due to sewage odor near the hospital.,drainage,english,NYC311_seed_controlled_augmentation
Residents have complained about dirty sidewalk near the school. Please arrange an inspection.,garbage,english,NYC311_seed_controlled_augmentation
"There is an environmental problem involving air: smoke, vehicular in our neighbourhood. Please arrange an inspection.",environment,english,NYC311_seed_controlled_augmentation
Please repair cave-in near the hospital. Please send the responsible team to inspect the area.,roads,english,NYC311_seed_controlled_augmentation
The electricity service has a problem with lamppost wire exposed along the roadside. Please investigate this issue.,electricity,english,NYC311_seed_controlled_augmentation
There appears to be lighting near the hospital. This issue needs attention.,electricity,english,NYC311_seed_controlled_augmentation
The electricity service has a problem with electrical wiring defective/exposed near the school. We would appreciate assistance with this issue.,electricity,english,NYC311_seed_controlled_augmentation
Wear & Tear near our house. The problem has been continuing for some time.,roads,english,NYC311_seed_controlled_augmentation
I am reporting: Defective Hardware close to the town centre. Please investigate this issue.,roads,english,NYC311_seed_controlled_augmentation
Our area has: Please investigate the water issue: damp spot close to the bus stop.,water_supply,english,NYC311_seed_controlled_augmentation
There is curb defect-metal protruding in our neighbourhood. Please investigate this issue.,roads,english,NYC311_seed_controlled_augmentation
Please check: There is cave-in near our house.,roads,english,NYC311_seed_controlled_augmentation
Defective Hardware on the main road. Residents are requesting assistance.,roads,english,NYC311_seed_controlled_augmentation
I would like to report: Ponding is affecting the area near the junction.,drainage,english,NYC311_seed_controlled_augmentation
We need assistance with culvert blocked/needs cleaning in our neighbourhood.,drainage,english,NYC311_seed_controlled_augmentation
We are experiencing: Please check the water system because of damp spot outside our building. Please investigate this issue.,water_supply,english,NYC311_seed_controlled_augmentation
We are experiencing an electrical problem involving no lighting outside our building. This issue needs attention.,electricity,english,NYC311_seed_controlled_augmentation
"Please investigate air: dust, construction/demolition near the public market.",environment,english,NYC311_seed_controlled_augmentation
The drainage system has rain garden flooding close to the bus stop. Please send the responsible team to inspect the area.,drainage,english,NYC311_seed_controlled_augmentation
There is cave-in near the public market. Residents are requesting assistance.,roads,english,NYC311_seed_controlled_augmentation
"We are experiencing: Taste/Odor, Bitter/Metallic has affected the local water supply close to the bus stop.",water_supply,english,NYC311_seed_controlled_augmentation
"Please investigate air: dust, other in our neighbourhood.",environment,english,NYC311_seed_controlled_augmentation
"There has been: People nearby have complained about unsafe chemical, storage in our neighbourhood. Please send the responsible team to inspect the area.",environment,english,NYC311_seed_controlled_augmentation
We need assistance with sewage leak close to the town centre. This issue needs attention.,drainage,english,NYC311_seed_controlled_augmentation
I am reporting: Residents are reporting culvert blocked/needs cleaning close to the town centre.,drainage,english,NYC311_seed_controlled_augmentation
Please inspect the drain because of sewer backup on the main road.,drainage,english,NYC311_seed_controlled_augmentation
The road surface is affected by wear & tear in the residential area. This issue needs attention.,roads,english,NYC311_seed_controlled_augmentation
Residents are reporting sewer backup near the junction. Please arrange an inspection.,drainage,english,NYC311_seed_controlled_augmentation
Please check: Wastewater is causing problems due to sewer or drain on the main road. Please take the necessary action.,drainage,english,NYC311_seed_controlled_augmentation
Street Flooding is affecting the area in our neighbourhood. This is causing inconvenience to the public.,drainage,english,NYC311_seed_controlled_augmentation
"Residents have reported: There is an environmental problem involving unsafe chemical, storage on the main road.",environment,english,NYC311_seed_controlled_augmentation
I am reporting: Residents are concerned about curb defect-metal protruding along the roadside. This issue needs attention.,roads,english,NYC311_seed_controlled_augmentation
Please inspect the electrical issue: lamppost wire exposed in our neighbourhood. Residents are requesting assistance.,electricity,english,NYC311_seed_controlled_augmentation
"The area is affected by oil spill on street, large near the hospital. Please send the responsible team to inspect the area.",environment,english,NYC311_seed_controlled_augmentation
Please check: The drainage system has catch basin clogged/flooding on the main road. Please resolve this problem as soon as possible.,drainage,english,NYC311_seed_controlled_augmentation
No Water has affected the local water supply near our house.,water_supply,english,NYC311_seed_controlled_augmentation
There is lamppost knocked down close to the town centre.,electricity,english,NYC311_seed_controlled_augmentation
There is an environmental problem involving chemical vapors/gases/odors outside our building. Please resolve this problem as soon as possible.,environment,english,NYC311_seed_controlled_augmentation
We have noticed: Please address missed recycling - m/g/pl outside our building. Please resolve this problem as soon as possible.,garbage,english,NYC311_seed_controlled_augmentation
"Air: Odor/Fumes, Vehicle Idling is affecting the surrounding environment in our neighbourhood. Please arrange an inspection.",environment,english,NYC311_seed_controlled_augmentation
Please address loose rubbish close to the bus stop. We would appreciate assistance with this issue.,garbage,english,NYC311_seed_controlled_augmentation
Please check: Please arrange cleaning because of receptacle violation near the school. This issue needs attention.,garbage,english,NYC311_seed_controlled_augmentation
There is an environmental problem involving air: other air problem near the public market. Please arrange an inspection.,environment,english,NYC311_seed_controlled_augmentation
Please send a technician because of outlet/switch outside our building. Please investigate this issue.,electricity,english,NYC311_seed_controlled_augmentation
Leak has affected the local water supply close to the town centre. We would appreciate assistance with this issue.,water_supply,english,NYC311_seed_controlled_augmentation
"Please inspect this environmental issue: air: smoke, chimney or vent on the main road. Residents are requesting assistance.",environment,english,NYC311_seed_controlled_augmentation
"There appears to be: The area is affected by oil spill on street, small near our house.",environment,english,NYC311_seed_controlled_augmentation
There appears to be heavy flow in the residential area.,water_supply,english,NYC311_seed_controlled_augmentation
We are experiencing an electrical problem involving lamppost knocked down along the roadside.,electricity,english,NYC311_seed_controlled_augmentation
Garbage-related problems include loose rubbish in the residential area. Please investigate this issue.,garbage,english,NYC311_seed_controlled_augmentation
There is missed recycling - m/g/pl along the roadside. The problem has been continuing for some time.,garbage,english,NYC311_seed_controlled_augmentation
There is: We are experiencing possible water main break near our house. Please send the responsible team to inspect the area.,water_supply,english,NYC311_seed_controlled_augmentation
"Residents are concerned about oil spill on street, small in our neighbourhood. Please investigate this issue.",environment,english,NYC311_seed_controlled_augmentation
The electricity service has a problem with wiring in our neighbourhood. The problem has been continuing for some time.,electricity,english,NYC311_seed_controlled_augmentation
Waste has become a problem due to receptacle violation on the main road.,garbage,english,NYC311_seed_controlled_augmentation
There appears to be: There is lamppost wire exposed close to the bus stop. Please investigate this issue.,electricity,english,NYC311_seed_controlled_augmentation
Please investigate chemical odor near the school. Please resolve this problem as soon as possible.,environment,english,NYC311_seed_controlled_augmentation
We are experiencing leak near the hospital.,water_supply,english,NYC311_seed_controlled_augmentation
Air: Other Air Problem is affecting the surrounding environment in our neighbourhood.,environment,english,NYC311_seed_controlled_augmentation
We have noticed: There is broken curb near the school. This is causing inconvenience to the public.,roads,english,NYC311_seed_controlled_augmentation
We have noticed: Please repair defective hardware near our house.,roads,english,NYC311_seed_controlled_augmentation
There is wiring near the hospital.,electricity,english,NYC311_seed_controlled_augmentation
I am reporting: Defective Hardware is causing problems for vehicles along the roadside. The problem has been continuing for some time.,roads,english,NYC311_seed_controlled_augmentation
"There is an environmental problem involving unsafe chemical, storage near the school. Please resolve this problem as soon as possible.",environment,english,NYC311_seed_controlled_augmentation
LIGHTING is affecting the area near the school.,electricity,english,NYC311_seed_controlled_augmentation
We are experiencing: There is a water supply problem involving slow leak near the junction. This is causing inconvenience to the public.,water_supply,english,NYC311_seed_controlled_augmentation
The drainage problem appears to involve catch basin clogged/flooding near the junction.,drainage,english,NYC311_seed_controlled_augmentation
The drainage system has street flooding in the residential area.,drainage,english,NYC311_seed_controlled_augmentation
Please send a technician because of lamppost knocked down on the main road. Please investigate this issue.,electricity,english,NYC311_seed_controlled_augmentation
I would like to report: Residents have complained about receptacle violation close to the bus stop. Please take the necessary action.,garbage,english,NYC311_seed_controlled_augmentation
We are experiencing: Waste has become a problem due to missed recycling - m/g/pl in the residential area.,garbage,english,NYC311_seed_controlled_augmentation
The road has pothole - highway near our house.,roads,english,NYC311_seed_controlled_augmentation
Wastewater is causing problems due to sewer or drain near the public market. This is causing inconvenience to the public.,drainage,english,NYC311_seed_controlled_augmentation
The electricity service has a problem with wiring near the school.,electricity,english,NYC311_seed_controlled_augmentation
There is: Residents have reported electrical wiring defective/exposed near our house.,electricity,english,NYC311_seed_controlled_augmentation
"There appears to be taste/odor, chlorine near the hospital. This is causing inconvenience to the public.",water_supply,english,NYC311_seed_controlled_augmentation
Leak has affected the local water supply in the residential area.,water_supply,english,NYC311_seed_controlled_augmentation
"There appears to be: Unsafe Chemical, Abandoned is affecting the surrounding environment on the main road.",environment,english,NYC311_seed_controlled_augmentation
The road has pothole in the residential area. This is causing inconvenience to the public.,roads,english,NYC311_seed_controlled_augmentation
Garbage-related problems include bulk-missed collection near our house. This issue needs attention.,garbage,english,NYC311_seed_controlled_augmentation
There is a water supply problem involving possible water main break close to the town centre. This is causing inconvenience to the public.,water_supply,english,NYC311_seed_controlled_augmentation
There is missed recycling - m/g/pl near the hospital. We would appreciate assistance with this issue.,garbage,english,NYC311_seed_controlled_augmentation
Our area is facing dirty water near the hospital. Please arrange an inspection.,water_supply,english,NYC311_seed_controlled_augmentation
There is an environmental problem involving asbestos complaint close to the bus stop. Residents are requesting assistance.,environment,english,NYC311_seed_controlled_augmentation
Sewage Leak is affecting the area along the roadside.,drainage,english,NYC311_seed_controlled_augmentation
Please inspect the electrical issue: lamppost wire exposed near the junction. The problem has been continuing for some time.,electricity,english,NYC311_seed_controlled_augmentation
We are experiencing dirty water close to the town centre. Please resolve this problem as soon as possible.,water_supply,english,NYC311_seed_controlled_augmentation
"Please investigate the water issue: cloudy or milky, other on the main road. Please arrange an inspection.",water_supply,english,NYC311_seed_controlled_augmentation
Broken Curb near our house. Please arrange an inspection.,roads,english,NYC311_seed_controlled_augmentation
Please check: The road has cave-in outside our building. This issue needs attention.,roads,english,NYC311_seed_controlled_augmentation
Wastewater is causing problems due to sewage odor near the junction.,drainage,english,NYC311_seed_controlled_augmentation
Waste has become a problem due to missed recycling-all materials near the school. Please resolve this problem as soon as possible.,garbage,english,NYC311_seed_controlled_augmentation
"Residents are concerned about oil spill on street, large outside our building. Residents are requesting assistance.",environment,english,NYC311_seed_controlled_augmentation
"Drivers are having difficulty because of rough, pitted or cracked roads near the junction.",roads,english,NYC311_seed_controlled_augmentation
The road surface is affected by wear & tear in the residential area. Please send the responsible team to inspect the area.,roads,english,NYC311_seed_controlled_augmentation
Please inspect the drain because of manhole overflow near the school. Residents are requesting assistance.,drainage,english,NYC311_seed_controlled_augmentation
Please repair defective hardware close to the town centre.,roads,english,NYC311_seed_controlled_augmentation
There has been: The drainage system has manhole overflow near the junction. Please arrange an inspection.,drainage,english,NYC311_seed_controlled_augmentation
There is sewage leak close to the town centre. Please take the necessary action.,drainage,english,NYC311_seed_controlled_augmentation
There is: Culvert Blocked/Needs Cleaning is affecting the area in our neighbourhood. The problem has been continuing for some time.,drainage,english,NYC311_seed_controlled_augmentation
The area is affected by large number of mosquitoes along the roadside. Please resolve this problem as soon as possible.,environment,english,NYC311_seed_controlled_augmentation
The electricity service has a problem with power outage near our house.,electricity,english,NYC311_seed_controlled_augmentation
Please check: Drivers are having difficulty because of pothole - highway close to the town centre.,roads,english,NYC311_seed_controlled_augmentation
"We have noticed air: smoke, chimney or vent along the roadside.",environment,english,NYC311_seed_controlled_augmentation
Please investigate the water issue: slow leak near the junction.,water_supply,english,NYC311_seed_controlled_augmentation
Residents have reported: The road surface is affected by cave-in near the public market. Please investigate this issue.,roads,english,NYC311_seed_controlled_augmentation
Residents have complained about 15 street cond/dump-out/drop-off near the hospital.,garbage,english,NYC311_seed_controlled_augmentation
There is defective hardware near our house.,roads,english,NYC311_seed_controlled_augmentation
"Please inspect this environmental issue: air: dust, construction/demolition close to the town centre. Please investigate this issue.",environment,english,NYC311_seed_controlled_augmentation
We are experiencing: Curb Defect-Metal Protruding is causing problems for vehicles in the residential area.,roads,english,NYC311_seed_controlled_augmentation
There is an environmental problem involving large number of mosquitoes in our neighbourhood.,environment,english,NYC311_seed_controlled_augmentation
"Residents are concerned about air: odor/fumes, restaurant near the junction. The problem has been continuing for some time.",environment,english,NYC311_seed_controlled_augmentation
"People nearby have complained about air: odor/fumes, restaurant near the school. Please arrange an inspection.",environment,english,NYC311_seed_controlled_augmentation
Please inspect the electrical issue: lamppost wire exposed near the school. Residents are requesting assistance.,electricity,english,NYC311_seed_controlled_augmentation
I would like to report: Please inspect the electrical issue: no lighting along the roadside. This is causing inconvenience to the public.,electricity,english,NYC311_seed_controlled_augmentation
There appears to be: Our area is facing dirty water close to the bus stop. Please resolve this problem as soon as possible.,water_supply,english,NYC311_seed_controlled_augmentation
Please address bulk-missed collection near the public market.,garbage,english,NYC311_seed_controlled_augmentation
Please investigate air: other air problem near the hospital.,environment,english,NYC311_seed_controlled_augmentation
There is rain garden flooding on the main road. Please resolve this problem as soon as possible.,drainage,english,NYC311_seed_controlled_augmentation
The area needs cleaning because of dirty area/alleyway in our neighbourhood.,garbage,english,NYC311_seed_controlled_augmentation
"There is a water supply problem involving cloudy or milky, other in our neighbourhood.",water_supply,english,NYC311_seed_controlled_augmentation
Pothole is causing problems for vehicles near the public market. This is causing inconvenience to the public.,roads,english,NYC311_seed_controlled_augmentation
"Taste/Odor, Chlorine has affected the local water supply near the hospital. Please investigate this issue.",water_supply,english,NYC311_seed_controlled_augmentation
There is: Please arrange cleaning because of dirty area/alleyway in the residential area.,garbage,english,NYC311_seed_controlled_augmentation
Wear & Tear is causing problems for vehicles on the main road.,roads,english,NYC311_seed_controlled_augmentation
We are experiencing an electrical problem involving electrical wiring defective/exposed along the roadside.,electricity,english,NYC311_seed_controlled_augmentation
Our area has: We need assistance with street flooding on the main road. Please investigate this issue.,drainage,english,NYC311_seed_controlled_augmentation
The road surface is affected by cave-in on the main road. We would appreciate assistance with this issue.,roads,english,NYC311_seed_controlled_augmentation
The drainage problem appears to involve culvert blocked/needs cleaning near the junction.,drainage,english,NYC311_seed_controlled_augmentation
There is a water supply problem involving slow leak near our house. Please resolve this problem as soon as possible.,water_supply,english,NYC311_seed_controlled_augmentation
The electricity service has a problem with wiring in the residential area. This issue needs attention.,electricity,english,NYC311_seed_controlled_augmentation
Please arrange cleaning because of missed recycling-all materials in the residential area. Residents are requesting assistance.,garbage,english,NYC311_seed_controlled_augmentation
Please inspect the drain because of sewage odor near the junction.,drainage,english,NYC311_seed_controlled_augmentation
The electricity service has a problem with no lighting near the public market.,electricity,english,NYC311_seed_controlled_augmentation
We have noticed: Residents are concerned about asbestos complaint close to the town centre. The problem has been continuing for some time.,environment,english,NYC311_seed_controlled_augmentation
Broken Curb near the hospital.,roads,english,NYC311_seed_controlled_augmentation
There appears to be: Residents are reporting sewer backup close to the town centre.,drainage,english,NYC311_seed_controlled_augmentation
Please check the water system because of dirty water in our neighbourhood. This is causing inconvenience to the public.,water_supply,english,NYC311_seed_controlled_augmentation
The drainage problem appears to involve sewer or drain on the main road. The problem has been continuing for some time.,drainage,english,NYC311_seed_controlled_augmentation
There is power outage outside our building.,electricity,english,NYC311_seed_controlled_augmentation
Pothole - Highway is causing problems for vehicles near the school. This is causing inconvenience to the public.,roads,english,NYC311_seed_controlled_augmentation
Our area has: Waste has become a problem due to missed recycling paper on the main road. Please resolve this problem as soon as possible.,garbage,english,NYC311_seed_controlled_augmentation
Residents are concerned about defective hardware close to the bus stop. Please resolve this problem as soon as possible.,roads,english,NYC311_seed_controlled_augmentation
There is missed collection near the hospital.,garbage,english,NYC311_seed_controlled_augmentation
The road has pothole near the hospital. Please take the necessary action.,roads,english,NYC311_seed_controlled_augmentation
"We have noticed unsafe chemical, abandoned close to the town centre. Please resolve this problem as soon as possible.",environment,english,NYC311_seed_controlled_augmentation
Residents are concerned about failed street repair near our house. Residents are requesting assistance.,roads,english,NYC311_seed_controlled_augmentation
The area needs cleaning because of missed collection close to the bus stop. Please arrange an inspection.,garbage,english,NYC311_seed_controlled_augmentation
We are experiencing: The area needs cleaning because of missed recycling paper near the school. This issue needs attention.,garbage,english,NYC311_seed_controlled_augmentation
"Please check: The area is affected by unsafe chemical, storage in the residential area.",environment,english,NYC311_seed_controlled_augmentation
Waste has become a problem due to improper disposal along the roadside. Please arrange an inspection.,garbage,english,NYC311_seed_controlled_augmentation
There is sewer or drain close to the town centre.,drainage,english,NYC311_seed_controlled_augmentation
We are experiencing: The road surface is affected by cave-in in our neighbourhood. Please arrange an inspection.,roads,english,NYC311_seed_controlled_augmentation
"People nearby have complained about unsafe chemical, abandoned near the junction. Residents are requesting assistance.",environment,english,NYC311_seed_controlled_augmentation
"We have noticed air: smoke, vehicular near the school. We would appreciate assistance with this issue.",environment,english,NYC311_seed_controlled_augmentation
I would like to report: Residents have complained about missed collection near the school. This is causing inconvenience to the public.,garbage,english,NYC311_seed_controlled_augmentation
Residents have reported: Drivers are having difficulty because of wear & tear near the school.,roads,english,NYC311_seed_controlled_augmentation
There is defective hardware near our house. We would appreciate assistance with this issue.,roads,english,NYC311_seed_controlled_augmentation
DAMP SPOT has affected the local water supply along the roadside. Please send the responsible team to inspect the area.,water_supply,english,NYC311_seed_controlled_augmentation
"We are experiencing: Our area is facing taste/odor, bitter/metallic near our house. This is causing inconvenience to the public.",water_supply,english,NYC311_seed_controlled_augmentation
Drivers are having difficulty because of cave-in close to the town centre.,roads,english,NYC311_seed_controlled_augmentation
There is broken curb near our house. We would appreciate assistance with this issue.,roads,english,NYC311_seed_controlled_augmentation
We are experiencing an electrical problem involving street light out in the residential area. Please take the necessary action.,electricity,english,NYC311_seed_controlled_augmentation
"We have noticed oil spill on street, small near the school. Residents are requesting assistance.",environment,english,NYC311_seed_controlled_augmentation
There is curb defect-metal protruding near the junction. This is causing inconvenience to the public.,roads,english,NYC311_seed_controlled_augmentation
Chemical Spill/Release is affecting the surrounding environment close to the bus stop.,environment,english,NYC311_seed_controlled_augmentation
Residents have reported street light out in our neighbourhood. This is causing inconvenience to the public.,electricity,english,NYC311_seed_controlled_augmentation
Please inspect the electrical issue: power outage near the hospital. This is causing inconvenience to the public.,electricity,english,NYC311_seed_controlled_augmentation
"We are experiencing: Residents have reported taste/odor, chlorine near the public market. Please arrange an inspection.",water_supply,english,NYC311_seed_controlled_augmentation
"There appears to be: People nearby have complained about air: smoke, chimney or vent near the hospital. Please resolve this problem as soon as possible.",environment,english,NYC311_seed_controlled_augmentation
Residents are concerned about cave-in in our neighbourhood.,roads,english,NYC311_seed_controlled_augmentation
"Air: Smoke, Chimney or vent is affecting the surrounding environment near the hospital. Please send the responsible team to inspect the area.",environment,english,NYC311_seed_controlled_augmentation
The road surface is affected by broken curb near the junction.,roads,english,NYC311_seed_controlled_augmentation
There is: Please address receptacle violation close to the bus stop. Please investigate this issue.,garbage,english,NYC311_seed_controlled_augmentation
We are experiencing an electrical problem involving street light out on the main road. This is causing inconvenience to the public.,electricity,english,NYC311_seed_controlled_augmentation
There is bulk-missed collection near the public market. We would appreciate assistance with this issue.,garbage,english,NYC311_seed_controlled_augmentation
Missed Collection is creating an unsanitary condition near the hospital. Please take the necessary action.,garbage,english,NYC311_seed_controlled_augmentation
"Unsafe Chemical, Storage is affecting the surrounding environment near the junction. Please take the necessary action.",environment,english,NYC311_seed_controlled_augmentation
Drivers are having difficulty because of defective hardware in our neighbourhood. Please resolve this problem as soon as possible.,roads,english,NYC311_seed_controlled_augmentation
There appears to be lamppost wire exposed along the roadside. Residents are requesting assistance.,electricity,english,NYC311_seed_controlled_augmentation
The road has failed street repair close to the town centre.,roads,english,NYC311_seed_controlled_augmentation
Loose Rubbish is creating an unsanitary condition along the roadside. Please send the responsible team to inspect the area.,garbage,english,NYC311_seed_controlled_augmentation
We need assistance with sewer or drain close to the town centre.,drainage,english,NYC311_seed_controlled_augmentation
The drainage problem appears to involve street flooding close to the town centre. Please resolve this problem as soon as possible.,drainage,english,NYC311_seed_controlled_augmentation
The electricity service has a problem with lamppost wire exposed outside our building. We would appreciate assistance with this issue.,electricity,english,NYC311_seed_controlled_augmentation
Electrical Wiring Defective/Exposed is affecting the area on the main road. We would appreciate assistance with this issue.,electricity,english,NYC311_seed_controlled_augmentation
Cave-in close to the town centre. This is causing inconvenience to the public.,roads,english,NYC311_seed_controlled_augmentation
Please arrange cleaning because of bulk-missed recy collection close to the town centre. The problem has been continuing for some time.,garbage,english,NYC311_seed_controlled_augmentation
The drainage system has sewer or drain near the hospital. The problem has been continuing for some time.,drainage,english,NYC311_seed_controlled_augmentation
"Residents are concerned about air: odor/fumes, vehicle idling along the roadside. Please investigate this issue.",environment,english,NYC311_seed_controlled_augmentation
We are experiencing: The road surface is affected by defective hardware close to the bus stop. Please take the necessary action.,roads,english,NYC311_seed_controlled_augmentation
The drainage problem appears to involve sewer or drain outside our building. This is causing inconvenience to the public.,drainage,english,NYC311_seed_controlled_augmentation
Wastewater is causing problems due to ponding on the main road. Please send the responsible team to inspect the area.,drainage,english,NYC311_seed_controlled_augmentation
We are experiencing: Please send a technician because of street light out in the residential area. Please arrange an inspection.,electricity,english,NYC311_seed_controlled_augmentation
Residents have complained about 15 street cond/dump-out/drop-off in our neighbourhood.,garbage,english,NYC311_seed_controlled_augmentation
"Residents are concerned about unsafe chemical, storage in our neighbourhood. Please resolve this problem as soon as possible.",environment,english,NYC311_seed_controlled_augmentation
Please send a technician because of lighting outside our building. Please take the necessary action.,electricity,english,NYC311_seed_controlled_augmentation
"Please investigate the water issue: taste/odor, chlorine along the roadside. Please resolve this problem as soon as possible.",water_supply,english,NYC311_seed_controlled_augmentation
Our area is facing low water pressure - wlwp close to the town centre.,water_supply,english,NYC311_seed_controlled_augmentation
Please repair curb defect-metal protruding near our house. Please send the responsible team to inspect the area.,roads,english,NYC311_seed_controlled_augmentation
Please check: The drainage problem appears to involve catch basin clogged/flooding near the hospital.,drainage,english,NYC311_seed_controlled_augmentation
"There appears to be taste/odor, bitter/metallic near the junction.",water_supply,english,NYC311_seed_controlled_augmentation
Please investigate the water issue: damp spot on the main road.,water_supply,english,NYC311_seed_controlled_augmentation
There is an environmental problem involving asbestos complaint close to the bus stop. This is causing inconvenience to the public.,environment,english,NYC311_seed_controlled_augmentation
The road surface is affected by defective hardware near the school. This issue needs attention.,roads,english,NYC311_seed_controlled_augmentation
The road surface is affected by wear & tear in our neighbourhood.,roads,english,NYC311_seed_controlled_augmentation
The area is affected by asbestos complaint near the hospital. Residents are requesting assistance.,environment,english,NYC311_seed_controlled_augmentation
"Taste/Odor, Bitter/Metallic has affected the local water supply near the hospital. Please arrange an inspection.",water_supply,english,NYC311_seed_controlled_augmentation
Please inspect the electrical issue: no lighting close to the town centre.,electricity,english,NYC311_seed_controlled_augmentation
There is street light out near the junction.,electricity,english,NYC311_seed_controlled_augmentation
"People nearby have complained about oil spill on street, large near the junction.",environment,english,NYC311_seed_controlled_augmentation
People nearby have complained about chemical spill/release near our house. The problem has been continuing for some time.,environment,english,NYC311_seed_controlled_augmentation
The road has broken curb near the school. Please take the necessary action.,roads,english,NYC311_seed_controlled_augmentation
We are experiencing: The road has defective hardware along the roadside. The problem has been continuing for some time.,roads,english,NYC311_seed_controlled_augmentation
The drainage problem appears to involve rain garden flooding along the roadside.,drainage,english,NYC311_seed_controlled_augmentation
The drainage system has catch basin clogged/flooding in the residential area. This is causing inconvenience to the public.,drainage,english,NYC311_seed_controlled_augmentation
Our area is facing unknown odor/taste in drinking water close to the bus stop. This is causing inconvenience to the public.,water_supply,english,NYC311_seed_controlled_augmentation
"We have noticed unsafe chemical, storage near the hospital. This issue needs attention.",environment,english,NYC311_seed_controlled_augmentation
Residents have reported wiring in the residential area.,electricity,english,NYC311_seed_controlled_augmentation
"There appears to be taste/odor, chlorine near the hospital.",water_supply,english,NYC311_seed_controlled_augmentation
"The road surface is affected by rough, pitted or cracked roads near our house. Residents are requesting assistance.",roads,english,NYC311_seed_controlled_augmentation
There appears to be: Please address 15 street cond/dump-out/drop-off near the school.,garbage,english,NYC311_seed_controlled_augmentation
Our area has: Wear & Tear is causing problems for vehicles near the hospital.,roads,english,NYC311_seed_controlled_augmentation
Wear & Tear is causing problems for vehicles in our neighbourhood. The problem has been continuing for some time.,roads,english,NYC311_seed_controlled_augmentation
There is sewage leak in our neighbourhood.,drainage,english,NYC311_seed_controlled_augmentation
Residents are concerned about chemical odor outside our building. Please resolve this problem as soon as possible.,environment,english,NYC311_seed_controlled_augmentation
Residents have complained about improper disposal along the roadside. We would appreciate assistance with this issue.,garbage,english,NYC311_seed_controlled_augmentation
Drivers are having difficulty because of curb defect-metal protruding close to the bus stop.,roads,english,NYC311_seed_controlled_augmentation
POWER OUTAGE is affecting the area close to the town centre. This is causing inconvenience to the public.,electricity,english,NYC311_seed_controlled_augmentation
There appears to be: Residents have reported damp spot along the roadside. Please investigate this issue.,water_supply,english,NYC311_seed_controlled_augmentation
"We are experiencing taste/odor, chlorine outside our building.",water_supply,english,NYC311_seed_controlled_augmentation
Drivers are having difficulty because of cave-in outside our building. Please resolve this problem as soon as possible.,roads,english,NYC311_seed_controlled_augmentation
Residents are reporting sewer or drain outside our building. Please investigate this issue.,drainage,english,NYC311_seed_controlled_augmentation
Residents are concerned about chemical vapors/gases/odors along the roadside.,environment,english,NYC311_seed_controlled_augmentation
Our area has: Sewer Backup is affecting the area close to the town centre. Please send the responsible team to inspect the area.,drainage,english,NYC311_seed_controlled_augmentation
We are experiencing an electrical problem involving lighting outside our building.,electricity,english,NYC311_seed_controlled_augmentation
Electrical Wiring Defective/Exposed is affecting the area outside our building. The problem has been continuing for some time.,electricity,english,NYC311_seed_controlled_augmentation
Please repair wear & tear along the roadside. This is causing inconvenience to the public.,roads,english,NYC311_seed_controlled_augmentation
Wastewater is causing problems due to manhole overflow along the roadside.,drainage,english,NYC311_seed_controlled_augmentation
There is defective hardware near the public market.,roads,english,NYC311_seed_controlled_augmentation
Possible Water Main Break has affected the local water supply along the roadside. This issue needs attention.,water_supply,english,NYC311_seed_controlled_augmentation
Please send a technician because of lighting near the junction.,electricity,english,NYC311_seed_controlled_augmentation
There is an environmental problem involving chemical spill/release in the residential area.,environment,english,NYC311_seed_controlled_augmentation
Please inspect the drain because of sewer backup close to the town centre. This issue needs attention.,drainage,english,NYC311_seed_controlled_augmentation
"There appears to be: Residents have reported taste/odor, bitter/metallic near the public market.",water_supply,english,NYC311_seed_controlled_augmentation
Residents are concerned about asbestos complaint near our house. Please resolve this problem as soon as possible.,environment,english,NYC311_seed_controlled_augmentation
Possible Water Main Break has affected the local water supply close to the town centre. Please send the responsible team to inspect the area.,water_supply,english,NYC311_seed_controlled_augmentation
I am reporting: There is improper disposal close to the town centre. Please arrange an inspection.,garbage,english,NYC311_seed_controlled_augmentation
I would like to report: Please repair failed street repair near the junction. Please send the responsible team to inspect the area.,roads,english,NYC311_seed_controlled_augmentation
The road surface is affected by curb defect-metal protruding near the public market. Please send the responsible team to inspect the area.,roads,english,NYC311_seed_controlled_augmentation
There is broken curb along the roadside. Residents are requesting assistance.,roads,english,NYC311_seed_controlled_augmentation
"There is an environmental problem involving unsafe chemical, storage near the hospital. This issue needs attention.",environment,english,NYC311_seed_controlled_augmentation
The drainage system has manhole overflow near our house.,drainage,english,NYC311_seed_controlled_augmentation
"We have noticed air: dust, construction/demolition near the school.",environment,english,NYC311_seed_controlled_augmentation
Please check the water system because of unknown odor/taste in drinking water near the hospital.,water_supply,english,NYC311_seed_controlled_augmentation
Please investigate the water issue: dirty water near the hospital.,water_supply,english,NYC311_seed_controlled_augmentation
There is no lighting along the roadside.,electricity,english,NYC311_seed_controlled_augmentation
Please check the water system because of no water on the main road. The problem has been continuing for some time.,water_supply,english,NYC311_seed_controlled_augmentation
Defective Hardware is causing problems for vehicles along the roadside.,roads,english,NYC311_seed_controlled_augmentation
Sewage Odor is affecting the area in our neighbourhood. Please investigate this issue.,drainage,english,NYC311_seed_controlled_augmentation
Please check: Bulk-Missed Collection is creating an unsanitary condition in the residential area.,garbage,english,NYC311_seed_controlled_augmentation
There is manhole overflow in our neighbourhood.,drainage,english,NYC311_seed_controlled_augmentation
"Residents have reported taste/odor, chlorine in our neighbourhood. This issue needs attention.",water_supply,english,NYC311_seed_controlled_augmentation
Please inspect this environmental issue: ventilation outside our building. We would appreciate assistance with this issue.,environment,english,NYC311_seed_controlled_augmentation
Please inspect this environmental issue: air: other air problem near the hospital. The problem has been continuing for some time.,environment,english,NYC311_seed_controlled_augmentation
Please send a technician because of lamppost knocked down near the school.,electricity,english,NYC311_seed_controlled_augmentation
"Residents have reported taste/odor, chlorine near the school. This issue needs attention.",water_supply,english,NYC311_seed_controlled_augmentation
Please inspect the drain because of sewage leak near the public market.,drainage,english,NYC311_seed_controlled_augmentation
"We have noticed air: odor/fumes, restaurant near the junction. Please arrange an inspection.",environment,english,NYC311_seed_controlled_augmentation
Please address improper disposal near the hospital.,garbage,english,NYC311_seed_controlled_augmentation
Waste has become a problem due to bulk-missed recy collection near the junction. This is causing inconvenience to the public.,garbage,english,NYC311_seed_controlled_augmentation
Please inspect the electrical issue: street light out along the roadside. Please resolve this problem as soon as possible.,electricity,english,NYC311_seed_controlled_augmentation
The area needs cleaning because of loose rubbish on the main road.,garbage,english,NYC311_seed_controlled_augmentation
No Water has affected the local water supply near the school. Residents are requesting assistance.,water_supply,english,NYC311_seed_controlled_augmentation
"Taste/Odor, Bitter/Metallic has affected the local water supply on the main road. Please arrange an inspection.",water_supply,english,NYC311_seed_controlled_augmentation
Dirty Sidewalk is creating an unsanitary condition on the main road. Please send the responsible team to inspect the area.,garbage,english,NYC311_seed_controlled_augmentation
Please inspect the electrical issue: electrical wiring defective/exposed near our house. Please investigate this issue.,electricity,english,NYC311_seed_controlled_augmentation
Missed Collection is creating an unsanitary condition outside our building. This issue needs attention.,garbage,english,NYC311_seed_controlled_augmentation
The electricity service has a problem with lamppost wire exposed along the roadside.,electricity,english,NYC311_seed_controlled_augmentation
Please investigate the water issue: damp spot near the school. Please arrange an inspection.,water_supply,english,NYC311_seed_controlled_augmentation
"The road has rough, pitted or cracked roads outside our building. The problem has been continuing for some time.",roads,english,NYC311_seed_controlled_augmentation
There is improper disposal close to the town centre.,garbage,english,NYC311_seed_controlled_augmentation
Our area has: Residents are concerned about chemical vapors/gases/odors near the public market.,environment,english,NYC311_seed_controlled_augmentation
The road surface is affected by failed street repair near the public market. Please arrange an inspection.,roads,english,NYC311_seed_controlled_augmentation
Our area is facing slow leak near the hospital. Please arrange an inspection.,water_supply,english,NYC311_seed_controlled_augmentation
Residents have reported: Drivers are having difficulty because of pothole - highway near the junction. Please investigate this issue.,roads,english,NYC311_seed_controlled_augmentation
The electricity service has a problem with power outage near the junction. Please arrange an inspection.,electricity,english,NYC311_seed_controlled_augmentation
Please check: Our area is facing unknown odor/taste in drinking water near the school.,water_supply,english,NYC311_seed_controlled_augmentation
There appears to be heavy flow in the residential area. Please resolve this problem as soon as possible.,water_supply,english,NYC311_seed_controlled_augmentation
"The area is affected by air: dust, other on the main road. This is causing inconvenience to the public.",environment,english,NYC311_seed_controlled_augmentation
Sewer Backup is affecting the area near the school. This is causing inconvenience to the public.,drainage,english,NYC311_seed_controlled_augmentation
Our area is facing unknown odor/taste in drinking water near the junction. Residents are requesting assistance.,water_supply,english,NYC311_seed_controlled_augmentation
Our area is facing no water near our house. Please resolve this problem as soon as possible.,water_supply,english,NYC311_seed_controlled_augmentation
We need assistance with sewer backup on the main road. Please send the responsible team to inspect the area.,drainage,english,NYC311_seed_controlled_augmentation
I am reporting: We need assistance with culvert blocked/needs cleaning in our neighbourhood.,drainage,english,NYC311_seed_controlled_augmentation
We are experiencing possible water main break near the school.,water_supply,english,NYC311_seed_controlled_augmentation
Residents have reported electrical wiring defective/exposed near the hospital.,electricity,english,NYC311_seed_controlled_augmentation
Please send a technician because of power outage close to the bus stop. Please take the necessary action.,electricity,english,NYC311_seed_controlled_augmentation
I would like to report: The drainage system has culvert blocked/needs cleaning close to the town centre. This is causing inconvenience to the public.,drainage,english,NYC311_seed_controlled_augmentation
The road surface is affected by curb defect-metal protruding near the school. Please arrange an inspection.,roads,english,NYC311_seed_controlled_augmentation
There appears to be multiple street lights out near the school. This is causing inconvenience to the public.,electricity,english,NYC311_seed_controlled_augmentation
Please address dirty area/alleyway along the roadside.,garbage,english,NYC311_seed_controlled_augmentation
Residents have reported: We are experiencing an electrical problem involving power outage near the junction. This is causing inconvenience to the public.,electricity,english,NYC311_seed_controlled_augmentation
Please send a technician because of street light lamp dim in our neighbourhood. This issue needs attention.,electricity,english,NYC311_seed_controlled_augmentation
Wastewater is causing problems due to manhole overflow close to the town centre.,drainage,english,NYC311_seed_controlled_augmentation
I am reporting: There is failed street repair close to the bus stop. Please arrange an inspection.,roads,english,NYC311_seed_controlled_augmentation
Please inspect the drain because of rain garden flooding near the hospital.,drainage,english,NYC311_seed_controlled_augmentation
Please investigate the water issue: dirty water close to the bus stop. We would appreciate assistance with this issue.,water_supply,english,NYC311_seed_controlled_augmentation
The area needs cleaning because of 15 street cond/dump-out/drop-off near the junction. Please resolve this problem as soon as possible.,garbage,english,NYC311_seed_controlled_augmentation
There is a water supply problem involving damp spot along the roadside. We would appreciate assistance with this issue.,water_supply,english,NYC311_seed_controlled_augmentation
There is broken curb on the main road.,roads,english,NYC311_seed_controlled_augmentation
Curb Defect-Metal Protruding close to the town centre.,roads,english,NYC311_seed_controlled_augmentation
There is curb defect-metal protruding along the roadside.,roads,english,NYC311_seed_controlled_augmentation
There is: The area needs cleaning because of missed recycling paper near the hospital. Please send the responsible team to inspect the area.,garbage,english,NYC311_seed_controlled_augmentation
I would like to report: There is defective hardware near the hospital. Please arrange an inspection.,roads,english,NYC311_seed_controlled_augmentation
There appears to be: The area needs cleaning because of bulk-missed collection near the junction. This issue needs attention.,garbage,english,NYC311_seed_controlled_augmentation
We need assistance with rain garden flooding in the residential area. Please take the necessary action.,drainage,english,NYC311_seed_controlled_augmentation
"Residents are concerned about rough, pitted or cracked roads near our house.",roads,english,NYC311_seed_controlled_augmentation
Please inspect this environmental issue: large number of mosquitoes near our house.,environment,english,NYC311_seed_controlled_augmentation
Please investigate the water issue: low water pressure - wlwp near the school. This is causing inconvenience to the public.,water_supply,english,NYC311_seed_controlled_augmentation
I would like to report: Residents are concerned about large number of mosquitoes close to the bus stop. Please send the responsible team to inspect the area.,environment,english,NYC311_seed_controlled_augmentation
There has been: The electricity service has a problem with outlet/switch along the roadside. Residents are requesting assistance.,electricity,english,NYC311_seed_controlled_augmentation
There is missed recycling paper on the main road.,garbage,english,NYC311_seed_controlled_augmentation
There is missed recycling paper in our neighbourhood. Please take the necessary action.,garbage,english,NYC311_seed_controlled_augmentation
Residents have reported lighting along the roadside. The problem has been continuing for some time.,electricity,english,NYC311_seed_controlled_augmentation
Please inspect the electrical issue: lighting close to the town centre.,electricity,english,NYC311_seed_controlled_augmentation
Please send a technician because of outlet/switch along the roadside.,electricity,english,NYC311_seed_controlled_augmentation
We have noticed: The road surface is affected by failed street repair along the roadside.,roads,english,NYC311_seed_controlled_augmentation
There is sewer backup close to the town centre. This issue needs attention.,drainage,english,NYC311_seed_controlled_augmentation
There appears to be lamppost wire exposed along the roadside. Please take the necessary action.,electricity,english,NYC311_seed_controlled_augmentation
The drainage system has manhole overflow near the school.,drainage,english,NYC311_seed_controlled_augmentation
"Our area is facing cloudy or milky, other on the main road.",water_supply,english,NYC311_seed_controlled_augmentation
POWER OUTAGE is affecting the area near the junction. This is causing inconvenience to the public.,electricity,english,NYC311_seed_controlled_augmentation
Residents have reported: There appears to be electrical wiring defective/exposed along the roadside.,electricity,english,NYC311_seed_controlled_augmentation
The area needs cleaning because of bulk-missed recy collection near the public market. This issue needs attention.,garbage,english,NYC311_seed_controlled_augmentation
I am reporting: People nearby have complained about air: other air problem near the junction. Please resolve this problem as soon as possible.,environment,english,NYC311_seed_controlled_augmentation
Please address loose rubbish near the school. This is causing inconvenience to the public.,garbage,english,NYC311_seed_controlled_augmentation
Residents have reported: We are experiencing an electrical problem involving street light lamp dim outside our building.,electricity,english,NYC311_seed_controlled_augmentation
There appears to be lighting near the school. Please resolve this problem as soon as possible.,electricity,english,NYC311_seed_controlled_augmentation
The area is affected by large number of mosquitoes near our house. Please send the responsible team to inspect the area.,environment,english,NYC311_seed_controlled_augmentation
"There is an environmental problem involving air: dust, construction/demolition in our neighbourhood. This is causing inconvenience to the public.",environment,english,NYC311_seed_controlled_augmentation
Residents have reported street light lamp dim near the hospital.,electricity,english,NYC311_seed_controlled_augmentation
"We are experiencing taste/odor, bitter/metallic near the public market.",water_supply,english,NYC311_seed_controlled_augmentation
Residents have reported lamppost knocked down in the residential area. This issue needs attention.,electricity,english,NYC311_seed_controlled_augmentation
Residents have complained about missed collection near the junction. We would appreciate assistance with this issue.,garbage,english,NYC311_seed_controlled_augmentation
There is improper disposal outside our building. Please investigate this issue.,garbage,english,NYC311_seed_controlled_augmentation
"There is an environmental problem involving oil spill on street, large close to the town centre. Please investigate this issue.",environment,english,NYC311_seed_controlled_augmentation
Sewage Leak is affecting the area near the school. Please send the responsible team to inspect the area.,drainage,english,NYC311_seed_controlled_augmentation
Please check: Residents are concerned about broken curb outside our building. Please investigate this issue.,roads,english,NYC311_seed_controlled_augmentation
Pothole - Highway is causing problems for vehicles near the junction. Residents are requesting assistance.,roads,english,NYC311_seed_controlled_augmentation
Residents are reporting street flooding in the residential area. This issue needs attention.,drainage,english,NYC311_seed_controlled_augmentation
Our area is facing hydrant leaking near the hospital.,water_supply,english,NYC311_seed_controlled_augmentation
There is lamppost wire exposed in our neighbourhood.,electricity,english,NYC311_seed_controlled_augmentation
"There appears to be cloudy or milky, other near the hospital. The problem has been continuing for some time.",water_supply,english,NYC311_seed_controlled_augmentation
There is missed recycling paper near the school. This is causing inconvenience to the public.,garbage,english,NYC311_seed_controlled_augmentation
"We have noticed air: smoke, vehicular in the residential area. Please investigate this issue.",environment,english,NYC311_seed_controlled_augmentation
There is a water supply problem involving no water near the school.,water_supply,english,NYC311_seed_controlled_augmentation
"Please check the water system because of taste/odor, chlorine near our house. This issue needs attention.",water_supply,english,NYC311_seed_controlled_augmentation
I would like to report: There is an environmental problem involving chemical spill/release near the hospital. Please arrange an inspection.,environment,english,NYC311_seed_controlled_augmentation
Please send a technician because of street light out in our neighbourhood.,electricity,english,NYC311_seed_controlled_augmentation
"There is an environmental problem involving air: odor/fumes, restaurant near the public market. Please send the responsible team to inspect the area.",environment,english,NYC311_seed_controlled_augmentation
The electricity service has a problem with lamppost wire exposed near the public market. This issue needs attention.,electricity,english,NYC311_seed_controlled_augmentation
Waste has become a problem due to missed recycling paper close to the bus stop. Please send the responsible team to inspect the area.,garbage,english,NYC311_seed_controlled_augmentation
There appears to be: Please address bulk-missed recy collection in the residential area.,garbage,english,NYC311_seed_controlled_augmentation
"Residents have reported: There is an environmental problem involving air: odor/fumes, restaurant in our neighbourhood. Residents are requesting assistance.",environment,english,NYC311_seed_controlled_augmentation
"Residents are concerned about rough, pitted or cracked roads outside our building. Please resolve this problem as soon as possible.",roads,english,NYC311_seed_controlled_augmentation
Please address dirty area/alleyway near our house. Please take the necessary action.,garbage,english,NYC311_seed_controlled_augmentation
There is cave-in close to the bus stop. We would appreciate assistance with this issue.,roads,english,NYC311_seed_controlled_augmentation
Wastewater is causing problems due to rain garden flooding along the roadside. Please investigate this issue.,drainage,english,NYC311_seed_controlled_augmentation
There is: Residents have complained about missed collection close to the bus stop. Please send the responsible team to inspect the area.,garbage,english,NYC311_seed_controlled_augmentation
The road has failed street repair in our neighbourhood. We would appreciate assistance with this issue.,roads,english,NYC311_seed_controlled_augmentation
"Residents are concerned about air: odor/fumes, restaurant near the school. Please arrange an inspection.",environment,english,NYC311_seed_controlled_augmentation
Residents are reporting sewer backup in the residential area.,drainage,english,NYC311_seed_controlled_augmentation
Residents have reported lighting close to the bus stop. This is causing inconvenience to the public.,electricity,english,NYC311_seed_controlled_augmentation
Please inspect this environmental issue: ventilation along the roadside.,environment,english,NYC311_seed_controlled_augmentation
Drivers are having difficulty because of pothole near the junction. Please resolve this problem as soon as possible.,roads,english,NYC311_seed_controlled_augmentation
The road has curb defect-metal protruding near the hospital.,roads,english,NYC311_seed_controlled_augmentation
The drainage problem appears to involve ponding on the main road. This is causing inconvenience to the public.,drainage,english,NYC311_seed_controlled_augmentation
"There appears to be taste/odor, chlorine on the main road.",water_supply,english,NYC311_seed_controlled_augmentation
Our area has: Drivers are having difficulty because of broken curb close to the town centre. Please send the responsible team to inspect the area.,roads,english,NYC311_seed_controlled_augmentation
Please send a technician because of wiring along the roadside. The problem has been continuing for some time.,electricity,english,NYC311_seed_controlled_augmentation
"There is a water supply problem involving cloudy or milky, other near the school. Please arrange an inspection.",water_supply,english,NYC311_seed_controlled_augmentation
Wastewater is causing problems due to catch basin clogged/flooding along the roadside. We would appreciate assistance with this issue.,drainage,english,NYC311_seed_controlled_augmentation
Dirty Sidewalk is creating an unsanitary condition near the public market. Please resolve this problem as soon as possible.,garbage,english,NYC311_seed_controlled_augmentation
Our area is facing heavy flow near the public market. This is causing inconvenience to the public.,water_supply,english,NYC311_seed_controlled_augmentation
There has been: The road has failed street repair near our house. Please send the responsible team to inspect the area.,roads,english,NYC311_seed_controlled_augmentation
"I am reporting: People nearby have complained about oil spill on street, small in the residential area.",environment,english,NYC311_seed_controlled_augmentation
"We have noticed air: odor/fumes, vehicle idling in our neighbourhood. Residents are requesting assistance.",environment,english,NYC311_seed_controlled_augmentation
Bulk-Missed Recy Collection is creating an unsanitary condition close to the bus stop. The problem has been continuing for some time.,garbage,english,NYC311_seed_controlled_augmentation
There is dirty area/alleyway in the residential area. This issue needs attention.,garbage,english,NYC311_seed_controlled_augmentation
Please address loose rubbish in the residential area.,garbage,english,NYC311_seed_controlled_augmentation
Residents have reported: Pothole near the school. Please investigate this issue.,roads,english,NYC311_seed_controlled_augmentation
I would like to report: Leak has affected the local water supply near the public market.,water_supply,english,NYC311_seed_controlled_augmentation
We are experiencing: There is an environmental problem involving asbestos complaint along the roadside.,environment,english,NYC311_seed_controlled_augmentation
"I am reporting: We are experiencing taste/odor, chlorine close to the town centre. Residents are requesting assistance.",water_supply,english,NYC311_seed_controlled_augmentation
I am reporting: There appears to be hydrant leaking near the public market. The problem has been continuing for some time.,water_supply,english,NYC311_seed_controlled_augmentation
Residents have reported outlet/switch near our house. The problem has been continuing for some time.,electricity,english,NYC311_seed_controlled_augmentation
Broken Curb is causing problems for vehicles close to the town centre.,roads,english,NYC311_seed_controlled_augmentation
I am reporting: Please send a technician because of electrical wiring defective/exposed near the school. Residents are requesting assistance.,electricity,english,NYC311_seed_controlled_augmentation
"Residents have reported: Please inspect this environmental issue: oil spill on street, small in the residential area. Residents are requesting assistance.",environment,english,NYC311_seed_controlled_augmentation
There is an environmental problem involving air: other air problem in our neighbourhood. Residents are requesting assistance.,environment,english,NYC311_seed_controlled_augmentation
"Please inspect this environmental issue: unsafe chemical, storage on the main road.",environment,english,NYC311_seed_controlled_augmentation
The area needs cleaning because of 15 street cond/dump-out/drop-off in the residential area.,garbage,english,NYC311_seed_controlled_augmentation
There is manhole overflow close to the town centre.,drainage,english,NYC311_seed_controlled_augmentation
People nearby have complained about chemical spill/release near our house. Residents are requesting assistance.,environment,english,NYC311_seed_controlled_augmentation
Please arrange cleaning because of missed collection on the main road.,garbage,english,NYC311_seed_controlled_augmentation
There is street flooding in the residential area. Please arrange an inspection.,drainage,english,NYC311_seed_controlled_augmentation
There is manhole overflow near the school. This issue needs attention.,drainage,english,NYC311_seed_controlled_augmentation
Waste has become a problem due to improper disposal near the public market. Please arrange an inspection.,garbage,english,NYC311_seed_controlled_augmentation
We are experiencing an electrical problem involving street light lamp dim on the main road. Please arrange an inspection.,electricity,english,NYC311_seed_controlled_augmentation
There is sewer backup near the school.,drainage,english,NYC311_seed_controlled_augmentation
Missed Recycling - M/G/Pl is creating an unsanitary condition in the residential area.,garbage,english,NYC311_seed_controlled_augmentation
Waste has become a problem due to missed collection in the residential area. Please resolve this problem as soon as possible.,garbage,english,NYC311_seed_controlled_augmentation
There is sewage leak near the school.,drainage,english,NYC311_seed_controlled_augmentation
Sewage Odor is affecting the area close to the town centre. Please send the responsible team to inspect the area.,drainage,english,NYC311_seed_controlled_augmentation
We are experiencing: Residents are reporting rain garden flooding in our neighbourhood. The problem has been continuing for some time.,drainage,english,NYC311_seed_controlled_augmentation
Please arrange cleaning because of dirty area/alleyway close to the bus stop.,garbage,english,NYC311_seed_controlled_augmentation
Please inspect the electrical issue: lighting near the public market. We would appreciate assistance with this issue.,electricity,english,NYC311_seed_controlled_augmentation
"Residents have reported taste/odor, bitter/metallic in the residential area. Please arrange an inspection.",water_supply,english,NYC311_seed_controlled_augmentation
Cave-in near the junction. Please arrange an inspection.,roads,english,NYC311_seed_controlled_augmentation
"The area is affected by air: odor/fumes, vehicle idling along the roadside.",environment,english,NYC311_seed_controlled_augmentation
"Please investigate the water issue: taste/odor, chlorine near the school.",water_supply,english,NYC311_seed_controlled_augmentation
"Please investigate unsafe chemical, storage near the school. Please take the necessary action.",environment,english,NYC311_seed_controlled_augmentation
Residents are reporting ponding on the main road. Please arrange an inspection.,drainage,english,NYC311_seed_controlled_augmentation
There appears to be: Asbestos Complaint is affecting the surrounding environment near the public market. Please send the responsible team to inspect the area.,environment,english,NYC311_seed_controlled_augmentation
There is 15 street cond/dump-out/drop-off close to the town centre. Please take the necessary action.,garbage,english,NYC311_seed_controlled_augmentation
I am reporting: Waste has become a problem due to 15 street cond/dump-out/drop-off in our neighbourhood. The problem has been continuing for some time.,garbage,english,NYC311_seed_controlled_augmentation
"The road has rough, pitted or cracked roads near the school. Residents are requesting assistance.",roads,english,NYC311_seed_controlled_augmentation
"Residents have reported: People nearby have complained about air: dust, other near the public market. Please take the necessary action.",environment,english,NYC311_seed_controlled_augmentation
I am reporting: Please repair wear & tear close to the bus stop. Please send the responsible team to inspect the area.,roads,english,NYC311_seed_controlled_augmentation
We are experiencing an electrical problem involving lamppost knocked down near our house. Please send the responsible team to inspect the area.,electricity,english,NYC311_seed_controlled_augmentation
Please address receptacle violation in our neighbourhood. This is causing inconvenience to the public.,garbage,english,NYC311_seed_controlled_augmentation
Please check the water system because of slow leak close to the town centre. Please resolve this problem as soon as possible.,water_supply,english,NYC311_seed_controlled_augmentation
Please check the water system because of low water pressure - wlwp near the junction. Please investigate this issue.,water_supply,english,NYC311_seed_controlled_augmentation
There is receptacle violation in our neighbourhood.,garbage,english,NYC311_seed_controlled_augmentation
Residents are concerned about asbestos complaint on the main road.,environment,english,NYC311_seed_controlled_augmentation
There appears to be possible water main break near our house.,water_supply,english,NYC311_seed_controlled_augmentation
Pothole - Highway in our neighbourhood.,roads,english,NYC311_seed_controlled_augmentation
Residents have reported lighting on the main road. The problem has been continuing for some time.,electricity,english,NYC311_seed_controlled_augmentation
Please investigate ventilation near the school. Please send the responsible team to inspect the area.,environment,english,NYC311_seed_controlled_augmentation
Garbage-related problems include missed collection near the school.,garbage,english,NYC311_seed_controlled_augmentation
Please investigate the water issue: no water in our neighbourhood.,water_supply,english,NYC311_seed_controlled_augmentation
Our area has: We are experiencing an electrical problem involving street light out near the school. The problem has been continuing for some time.,electricity,english,NYC311_seed_controlled_augmentation
The drainage system has rain garden flooding near the public market.,drainage,english,NYC311_seed_controlled_augmentation
The area needs cleaning because of missed recycling paper outside our building. Please send the responsible team to inspect the area.,garbage,english,NYC311_seed_controlled_augmentation
The drainage system has sewer or drain close to the town centre. Please arrange an inspection.,drainage,english,NYC311_seed_controlled_augmentation
Failed Street Repair near the school. This issue needs attention.,roads,english,NYC311_seed_controlled_augmentation
There is culvert blocked/needs cleaning close to the bus stop. Please arrange an inspection.,drainage,english,NYC311_seed_controlled_augmentation
"Residents are concerned about air: odor/fumes, vehicle idling close to the town centre. Please resolve this problem as soon as possible.",environment,english,NYC311_seed_controlled_augmentation
Residents have complained about receptacle violation along the roadside. Please resolve this problem as soon as possible.,garbage,english,NYC311_seed_controlled_augmentation
Failed Street Repair near the junction. Please take the necessary action.,roads,english,NYC311_seed_controlled_augmentation
Please send a technician because of no lighting near the junction. Please resolve this problem as soon as possible.,electricity,english,NYC311_seed_controlled_augmentation
Our area has: OUTLET/SWITCH is affecting the area near the junction. Residents are requesting assistance.,electricity,english,NYC311_seed_controlled_augmentation
People nearby have complained about air: other air problem outside our building. Please send the responsible team to inspect the area.,environment,english,NYC311_seed_controlled_augmentation
The electricity service has a problem with outlet/switch in the residential area. We would appreciate assistance with this issue.,electricity,english,NYC311_seed_controlled_augmentation
"People nearby have complained about oil spill on street, large in the residential area. The problem has been continuing for some time.",environment,english,NYC311_seed_controlled_augmentation
There is dirty sidewalk along the roadside. The problem has been continuing for some time.,garbage,english,NYC311_seed_controlled_augmentation
Waste has become a problem due to bulk-missed collection close to the bus stop. Please resolve this problem as soon as possible.,garbage,english,NYC311_seed_controlled_augmentation
We are experiencing unknown odor/taste in drinking water near our house. Please take the necessary action.,water_supply,english,NYC311_seed_controlled_augmentation
"I would like to report: We have noticed unsafe chemical, abandoned in our neighbourhood.",environment,english,NYC311_seed_controlled_augmentation
Residents are concerned about cave-in in the residential area. The problem has been continuing for some time.,roads,english,NYC311_seed_controlled_augmentation
"Our area is facing cloudy or milky, other close to the bus stop.",water_supply,english,NYC311_seed_controlled_augmentation
"Cloudy Or Milky, Other has affected the local water supply close to the bus stop.",water_supply,english,NYC311_seed_controlled_augmentation
POWER OUTAGE is affecting the area outside our building.,electricity,english,NYC311_seed_controlled_augmentation
Broken Curb is causing problems for vehicles close to the bus stop. Please investigate this issue.,roads,english,NYC311_seed_controlled_augmentation
"Residents are concerned about air: dust, construction/demolition close to the town centre. This is causing inconvenience to the public.",environment,english,NYC311_seed_controlled_augmentation
Please check: We have noticed asbestos complaint on the main road. The problem has been continuing for some time.,environment,english,NYC311_seed_controlled_augmentation
"Residents are concerned about air: dust, construction/demolition along the roadside. Residents are requesting assistance.",environment,english,NYC311_seed_controlled_augmentation
"Please investigate the water issue: taste/odor, chlorine near the school. Please investigate this issue.",water_supply,english,NYC311_seed_controlled_augmentation
There appears to be leak close to the bus stop. This is causing inconvenience to the public.,water_supply,english,NYC311_seed_controlled_augmentation
Dirty Sidewalk is creating an unsanitary condition near the school. Residents are requesting assistance.,garbage,english,NYC311_seed_controlled_augmentation
"Our area is facing taste/odor, chlorine on the main road. Please take the necessary action.",water_supply,english,NYC311_seed_controlled_augmentation
"Please investigate oil spill on street, small near the school. Please send the responsible team to inspect the area.",environment,english,NYC311_seed_controlled_augmentation
Our area is facing slow leak near the school.,water_supply,english,NYC311_seed_controlled_augmentation
Dirty Area/Alleyway is creating an unsanitary condition close to the town centre. This is causing inconvenience to the public.,garbage,english,NYC311_seed_controlled_augmentation
There appears to be unknown odor/taste in drinking water close to the town centre. This issue needs attention.,water_supply,english,NYC311_seed_controlled_augmentation
Please investigate the water issue: leak near the hospital. We would appreciate assistance with this issue.,water_supply,english,NYC311_seed_controlled_augmentation
Drivers are having difficulty because of wear & tear on the main road. Please send the responsible team to inspect the area.,roads,english,NYC311_seed_controlled_augmentation
There has been: Missed Recycling Paper is creating an unsanitary condition on the main road. The problem has been continuing for some time.,garbage,english,NYC311_seed_controlled_augmentation
"There has been: Oil Spill On Street, Large is affecting the surrounding environment in our neighbourhood. This is causing inconvenience to the public.",environment,english,NYC311_seed_controlled_augmentation
We are experiencing heavy flow close to the town centre. Please resolve this problem as soon as possible.,water_supply,english,NYC311_seed_controlled_augmentation
There appears to be: Waste has become a problem due to missed recycling-all materials near the school. Please resolve this problem as soon as possible.,garbage,english,NYC311_seed_controlled_augmentation
Please check: The electricity service has a problem with lamppost knocked down close to the bus stop. Please arrange an inspection.,electricity,english,NYC311_seed_controlled_augmentation
Defective Hardware close to the town centre. The problem has been continuing for some time.,roads,english,NYC311_seed_controlled_augmentation
Garbage-related problems include improper disposal on the main road. This issue needs attention.,garbage,english,NYC311_seed_controlled_augmentation
"Please investigate air: dust, other in our neighbourhood. Please send the responsible team to inspect the area.",environment,english,NYC311_seed_controlled_augmentation
Wastewater is causing problems due to ponding on the main road. Please resolve this problem as soon as possible.,drainage,english,NYC311_seed_controlled_augmentation
We are experiencing an electrical problem involving no lighting close to the town centre.,electricity,english,NYC311_seed_controlled_augmentation
Drivers are having difficulty because of curb defect-metal protruding along the roadside.,roads,english,NYC311_seed_controlled_augmentation
Drivers are having difficulty because of pothole near our house. Please take the necessary action.,roads,english,NYC311_seed_controlled_augmentation
"I am reporting: Please investigate the water issue: taste/odor, chlorine in the residential area. Residents are requesting assistance.",water_supply,english,NYC311_seed_controlled_augmentation
I would like to report: Please arrange cleaning because of bulk-missed recy collection near the public market. We would appreciate assistance with this issue.,garbage,english,NYC311_seed_controlled_augmentation
Please repair pothole - highway near the public market.,roads,english,NYC311_seed_controlled_augmentation
The road surface is affected by wear & tear near our house. This is causing inconvenience to the public.,roads,english,NYC311_seed_controlled_augmentation
Waste has become a problem due to loose rubbish along the roadside. Please investigate this issue.,garbage,english,NYC311_seed_controlled_augmentation
Sewer Backup is affecting the area close to the bus stop. Please send the responsible team to inspect the area.,drainage,english,NYC311_seed_controlled_augmentation
No Water has affected the local water supply along the roadside.,water_supply,english,NYC311_seed_controlled_augmentation
Our area is facing hydrant leaking outside our building. Residents are requesting assistance.,water_supply,english,NYC311_seed_controlled_augmentation
Residents are concerned about air: other air problem in the residential area. Please send the responsible team to inspect the area.,environment,english,NYC311_seed_controlled_augmentation
There is street flooding in our neighbourhood. Please send the responsible team to inspect the area.,drainage,english,NYC311_seed_controlled_augmentation
I am reporting: The road surface is affected by pothole - highway along the roadside. Please send the responsible team to inspect the area.,roads,english,NYC311_seed_controlled_augmentation
Please check: We are experiencing an electrical problem involving lighting in our neighbourhood. The problem has been continuing for some time.,electricity,english,NYC311_seed_controlled_augmentation
We have noticed: There appears to be wiring in our neighbourhood.,electricity,english,NYC311_seed_controlled_augmentation
Our area has: Please send a technician because of street light lamp dim in the residential area. This issue needs attention.,electricity,english,NYC311_seed_controlled_augmentation
There is outlet/switch in our neighbourhood.,electricity,english,NYC311_seed_controlled_augmentation
We are experiencing an electrical problem involving lamppost wire exposed near the junction.,electricity,english,NYC311_seed_controlled_augmentation
The area is affected by chemical spill/release near the junction. We would appreciate assistance with this issue.,environment,english,NYC311_seed_controlled_augmentation
Wastewater is causing problems due to rain garden flooding on the main road. Please take the necessary action.,drainage,english,NYC311_seed_controlled_augmentation
We need assistance with street flooding near the school. We would appreciate assistance with this issue.,drainage,english,NYC311_seed_controlled_augmentation
We have noticed: There is a water supply problem involving possible water main break on the main road. We would appreciate assistance with this issue.,water_supply,english,NYC311_seed_controlled_augmentation
There appears to be unknown odor/taste in drinking water outside our building.,water_supply,english,NYC311_seed_controlled_augmentation
There is bulk-missed collection near the hospital.,garbage,english,NYC311_seed_controlled_augmentation
Residents are reporting sewer or drain on the main road. We would appreciate assistance with this issue.,drainage,english,NYC311_seed_controlled_augmentation
The drainage system has sewage odor near the public market. Please take the necessary action.,drainage,english,NYC311_seed_controlled_augmentation
Drivers are having difficulty because of pothole - highway close to the bus stop.,roads,english,NYC311_seed_controlled_augmentation
Please investigate the water issue: hydrant leaking along the roadside. Please take the necessary action.,water_supply,english,NYC311_seed_controlled_augmentation
We are experiencing unknown odor/taste in drinking water close to the town centre. Please send the responsible team to inspect the area.,water_supply,english,NYC311_seed_controlled_augmentation
Our area is facing low water pressure - wlwp on the main road.,water_supply,english,NYC311_seed_controlled_augmentation
There is rain garden flooding near the school. Please resolve this problem as soon as possible.,drainage,english,NYC311_seed_controlled_augmentation
Pothole - Highway is causing problems for vehicles near the hospital.,roads,english,NYC311_seed_controlled_augmentation
"Drivers are having difficulty because of rough, pitted or cracked roads near the school. Please send the responsible team to inspect the area.",roads,english,NYC311_seed_controlled_augmentation
There is broken curb in our neighbourhood. Please arrange an inspection.,roads,english,NYC311_seed_controlled_augmentation
RAIN GARDEN FLOODING is affecting the area close to the town centre. This issue needs attention.,drainage,english,NYC311_seed_controlled_augmentation
The drainage system has ponding close to the bus stop. We would appreciate assistance with this issue.,drainage,english,NYC311_seed_controlled_augmentation
The road surface is affected by failed street repair along the roadside.,roads,english,NYC311_seed_controlled_augmentation
There appears to be slow leak in our neighbourhood.,water_supply,english,NYC311_seed_controlled_augmentation
"Please investigate the water issue: taste/odor, chlorine near our house.",water_supply,english,NYC311_seed_controlled_augmentation
Residents are reporting sewage odor near the hospital. Please arrange an inspection.,drainage,english,NYC311_seed_controlled_augmentation
Waste has become a problem due to improper disposal in our neighbourhood.,garbage,english,NYC311_seed_controlled_augmentation
Please address improper disposal outside our building. Please resolve this problem as soon as possible.,garbage,english,NYC311_seed_controlled_augmentation
We are experiencing: People nearby have complained about asbestos complaint near the public market. Please send the responsible team to inspect the area.,environment,english,NYC311_seed_controlled_augmentation
"We are experiencing: People nearby have complained about oil spill on street, large along the roadside. Please resolve this problem as soon as possible.",environment,english,NYC311_seed_controlled_augmentation
Please check the water system because of slow leak in the residential area. We would appreciate assistance with this issue.,water_supply,english,NYC311_seed_controlled_augmentation
There is missed recycling - m/g/pl near the public market.,garbage,english,NYC311_seed_controlled_augmentation
Drivers are having difficulty because of cave-in in our neighbourhood. Please arrange an inspection.,roads,english,NYC311_seed_controlled_augmentation
Drivers are having difficulty because of curb defect-metal protruding outside our building. Please investigate this issue.,roads,english,NYC311_seed_controlled_augmentation
There appears to be: Please send a technician because of multiple street lights out along the roadside. This is causing inconvenience to the public.,electricity,english,NYC311_seed_controlled_augmentation
There is power outage near the hospital.,electricity,english,NYC311_seed_controlled_augmentation
There is: Missed Recycling - M/G/Pl is creating an unsanitary condition close to the bus stop. Please send the responsible team to inspect the area.,garbage,english,NYC311_seed_controlled_augmentation
There is sewer or drain near the junction. Please arrange an inspection.,drainage,english,NYC311_seed_controlled_augmentation
Please arrange cleaning because of missed recycling-all materials near the hospital.,garbage,english,NYC311_seed_controlled_augmentation
Residents have reported: Residents have complained about improper disposal in the residential area. Please resolve this problem as soon as possible.,garbage,english,NYC311_seed_controlled_augmentation
The road has failed street repair along the roadside. Please resolve this problem as soon as possible.,roads,english,NYC311_seed_controlled_augmentation
We need assistance with catch basin clogged/flooding close to the bus stop. The problem has been continuing for some time.,drainage,english,NYC311_seed_controlled_augmentation
There appears to be lamppost wire exposed near the school. Please arrange an inspection.,electricity,english,NYC311_seed_controlled_augmentation
"We have noticed: Residents are concerned about oil spill on street, small near the junction. Please arrange an inspection.",environment,english,NYC311_seed_controlled_augmentation
The road has wear & tear on the main road. Please take the necessary action.,roads,english,NYC311_seed_controlled_augmentation
We are experiencing dirty water near the junction. Please investigate this issue.,water_supply,english,NYC311_seed_controlled_augmentation
I am reporting: There appears to be lighting in our neighbourhood. The problem has been continuing for some time.,electricity,english,NYC311_seed_controlled_augmentation
The drainage problem appears to involve sewer backup close to the bus stop.,drainage,english,NYC311_seed_controlled_augmentation
Please investigate air: other air problem near the junction. Please investigate this issue.,environment,english,NYC311_seed_controlled_augmentation
Please repair broken curb in our neighbourhood. This is causing inconvenience to the public.,roads,english,NYC311_seed_controlled_augmentation
There is missed recycling-all materials close to the bus stop. Please resolve this problem as soon as possible.,garbage,english,NYC311_seed_controlled_augmentation
"The area is affected by air: odor/fumes, vehicle idling near the junction.",environment,english,NYC311_seed_controlled_augmentation
Pothole - Highway is causing problems for vehicles in our neighbourhood.,roads,english,NYC311_seed_controlled_augmentation
Residents are concerned about defective hardware on the main road.,roads,english,NYC311_seed_controlled_augmentation
We have noticed: Failed Street Repair near the school. Please arrange an inspection.,roads,english,NYC311_seed_controlled_augmentation
"The area is affected by unsafe chemical, abandoned in the residential area. Residents are requesting assistance.",environment,english,NYC311_seed_controlled_augmentation
The drainage system has sewer backup close to the bus stop.,drainage,english,NYC311_seed_controlled_augmentation
Please inspect this environmental issue: chemical spill/release in our neighbourhood. Residents are requesting assistance.,environment,english,NYC311_seed_controlled_augmentation
There appears to be leak outside our building.,water_supply,english,NYC311_seed_controlled_augmentation
The electricity service has a problem with lighting on the main road.,electricity,english,NYC311_seed_controlled_augmentation
Residents are reporting rain garden flooding near the junction. The problem has been continuing for some time.,drainage,english,NYC311_seed_controlled_augmentation
"There has been: Residents are concerned about unsafe chemical, storage close to the town centre. We would appreciate assistance with this issue.",environment,english,NYC311_seed_controlled_augmentation
I would like to report: There appears to be possible water main break in the residential area. Please take the necessary action.,water_supply,english,NYC311_seed_controlled_augmentation
The road has pothole - highway outside our building. Please send the responsible team to inspect the area.,roads,english,NYC311_seed_controlled_augmentation
Please address dirty sidewalk along the roadside.,garbage,english,NYC311_seed_controlled_augmentation
The drainage problem appears to involve sewage leak near our house. Please investigate this issue.,drainage,english,NYC311_seed_controlled_augmentation
There appears to be: Broken Curb is causing problems for vehicles along the roadside.,roads,english,NYC311_seed_controlled_augmentation
The electricity service has a problem with no lighting in the residential area. Please investigate this issue.,electricity,english,NYC311_seed_controlled_augmentation
There is an environmental problem involving air: other air problem in our neighbourhood. We would appreciate assistance with this issue.,environment,english,NYC311_seed_controlled_augmentation
There is sewage odor near the hospital. Please arrange an inspection.,drainage,english,NYC311_seed_controlled_augmentation
The area needs cleaning because of dirty area/alleyway near our house.,garbage,english,NYC311_seed_controlled_augmentation
Residents have reported outlet/switch outside our building. Please take the necessary action.,electricity,english,NYC311_seed_controlled_augmentation
"We have noticed air: dust, construction/demolition in the residential area. Please take the necessary action.",environment,english,NYC311_seed_controlled_augmentation
Please investigate the water issue: unknown odor/taste in drinking water near our house. Please take the necessary action.,water_supply,english,NYC311_seed_controlled_augmentation
Cave-in is causing problems for vehicles near the junction.,roads,english,NYC311_seed_controlled_augmentation
We have noticed: The area needs cleaning because of dirty sidewalk near the junction. Please resolve this problem as soon as possible.,garbage,english,NYC311_seed_controlled_augmentation
"People nearby have complained about air: odor/fumes, restaurant near our house. This issue needs attention.",environment,english,NYC311_seed_controlled_augmentation
There appears to be power outage near our house.,electricity,english,NYC311_seed_controlled_augmentation
I would like to report: Please check the water system because of unknown odor/taste in drinking water near the hospital.,water_supply,english,NYC311_seed_controlled_augmentation
We are experiencing: We need assistance with sewer backup along the roadside. Please send the responsible team to inspect the area.,drainage,english,NYC311_seed_controlled_augmentation
The electricity service has a problem with lamppost knocked down near the school.,electricity,english,NYC311_seed_controlled_augmentation
"People nearby have complained about oil spill on street, large along the roadside.",environment,english,NYC311_seed_controlled_augmentation
Wastewater is causing problems due to sewage odor on the main road.,drainage,english,NYC311_seed_controlled_augmentation
Bulk-Missed Recy Collection is creating an unsanitary condition near the public market. Residents are requesting assistance.,garbage,english,NYC311_seed_controlled_augmentation
Waste has become a problem due to missed collection near the public market. Please arrange an inspection.,garbage,english,NYC311_seed_controlled_augmentation
"We are experiencing taste/odor, chlorine outside our building. The problem has been continuing for some time.",water_supply,english,NYC311_seed_controlled_augmentation
"There is an environmental problem involving unsafe chemical, abandoned near our house.",environment,english,NYC311_seed_controlled_augmentation
Wastewater is causing problems due to sewage leak near the school. Residents are requesting assistance.,drainage,english,NYC311_seed_controlled_augmentation
"People nearby have complained about unsafe chemical, abandoned in the residential area.",environment,english,NYC311_seed_controlled_augmentation
There is ponding close to the bus stop. Please resolve this problem as soon as possible.,drainage,english,NYC311_seed_controlled_augmentation
Please send a technician because of outlet/switch in the residential area. This is causing inconvenience to the public.,electricity,english,NYC311_seed_controlled_augmentation
"Cloudy Or Milky, Other has affected the local water supply near the junction. Please send the responsible team to inspect the area.",water_supply,english,NYC311_seed_controlled_augmentation
We need assistance with sewer or drain near the hospital.,drainage,english,NYC311_seed_controlled_augmentation
"Please check the water system because of taste/odor, chlorine on the main road. This is causing inconvenience to the public.",water_supply,english,NYC311_seed_controlled_augmentation
The drainage system has sewer or drain near the school. Please investigate this issue.,drainage,english,NYC311_seed_controlled_augmentation
There is defective hardware close to the town centre. Please send the responsible team to inspect the area.,roads,english,NYC311_seed_controlled_augmentation
Manhole Overflow is affecting the area near the public market. This issue needs attention.,drainage,english,NYC311_seed_controlled_augmentation
Waste has become a problem due to missed recycling paper near the junction. Please resolve this problem as soon as possible.,garbage,english,NYC311_seed_controlled_augmentation
"Residents have reported cloudy or milky, other near the public market. Please send the responsible team to inspect the area.",water_supply,english,NYC311_seed_controlled_augmentation
There is no lighting close to the town centre. The problem has been continuing for some time.,electricity,english,NYC311_seed_controlled_augmentation
"Air: Odor/Fumes, Restaurant is affecting the surrounding environment along the roadside. This is causing inconvenience to the public.",environment,english,NYC311_seed_controlled_augmentation
Our area is facing unknown odor/taste in drinking water outside our building. We would appreciate assistance with this issue.,water_supply,english,NYC311_seed_controlled_augmentation
Please send a technician because of wiring outside our building. Please take the necessary action.,electricity,english,NYC311_seed_controlled_augmentation
Please investigate asbestos complaint along the roadside. Please arrange an inspection.,environment,english,NYC311_seed_controlled_augmentation
The area is affected by chemical spill/release near the school.,environment,english,NYC311_seed_controlled_augmentation
Residents have reported street light lamp dim close to the bus stop. This is causing inconvenience to the public.,electricity,english,NYC311_seed_controlled_augmentation
Culvert Blocked/Needs Cleaning is affecting the area in our neighbourhood.,drainage,english,NYC311_seed_controlled_augmentation
Missed Collection is creating an unsanitary condition near the public market.,garbage,english,NYC311_seed_controlled_augmentation
Residents have reported dirty water near the junction. Please investigate this issue.,water_supply,english,NYC311_seed_controlled_augmentation
Curb Defect-Metal Protruding near our house. Please take the necessary action.,roads,english,NYC311_seed_controlled_augmentation
The road has wear & tear close to the bus stop. The problem has been continuing for some time.,roads,english,NYC311_seed_controlled_augmentation
There is catch basin clogged/flooding near the hospital.,drainage,english,NYC311_seed_controlled_augmentation
Dirty Sidewalk is creating an unsanitary condition in our neighbourhood.,garbage,english,NYC311_seed_controlled_augmentation
We are experiencing dirty water outside our building. This issue needs attention.,water_supply,english,NYC311_seed_controlled_augmentation
No Water has affected the local water supply near the school. Please investigate this issue.,water_supply,english,NYC311_seed_controlled_augmentation
We are experiencing: There is culvert blocked/needs cleaning in the residential area. This is causing inconvenience to the public.,drainage,english,NYC311_seed_controlled_augmentation
Please check: Pothole in our neighbourhood.,roads,english,NYC311_seed_controlled_augmentation
Sewer or Drain is affecting the area near the school. Residents are requesting assistance.,drainage,english,NYC311_seed_controlled_augmentation
Waste has become a problem due to improper disposal near the public market.,garbage,english,NYC311_seed_controlled_augmentation
The area is affected by asbestos complaint in our neighbourhood. This issue needs attention.,environment,english,NYC311_seed_controlled_augmentation
We need assistance with manhole overflow near the hospital. Please resolve this problem as soon as possible.,drainage,english,NYC311_seed_controlled_augmentation
Garbage-related problems include bulk-missed collection in our neighbourhood.,garbage,english,NYC311_seed_controlled_augmentation
Residents have reported wiring near our house.,electricity,english,NYC311_seed_controlled_augmentation
Residents have reported: There appears to be street light lamp dim close to the town centre. We would appreciate assistance with this issue.,electricity,english,NYC311_seed_controlled_augmentation
Waste has become a problem due to missed recycling-all materials along the roadside. The problem has been continuing for some time.,garbage,english,NYC311_seed_controlled_augmentation
Please repair cave-in close to the town centre.,roads,english,NYC311_seed_controlled_augmentation
The drainage problem appears to involve ponding in the residential area.,drainage,english,NYC311_seed_controlled_augmentation
There appears to be no water outside our building.,water_supply,english,NYC311_seed_controlled_augmentation
Residents are concerned about ventilation outside our building. The problem has been continuing for some time.,environment,english,NYC311_seed_controlled_augmentation
Please check the water system because of hydrant leaking near our house.,water_supply,english,NYC311_seed_controlled_augmentation
Wear & Tear near the public market. Residents are requesting assistance.,roads,english,NYC311_seed_controlled_augmentation
Please investigate the water issue: hydrant leaking outside our building. This is causing inconvenience to the public.,water_supply,english,NYC311_seed_controlled_augmentation
OUTLET/SWITCH is affecting the area along the roadside. We would appreciate assistance with this issue.,electricity,english,NYC311_seed_controlled_augmentation
There is a water supply problem involving damp spot outside our building. The problem has been continuing for some time.,water_supply,english,NYC311_seed_controlled_augmentation
Please check the water system because of heavy flow near the public market. Residents are requesting assistance.,water_supply,english,NYC311_seed_controlled_augmentation
Please inspect the electrical issue: lighting near the junction. This is causing inconvenience to the public.,electricity,english,NYC311_seed_controlled_augmentation
Waste has become a problem due to bulk-missed recy collection near the hospital.,garbage,english,NYC311_seed_controlled_augmentation
"Residents have reported taste/odor, bitter/metallic outside our building. Residents are requesting assistance.",water_supply,english,NYC311_seed_controlled_augmentation
Please inspect the electrical issue: street light lamp dim in the residential area. The problem has been continuing for some time.,electricity,english,NYC311_seed_controlled_augmentation
Please investigate the water issue: possible water main break near the school. We would appreciate assistance with this issue.,water_supply,english,NYC311_seed_controlled_augmentation
Sewer Backup is affecting the area on the main road. We would appreciate assistance with this issue.,drainage,english,NYC311_seed_controlled_augmentation
Please repair pothole near the school. This issue needs attention.,roads,english,NYC311_seed_controlled_augmentation
Residents are reporting sewer or drain near the hospital.,drainage,english,NYC311_seed_controlled_augmentation
Residents have complained about dirty sidewalk outside our building. This issue needs attention.,garbage,english,NYC311_seed_controlled_augmentation
Residents have complained about bulk-missed recy collection in the residential area.,garbage,english,NYC311_seed_controlled_augmentation
There appears to be: Asbestos Complaint is affecting the surrounding environment in our neighbourhood.,environment,english,NYC311_seed_controlled_augmentation
Waste has become a problem due to receptacle violation near the junction. Please arrange an inspection.,garbage,english,NYC311_seed_controlled_augmentation
"Rough, Pitted or Cracked Roads on the main road. Please investigate this issue.",roads,english,NYC311_seed_controlled_augmentation
Failed Street Repair is causing problems for vehicles near the hospital.,roads,english,NYC311_seed_controlled_augmentation
Please inspect this environmental issue: chemical spill/release near the hospital. Please resolve this problem as soon as possible.,environment,english,NYC311_seed_controlled_augmentation
Air: Other Air Problem is affecting the surrounding environment close to the bus stop.,environment,english,NYC311_seed_controlled_augmentation
Sewer or Drain is affecting the area along the roadside. Please arrange an inspection.,drainage,english,NYC311_seed_controlled_augmentation
Please investigate the water issue: unknown odor/taste in drinking water along the roadside. This is causing inconvenience to the public.,water_supply,english,NYC311_seed_controlled_augmentation
"Unsafe Chemical, Storage is affecting the surrounding environment near the junction. Please investigate this issue.",environment,english,NYC311_seed_controlled_augmentation
Residents have complained about loose rubbish near the junction. Please investigate this issue.,garbage,english,NYC311_seed_controlled_augmentation
There is ponding in the residential area. Please investigate this issue.,drainage,english,NYC311_seed_controlled_augmentation
There is 15 street cond/dump-out/drop-off near our house.,garbage,english,NYC311_seed_controlled_augmentation
"There appears to be: Please repair rough, pitted or cracked roads in the residential area. This issue needs attention.",roads,english,NYC311_seed_controlled_augmentation
Please send a technician because of outlet/switch near the hospital. Please resolve this problem as soon as possible.,electricity,english,NYC311_seed_controlled_augmentation
"We are experiencing taste/odor, bitter/metallic near the school. This is causing inconvenience to the public.",water_supply,english,NYC311_seed_controlled_augmentation
Street Light Out is affecting the area near the hospital.,electricity,english,NYC311_seed_controlled_augmentation
Drivers are having difficulty because of broken curb close to the bus stop. This is causing inconvenience to the public.,roads,english,NYC311_seed_controlled_augmentation
Residents are concerned about failed street repair in our neighbourhood. Please take the necessary action.,roads,english,NYC311_seed_controlled_augmentation
Garbage-related problems include bulk-missed recy collection close to the town centre. Please arrange an inspection.,garbage,english,NYC311_seed_controlled_augmentation
There is lighting on the main road. This is causing inconvenience to the public.,electricity,english,NYC311_seed_controlled_augmentation
The area needs cleaning because of bulk-missed recy collection near our house. This issue needs attention.,garbage,english,NYC311_seed_controlled_augmentation
There is broken curb on the main road. Please resolve this problem as soon as possible.,roads,english,NYC311_seed_controlled_augmentation
There is lighting in the residential area. The problem has been continuing for some time.,electricity,english,NYC311_seed_controlled_augmentation
There is an environmental problem involving air: other air problem close to the bus stop. This issue needs attention.,environment,english,NYC311_seed_controlled_augmentation
There is outlet/switch outside our building. We would appreciate assistance with this issue.,electricity,english,NYC311_seed_controlled_augmentation
Garbage-related problems include missed collection near the junction. Please arrange an inspection.,garbage,english,NYC311_seed_controlled_augmentation
"Please investigate unsafe chemical, abandoned close to the bus stop. Please resolve this problem as soon as possible.",environment,english,NYC311_seed_controlled_augmentation
Defective Hardware is causing problems for vehicles along the roadside. Please arrange an inspection.,roads,english,NYC311_seed_controlled_augmentation
Our area is facing damp spot close to the town centre.,water_supply,english,NYC311_seed_controlled_augmentation
There is: The area needs cleaning because of bulk-missed collection in the residential area.,garbage,english,NYC311_seed_controlled_augmentation
Please repair curb defect-metal protruding near the public market. Please resolve this problem as soon as possible.,roads,english,NYC311_seed_controlled_augmentation
Dirty Sidewalk is creating an unsanitary condition outside our building.,garbage,english,NYC311_seed_controlled_augmentation
Residents have reported no water along the roadside. This issue needs attention.,water_supply,english,NYC311_seed_controlled_augmentation
"There appears to be: Residents are concerned about air: dust, construction/demolition in our neighbourhood. Please resolve this problem as soon as possible.",environment,english,NYC311_seed_controlled_augmentation
Wear & Tear in the residential area.,roads,english,NYC311_seed_controlled_augmentation
There has been: Garbage-related problems include improper disposal near the junction. This is causing inconvenience to the public.,garbage,english,NYC311_seed_controlled_augmentation
"Our area is facing taste/odor, bitter/metallic near our house.",water_supply,english,NYC311_seed_controlled_augmentation
There is sewage leak outside our building. The problem has been continuing for some time.,drainage,english,NYC311_seed_controlled_augmentation
The drainage system has catch basin clogged/flooding near the hospital.,drainage,english,NYC311_seed_controlled_augmentation
Our area is facing hydrant leaking near the school.,water_supply,english,NYC311_seed_controlled_augmentation
Our area has: Residents have complained about bulk-missed recy collection close to the bus stop.,garbage,english,NYC311_seed_controlled_augmentation
Please repair pothole close to the bus stop. Please investigate this issue.,roads,english,NYC311_seed_controlled_augmentation
HEAVY FLOW has affected the local water supply outside our building. Please investigate this issue.,water_supply,english,NYC311_seed_controlled_augmentation
Please send a technician because of no lighting outside our building.,electricity,english,NYC311_seed_controlled_augmentation
Please repair curb defect-metal protruding near our house. Please take the necessary action.,roads,english,NYC311_seed_controlled_augmentation
"Residents have reported cloudy or milky, other close to the town centre. This issue needs attention.",water_supply,english,NYC311_seed_controlled_augmentation
"Please inspect this environmental issue: air: smoke, vehicular close to the town centre. The problem has been continuing for some time.",environment,english,NYC311_seed_controlled_augmentation
The electricity service has a problem with wiring in our neighbourhood.,electricity,english,NYC311_seed_controlled_augmentation
"There is an environmental problem involving air: dust, construction/demolition close to the town centre. Please take the necessary action.",environment,english,NYC311_seed_controlled_augmentation
I am reporting: The drainage system has sewage odor near the junction. Please arrange an inspection.,drainage,english,NYC311_seed_controlled_augmentation
The electricity service has a problem with power outage along the roadside. Residents are requesting assistance.,electricity,english,NYC311_seed_controlled_augmentation
I would like to report: WIRING is affecting the area outside our building. Please send the responsible team to inspect the area.,electricity,english,NYC311_seed_controlled_augmentation
I am reporting: Please inspect this environmental issue: chemical vapors/gases/odors along the roadside. Please resolve this problem as soon as possible.,environment,english,NYC311_seed_controlled_augmentation
The area needs cleaning because of 15 street cond/dump-out/drop-off near our house.,garbage,english,NYC311_seed_controlled_augmentation
The drainage system has sewage odor close to the bus stop. The problem has been continuing for some time.,drainage,english,NYC311_seed_controlled_augmentation
Residents have reported unknown odor/taste in drinking water close to the bus stop. Please take the necessary action.,water_supply,english,NYC311_seed_controlled_augmentation
The electricity service has a problem with lamppost knocked down close to the town centre. Please arrange an inspection.,electricity,english,NYC311_seed_controlled_augmentation
WIRING is affecting the area near the junction.,electricity,english,NYC311_seed_controlled_augmentation
"Air: Dust, Construction/Demolition is affecting the surrounding environment outside our building.",environment,english,NYC311_seed_controlled_augmentation
We need assistance with sewer or drain in our neighbourhood.,drainage,english,NYC311_seed_controlled_augmentation
We are experiencing: Residents have reported electrical wiring defective/exposed on the main road. Please take the necessary action.,electricity,english,NYC311_seed_controlled_augmentation
"Residents are concerned about air: dust, construction/demolition in the residential area. Please arrange an inspection.",environment,english,NYC311_seed_controlled_augmentation
Please address loose rubbish in our neighbourhood.,garbage,english,NYC311_seed_controlled_augmentation
"Rough, Pitted or Cracked Roads close to the bus stop.",roads,english,NYC311_seed_controlled_augmentation
There appears to be lighting along the roadside. Please take the necessary action.,electricity,english,NYC311_seed_controlled_augmentation
Residents have complained about missed recycling paper near the junction.,garbage,english,NYC311_seed_controlled_augmentation
Please inspect the drain because of sewage odor in the residential area. This issue needs attention.,drainage,english,NYC311_seed_controlled_augmentation
There is: The area needs cleaning because of dirty sidewalk outside our building.,garbage,english,NYC311_seed_controlled_augmentation
There appears to be power outage in the residential area. We would appreciate assistance with this issue.,electricity,english,NYC311_seed_controlled_augmentation
There is street flooding outside our building. Residents are requesting assistance.,drainage,english,NYC311_seed_controlled_augmentation
"Residents are concerned about air: odor/fumes, vehicle idling in our neighbourhood. We would appreciate assistance with this issue.",environment,english,NYC311_seed_controlled_augmentation
Air: Other Air Problem is affecting the surrounding environment along the roadside. The problem has been continuing for some time.,environment,english,NYC311_seed_controlled_augmentation
There is pothole - highway in our neighbourhood. Please resolve this problem as soon as possible.,roads,english,NYC311_seed_controlled_augmentation
We need assistance with rain garden flooding near the school. Please resolve this problem as soon as possible.,drainage,english,NYC311_seed_controlled_augmentation
Drivers are having difficulty because of defective hardware close to the bus stop. This is causing inconvenience to the public.,roads,english,NYC311_seed_controlled_augmentation
There is curb defect-metal protruding near the public market. The problem has been continuing for some time.,roads,english,NYC311_seed_controlled_augmentation
The area needs cleaning because of bulk-missed collection near the public market. This issue needs attention.,garbage,english,NYC311_seed_controlled_augmentation
Residents are reporting sewer or drain on the main road.,drainage,english,NYC311_seed_controlled_augmentation
Please address receptacle violation along the roadside. Residents are requesting assistance.,garbage,english,NYC311_seed_controlled_augmentation
"The road surface is affected by rough, pitted or cracked roads near the hospital.",roads,english,NYC311_seed_controlled_augmentation
"There appears to be cloudy or milky, other on the main road. The problem has been continuing for some time.",water_supply,english,NYC311_seed_controlled_augmentation
There appears to be lighting along the roadside. Please arrange an inspection.,electricity,english,NYC311_seed_controlled_augmentation
"There is an environmental problem involving air: smoke, chimney or vent in our neighbourhood.",environment,english,NYC311_seed_controlled_augmentation
Please inspect the electrical issue: lighting near the junction. Please resolve this problem as soon as possible.,electricity,english,NYC311_seed_controlled_augmentation
Our area has: There is a water supply problem involving no water near the hospital.,water_supply,english,NYC311_seed_controlled_augmentation
Residents have reported no water in our neighbourhood. We would appreciate assistance with this issue.,water_supply,english,NYC311_seed_controlled_augmentation
There appears to be possible water main break near the school. Residents are requesting assistance.,water_supply,english,NYC311_seed_controlled_augmentation
We are experiencing: There is loose rubbish near the hospital. The problem has been continuing for some time.,garbage,english,NYC311_seed_controlled_augmentation
We need assistance with culvert blocked/needs cleaning close to the town centre. We would appreciate assistance with this issue.,drainage,english,NYC311_seed_controlled_augmentation
Residents have reported unknown odor/taste in drinking water close to the town centre. Please investigate this issue.,water_supply,english,NYC311_seed_controlled_augmentation
Failed Street Repair near the junction.,roads,english,NYC311_seed_controlled_augmentation
There is pothole near the public market. This is causing inconvenience to the public.,roads,english,NYC311_seed_controlled_augmentation
"The area is affected by air: odor/fumes, vehicle idling near the hospital. Please send the responsible team to inspect the area.",environment,english,NYC311_seed_controlled_augmentation
I am reporting: There is culvert blocked/needs cleaning close to the town centre.,drainage,english,NYC311_seed_controlled_augmentation
Residents have reported possible water main break near the hospital. Please arrange an inspection.,water_supply,english,NYC311_seed_controlled_augmentation
"Air: Dust, Construction/Demolition is affecting the surrounding environment outside our building. Please investigate this issue.",environment,english,NYC311_seed_controlled_augmentation
Please arrange cleaning because of missed collection on the main road. This is causing inconvenience to the public.,garbage,english,NYC311_seed_controlled_augmentation
We are experiencing an electrical problem involving street light lamp dim close to the town centre.,electricity,english,NYC311_seed_controlled_augmentation
Residents have complained about improper disposal near our house.,garbage,english,NYC311_seed_controlled_augmentation
The area needs cleaning because of missed recycling-all materials near the school.,garbage,english,NYC311_seed_controlled_augmentation
We have noticed: There is lamppost wire exposed along the roadside.,electricity,english,NYC311_seed_controlled_augmentation
The road surface is affected by pothole - highway in our neighbourhood. Please send the responsible team to inspect the area.,roads,english,NYC311_seed_controlled_augmentation
Residents have reported leak near the school. This issue needs attention.,water_supply,english,NYC311_seed_controlled_augmentation
The electricity service has a problem with power outage in our neighbourhood.,electricity,english,NYC311_seed_controlled_augmentation
There is a water supply problem involving damp spot near our house.,water_supply,english,NYC311_seed_controlled_augmentation
The area needs cleaning because of dirty sidewalk near the public market. Please arrange an inspection.,garbage,english,NYC311_seed_controlled_augmentation
Our area has: Garbage-related problems include dirty sidewalk along the roadside.,garbage,english,NYC311_seed_controlled_augmentation
We are experiencing hydrant leaking close to the bus stop. Please resolve this problem as soon as possible.,water_supply,english,NYC311_seed_controlled_augmentation
Please investigate the water issue: heavy flow close to the bus stop. Residents are requesting assistance.,water_supply,english,NYC311_seed_controlled_augmentation
There is: Waste has become a problem due to improper disposal near the school. Please send the responsible team to inspect the area.,garbage,english,NYC311_seed_controlled_augmentation
We are experiencing: The area needs cleaning because of loose rubbish outside our building.,garbage,english,NYC311_seed_controlled_augmentation
Please check: Please inspect the electrical issue: street light out outside our building. Please resolve this problem as soon as possible.,electricity,english,NYC311_seed_controlled_augmentation
Residents are reporting sewer backup near the hospital. We would appreciate assistance with this issue.,drainage,english,NYC311_seed_controlled_augmentation
Please repair cave-in on the main road. Please arrange an inspection.,roads,english,NYC311_seed_controlled_augmentation
Please investigate the water issue: heavy flow near the junction.,water_supply,english,NYC311_seed_controlled_augmentation
Improper Disposal is creating an unsanitary condition in the residential area.,garbage,english,NYC311_seed_controlled_augmentation
Drivers are having difficulty because of pothole near our house.,roads,english,NYC311_seed_controlled_augmentation
The road has broken curb in our neighbourhood. Please investigate this issue.,roads,english,NYC311_seed_controlled_augmentation
Residents have reported unknown odor/taste in drinking water along the roadside. Please resolve this problem as soon as possible.,water_supply,english,NYC311_seed_controlled_augmentation
Our area is facing no water along the roadside. This issue needs attention.,water_supply,english,NYC311_seed_controlled_augmentation
There is ponding near the hospital. The problem has been continuing for some time.,drainage,english,NYC311_seed_controlled_augmentation
Please check: POWER OUTAGE is affecting the area near the junction. Please arrange an inspection.,electricity,english,NYC311_seed_controlled_augmentation
We are experiencing: There appears to be hydrant leaking near our house. The problem has been continuing for some time.,water_supply,english,NYC311_seed_controlled_augmentation
Residents are concerned about large number of mosquitoes along the roadside.,environment,english,NYC311_seed_controlled_augmentation
Cave-in is causing problems for vehicles close to the bus stop. Please resolve this problem as soon as possible.,roads,english,NYC311_seed_controlled_augmentation
There appears to be street light lamp dim on the main road. We would appreciate assistance with this issue.,electricity,english,NYC311_seed_controlled_augmentation
Residents have reported no water close to the bus stop.,water_supply,english,NYC311_seed_controlled_augmentation
"There appears to be: Residents have reported cloudy or milky, other near the junction. This issue needs attention.",water_supply,english,NYC311_seed_controlled_augmentation
"The area is affected by air: odor/fumes, vehicle idling close to the bus stop. Please investigate this issue.",environment,english,NYC311_seed_controlled_augmentation
Waste has become a problem due to bulk-missed recy collection near the school.,garbage,english,NYC311_seed_controlled_augmentation
Our area is facing dirty water on the main road. This issue needs attention.,water_supply,english,NYC311_seed_controlled_augmentation
"Residents are concerned about air: dust, construction/demolition along the roadside.",environment,english,NYC311_seed_controlled_augmentation
There is power outage close to the town centre. Residents are requesting assistance.,electricity,english,NYC311_seed_controlled_augmentation
There is no lighting on the main road. We would appreciate assistance with this issue.,electricity,english,NYC311_seed_controlled_augmentation
I am reporting: DAMP SPOT has affected the local water supply close to the bus stop.,water_supply,english,NYC311_seed_controlled_augmentation
Residents have reported leak along the roadside.,water_supply,english,NYC311_seed_controlled_augmentation
We are experiencing unknown odor/taste in drinking water near the public market. Please send the responsible team to inspect the area.,water_supply,english,NYC311_seed_controlled_augmentation
I am reporting: Residents have complained about missed recycling - m/g/pl in the residential area.,garbage,english,NYC311_seed_controlled_augmentation
There appears to be: Our area is facing heavy flow near our house.,water_supply,english,NYC311_seed_controlled_augmentation
We are experiencing: No Water has affected the local water supply on the main road. Please take the necessary action.,water_supply,english,NYC311_seed_controlled_augmentation
Residents are concerned about failed street repair in our neighbourhood. Please investigate this issue.,roads,english,NYC311_seed_controlled_augmentation
"People nearby have complained about air: dust, construction/demolition near the public market. Please resolve this problem as soon as possible.",environment,english,NYC311_seed_controlled_augmentation
I would like to report: Please arrange cleaning because of dirty area/alleyway near the school.,garbage,english,NYC311_seed_controlled_augmentation
Please send a technician because of power outage near the school.,electricity,english,NYC311_seed_controlled_augmentation
"The area is affected by air: smoke, chimney or vent near our house. Please take the necessary action.",environment,english,NYC311_seed_controlled_augmentation
"Please inspect this environmental issue: air: smoke, chimney or vent near the public market.",environment,english,NYC311_seed_controlled_augmentation
The area needs cleaning because of bulk-missed recy collection along the roadside.,garbage,english,NYC311_seed_controlled_augmentation
Please arrange cleaning because of missed recycling - m/g/pl outside our building. Please arrange an inspection.,garbage,english,NYC311_seed_controlled_augmentation
Multiple Street Lights Out is affecting the area in the residential area. Please investigate this issue.,electricity,english,NYC311_seed_controlled_augmentation
Residents have reported heavy flow near the hospital. Residents are requesting assistance.,water_supply,english,NYC311_seed_controlled_augmentation
The electricity service has a problem with multiple street lights out near the school. Please investigate this issue.,electricity,english,NYC311_seed_controlled_augmentation
There is: The road surface is affected by defective hardware close to the town centre.,roads,english,NYC311_seed_controlled_augmentation
We are experiencing: The area needs cleaning because of dirty sidewalk close to the bus stop. Please send the responsible team to inspect the area.,garbage,english,NYC311_seed_controlled_augmentation
Residents have reported: LIGHTING is affecting the area in our neighbourhood. This is causing inconvenience to the public.,electricity,english,NYC311_seed_controlled_augmentation
There is lighting along the roadside. Please take the necessary action.,electricity,english,NYC311_seed_controlled_augmentation
Failed Street Repair is causing problems for vehicles near the hospital. Please take the necessary action.,roads,english,NYC311_seed_controlled_augmentation
Residents have reported no water in the residential area.,water_supply,english,NYC311_seed_controlled_augmentation
I would like to report: Wastewater is causing problems due to sewer or drain along the roadside.,drainage,english,NYC311_seed_controlled_augmentation
The area is affected by air: other air problem outside our building.,environment,english,NYC311_seed_controlled_augmentation
We are experiencing: We need assistance with sewage leak close to the town centre. Please arrange an inspection.,drainage,english,NYC311_seed_controlled_augmentation
There is lamppost wire exposed near our house. Residents are requesting assistance.,electricity,english,NYC311_seed_controlled_augmentation
Our area is facing unknown odor/taste in drinking water in our neighbourhood. Please take the necessary action.,water_supply,english,NYC311_seed_controlled_augmentation
We need assistance with sewer or drain close to the bus stop. Please resolve this problem as soon as possible.,drainage,english,NYC311_seed_controlled_augmentation
Cave-in near the public market. This issue needs attention.,roads,english,NYC311_seed_controlled_augmentation
Please inspect the drain because of manhole overflow near the school. We would appreciate assistance with this issue.,drainage,english,NYC311_seed_controlled_augmentation
Residents are concerned about defective hardware near the public market.,roads,english,NYC311_seed_controlled_augmentation
I am reporting: Please inspect the drain because of sewage leak near the junction. Please investigate this issue.,drainage,english,NYC311_seed_controlled_augmentation
There is wiring close to the town centre. This issue needs attention.,electricity,english,NYC311_seed_controlled_augmentation
Please address improper disposal near our house. Please resolve this problem as soon as possible.,garbage,english,NYC311_seed_controlled_augmentation
The area is affected by ventilation close to the bus stop. Please send the responsible team to inspect the area.,environment,english,NYC311_seed_controlled_augmentation
There appears to be heavy flow near the school.,water_supply,english,NYC311_seed_controlled_augmentation
Our area is facing damp spot in our neighbourhood. We would appreciate assistance with this issue.,water_supply,english,NYC311_seed_controlled_augmentation
There is multiple street lights out near the school. Please resolve this problem as soon as possible.,electricity,english,NYC311_seed_controlled_augmentation
"Please inspect this environmental issue: air: odor/fumes, restaurant near the hospital. This is causing inconvenience to the public.",environment,english,NYC311_seed_controlled_augmentation
"Please inspect this environmental issue: air: odor/fumes, vehicle idling outside our building. Please send the responsible team to inspect the area.",environment,english,NYC311_seed_controlled_augmentation
We have noticed: The drainage system has rain garden flooding close to the bus stop.,drainage,english,NYC311_seed_controlled_augmentation
There appears to be low water pressure - wlwp near our house. Please take the necessary action.,water_supply,english,NYC311_seed_controlled_augmentation
Bulk-Missed Recy Collection is creating an unsanitary condition in our neighbourhood. Please arrange an inspection.,garbage,english,NYC311_seed_controlled_augmentation
"Residents are concerned about unsafe chemical, storage in the residential area. This is causing inconvenience to the public.",environment,english,NYC311_seed_controlled_augmentation
Residents are concerned about broken curb along the roadside. Residents are requesting assistance.,roads,english,NYC311_seed_controlled_augmentation
There is improper disposal near our house.,garbage,english,NYC311_seed_controlled_augmentation
The road surface is affected by pothole close to the bus stop.,roads,english,NYC311_seed_controlled_augmentation
Please inspect the drain because of rain garden flooding near the school.,drainage,english,NYC311_seed_controlled_augmentation
Please arrange cleaning because of dirty sidewalk on the main road. Please arrange an inspection.,garbage,english,NYC311_seed_controlled_augmentation
Residents are concerned about chemical spill/release near the junction.,environment,english,NYC311_seed_controlled_augmentation
Dirty Sidewalk is creating an unsanitary condition near our house.,garbage,english,NYC311_seed_controlled_augmentation
There is defective hardware near the school. The problem has been continuing for some time.,roads,english,NYC311_seed_controlled_augmentation
The road has wear & tear near the public market.,roads,english,NYC311_seed_controlled_augmentation
"There is a water supply problem involving taste/odor, chlorine near the school.",water_supply,english,NYC311_seed_controlled_augmentation
Sewer or Drain is affecting the area outside our building. We would appreciate assistance with this issue.,drainage,english,NYC311_seed_controlled_augmentation
Please investigate the water issue: no water near our house.,water_supply,english,NYC311_seed_controlled_augmentation
Our area is facing low water pressure - wlwp in our neighbourhood.,water_supply,english,NYC311_seed_controlled_augmentation
WIRING is affecting the area outside our building.,electricity,english,NYC311_seed_controlled_augmentation
Residents are concerned about air: other air problem outside our building. This is causing inconvenience to the public.,environment,english,NYC311_seed_controlled_augmentation
"There is an environmental problem involving air: smoke, chimney or vent in our neighbourhood. We would appreciate assistance with this issue.",environment,english,NYC311_seed_controlled_augmentation
There is a water supply problem involving heavy flow near the junction. The problem has been continuing for some time.,water_supply,english,NYC311_seed_controlled_augmentation
We have noticed: Our area is facing possible water main break near the hospital. Please send the responsible team to inspect the area.,water_supply,english,NYC311_seed_controlled_augmentation
Please inspect this environmental issue: chemical odor outside our building.,environment,english,NYC311_seed_controlled_augmentation
Wastewater is causing problems due to rain garden flooding outside our building. Please take the necessary action.,drainage,english,NYC311_seed_controlled_augmentation
There is bulk-missed collection in the residential area. Please arrange an inspection.,garbage,english,NYC311_seed_controlled_augmentation
"Air: Dust, Construction/Demolition is affecting the surrounding environment near the hospital.",environment,english,NYC311_seed_controlled_augmentation
Residents have reported slow leak outside our building. We would appreciate assistance with this issue.,water_supply,english,NYC311_seed_controlled_augmentation
Wastewater is causing problems due to sewer or drain outside our building. This issue needs attention.,drainage,english,NYC311_seed_controlled_augmentation
There is sewer or drain near the hospital. Please take the necessary action.,drainage,english,NYC311_seed_controlled_augmentation
I would like to report: Please repair curb defect-metal protruding outside our building. This issue needs attention.,roads,english,NYC311_seed_controlled_augmentation
I am reporting: Please address 15 street cond/dump-out/drop-off near the school.,garbage,english,NYC311_seed_controlled_augmentation
Please repair cave-in close to the bus stop. Please send the responsible team to inspect the area.,roads,english,NYC311_seed_controlled_augmentation
Residents have reported street light lamp dim in the residential area. This is causing inconvenience to the public.,electricity,english,NYC311_seed_controlled_augmentation
The drainage system has ponding near the hospital. Please resolve this problem as soon as possible.,drainage,english,NYC311_seed_controlled_augmentation
Please inspect the drain because of sewer backup along the roadside. Please investigate this issue.,drainage,english,NYC311_seed_controlled_augmentation
There appears to be wiring along the roadside.,electricity,english,NYC311_seed_controlled_augmentation
There appears to be: We are experiencing an electrical problem involving multiple street lights out near the hospital. Please resolve this problem as soon as possible.,electricity,english,NYC311_seed_controlled_augmentation
We are experiencing: Please address receptacle violation near our house. The problem has been continuing for some time.,garbage,english,NYC311_seed_controlled_augmentation
The road has curb defect-metal protruding near the hospital. We would appreciate assistance with this issue.,roads,english,NYC311_seed_controlled_augmentation
Garbage-related problems include bulk-missed recy collection outside our building. Residents are requesting assistance.,garbage,english,NYC311_seed_controlled_augmentation
The road has curb defect-metal protruding near the hospital. Please send the responsible team to inspect the area.,roads,english,NYC311_seed_controlled_augmentation
I am reporting: Wastewater is causing problems due to street flooding near the public market.,drainage,english,NYC311_seed_controlled_augmentation
We are experiencing an electrical problem involving lamppost knocked down in the residential area. Please take the necessary action.,electricity,english,NYC311_seed_controlled_augmentation
The road has broken curb in our neighbourhood.,roads,english,NYC311_seed_controlled_augmentation
We need assistance with rain garden flooding on the main road. Please send the responsible team to inspect the area.,drainage,english,NYC311_seed_controlled_augmentation
"There appears to be taste/odor, chlorine in the residential area.",water_supply,english,NYC311_seed_controlled_augmentation
Our area has: Please repair pothole outside our building. The problem has been continuing for some time.,roads,english,NYC311_seed_controlled_augmentation
Street Light Out is affecting the area near the public market.,electricity,english,NYC311_seed_controlled_augmentation
Please arrange cleaning because of loose rubbish on the main road. We would appreciate assistance with this issue.,garbage,english,NYC311_seed_controlled_augmentation
Please check: Residents have reported dirty water close to the town centre.,water_supply,english,NYC311_seed_controlled_augmentation
Our area has: The area is affected by chemical vapors/gases/odors near the junction.,environment,english,NYC311_seed_controlled_augmentation
Garbage-related problems include loose rubbish in our neighbourhood. Residents are requesting assistance.,garbage,english,NYC311_seed_controlled_augmentation
We are experiencing an electrical problem involving lamppost knocked down outside our building. Please investigate this issue.,electricity,english,NYC311_seed_controlled_augmentation
Residents have complained about missed recycling - m/g/pl in the residential area. Please take the necessary action.,garbage,english,NYC311_seed_controlled_augmentation
Residents have complained about bulk-missed collection close to the town centre.,garbage,english,NYC311_seed_controlled_augmentation
I am reporting: Residents have reported lamppost wire exposed in our neighbourhood. Please take the necessary action.,electricity,english,NYC311_seed_controlled_augmentation
There appears to be: We are experiencing an electrical problem involving lamppost knocked down in the residential area.,electricity,english,NYC311_seed_controlled_augmentation
There has been: There is 15 street cond/dump-out/drop-off near the public market.,garbage,english,NYC311_seed_controlled_augmentation
Wastewater is causing problems due to sewer or drain in our neighbourhood. Please resolve this problem as soon as possible.,drainage,english,NYC311_seed_controlled_augmentation
Please repair pothole near the school.,roads,english,NYC311_seed_controlled_augmentation
We need assistance with catch basin clogged/flooding outside our building. Please resolve this problem as soon as possible.,drainage,english,NYC311_seed_controlled_augmentation
We have noticed air: other air problem outside our building. Please arrange an inspection.,environment,english,NYC311_seed_controlled_augmentation
There is lamppost knocked down close to the bus stop. The problem has been continuing for some time.,electricity,english,NYC311_seed_controlled_augmentation
Please investigate the water issue: hydrant leaking near the junction. Please resolve this problem as soon as possible.,water_supply,english,NYC311_seed_controlled_augmentation
There appears to be street light out near the public market. Please resolve this problem as soon as possible.,electricity,english,NYC311_seed_controlled_augmentation
People nearby have complained about large number of mosquitoes outside our building. The problem has been continuing for some time.,environment,english,NYC311_seed_controlled_augmentation
"Unsafe Chemical, Abandoned is affecting the surrounding environment near our house.",environment,english,NYC311_seed_controlled_augmentation
There appears to be: People nearby have complained about ventilation close to the bus stop. This is causing inconvenience to the public.,environment,english,NYC311_seed_controlled_augmentation
Sewer Backup is affecting the area near our house. Please send the responsible team to inspect the area.,drainage,english,NYC311_seed_controlled_augmentation
Air: Other Air Problem is affecting the surrounding environment near the hospital.,environment,english,NYC311_seed_controlled_augmentation
Please inspect this environmental issue: chemical odor along the roadside. We would appreciate assistance with this issue.,environment,english,NYC311_seed_controlled_augmentation
The drainage problem appears to involve sewage odor along the roadside. This issue needs attention.,drainage,english,NYC311_seed_controlled_augmentation
I would like to report: Please inspect this environmental issue: air: other air problem near the public market. We would appreciate assistance with this issue.,environment,english,NYC311_seed_controlled_augmentation
"I would like to report: Taste/Odor, Chlorine has affected the local water supply on the main road.",water_supply,english,NYC311_seed_controlled_augmentation
Residents are concerned about chemical vapors/gases/odors close to the town centre.,environment,english,NYC311_seed_controlled_augmentation
Sewer Backup is affecting the area near the hospital.,drainage,english,NYC311_seed_controlled_augmentation
Please address missed recycling-all materials near the public market. Please take the necessary action.,garbage,english,NYC311_seed_controlled_augmentation
Garbage-related problems include loose rubbish along the roadside. Please send the responsible team to inspect the area.,garbage,english,NYC311_seed_controlled_augmentation
The area needs cleaning because of receptacle violation near the public market.,garbage,english,NYC311_seed_controlled_augmentation
The electricity service has a problem with outlet/switch close to the bus stop. We would appreciate assistance with this issue.,electricity,english,NYC311_seed_controlled_augmentation
The electricity service has a problem with street light out near the junction.,electricity,english,NYC311_seed_controlled_augmentation
There is lamppost wire exposed near the hospital.,electricity,english,NYC311_seed_controlled_augmentation
"Residents have reported: Residents are concerned about rough, pitted or cracked roads in the residential area. Please take the necessary action.",roads,english,NYC311_seed_controlled_augmentation
Waste has become a problem due to receptacle violation along the roadside. Please resolve this problem as soon as possible.,garbage,english,NYC311_seed_controlled_augmentation
We have noticed: Please investigate ventilation along the roadside. Please take the necessary action.,environment,english,NYC311_seed_controlled_augmentation
Please inspect the drain because of catch basin clogged/flooding in the residential area.,drainage,english,NYC311_seed_controlled_augmentation
Please send a technician because of power outage near the school. This issue needs attention.,electricity,english,NYC311_seed_controlled_augmentation
There is: The drainage system has sewer backup along the roadside.,drainage,english,NYC311_seed_controlled_augmentation
"Please investigate air: odor/fumes, restaurant near our house. This is causing inconvenience to the public.",environment,english,NYC311_seed_controlled_augmentation
"Please inspect this environmental issue: air: odor/fumes, restaurant close to the bus stop.",environment,english,NYC311_seed_controlled_augmentation
"Please inspect this environmental issue: unsafe chemical, abandoned near the school. The problem has been continuing for some time.",environment,english,NYC311_seed_controlled_augmentation
We are experiencing an electrical problem involving outlet/switch close to the bus stop.,electricity,english,NYC311_seed_controlled_augmentation
There is rain garden flooding along the roadside. The problem has been continuing for some time.,drainage,english,NYC311_seed_controlled_augmentation
"Residents are concerned about air: odor/fumes, vehicle idling outside our building. Please send the responsible team to inspect the area.",environment,english,NYC311_seed_controlled_augmentation
Drivers are having difficulty because of defective hardware on the main road.,roads,english,NYC311_seed_controlled_augmentation
We have noticed: Cave-in is causing problems for vehicles near the public market. Please send the responsible team to inspect the area.,roads,english,NYC311_seed_controlled_augmentation
Please arrange cleaning because of improper disposal in our neighbourhood.,garbage,english,NYC311_seed_controlled_augmentation
We have noticed: Pothole near the hospital.,roads,english,NYC311_seed_controlled_augmentation
Please inspect the electrical issue: lighting outside our building. The problem has been continuing for some time.,electricity,english,NYC311_seed_controlled_augmentation
There is: Please investigate the water issue: damp spot near our house.,water_supply,english,NYC311_seed_controlled_augmentation
"There has been: Residents have reported taste/odor, chlorine outside our building.",water_supply,english,NYC311_seed_controlled_augmentation
Please inspect this environmental issue: chemical vapors/gases/odors outside our building. Please resolve this problem as soon as possible.,environment,english,NYC311_seed_controlled_augmentation
Please investigate the water issue: no water in the residential area.,water_supply,english,NYC311_seed_controlled_augmentation
"Residents are concerned about oil spill on street, small outside our building. Please send the responsible team to inspect the area.",environment,english,NYC311_seed_controlled_augmentation
We need assistance with ponding on the main road. Please send the responsible team to inspect the area.,drainage,english,NYC311_seed_controlled_augmentation
The electricity service has a problem with lamppost wire exposed on the main road. Please take the necessary action.,electricity,english,NYC311_seed_controlled_augmentation
Please inspect the drain because of street flooding near our house. Please resolve this problem as soon as possible.,drainage,english,NYC311_seed_controlled_augmentation
Please investigate air: other air problem close to the bus stop. Please investigate this issue.,environment,english,NYC311_seed_controlled_augmentation
Residents have complained about dirty area/alleyway on the main road. This is causing inconvenience to the public.,garbage,english,NYC311_seed_controlled_augmentation
Garbage-related problems include bulk-missed collection near the school. Please take the necessary action.,garbage,english,NYC311_seed_controlled_augmentation
There appears to be dirty water in the residential area. This issue needs attention.,water_supply,english,NYC311_seed_controlled_augmentation
There is pothole - highway in the residential area.,roads,english,NYC311_seed_controlled_augmentation
"There is a water supply problem involving taste/odor, bitter/metallic near the public market.",water_supply,english,NYC311_seed_controlled_augmentation
Residents are reporting sewage leak near the school.,drainage,english,NYC311_seed_controlled_augmentation
Please check the water system because of slow leak near the hospital. We would appreciate assistance with this issue.,water_supply,english,NYC311_seed_controlled_augmentation
We have noticed: Improper Disposal is creating an unsanitary condition near the school. Please resolve this problem as soon as possible.,garbage,english,NYC311_seed_controlled_augmentation
Please arrange cleaning because of 15 street cond/dump-out/drop-off along the roadside. This is causing inconvenience to the public.,garbage,english,NYC311_seed_controlled_augmentation
Please check: Residents have reported no water on the main road.,water_supply,english,NYC311_seed_controlled_augmentation
"Please check the water system because of taste/odor, chlorine near the hospital.",water_supply,english,NYC311_seed_controlled_augmentation
Please investigate the water issue: damp spot near our house. This is causing inconvenience to the public.,water_supply,english,NYC311_seed_controlled_augmentation
The drainage problem appears to involve street flooding outside our building. Please arrange an inspection.,drainage,english,NYC311_seed_controlled_augmentation
