complaint_text,priority
The situation involves a water pipe is leaking continuously and a large amount of water is being wasted near the hospital.,medium
There is a problem where water supply has been unavailable to a neighbourhood since yesterday in our neighbourhood.,medium
The situation involves wastewater is overflowing from a drain onto the roadside near the community hall. The condition becomes worse during busy periods.,medium
A local issue has developed where a small amount of litter is scattered near a bus stop on the main road. The condition has remained unchanged since yesterday.,low
People in the area are reporting that a fallen power cable is lying across a pedestrian path along the roadside. The condition becomes worse during busy periods.,high
The road surface is damaged in several places and motorcycles are having difficulty passing near the hospital.,medium
The situation involves a section of road has sunk and vehicles must drive around it at the main junction.,medium
A local issue has developed where a fallen power cable is lying across a pedestrian path near our houses. The issue has been reported by households nearby.,high
People in the area are reporting that a small crack has appeared along the edge of a side road close to the bus stop. The condition has remained unchanged since yesterday.,low
There is a problem where a fallen power cable is lying across a pedestrian path on the main road.,high
The situation involves a deep hole has opened across most of the traffic lane near a blind bend close to the playground. Residents noticed the problem this morning.,high
The situation involves there is a small amount of dust near a construction site near the hospital.,low
The situation involves a small amount of litter is scattered near a bus stop near the hospital. The issue has been reported by households nearby.,low
Residents have noticed that the road surface is damaged in several places and motorcycles are having difficulty passing close to the bus stop. The condition becomes worse during busy periods.,medium
A chemical liquid has leaked onto a public road beside residential buildings in our neighbourhood. People in the area have reported the same issue.,high
We have noticed that a small amount of litter is scattered near a bus stop in our neighbourhood. Residents noticed the problem this morning.,low
The situation involves repeated electricity interruptions are affecting many houses near the school. Several nearby residents have raised concerns.,medium
A roadside drain has some leaves and sediment inside it in our neighbourhood. People passing through the area are being affected.,low
Residents have noticed that a major water pipe has burst and water is entering nearby houses near our houses. The issue has been reported by households nearby.,high
People in the area are reporting that an exposed electrical cable is hanging low where pedestrians can reach it near our houses.,high
We have noticed that a single street sign area has minor surface damage near the hospital.,low
Residents have noticed that one street lamp is dim but still provides some light near the hospital. The issue is affecting normal use of the area.,low
People in the area are reporting that a single street sign area has minor surface damage at the main junction.,low
Sewage is spreading across a school access road at the main junction. The problem has continued despite recent rainfall.,high
A water pipe is leaking continuously and a large amount of water is being wasted near the public market. The problem has continued despite recent rainfall.,medium
A water main failure has flooded the entrance to a hospital close to the playground. People passing through the area are being affected.,high
The situation involves a large section of road has collapsed beside a school entrance on the main road. People in the area have reported the same issue.,high
People in the area are reporting that several potholes are making vehicles slow down on the main road on the main road. The condition becomes worse during busy periods.,medium
A local issue has developed where a small crack has appeared along the edge of a side road at the main junction. People in the area have reported the same issue.,low
The situation involves wastewater is overflowing from a drain onto the roadside near the hospital.,medium
People in the area are reporting that smoke from a nearby workshop is entering nearby houses near the hospital. The problem can be seen clearly from the roadside.,medium
People in the area are reporting that the road surface is damaged in several places and motorcycles are having difficulty passing near the community hall.,medium
People in the area are reporting that a small crack has appeared along the edge of a side road close to the bus stop. Residents noticed the problem this morning.,low
Residents have noticed that thick smoke is causing breathing difficulty among nearby residents close to the bus stop. Residents noticed the problem this morning.,high
We have noticed that a small crack has appeared along the edge of a side road near the public market. The issue is affecting normal use of the area.,low
The situation involves a roadside drain has some leaves and sediment inside it close to the bus stop. The condition has remained unchanged since yesterday.,low
Residents have noticed that thick smoke is causing breathing difficulty among nearby residents at the main junction.,high
We have noticed that a drain cover is slightly loose but still in place close to the playground. The condition becomes worse during busy periods.,low
A small amount of litter is scattered near a bus stop at the main junction. Residents noticed the problem this morning.,low
People in the area are reporting that a roadside drain is blocked and rainwater is collecting across part of the road near the hospital. People in the area have reported the same issue.,medium
The situation involves a drain cover is slightly loose but still in place on the main road.,low
The situation involves a small amount of litter is scattered near a bus stop near the town centre.,low
There is a problem where one lamp flickers occasionally during the evening close to the playground. Several nearby residents have raised concerns.,low
A local issue has developed where a shallow puddle forms after light rain near our houses.,low
We have noticed that a large public waste bin is overflowing onto the pavement close to the bus stop. The problem can be seen clearly from the roadside.,medium
There is a problem where smoke from a nearby workshop is entering nearby houses near the hospital. The issue has been reported by households nearby.,medium
Residents have noticed that electrical wires are sparking beside a crowded pedestrian area on the main road. Residents noticed the problem this morning.,high
A shallow puddle forms after light rain along the roadside. People passing through the area are being affected.,low
Residents have noticed that a large section of road has collapsed beside a school entrance at the main junction. The problem has continued despite recent rainfall.,high
Residents have noticed that several street lights along one road are not working near the school. People in the area have reported the same issue.,medium
Residents have noticed that water supply has been unavailable to a neighbourhood since yesterday along the roadside. Several nearby residents have raised concerns.,medium
We have noticed that a large section of road has collapsed beside a school entrance close to the bus stop. People in the area have reported the same issue.,high
People in the area are reporting that one lamp flickers occasionally during the evening near our houses.,low
An exposed electrical cable is hanging low where pedestrians can reach it at the main junction.,high
We have noticed that a few garbage bags are waiting at the normal collection point along the roadside. Residents noticed the problem this morning.,low
We have noticed that floodwater has entered houses and is continuing to rise close to the playground.,high
A local issue has developed where a section of road has sunk and vehicles must drive around it near our houses. The issue is affecting normal use of the area.,medium
There is a problem where there is a small amount of dust near a construction site near our houses.,low
A local issue has developed where a water main failure has flooded the entrance to a hospital in our neighbourhood. Several nearby residents have raised concerns.,high
Residents have noticed that a section of road has sunk and vehicles must drive around it near the public market. People in the area have reported the same issue.,medium
There is a problem where a small patch of the road surface has become uneven along the roadside. The issue is affecting normal use of the area.,low
People in the area are reporting that tap water has a slight unusual smell but remains available at the main junction. The problem has continued despite recent rainfall.,low
People in the area are reporting that a small crack has appeared along the edge of a side road near the public market.,low
We have noticed that a small patch of the road surface has become uneven at the main junction. The condition has remained unchanged since yesterday.,low
Residents have noticed that tap water has a slight unusual smell but remains available on the main road. The issue is affecting normal use of the area.,low
Water pressure is too low for many houses in the area near the hospital.,medium
We have noticed that a roadside drain is blocked and rainwater is collecting across part of the road near the community hall. People in the area have reported the same issue.,medium
We have noticed that several potholes are making vehicles slow down on the main road along the roadside. The condition has remained unchanged since yesterday.,medium
The situation involves several potholes are making vehicles slow down on the main road near our houses. The condition has remained unchanged since yesterday.,medium
People in the area are reporting that a single street sign area has minor surface damage near the public market. People in the area have reported the same issue.,low
We have noticed that a section of road has sunk and vehicles must drive around it near the community hall. People in the area have reported the same issue.,medium
There is a problem where electrical wires are sparking beside a crowded pedestrian area near our houses.,high
A chemical liquid has leaked onto a public road beside residential buildings near the public market.,high
A local issue has developed where a roadside drain is blocked and rainwater is collecting across part of the road near our houses. People passing through the area are being affected.,medium
There is a small amount of dust near a construction site close to the bus stop.,low
People in the area are reporting that a roadside drain has some leaves and sediment inside it close to the playground. The condition has remained unchanged since yesterday.,low
A local issue has developed where dense smoke from a nearby facility is causing residents to leave their homes near the hospital. People passing through the area are being affected.,high
A local issue has developed where a fallen power cable is lying across a pedestrian path along the roadside. The condition has remained unchanged since yesterday.,high
A local issue has developed where floodwater has entered houses and is continuing to rise near our houses.,high
Residents have noticed that sewage is spreading across a school access road near the community hall.,high
Water supply has been unavailable to a neighbourhood since yesterday near the hospital. People passing through the area are being affected.,medium
A local issue has developed where a large public waste bin is overflowing onto the pavement in our neighbourhood. The condition becomes worse during busy periods.,medium
The situation involves there is a small amount of dust near a construction site on the main road.,low
The situation involves smoke from a nearby workshop is entering nearby houses near our houses. The problem can be seen clearly from the roadside.,medium
We have noticed that a deep hole has opened across most of the traffic lane near a blind bend close to the playground.,high
Residents have noticed that a drain cover is slightly loose but still in place in our neighbourhood. People passing through the area are being affected.,low
We have noticed that floodwater has entered houses and is continuing to rise near the public market.,high
We have noticed that a section of road has sunk and vehicles must drive around it near the town centre.,medium
People in the area are reporting that a large section of road has collapsed beside a school entrance near the public market. People in the area have reported the same issue.,high
A local issue has developed where a major water pipe has burst and water is entering nearby houses near the school. Several nearby residents have raised concerns.,high
A local issue has developed where a shallow puddle forms after light rain near the public market. The issue has been reported by households nearby.,low
We have noticed that a roadside drain is blocked and rainwater is collecting across part of the road near the town centre. The issue has been reported by households nearby.,medium
A local issue has developed where a deep hole has opened across most of the traffic lane near a blind bend near the town centre. The problem has continued despite recent rainfall.,high
The situation involves the road surface is damaged in several places and motorcycles are having difficulty passing near the school.,medium
There is a problem where a sewer blockage is creating a strong smell across several nearby properties near the community hall.,medium
A local issue has developed where a minor water leak is dripping from a public pipe close to the playground. Several nearby residents have raised concerns.,low
Residents have noticed that a large section of road has collapsed beside a school entrance near the community hall. Residents noticed the problem this morning.,high
Residents have noticed that a large section of road has collapsed beside a school entrance in our neighbourhood. People in the area have reported the same issue.,high
Residents have noticed that a public bin is partly full but not overflowing close to the bus stop.,low
People in the area are reporting that the road surface is damaged in several places and motorcycles are having difficulty passing near the town centre. The problem has continued despite recent rainfall.,medium
Residents have noticed that part of a roadside retaining wall has collapsed onto the traffic lane at the main junction. People in the area have reported the same issue.,high
One lamp flickers occasionally during the evening in our neighbourhood.,low
A drain cover is slightly loose but still in place on the main road. The condition becomes worse during busy periods.,low
People in the area are reporting that smoke from a nearby workshop is entering nearby houses near the hospital. People passing through the area are being affected.,medium
The situation involves a large public waste bin is overflowing onto the pavement near our houses. People passing through the area are being affected.,medium
People in the area are reporting that a drain cover is slightly loose but still in place close to the playground. The condition becomes worse during busy periods.,low
Several potholes are making vehicles slow down on the main road near our houses. The issue has been reported by households nearby.,medium
There is a problem where a drain cover is slightly loose but still in place near our houses. The condition has remained unchanged since yesterday.,low
The situation involves a few garbage bags are waiting at the normal collection point at the main junction. The issue has been reported by households nearby.,low
People in the area are reporting that water supply has been unavailable to a neighbourhood since yesterday close to the playground. The issue is affecting normal use of the area.,medium
An exposed electrical cable is hanging low where pedestrians can reach it near the hospital.,high
Residents have noticed that a drain cover is slightly loose but still in place near our houses. The condition has remained unchanged since yesterday.,low
We have noticed that electrical wires are sparking beside a crowded pedestrian area on the main road.,high
A deep hole has opened across most of the traffic lane near a blind bend near the public market.,high
The situation involves tap water has a slight unusual smell but remains available near the community hall.,low
A chemical liquid has leaked onto a public road beside residential buildings in our neighbourhood.,high
A local issue has developed where a curb has a small chipped section near the public market. Residents noticed the problem this morning.,low
Residents have noticed that one lamp flickers occasionally during the evening in our neighbourhood.,low
There is a problem where garbage collection has been missed for several days and waste is accumulating near the public market. Residents noticed the problem this morning.,medium
The situation involves the road surface is damaged in several places and motorcycles are having difficulty passing in our neighbourhood. The condition becomes worse during busy periods.,medium
Residents have noticed that sewage is flowing into several homes from an overflowing manhole close to the bus stop. The issue has been reported by households nearby.,high
A local issue has developed where a roadside drain is blocked and rainwater is collecting across part of the road near the school.,medium
The situation involves a small crack has appeared along the edge of a side road near our houses. The issue is affecting normal use of the area.,low
The situation involves wastewater is overflowing from a drain onto the roadside near our houses. People passing through the area are being affected.,medium
The situation involves repeated electricity interruptions are affecting many houses in our neighbourhood.,medium
Dense smoke from a nearby facility is causing residents to leave their homes near the community hall.,high
We have noticed that several street lights along one road are not working on the main road. The issue is affecting normal use of the area.,medium
A local issue has developed where one street lamp is dim but still provides some light along the roadside.,low
People in the area are reporting that a roadside drain has some leaves and sediment inside it near the town centre. The issue has been reported by households nearby.,low
People in the area are reporting that a shallow puddle forms after light rain at the main junction. People passing through the area are being affected.,low
The situation involves an exposed electrical cable is hanging low where pedestrians can reach it on the main road. The condition becomes worse during busy periods.,high
People in the area are reporting that a water pipe is leaking continuously and a large amount of water is being wasted near the public market. The problem can be seen clearly from the roadside.,medium
We have noticed that water supply has been unavailable to a neighbourhood since yesterday close to the bus stop. The issue has been reported by households nearby.,medium
There is a problem where a roadside drain is blocked and rainwater is collecting across part of the road close to the playground.,medium
A local issue has developed where one street lamp is dim but still provides some light near the community hall. The issue has been reported by households nearby.,low
A minor water leak is dripping from a public pipe near the public market.,low
People in the area are reporting that a minor water leak is dripping from a public pipe at the main junction. People passing through the area are being affected.,low
We have noticed that a sewer blockage is creating a strong smell across several nearby properties near the public market.,medium
A roadside drain is blocked and rainwater is collecting across part of the road close to the bus stop. The issue has been reported by households nearby.,medium
Sewage is flowing into several homes from an overflowing manhole near the public market. Residents noticed the problem this morning.,high
Residents have noticed that a chemical liquid has leaked onto a public road beside residential buildings close to the playground.,high
There is a problem where several potholes are making vehicles slow down on the main road near the hospital.,medium
Residents have noticed that a damaged electrical pole is leaning over a busy road near the public market. Residents noticed the problem this morning.,high
People in the area are reporting that a major water pipe has burst and water is entering nearby houses at the main junction.,high
Residents have noticed that a major water pipe has burst and water is entering nearby houses close to the playground.,high
The situation involves a curb has a small chipped section near the school.,low
People in the area are reporting that electrical wires are sparking beside a crowded pedestrian area close to the bus stop.,high
A local issue has developed where electrical wires are sparking beside a crowded pedestrian area close to the playground. The condition becomes worse during busy periods.,high
People in the area are reporting that a damaged electrical pole is leaning over a busy road near the hospital. The issue has been reported by households nearby.,high
There is a problem where a single street sign area has minor surface damage close to the bus stop. Residents noticed the problem this morning.,low
There is a problem where water supply has been unavailable to a neighbourhood since yesterday along the roadside. The problem can be seen clearly from the roadside.,medium
A local issue has developed where sewage is spreading across a school access road near our houses. The problem has continued despite recent rainfall.,high
The situation involves a public bin is partly full but not overflowing near the school.,low
People in the area are reporting that a damaged electrical pole is leaning over a busy road at the main junction.,high
There is a problem where a small patch of the road surface has become uneven along the roadside.,low
A local issue has developed where construction dust is affecting nearby shops and homes throughout the day close to the playground. The issue has been reported by households nearby.,medium
A local issue has developed where a small crack has appeared along the edge of a side road on the main road.,low
Residents have noticed that a fallen power cable is lying across a pedestrian path on the main road.,high
A local issue has developed where a sewer blockage is creating a strong smell across several nearby properties on the main road.,medium
There is a problem where an exposed electrical cable is hanging low where pedestrians can reach it in our neighbourhood. Residents noticed the problem this morning.,high
There is a problem where a section of road has sunk and vehicles must drive around it close to the playground. The condition becomes worse during busy periods.,medium
There is a problem where a water pipe is leaking continuously and a large amount of water is being wasted near the community hall. The problem has continued despite recent rainfall.,medium
A local issue has developed where a shallow puddle forms after light rain close to the playground.,low
A local issue has developed where a public bin is partly full but not overflowing at the main junction.,low
Residents have noticed that water supply has been unavailable to a neighbourhood since yesterday near the school. The problem has continued despite recent rainfall.,medium
The situation involves a water pipe is leaking continuously and a large amount of water is being wasted along the roadside. Several nearby residents have raised concerns.,medium
One street lamp is dim but still provides some light close to the playground. People in the area have reported the same issue.,low
Residents have noticed that thick smoke is causing breathing difficulty among nearby residents near the school. The issue has been reported by households nearby.,high
The situation involves dense smoke from a nearby facility is causing residents to leave their homes on the main road. Residents noticed the problem this morning.,high
There is a problem where a single street sign area has minor surface damage close to the bus stop. The problem has continued despite recent rainfall.,low
The situation involves a damaged electrical pole is leaning over a busy road close to the playground. Residents noticed the problem this morning.,high
We have noticed that an exposed electrical cable is hanging low where pedestrians can reach it close to the playground.,high
We have noticed that a water pipe is leaking continuously and a large amount of water is being wasted near the hospital. The issue is affecting normal use of the area.,medium
People in the area are reporting that a single street sign area has minor surface damage near the public market.,low
People in the area are reporting that electrical wires are sparking beside a crowded pedestrian area close to the playground. The problem can be seen clearly from the roadside.,high
Water pressure is too low for many houses in the area close to the bus stop. The issue has been reported by households nearby.,medium
A local issue has developed where dense smoke from a nearby facility is causing residents to leave their homes near our houses. People in the area have reported the same issue.,high
A local issue has developed where the road surface is damaged in several places and motorcycles are having difficulty passing at the main junction. People passing through the area are being affected.,medium
The situation involves a drain cover is slightly loose but still in place near the hospital. The condition becomes worse during busy periods.,low
We have noticed that a sewer blockage is creating a strong smell across several nearby properties near the community hall. The issue has been reported by households nearby.,medium
Residents have noticed that a curb has a small chipped section near the town centre. Several nearby residents have raised concerns.,low
The situation involves a major water pipe has burst and water is entering nearby houses near the community hall.,high
Residents have noticed that water pressure is too low for many houses in the area close to the playground. The condition has remained unchanged since yesterday.,medium
Residents have noticed that a major water pipe has burst and water is entering nearby houses near the community hall.,high
A local issue has developed where one lamp flickers occasionally during the evening close to the bus stop. Several nearby residents have raised concerns.,low
Residents have noticed that a shallow puddle forms after light rain close to the bus stop.,low
A local issue has developed where a small amount of litter is scattered near a bus stop near the school. Several nearby residents have raised concerns.,low
People in the area are reporting that sewage is spreading across a school access road near the community hall.,high
A local issue has developed where a sewer blockage is creating a strong smell across several nearby properties near the school. People in the area have reported the same issue.,medium
A local issue has developed where construction dust is affecting nearby shops and homes throughout the day near the hospital. The condition has remained unchanged since yesterday.,medium
A local issue has developed where a roadside drain has some leaves and sediment inside it at the main junction.,low
There is a problem where water supply has been unavailable to a neighbourhood since yesterday near the school.,medium
People in the area are reporting that a section of road has sunk and vehicles must drive around it on the main road. The problem can be seen clearly from the roadside.,medium
A local issue has developed where one lamp flickers occasionally during the evening on the main road.,low
A local issue has developed where several potholes are making vehicles slow down on the main road near our houses. The condition has remained unchanged since yesterday.,medium
A damaged electrical pole is leaning over a busy road in our neighbourhood.,high
A curb has a small chipped section along the roadside. The problem has continued despite recent rainfall.,low
People in the area are reporting that thick smoke is causing breathing difficulty among nearby residents near the community hall.,high
People in the area are reporting that one lamp flickers occasionally during the evening near the town centre. People in the area have reported the same issue.,low
We have noticed that one lamp flickers occasionally during the evening along the roadside. The condition has remained unchanged since yesterday.,low
There is a problem where wastewater is overflowing from a drain onto the roadside near the public market. The condition has remained unchanged since yesterday.,medium
People in the area are reporting that a water pipe is leaking continuously and a large amount of water is being wasted near the hospital. People in the area have reported the same issue.,medium
A local issue has developed where a curb has a small chipped section along the roadside. The condition becomes worse during busy periods.,low
The situation involves a water main failure has flooded the entrance to a hospital near the school. Several nearby residents have raised concerns.,high
Residents have noticed that construction dust is affecting nearby shops and homes throughout the day near the hospital.,medium
Several street lights along one road are not working near the town centre. The issue is affecting normal use of the area.,medium
We have noticed that a fallen power cable is lying across a pedestrian path along the roadside. The issue is affecting normal use of the area.,high
A local issue has developed where a fallen power cable is lying across a pedestrian path near the town centre. The problem can be seen clearly from the roadside.,high
People in the area are reporting that a single street sign area has minor surface damage near the school.,low
A chemical liquid has leaked onto a public road beside residential buildings near the public market. Residents noticed the problem this morning.,high
We have noticed that thick smoke is causing breathing difficulty among nearby residents near the public market.,high
A local issue has developed where several street lights along one road are not working near the town centre.,medium
People in the area are reporting that smoke from a nearby workshop is entering nearby houses near the community hall.,medium
People in the area are reporting that sewage is spreading across a school access road near the public market. Residents noticed the problem this morning.,high
We have noticed that a small amount of litter is scattered near a bus stop near the school.,low
There is a problem where there is a small amount of dust near a construction site close to the playground. Several nearby residents have raised concerns.,low
People in the area are reporting that a public bin is partly full but not overflowing along the roadside.,low
People in the area are reporting that a minor water leak is dripping from a public pipe near the community hall. Residents noticed the problem this morning.,low
A section of road has sunk and vehicles must drive around it near the school. The issue has been reported by households nearby.,medium
A local issue has developed where electrical wires are sparking beside a crowded pedestrian area in our neighbourhood.,high
A local issue has developed where several potholes are making vehicles slow down on the main road near our houses.,medium
The situation involves several street lights along one road are not working near the hospital.,medium
We have noticed that a shallow puddle forms after light rain close to the playground. Residents noticed the problem this morning.,low
A local issue has developed where sewage is flowing into several homes from an overflowing manhole near the town centre. Residents noticed the problem this morning.,high
People in the area are reporting that wastewater is overflowing from a drain onto the roadside on the main road. Residents noticed the problem this morning.,medium
Residents have noticed that tap water has a slight unusual smell but remains available along the roadside.,low
A local issue has developed where a curb has a small chipped section near the public market. People in the area have reported the same issue.,low
Residents have noticed that a chemical liquid has leaked onto a public road beside residential buildings close to the bus stop. The condition has remained unchanged since yesterday.,high
People in the area are reporting that wastewater is overflowing from a drain onto the roadside near the hospital. People passing through the area are being affected.,medium
Residents have noticed that a minor water leak is dripping from a public pipe near the town centre.,low
There is a problem where the road surface is damaged in several places and motorcycles are having difficulty passing near the hospital. The condition has remained unchanged since yesterday.,medium
There is a problem where several street lights along one road are not working along the roadside. The issue has been reported by households nearby.,medium
Residents have noticed that a major water pipe has burst and water is entering nearby houses along the roadside. The problem has continued despite recent rainfall.,high
People in the area are reporting that a small amount of litter is scattered near a bus stop in our neighbourhood.,low
A local issue has developed where a roadside drain has some leaves and sediment inside it near the community hall.,low
A local issue has developed where smoke from a nearby workshop is entering nearby houses near the hospital. The issue is affecting normal use of the area.,medium
We have noticed that one street lamp is dim but still provides some light on the main road. The condition becomes worse during busy periods.,low
People in the area are reporting that wastewater is overflowing from a drain onto the roadside along the roadside. The issue is affecting normal use of the area.,medium
The situation involves a damaged electrical pole is leaning over a busy road close to the bus stop. The problem can be seen clearly from the roadside.,high
People in the area are reporting that a shallow puddle forms after light rain near the community hall. The issue has been reported by households nearby.,low
A major water pipe has burst and water is entering nearby houses close to the bus stop.,high
There is a problem where a curb has a small chipped section at the main junction. The issue is affecting normal use of the area.,low
An exposed electrical cable is hanging low where pedestrians can reach it near the community hall.,high
A local issue has developed where several street lights along one road are not working near the hospital.,medium
People in the area are reporting that a curb has a small chipped section near our houses.,low
The situation involves tap water has a slight unusual smell but remains available near the hospital. The issue is affecting normal use of the area.,low
Smoke from a nearby workshop is entering nearby houses near the town centre.,medium
People in the area are reporting that one street lamp is dim but still provides some light near the community hall.,low
Residents have noticed that a single street sign area has minor surface damage on the main road.,low
There is a problem where a chemical liquid has leaked onto a public road beside residential buildings in our neighbourhood.,high
A local issue has developed where smoke from a nearby workshop is entering nearby houses near the town centre.,medium
We have noticed that construction dust is affecting nearby shops and homes throughout the day at the main junction. People passing through the area are being affected.,medium
A local issue has developed where a shallow puddle forms after light rain on the main road.,low
A roadside drain is blocked and rainwater is collecting across part of the road near the community hall. The issue is affecting normal use of the area.,medium
We have noticed that electrical wires are sparking beside a crowded pedestrian area near the public market. The problem can be seen clearly from the roadside.,high
We have noticed that sewage is flowing into several homes from an overflowing manhole along the roadside. The condition becomes worse during busy periods.,high
A local issue has developed where garbage collection has been missed for several days and waste is accumulating at the main junction.,medium
The situation involves electrical wires are sparking beside a crowded pedestrian area near the public market. Several nearby residents have raised concerns.,high
People in the area are reporting that a fallen power cable is lying across a pedestrian path on the main road.,high
A large section of road has collapsed beside a school entrance at the main junction. The problem has continued despite recent rainfall.,high
Residents have noticed that several potholes are making vehicles slow down on the main road along the roadside. The problem can be seen clearly from the roadside.,medium
We have noticed that construction dust is affecting nearby shops and homes throughout the day near the school. The condition becomes worse during busy periods.,medium
We have noticed that a drain cover is slightly loose but still in place close to the bus stop. People passing through the area are being affected.,low
A local issue has developed where a large public waste bin is overflowing onto the pavement in our neighbourhood. The problem has continued despite recent rainfall.,medium
A local issue has developed where there is a small amount of dust near a construction site near the public market.,low
Electrical wires are sparking beside a crowded pedestrian area near the community hall. The problem can be seen clearly from the roadside.,high
A water main failure has flooded the entrance to a hospital near the public market. Several nearby residents have raised concerns.,high
People in the area are reporting that a chemical liquid has leaked onto a public road beside residential buildings near the hospital.,high
A local issue has developed where electrical wires are sparking beside a crowded pedestrian area in our neighbourhood. People passing through the area are being affected.,high
People in the area are reporting that a single street sign area has minor surface damage near our houses. The problem can be seen clearly from the roadside.,low
Wastewater is overflowing from a drain onto the roadside close to the playground. People passing through the area are being affected.,medium
There is a problem where water supply has been unavailable to a neighbourhood since yesterday near the town centre.,medium
There is a problem where electrical wires are sparking beside a crowded pedestrian area near the school.,high
A local issue has developed where a shallow puddle forms after light rain near the school. Several nearby residents have raised concerns.,low
A large public waste bin is overflowing onto the pavement along the roadside. The issue has been reported by households nearby.,medium
A local issue has developed where smoke from a nearby workshop is entering nearby houses in our neighbourhood. People in the area have reported the same issue.,medium
A chemical liquid has leaked onto a public road beside residential buildings near the school.,high
We have noticed that the road surface is damaged in several places and motorcycles are having difficulty passing near our houses. The condition becomes worse during busy periods.,medium
We have noticed that a single street sign area has minor surface damage near the community hall. People passing through the area are being affected.,low
We have noticed that a single street sign area has minor surface damage on the main road. The issue has been reported by households nearby.,low
Repeated electricity interruptions are affecting many houses near the community hall.,medium
People in the area are reporting that a few garbage bags are waiting at the normal collection point near the school.,low
We have noticed that a curb has a small chipped section at the main junction. The issue is affecting normal use of the area.,low
We have noticed that a small patch of the road surface has become uneven near the hospital. The condition has remained unchanged since yesterday.,low
Residents have noticed that a small patch of the road surface has become uneven near the school.,low
The road surface is damaged in several places and motorcycles are having difficulty passing along the roadside. The condition becomes worse during busy periods.,medium
We have noticed that there is a small amount of dust near a construction site in our neighbourhood. The problem has continued despite recent rainfall.,low
The situation involves sewage is flowing into several homes from an overflowing manhole on the main road.,high
There is a small amount of dust near a construction site near the school.,low
We have noticed that a small amount of litter is scattered near a bus stop close to the bus stop.,low
Residents have noticed that a chemical liquid has leaked onto a public road beside residential buildings near the public market. People passing through the area are being affected.,high
The situation involves part of a roadside retaining wall has collapsed onto the traffic lane near the town centre.,high
We have noticed that a roadside drain is blocked and rainwater is collecting across part of the road near the hospital. Residents noticed the problem this morning.,medium
A local issue has developed where several potholes are making vehicles slow down on the main road near the community hall.,medium
Residents have noticed that a water pipe is leaking continuously and a large amount of water is being wasted at the main junction. The condition becomes worse during busy periods.,medium
A local issue has developed where sewage is flowing into several homes from an overflowing manhole close to the bus stop. The condition has remained unchanged since yesterday.,high
There is a problem where a small amount of litter is scattered near a bus stop close to the playground.,low
We have noticed that a damaged electrical pole is leaning over a busy road near the community hall.,high
A local issue has developed where part of a roadside retaining wall has collapsed onto the traffic lane close to the playground. The issue has been reported by households nearby.,high
There is a problem where a roadside drain has some leaves and sediment inside it near our houses.,low
One street lamp is dim but still provides some light close to the bus stop.,low
Residents have noticed that a section of road has sunk and vehicles must drive around it near the town centre.,medium
A local issue has developed where a single street sign area has minor surface damage near the community hall. Several nearby residents have raised concerns.,low
The situation involves water supply has been unavailable to a neighbourhood since yesterday near the school. The condition becomes worse during busy periods.,medium
People in the area are reporting that floodwater has entered houses and is continuing to rise on the main road. People in the area have reported the same issue.,high
A local issue has developed where a few garbage bags are waiting at the normal collection point near the public market. The problem has continued despite recent rainfall.,low
There is a problem where a sewer blockage is creating a strong smell across several nearby properties on the main road.,medium
People in the area are reporting that wastewater is overflowing from a drain onto the roadside near the school. The problem has continued despite recent rainfall.,medium
There is a problem where construction dust is affecting nearby shops and homes throughout the day near the community hall. Several nearby residents have raised concerns.,medium
There is a problem where a public bin is partly full but not overflowing near the community hall. The issue has been reported by households nearby.,low
We have noticed that a small patch of the road surface has become uneven near our houses. The condition becomes worse during busy periods.,low
A local issue has developed where water pressure is too low for many houses in the area near the community hall. The issue is affecting normal use of the area.,medium
The situation involves a small patch of the road surface has become uneven near the town centre.,low
A fallen power cable is lying across a pedestrian path near the town centre. Several nearby residents have raised concerns.,high
The situation involves smoke from a nearby workshop is entering nearby houses near the public market.,medium
Residents have noticed that a chemical liquid has leaked onto a public road beside residential buildings close to the bus stop.,high
People in the area are reporting that one street lamp is dim but still provides some light along the roadside. The condition has remained unchanged since yesterday.,low
The situation involves thick smoke is causing breathing difficulty among nearby residents along the roadside. The problem has continued despite recent rainfall.,high
There is a problem where smoke from a nearby workshop is entering nearby houses on the main road.,medium
People in the area are reporting that repeated electricity interruptions are affecting many houses close to the playground. The problem has continued despite recent rainfall.,medium
We have noticed that the road surface is damaged in several places and motorcycles are having difficulty passing near our houses. The problem has continued despite recent rainfall.,medium
We have noticed that there is a small amount of dust near a construction site near the public market. People in the area have reported the same issue.,low
Residents have noticed that sewage is spreading across a school access road near the community hall. The condition has remained unchanged since yesterday.,high
A local issue has developed where a fallen power cable is lying across a pedestrian path close to the playground. Several nearby residents have raised concerns.,high
There is a problem where a roadside drain is blocked and rainwater is collecting across part of the road near the school.,medium
Residents have noticed that water supply has been unavailable to a neighbourhood since yesterday near the community hall. The problem can be seen clearly from the roadside.,medium
A local issue has developed where a minor water leak is dripping from a public pipe at the main junction.,low
People in the area are reporting that part of a roadside retaining wall has collapsed onto the traffic lane in our neighbourhood.,high
Residents have noticed that a fallen power cable is lying across a pedestrian path near the school. Residents noticed the problem this morning.,high
The situation involves thick smoke is causing breathing difficulty among nearby residents near the hospital. The issue has been reported by households nearby.,high
There is a problem where there is a small amount of dust near a construction site on the main road.,low
The situation involves a roadside drain is blocked and rainwater is collecting across part of the road along the roadside. Residents noticed the problem this morning.,medium
Residents have noticed that the road surface is damaged in several places and motorcycles are having difficulty passing in our neighbourhood. The condition becomes worse during busy periods.,medium
The situation involves water supply has been unavailable to a neighbourhood since yesterday on the main road.,medium
The situation involves several potholes are making vehicles slow down on the main road near the town centre. The problem can be seen clearly from the roadside.,medium
A local issue has developed where electrical wires are sparking beside a crowded pedestrian area near the public market. The issue has been reported by households nearby.,high
Residents have noticed that floodwater has entered houses and is continuing to rise near our houses. The condition becomes worse during busy periods.,high
There is a problem where a water pipe is leaking continuously and a large amount of water is being wasted close to the playground. The issue is affecting normal use of the area.,medium
There is a problem where a chemical liquid has leaked onto a public road beside residential buildings near the town centre. The issue is affecting normal use of the area.,high
Residents have noticed that several potholes are making vehicles slow down on the main road along the roadside. People in the area have reported the same issue.,medium
People in the area are reporting that floodwater has entered houses and is continuing to rise near our houses.,high
People in the area are reporting that a single street sign area has minor surface damage along the roadside. The problem has continued despite recent rainfall.,low
Residents have noticed that repeated electricity interruptions are affecting many houses along the roadside. People passing through the area are being affected.,medium
The situation involves sewage is spreading across a school access road near the hospital.,high
We have noticed that a single street sign area has minor surface damage at the main junction. People in the area have reported the same issue.,low
The situation involves several potholes are making vehicles slow down on the main road close to the bus stop. Several nearby residents have raised concerns.,medium
People in the area are reporting that sewage is flowing into several homes from an overflowing manhole near the town centre. The issue has been reported by households nearby.,high
There is a problem where a public bin is partly full but not overflowing near our houses.,low
Residents have noticed that water pressure is too low for many houses in the area along the roadside. Residents noticed the problem this morning.,medium
There is a problem where a small amount of litter is scattered near a bus stop near the community hall. The issue is affecting normal use of the area.,low
People in the area are reporting that smoke from a nearby workshop is entering nearby houses near the hospital. Several nearby residents have raised concerns.,medium
A local issue has developed where a major water pipe has burst and water is entering nearby houses close to the playground. The condition has remained unchanged since yesterday.,high
The situation involves a few garbage bags are waiting at the normal collection point near the community hall. The problem has continued despite recent rainfall.,low
A deep hole has opened across most of the traffic lane near a blind bend near the community hall.,high
There is a problem where dense smoke from a nearby facility is causing residents to leave their homes close to the playground.,high
A local issue has developed where a small amount of litter is scattered near a bus stop near our houses. The issue has been reported by households nearby.,low
The situation involves a water main failure has flooded the entrance to a hospital close to the playground.,high
The situation involves a public bin is partly full but not overflowing near the public market. People in the area have reported the same issue.,low
There is a problem where a deep hole has opened across most of the traffic lane near a blind bend near the town centre. The issue is affecting normal use of the area.,high
Water pressure is too low for many houses in the area near our houses. People passing through the area are being affected.,medium
The situation involves part of a roadside retaining wall has collapsed onto the traffic lane at the main junction.,high
A local issue has developed where a major water pipe has burst and water is entering nearby houses close to the bus stop. Residents noticed the problem this morning.,high
We have noticed that construction dust is affecting nearby shops and homes throughout the day close to the playground. People in the area have reported the same issue.,medium
There is a problem where there is a small amount of dust near a construction site near the community hall. The issue is affecting normal use of the area.,low
A local issue has developed where a public bin is partly full but not overflowing at the main junction. The problem has continued despite recent rainfall.,low
The situation involves one street lamp is dim but still provides some light in our neighbourhood.,low
The situation involves a sewer blockage is creating a strong smell across several nearby properties near the hospital. The problem has continued despite recent rainfall.,medium
We have noticed that wastewater is overflowing from a drain onto the roadside close to the playground.,medium
Residents have noticed that several potholes are making vehicles slow down on the main road close to the playground.,medium
A local issue has developed where floodwater has entered houses and is continuing to rise along the roadside.,high
One lamp flickers occasionally during the evening in our neighbourhood. The condition becomes worse during busy periods.,low
Residents have noticed that one street lamp is dim but still provides some light close to the playground. Residents noticed the problem this morning.,low
Residents have noticed that several street lights along one road are not working at the main junction.,medium
Several street lights along one road are not working near the school. People in the area have reported the same issue.,medium
People in the area are reporting that a curb has a small chipped section near our houses. The condition becomes worse during busy periods.,low
The situation involves a sewer blockage is creating a strong smell across several nearby properties in our neighbourhood.,medium
There is a problem where a sewer blockage is creating a strong smell across several nearby properties near the school.,medium
A local issue has developed where wastewater is overflowing from a drain onto the roadside close to the playground. People in the area have reported the same issue.,medium
We have noticed that a few garbage bags are waiting at the normal collection point near our houses. The problem has continued despite recent rainfall.,low
The situation involves water pressure is too low for many houses in the area at the main junction. The problem can be seen clearly from the roadside.,medium
Residents have noticed that a few garbage bags are waiting at the normal collection point near the town centre. People in the area have reported the same issue.,low
Sewage is flowing into several homes from an overflowing manhole close to the playground. The issue has been reported by households nearby.,high
A local issue has developed where tap water has a slight unusual smell but remains available close to the playground. The condition becomes worse during busy periods.,low
The situation involves one lamp flickers occasionally during the evening on the main road.,low
The situation involves a drain cover is slightly loose but still in place near the school.,low
We have noticed that a fallen power cable is lying across a pedestrian path in our neighbourhood. Residents noticed the problem this morning.,high
There is a problem where garbage collection has been missed for several days and waste is accumulating close to the bus stop.,medium
One street lamp is dim but still provides some light at the main junction. The condition has remained unchanged since yesterday.,low
The situation involves a shallow puddle forms after light rain near the public market.,low
People in the area are reporting that water supply has been unavailable to a neighbourhood since yesterday near the school.,medium
The situation involves dense smoke from a nearby facility is causing residents to leave their homes close to the playground. The issue is affecting normal use of the area.,high
We have noticed that water supply has been unavailable to a neighbourhood since yesterday near the hospital.,medium
The situation involves several street lights along one road are not working close to the playground.,medium
The situation involves a section of road has sunk and vehicles must drive around it near the school. The condition becomes worse during busy periods.,medium
Sewage is flowing into several homes from an overflowing manhole near the hospital.,high
A local issue has developed where several street lights along one road are not working close to the playground.,medium
We have noticed that one street lamp is dim but still provides some light close to the bus stop.,low
People in the area are reporting that a curb has a small chipped section at the main junction. Residents noticed the problem this morning.,low
There is a problem where a small patch of the road surface has become uneven near the public market. People in the area have reported the same issue.,low
Floodwater has entered houses and is continuing to rise near the school.,high
A shallow puddle forms after light rain close to the bus stop. The issue is affecting normal use of the area.,low
People in the area are reporting that sewage is flowing into several homes from an overflowing manhole on the main road. The condition has remained unchanged since yesterday.,high
A local issue has developed where several potholes are making vehicles slow down on the main road on the main road. The condition becomes worse during busy periods.,medium
A local issue has developed where a water main failure has flooded the entrance to a hospital near the hospital.,high
Residents have noticed that thick smoke is causing breathing difficulty among nearby residents in our neighbourhood. The problem has continued despite recent rainfall.,high
People in the area are reporting that a section of road has sunk and vehicles must drive around it at the main junction.,medium
A local issue has developed where a small crack has appeared along the edge of a side road near our houses. People passing through the area are being affected.,low
Residents have noticed that electrical wires are sparking beside a crowded pedestrian area near our houses.,high
Tap water has a slight unusual smell but remains available near the hospital. People passing through the area are being affected.,low
The situation involves a large section of road has collapsed beside a school entrance near the hospital.,high
Residents have noticed that a roadside drain is blocked and rainwater is collecting across part of the road near the town centre.,medium
Residents have noticed that one street lamp is dim but still provides some light near our houses.,low
Water supply has been unavailable to a neighbourhood since yesterday along the roadside. Several nearby residents have raised concerns.,medium
The situation involves a small patch of the road surface has become uneven at the main junction.,low
A small patch of the road surface has become uneven along the roadside.,low
We have noticed that a sewer blockage is creating a strong smell across several nearby properties near the school. The problem has continued despite recent rainfall.,medium
People in the area are reporting that water pressure is too low for many houses in the area near the public market.,medium
A local issue has developed where a public bin is partly full but not overflowing close to the bus stop. The condition has remained unchanged since yesterday.,low
People in the area are reporting that a large public waste bin is overflowing onto the pavement near the town centre. The issue has been reported by households nearby.,medium
A local issue has developed where a single street sign area has minor surface damage near our houses. People passing through the area are being affected.,low
People in the area are reporting that a shallow puddle forms after light rain along the roadside. The problem can be seen clearly from the roadside.,low
Sewage is flowing into several homes from an overflowing manhole along the roadside. The condition has remained unchanged since yesterday.,high
A local issue has developed where a water pipe is leaking continuously and a large amount of water is being wasted near the town centre.,medium
People in the area are reporting that several potholes are making vehicles slow down on the main road in our neighbourhood.,medium
There is a problem where a small amount of litter is scattered near a bus stop near the hospital. The condition has remained unchanged since yesterday.,low
A local issue has developed where a roadside drain has some leaves and sediment inside it near the town centre.,low
The situation involves a curb has a small chipped section near the public market. The issue is affecting normal use of the area.,low
A roadside drain has some leaves and sediment inside it in our neighbourhood. People in the area have reported the same issue.,low
People in the area are reporting that a drain cover is slightly loose but still in place close to the playground. The condition has remained unchanged since yesterday.,low
There is a problem where a few garbage bags are waiting at the normal collection point on the main road. The issue has been reported by households nearby.,low
Residents have noticed that part of a roadside retaining wall has collapsed onto the traffic lane near the town centre.,high
People in the area are reporting that one street lamp is dim but still provides some light close to the playground.,low
A local issue has developed where part of a roadside retaining wall has collapsed onto the traffic lane near our houses. The condition has remained unchanged since yesterday.,high
There is a problem where construction dust is affecting nearby shops and homes throughout the day on the main road. People passing through the area are being affected.,medium
Garbage collection has been missed for several days and waste is accumulating on the main road. People in the area have reported the same issue.,medium
There is a problem where wastewater is overflowing from a drain onto the roadside near the community hall. Residents noticed the problem this morning.,medium
People in the area are reporting that water pressure is too low for many houses in the area near the hospital. The condition becomes worse during busy periods.,medium
The situation involves wastewater is overflowing from a drain onto the roadside near the community hall.,medium
There is a problem where electrical wires are sparking beside a crowded pedestrian area near the public market. The problem has continued despite recent rainfall.,high
The situation involves a small patch of the road surface has become uneven near the school. Residents noticed the problem this morning.,low
The situation involves a small crack has appeared along the edge of a side road on the main road.,low
We have noticed that a sewer blockage is creating a strong smell across several nearby properties close to the bus stop. The problem can be seen clearly from the roadside.,medium
Residents have noticed that a chemical liquid has leaked onto a public road beside residential buildings at the main junction. The problem can be seen clearly from the roadside.,high
We have noticed that garbage collection has been missed for several days and waste is accumulating near our houses.,medium
The situation involves dense smoke from a nearby facility is causing residents to leave their homes near the community hall.,high
We have noticed that one lamp flickers occasionally during the evening close to the playground.,low
There is a problem where a major water pipe has burst and water is entering nearby houses on the main road.,high
The situation involves thick smoke is causing breathing difficulty among nearby residents on the main road.,high
The situation involves a single street sign area has minor surface damage at the main junction.,low
We have noticed that a large section of road has collapsed beside a school entrance near our houses. The issue has been reported by households nearby.,high
A local issue has developed where a major water pipe has burst and water is entering nearby houses at the main junction.,high
There is a problem where a large public waste bin is overflowing onto the pavement close to the bus stop. People passing through the area are being affected.,medium
A fallen power cable is lying across a pedestrian path close to the playground. People in the area have reported the same issue.,high
We have noticed that the road surface is damaged in several places and motorcycles are having difficulty passing near the community hall. The condition has remained unchanged since yesterday.,medium
The situation involves a section of road has sunk and vehicles must drive around it close to the bus stop. The condition becomes worse during busy periods.,medium
A local issue has developed where a public bin is partly full but not overflowing near the town centre.,low
There is a problem where repeated electricity interruptions are affecting many houses in our neighbourhood.,medium
People in the area are reporting that a public bin is partly full but not overflowing near the hospital. The problem can be seen clearly from the roadside.,low
People in the area are reporting that a minor water leak is dripping from a public pipe in our neighbourhood. People passing through the area are being affected.,low
Residents have noticed that tap water has a slight unusual smell but remains available near the town centre. The problem has continued despite recent rainfall.,low
There is a problem where the road surface is damaged in several places and motorcycles are having difficulty passing near our houses. Residents noticed the problem this morning.,medium
A local issue has developed where a drain cover is slightly loose but still in place near our houses. Several nearby residents have raised concerns.,low
Residents have noticed that a curb has a small chipped section at the main junction. The condition becomes worse during busy periods.,low
There is a problem where a drain cover is slightly loose but still in place near our houses.,low
There is a problem where a sewer blockage is creating a strong smell across several nearby properties near our houses. The issue is affecting normal use of the area.,medium
Residents have noticed that water pressure is too low for many houses in the area at the main junction. The condition becomes worse during busy periods.,medium
Residents have noticed that a drain cover is slightly loose but still in place near the school. Several nearby residents have raised concerns.,low
One street lamp is dim but still provides some light near the community hall. The condition becomes worse during busy periods.,low
There is a problem where a small amount of litter is scattered near a bus stop near the community hall. The condition has remained unchanged since yesterday.,low
People in the area are reporting that a fallen power cable is lying across a pedestrian path in our neighbourhood.,high
People in the area are reporting that there is a small amount of dust near a construction site close to the playground.,low
The situation involves part of a roadside retaining wall has collapsed onto the traffic lane near the community hall. The condition becomes worse during busy periods.,high
The situation involves electrical wires are sparking beside a crowded pedestrian area near the school. The condition has remained unchanged since yesterday.,high
People in the area are reporting that a few garbage bags are waiting at the normal collection point near the public market. The issue is affecting normal use of the area.,low
People in the area are reporting that thick smoke is causing breathing difficulty among nearby residents along the roadside. The problem has continued despite recent rainfall.,high
A local issue has developed where sewage is spreading across a school access road near the community hall. The issue is affecting normal use of the area.,high
There is a problem where a damaged electrical pole is leaning over a busy road near the town centre. Residents noticed the problem this morning.,high
The situation involves thick smoke is causing breathing difficulty among nearby residents close to the bus stop. The issue is affecting normal use of the area.,high
There is a problem where a sewer blockage is creating a strong smell across several nearby properties near our houses. People passing through the area are being affected.,medium
There is a problem where repeated electricity interruptions are affecting many houses along the roadside. The condition has remained unchanged since yesterday.,medium
People in the area are reporting that floodwater has entered houses and is continuing to rise near the public market. Several nearby residents have raised concerns.,high
A single street sign area has minor surface damage on the main road.,low
A local issue has developed where water supply has been unavailable to a neighbourhood since yesterday at the main junction.,medium
A local issue has developed where dense smoke from a nearby facility is causing residents to leave their homes near our houses. The condition becomes worse during busy periods.,high
Sewage is flowing into several homes from an overflowing manhole near the community hall.,high
There is a problem where electrical wires are sparking beside a crowded pedestrian area at the main junction. The issue has been reported by households nearby.,high
Residents have noticed that a water main failure has flooded the entrance to a hospital close to the playground. The condition becomes worse during busy periods.,high
People in the area are reporting that a fallen power cable is lying across a pedestrian path near our houses. The problem has continued despite recent rainfall.,high
People in the area are reporting that a few garbage bags are waiting at the normal collection point near the school. The issue is affecting normal use of the area.,low
The situation involves dense smoke from a nearby facility is causing residents to leave their homes along the roadside.,high
Residents have noticed that there is a small amount of dust near a construction site near the public market.,low
People in the area are reporting that garbage collection has been missed for several days and waste is accumulating close to the bus stop. The issue is affecting normal use of the area.,medium
We have noticed that electrical wires are sparking beside a crowded pedestrian area close to the playground. The problem can be seen clearly from the roadside.,high
People in the area are reporting that a large section of road has collapsed beside a school entrance near the community hall. The condition becomes worse during busy periods.,high
People in the area are reporting that garbage collection has been missed for several days and waste is accumulating on the main road. The issue has been reported by households nearby.,medium
A roadside drain has some leaves and sediment inside it on the main road.,low
There is a problem where one street lamp is dim but still provides some light near the school.,low
Residents have noticed that electrical wires are sparking beside a crowded pedestrian area near the school. The condition becomes worse during busy periods.,high
A local issue has developed where a curb has a small chipped section near our houses. The condition has remained unchanged since yesterday.,low
People in the area are reporting that floodwater has entered houses and is continuing to rise near the hospital.,high
The road surface is damaged in several places and motorcycles are having difficulty passing in our neighbourhood.,medium
There is a problem where a few garbage bags are waiting at the normal collection point in our neighbourhood.,low
We have noticed that one street lamp is dim but still provides some light near the hospital.,low
There is a problem where a water main failure has flooded the entrance to a hospital near the hospital.,high
A roadside drain has some leaves and sediment inside it near the school.,low
Wastewater is overflowing from a drain onto the roadside along the roadside. Several nearby residents have raised concerns.,medium
There is a problem where a chemical liquid has leaked onto a public road beside residential buildings near the public market. The condition has remained unchanged since yesterday.,high
We have noticed that smoke from a nearby workshop is entering nearby houses along the roadside. Residents noticed the problem this morning.,medium
We have noticed that a deep hole has opened across most of the traffic lane near a blind bend near our houses.,high
People in the area are reporting that a small crack has appeared along the edge of a side road near the school.,low
A fallen power cable is lying across a pedestrian path near the town centre. The issue has been reported by households nearby.,high
We have noticed that a drain cover is slightly loose but still in place near the community hall. The problem can be seen clearly from the roadside.,low
Residents have noticed that a curb has a small chipped section near the town centre. The issue is affecting normal use of the area.,low
People in the area are reporting that a section of road has sunk and vehicles must drive around it near the community hall.,medium
People in the area are reporting that one lamp flickers occasionally during the evening in our neighbourhood. People passing through the area are being affected.,low
There is a problem where floodwater has entered houses and is continuing to rise near the community hall.,high
A small patch of the road surface has become uneven close to the playground. The problem can be seen clearly from the roadside.,low
We have noticed that one street lamp is dim but still provides some light in our neighbourhood.,low
Several street lights along one road are not working near our houses. The condition has remained unchanged since yesterday.,medium
People in the area are reporting that water supply has been unavailable to a neighbourhood since yesterday close to the bus stop.,medium
There is a problem where a minor water leak is dripping from a public pipe along the roadside. The issue has been reported by households nearby.,low
A shallow puddle forms after light rain in our neighbourhood.,low
Residents have noticed that wastewater is overflowing from a drain onto the roadside along the roadside. The problem can be seen clearly from the roadside.,medium
There is a problem where tap water has a slight unusual smell but remains available close to the bus stop.,low
The situation involves a roadside drain has some leaves and sediment inside it in our neighbourhood. The issue is affecting normal use of the area.,low
The situation involves several street lights along one road are not working close to the bus stop. The issue has been reported by households nearby.,medium
Residents have noticed that a major water pipe has burst and water is entering nearby houses in our neighbourhood.,high
A deep hole has opened across most of the traffic lane near a blind bend near the town centre.,high
Water pressure is too low for many houses in the area close to the bus stop. The condition has remained unchanged since yesterday.,medium
Floodwater has entered houses and is continuing to rise at the main junction. The problem has continued despite recent rainfall.,high
The situation involves electrical wires are sparking beside a crowded pedestrian area near the town centre.,high
There is a problem where water pressure is too low for many houses in the area near the town centre.,medium
People in the area are reporting that a water pipe is leaking continuously and a large amount of water is being wasted near the school.,medium
There is a problem where a major water pipe has burst and water is entering nearby houses near the hospital.,high
A local issue has developed where a curb has a small chipped section on the main road.,low
There is a problem where floodwater has entered houses and is continuing to rise close to the bus stop.,high
Water supply has been unavailable to a neighbourhood since yesterday near the town centre.,medium
Residents have noticed that a large section of road has collapsed beside a school entrance near the school. The issue is affecting normal use of the area.,high
We have noticed that several potholes are making vehicles slow down on the main road near the community hall. The issue is affecting normal use of the area.,medium
The situation involves several street lights along one road are not working near the town centre.,medium
The situation involves an exposed electrical cable is hanging low where pedestrians can reach it on the main road.,high
A large public waste bin is overflowing onto the pavement on the main road. Residents noticed the problem this morning.,medium
We have noticed that a small patch of the road surface has become uneven near the school. People passing through the area are being affected.,low
A local issue has developed where floodwater has entered houses and is continuing to rise near the town centre.,high
People in the area are reporting that one street lamp is dim but still provides some light along the roadside.,low
Wastewater is overflowing from a drain onto the roadside near the community hall. The problem has continued despite recent rainfall.,medium
Residents have noticed that a small amount of litter is scattered near a bus stop near the community hall.,low
People in the area are reporting that thick smoke is causing breathing difficulty among nearby residents in our neighbourhood.,high
A local issue has developed where sewage is flowing into several homes from an overflowing manhole near the school.,high
We have noticed that a drain cover is slightly loose but still in place in our neighbourhood. The condition becomes worse during busy periods.,low
We have noticed that repeated electricity interruptions are affecting many houses near the public market. The condition has remained unchanged since yesterday.,medium
People in the area are reporting that a large section of road has collapsed beside a school entrance near the community hall. The issue is affecting normal use of the area.,high
There is a problem where a few garbage bags are waiting at the normal collection point close to the bus stop. Several nearby residents have raised concerns.,low
The situation involves a section of road has sunk and vehicles must drive around it close to the playground. The problem can be seen clearly from the roadside.,medium
People in the area are reporting that a small amount of litter is scattered near a bus stop near the public market. The problem has continued despite recent rainfall.,low
Residents have noticed that a major water pipe has burst and water is entering nearby houses near the school.,high
Residents have noticed that a few garbage bags are waiting at the normal collection point on the main road. People passing through the area are being affected.,low
A local issue has developed where a shallow puddle forms after light rain close to the bus stop. The problem has continued despite recent rainfall.,low
People in the area are reporting that a curb has a small chipped section on the main road.,low
A few garbage bags are waiting at the normal collection point along the roadside.,low
People in the area are reporting that thick smoke is causing breathing difficulty among nearby residents near the school. People passing through the area are being affected.,high
People in the area are reporting that a water main failure has flooded the entrance to a hospital near the town centre.,high
A major water pipe has burst and water is entering nearby houses near our houses.,high
We have noticed that a minor water leak is dripping from a public pipe near the town centre.,low
There is a problem where tap water has a slight unusual smell but remains available near the public market. The issue has been reported by households nearby.,low
Residents have noticed that a sewer blockage is creating a strong smell across several nearby properties close to the playground. The problem can be seen clearly from the roadside.,medium
People in the area are reporting that smoke from a nearby workshop is entering nearby houses in our neighbourhood. The issue is affecting normal use of the area.,medium
We have noticed that one street lamp is dim but still provides some light near the school. People passing through the area are being affected.,low
There is a problem where garbage collection has been missed for several days and waste is accumulating near the town centre. The problem can be seen clearly from the roadside.,medium
A local issue has developed where thick smoke is causing breathing difficulty among nearby residents in our neighbourhood. Residents noticed the problem this morning.,high
A drain cover is slightly loose but still in place on the main road.,low
Residents have noticed that a minor water leak is dripping from a public pipe near our houses.,low
We have noticed that a chemical liquid has leaked onto a public road beside residential buildings near the hospital. Several nearby residents have raised concerns.,high
People in the area are reporting that a large public waste bin is overflowing onto the pavement in our neighbourhood. Residents noticed the problem this morning.,medium
Residents have noticed that an exposed electrical cable is hanging low where pedestrians can reach it near the hospital. People in the area have reported the same issue.,high
Residents have noticed that a public bin is partly full but not overflowing near the community hall. People passing through the area are being affected.,low
We have noticed that a single street sign area has minor surface damage along the roadside. The condition has remained unchanged since yesterday.,low
A public bin is partly full but not overflowing near the town centre. People in the area have reported the same issue.,low
Residents have noticed that a water pipe is leaking continuously and a large amount of water is being wasted near the public market.,medium
We have noticed that a few garbage bags are waiting at the normal collection point at the main junction. The problem can be seen clearly from the roadside.,low
We have noticed that there is a small amount of dust near a construction site near the community hall.,low
We have noticed that a public bin is partly full but not overflowing near our houses. The condition becomes worse during busy periods.,low
There is a problem where floodwater has entered houses and is continuing to rise near the public market.,high
The situation involves a water main failure has flooded the entrance to a hospital on the main road.,high
People in the area are reporting that one lamp flickers occasionally during the evening near our houses. The issue is affecting normal use of the area.,low
There is a problem where garbage collection has been missed for several days and waste is accumulating near our houses.,medium
There is a problem where a chemical liquid has leaked onto a public road beside residential buildings near the hospital. The condition has remained unchanged since yesterday.,high
Residents have noticed that water supply has been unavailable to a neighbourhood since yesterday along the roadside. The issue is affecting normal use of the area.,medium
The situation involves a roadside drain has some leaves and sediment inside it close to the playground.,low
The situation involves a sewer blockage is creating a strong smell across several nearby properties near the hospital.,medium
Residents have noticed that a chemical liquid has leaked onto a public road beside residential buildings near the school. The issue is affecting normal use of the area.,high
People in the area are reporting that a damaged electrical pole is leaning over a busy road close to the playground. The problem has continued despite recent rainfall.,high
A local issue has developed where a major water pipe has burst and water is entering nearby houses near our houses.,high
Residents have noticed that the road surface is damaged in several places and motorcycles are having difficulty passing in our neighbourhood. The problem can be seen clearly from the roadside.,medium
Water pressure is too low for many houses in the area near the public market. The condition becomes worse during busy periods.,medium
A local issue has developed where a roadside drain has some leaves and sediment inside it along the roadside. The condition has remained unchanged since yesterday.,low
A local issue has developed where a large section of road has collapsed beside a school entrance near the community hall.,high
We have noticed that there is a small amount of dust near a construction site near the hospital. The condition becomes worse during busy periods.,low
A local issue has developed where several street lights along one road are not working near the school. The problem can be seen clearly from the roadside.,medium
There is a problem where several street lights along one road are not working on the main road. Several nearby residents have raised concerns.,medium
A local issue has developed where a small amount of litter is scattered near a bus stop along the roadside. Residents noticed the problem this morning.,low
A roadside drain has some leaves and sediment inside it near the community hall. The condition has remained unchanged since yesterday.,low
There is a problem where tap water has a slight unusual smell but remains available along the roadside. Residents noticed the problem this morning.,low
There is a problem where several potholes are making vehicles slow down on the main road near the school. Residents noticed the problem this morning.,medium
We have noticed that water supply has been unavailable to a neighbourhood since yesterday near the school.,medium
The situation involves several potholes are making vehicles slow down on the main road near the school. The issue is affecting normal use of the area.,medium
We have noticed that tap water has a slight unusual smell but remains available near the community hall. The condition becomes worse during busy periods.,low
The situation involves water supply has been unavailable to a neighbourhood since yesterday near our houses. The issue has been reported by households nearby.,medium
Residents have noticed that a major water pipe has burst and water is entering nearby houses along the roadside.,high
People in the area are reporting that a major water pipe has burst and water is entering nearby houses in our neighbourhood. People passing through the area are being affected.,high
A large section of road has collapsed beside a school entrance on the main road.,high
There is a problem where a small amount of litter is scattered near a bus stop near the town centre. The issue is affecting normal use of the area.,low
We have noticed that a deep hole has opened across most of the traffic lane near a blind bend near the public market.,high
We have noticed that construction dust is affecting nearby shops and homes throughout the day near our houses. The problem has continued despite recent rainfall.,medium
A local issue has developed where the road surface is damaged in several places and motorcycles are having difficulty passing near the hospital.,medium
A local issue has developed where a fallen power cable is lying across a pedestrian path at the main junction. The problem can be seen clearly from the roadside.,high
A local issue has developed where water pressure is too low for many houses in the area near our houses.,medium
There is a problem where a large public waste bin is overflowing onto the pavement near the public market. The issue has been reported by households nearby.,medium
Residents have noticed that a single street sign area has minor surface damage at the main junction. The condition becomes worse during busy periods.,low
There is a problem where there is a small amount of dust near a construction site close to the playground.,low
We have noticed that part of a roadside retaining wall has collapsed onto the traffic lane on the main road. The condition has remained unchanged since yesterday.,high
A local issue has developed where a single street sign area has minor surface damage near the community hall. Residents noticed the problem this morning.,low
A local issue has developed where repeated electricity interruptions are affecting many houses on the main road. The problem can be seen clearly from the roadside.,medium
A local issue has developed where a water pipe is leaking continuously and a large amount of water is being wasted along the roadside.,medium
We have noticed that electrical wires are sparking beside a crowded pedestrian area near the public market.,high
Sewage is spreading across a school access road at the main junction.,high
A local issue has developed where a single street sign area has minor surface damage near the hospital.,low
A section of road has sunk and vehicles must drive around it near the public market.,medium
People in the area are reporting that construction dust is affecting nearby shops and homes throughout the day near the school.,medium
One street lamp is dim but still provides some light on the main road. The issue has been reported by households nearby.,low
A shallow puddle forms after light rain near the public market.,low
The situation involves a chemical liquid has leaked onto a public road beside residential buildings along the roadside. The problem has continued despite recent rainfall.,high
The situation involves an exposed electrical cable is hanging low where pedestrians can reach it along the roadside. People passing through the area are being affected.,high
There is a problem where sewage is flowing into several homes from an overflowing manhole near the public market.,high
There is a problem where thick smoke is causing breathing difficulty among nearby residents near the hospital. The condition becomes worse during busy periods.,high
There is a problem where a curb has a small chipped section close to the playground. People in the area have reported the same issue.,low
The situation involves sewage is flowing into several homes from an overflowing manhole near the public market.,high
A local issue has developed where a roadside drain has some leaves and sediment inside it near the school. The issue is affecting normal use of the area.,low
A local issue has developed where a fallen power cable is lying across a pedestrian path in our neighbourhood. The condition has remained unchanged since yesterday.,high
There is a problem where wastewater is overflowing from a drain onto the roadside close to the playground. The issue is affecting normal use of the area.,medium
People in the area are reporting that a water pipe is leaking continuously and a large amount of water is being wasted near our houses. The issue has been reported by households nearby.,medium
People in the area are reporting that a water pipe is leaking continuously and a large amount of water is being wasted along the roadside.,medium
The road surface is damaged in several places and motorcycles are having difficulty passing close to the playground. Several nearby residents have raised concerns.,medium
Electrical wires are sparking beside a crowded pedestrian area near the school. The issue is affecting normal use of the area.,high
Residents have noticed that a few garbage bags are waiting at the normal collection point in our neighbourhood. Residents noticed the problem this morning.,low
Residents have noticed that several street lights along one road are not working close to the bus stop.,medium
People in the area are reporting that a large section of road has collapsed beside a school entrance near the school. The issue is affecting normal use of the area.,high
There is a problem where a small amount of litter is scattered near a bus stop close to the playground. The problem can be seen clearly from the roadside.,low
There is a problem where a roadside drain has some leaves and sediment inside it close to the bus stop. The problem can be seen clearly from the roadside.,low
People in the area are reporting that a water pipe is leaking continuously and a large amount of water is being wasted near our houses.,medium
Residents have noticed that garbage collection has been missed for several days and waste is accumulating near the town centre. The condition becomes worse during busy periods.,medium
There is a problem where a shallow puddle forms after light rain along the roadside.,low
Residents have noticed that part of a roadside retaining wall has collapsed onto the traffic lane along the roadside. Residents noticed the problem this morning.,high
There is a problem where part of a roadside retaining wall has collapsed onto the traffic lane near the public market.,high
The situation involves an exposed electrical cable is hanging low where pedestrians can reach it near the town centre. People in the area have reported the same issue.,high
A major water pipe has burst and water is entering nearby houses near the school. Several nearby residents have raised concerns.,high
We have noticed that garbage collection has been missed for several days and waste is accumulating at the main junction.,medium
People in the area are reporting that sewage is spreading across a school access road near the public market. The condition has remained unchanged since yesterday.,high
We have noticed that a shallow puddle forms after light rain near the community hall.,low
We have noticed that a large section of road has collapsed beside a school entrance near our houses. Residents noticed the problem this morning.,high
Residents have noticed that one lamp flickers occasionally during the evening at the main junction.,low
A water main failure has flooded the entrance to a hospital along the roadside.,high
The situation involves floodwater has entered houses and is continuing to rise near the community hall. The condition has remained unchanged since yesterday.,high
Residents have noticed that a small amount of litter is scattered near a bus stop near our houses.,low
A small amount of litter is scattered near a bus stop near the public market.,low
The situation involves thick smoke is causing breathing difficulty among nearby residents near the town centre.,high
We have noticed that floodwater has entered houses and is continuing to rise near the school. People in the area have reported the same issue.,high
There is a problem where a curb has a small chipped section along the roadside.,low
Residents have noticed that smoke from a nearby workshop is entering nearby houses near our houses. People passing through the area are being affected.,medium
We have noticed that repeated electricity interruptions are affecting many houses in our neighbourhood. The issue is affecting normal use of the area.,medium
There is a problem where an exposed electrical cable is hanging low where pedestrians can reach it on the main road.,high
A local issue has developed where a section of road has sunk and vehicles must drive around it near the hospital. The condition becomes worse during busy periods.,medium
A small crack has appeared along the edge of a side road close to the bus stop.,low
There is a problem where sewage is flowing into several homes from an overflowing manhole near the public market. The issue has been reported by households nearby.,high
Residents have noticed that a shallow puddle forms after light rain along the roadside.,low
There is a problem where a damaged electrical pole is leaning over a busy road near the school. The problem can be seen clearly from the roadside.,high
Garbage collection has been missed for several days and waste is accumulating on the main road. The issue is affecting normal use of the area.,medium
There is a problem where one lamp flickers occasionally during the evening on the main road.,low
People in the area are reporting that sewage is spreading across a school access road near our houses.,high
We have noticed that garbage collection has been missed for several days and waste is accumulating close to the bus stop. The issue has been reported by households nearby.,medium
The situation involves sewage is flowing into several homes from an overflowing manhole near our houses.,high
There is a problem where a chemical liquid has leaked onto a public road beside residential buildings near our houses. People passing through the area are being affected.,high
There is a problem where sewage is flowing into several homes from an overflowing manhole on the main road.,high
The situation involves a sewer blockage is creating a strong smell across several nearby properties near the school. The condition has remained unchanged since yesterday.,medium
A local issue has developed where a small crack has appeared along the edge of a side road close to the playground.,low
Residents have noticed that thick smoke is causing breathing difficulty among nearby residents along the roadside. Several nearby residents have raised concerns.,high
Residents have noticed that smoke from a nearby workshop is entering nearby houses at the main junction.,medium
There is a problem where repeated electricity interruptions are affecting many houses near the community hall. The issue is affecting normal use of the area.,medium
We have noticed that a large public waste bin is overflowing onto the pavement close to the playground.,medium
A local issue has developed where several potholes are making vehicles slow down on the main road in our neighbourhood. The problem has continued despite recent rainfall.,medium
There is a problem where thick smoke is causing breathing difficulty among nearby residents near our houses.,high
Residents have noticed that thick smoke is causing breathing difficulty among nearby residents near our houses. The issue is affecting normal use of the area.,high
Residents have noticed that a roadside drain is blocked and rainwater is collecting across part of the road near the school. People in the area have reported the same issue.,medium
A local issue has developed where a water pipe is leaking continuously and a large amount of water is being wasted on the main road.,medium
A local issue has developed where a major water pipe has burst and water is entering nearby houses close to the playground. The condition becomes worse during busy periods.,high
The situation involves electrical wires are sparking beside a crowded pedestrian area near the public market. The problem can be seen clearly from the roadside.,high
Floodwater has entered houses and is continuing to rise at the main junction. The issue has been reported by households nearby.,high
A local issue has developed where sewage is spreading across a school access road at the main junction. The issue is affecting normal use of the area.,high
Residents have noticed that smoke from a nearby workshop is entering nearby houses near the hospital.,medium
The situation involves a sewer blockage is creating a strong smell across several nearby properties near the hospital. People passing through the area are being affected.,medium
There is a problem where a drain cover is slightly loose but still in place at the main junction. The problem has continued despite recent rainfall.,low
People in the area are reporting that repeated electricity interruptions are affecting many houses along the roadside. The problem has continued despite recent rainfall.,medium
One lamp flickers occasionally during the evening near the school. Several nearby residents have raised concerns.,low
The situation involves a water main failure has flooded the entrance to a hospital near the community hall. The issue has been reported by households nearby.,high
Residents have noticed that one street lamp is dim but still provides some light near the hospital.,low
A damaged electrical pole is leaning over a busy road at the main junction. The condition becomes worse during busy periods.,high
People in the area are reporting that one street lamp is dim but still provides some light along the roadside. The issue has been reported by households nearby.,low
A few garbage bags are waiting at the normal collection point in our neighbourhood.,low
The situation involves a drain cover is slightly loose but still in place near the hospital.,low
Residents have noticed that a fallen power cable is lying across a pedestrian path close to the bus stop. People passing through the area are being affected.,high
Residents have noticed that a water pipe is leaking continuously and a large amount of water is being wasted near the hospital. People in the area have reported the same issue.,medium
People in the area are reporting that a section of road has sunk and vehicles must drive around it near the hospital.,medium
People in the area are reporting that a curb has a small chipped section near the public market.,low
There is a problem where a sewer blockage is creating a strong smell across several nearby properties at the main junction.,medium
The situation involves a fallen power cable is lying across a pedestrian path near our houses. The problem can be seen clearly from the roadside.,high
There is a problem where repeated electricity interruptions are affecting many houses on the main road. The problem can be seen clearly from the roadside.,medium
People in the area are reporting that a large section of road has collapsed beside a school entrance close to the playground. Residents noticed the problem this morning.,high
There is a problem where there is a small amount of dust near a construction site near the school.,low
Tap water has a slight unusual smell but remains available in our neighbourhood. The condition has remained unchanged since yesterday.,low
Residents have noticed that construction dust is affecting nearby shops and homes throughout the day close to the bus stop.,medium
We have noticed that a sewer blockage is creating a strong smell across several nearby properties in our neighbourhood. The problem has continued despite recent rainfall.,medium
We have noticed that several potholes are making vehicles slow down on the main road at the main junction. The condition has remained unchanged since yesterday.,medium
A local issue has developed where an exposed electrical cable is hanging low where pedestrians can reach it on the main road.,high
A small amount of litter is scattered near a bus stop on the main road. The problem can be seen clearly from the roadside.,low
A section of road has sunk and vehicles must drive around it near our houses.,medium
People in the area are reporting that repeated electricity interruptions are affecting many houses close to the playground.,medium
A small amount of litter is scattered near a bus stop close to the playground.,low
Residents have noticed that several potholes are making vehicles slow down on the main road close to the playground. The condition has remained unchanged since yesterday.,medium
People in the area are reporting that a major water pipe has burst and water is entering nearby houses near the public market.,high
The situation involves one lamp flickers occasionally during the evening near our houses.,low
Residents have noticed that a deep hole has opened across most of the traffic lane near a blind bend near the hospital.,high
A local issue has developed where wastewater is overflowing from a drain onto the roadside near the school.,medium
Residents have noticed that a small crack has appeared along the edge of a side road close to the bus stop. People passing through the area are being affected.,low
A local issue has developed where a damaged electrical pole is leaning over a busy road near the community hall. Several nearby residents have raised concerns.,high
Garbage collection has been missed for several days and waste is accumulating near the public market.,medium
People in the area are reporting that floodwater has entered houses and is continuing to rise near our houses. The issue is affecting normal use of the area.,high
People in the area are reporting that a roadside drain has some leaves and sediment inside it close to the bus stop. Residents noticed the problem this morning.,low
A shallow puddle forms after light rain near the school. People in the area have reported the same issue.,low
A sewer blockage is creating a strong smell across several nearby properties at the main junction. Residents noticed the problem this morning.,medium
Dense smoke from a nearby facility is causing residents to leave their homes in our neighbourhood. The condition becomes worse during busy periods.,high
There is a problem where one street lamp is dim but still provides some light near the town centre. The condition becomes worse during busy periods.,low
The situation involves repeated electricity interruptions are affecting many houses near the hospital.,medium
People in the area are reporting that a curb has a small chipped section near the community hall. The issue is affecting normal use of the area.,low
A local issue has developed where a large public waste bin is overflowing onto the pavement on the main road.,medium
A chemical liquid has leaked onto a public road beside residential buildings in our neighbourhood. The issue is affecting normal use of the area.,high
People in the area are reporting that a small amount of litter is scattered near a bus stop near the community hall. Residents noticed the problem this morning.,low
Residents have noticed that a large public waste bin is overflowing onto the pavement in our neighbourhood.,medium
We have noticed that thick smoke is causing breathing difficulty among nearby residents near our houses. The issue is affecting normal use of the area.,high
There is a problem where a section of road has sunk and vehicles must drive around it in our neighbourhood.,medium
The situation involves a few garbage bags are waiting at the normal collection point in our neighbourhood. People in the area have reported the same issue.,low
There is a problem where part of a roadside retaining wall has collapsed onto the traffic lane close to the playground.,high
A local issue has developed where a public bin is partly full but not overflowing near the public market.,low
We have noticed that a sewer blockage is creating a strong smell across several nearby properties near the community hall. The problem has continued despite recent rainfall.,medium
Residents have noticed that several potholes are making vehicles slow down on the main road at the main junction.,medium
Residents have noticed that a minor water leak is dripping from a public pipe at the main junction. Several nearby residents have raised concerns.,low
There is a problem where a damaged electrical pole is leaning over a busy road near the community hall. People passing through the area are being affected.,high
There is a problem where a public bin is partly full but not overflowing near the school.,low
The situation involves a small patch of the road surface has become uneven along the roadside. The condition becomes worse during busy periods.,low
Thick smoke is causing breathing difficulty among nearby residents close to the playground. The condition has remained unchanged since yesterday.,high
One street lamp is dim but still provides some light near the school. People passing through the area are being affected.,low
People in the area are reporting that water supply has been unavailable to a neighbourhood since yesterday along the roadside. The issue is affecting normal use of the area.,medium
Residents have noticed that dense smoke from a nearby facility is causing residents to leave their homes near the hospital. Several nearby residents have raised concerns.,high
The situation involves a small amount of litter is scattered near a bus stop near the hospital. The problem can be seen clearly from the roadside.,low
Thick smoke is causing breathing difficulty among nearby residents on the main road.,high
Residents have noticed that a major water pipe has burst and water is entering nearby houses close to the bus stop. The issue has been reported by households nearby.,high
People in the area are reporting that a roadside drain has some leaves and sediment inside it along the roadside.,low
The situation involves a major water pipe has burst and water is entering nearby houses close to the bus stop.,high
The situation involves an exposed electrical cable is hanging low where pedestrians can reach it near the school. The problem can be seen clearly from the roadside.,high
The situation involves sewage is spreading across a school access road at the main junction. The issue is affecting normal use of the area.,high
People in the area are reporting that dense smoke from a nearby facility is causing residents to leave their homes at the main junction. The issue is affecting normal use of the area.,high
Residents have noticed that construction dust is affecting nearby shops and homes throughout the day along the roadside. The problem has continued despite recent rainfall.,medium
The situation involves a minor water leak is dripping from a public pipe on the main road.,low
The situation involves sewage is flowing into several homes from an overflowing manhole near the community hall.,high
The situation involves a large public waste bin is overflowing onto the pavement near the public market. Several nearby residents have raised concerns.,medium
There is a problem where a drain cover is slightly loose but still in place at the main junction. The problem can be seen clearly from the roadside.,low
A local issue has developed where a curb has a small chipped section at the main junction.,low
There is a problem where water supply has been unavailable to a neighbourhood since yesterday along the roadside.,medium
We have noticed that dense smoke from a nearby facility is causing residents to leave their homes near the school. The problem can be seen clearly from the roadside.,high
We have noticed that a few garbage bags are waiting at the normal collection point near the school.,low
We have noticed that a roadside drain has some leaves and sediment inside it along the roadside. Residents noticed the problem this morning.,low
We have noticed that a single street sign area has minor surface damage in our neighbourhood.,low
Several potholes are making vehicles slow down on the main road near the hospital. The condition becomes worse during busy periods.,medium
The situation involves a water main failure has flooded the entrance to a hospital near the town centre.,high
The situation involves a public bin is partly full but not overflowing in our neighbourhood. People passing through the area are being affected.,low
The situation involves smoke from a nearby workshop is entering nearby houses near the town centre.,medium
A local issue has developed where a small crack has appeared along the edge of a side road near the school.,low
The situation involves electrical wires are sparking beside a crowded pedestrian area near the public market.,high
A local issue has developed where sewage is flowing into several homes from an overflowing manhole at the main junction. People in the area have reported the same issue.,high
People in the area are reporting that a deep hole has opened across most of the traffic lane near a blind bend close to the playground.,high
Construction dust is affecting nearby shops and homes throughout the day near the town centre. The condition has remained unchanged since yesterday.,medium
There is a problem where part of a roadside retaining wall has collapsed onto the traffic lane on the main road.,high
We have noticed that one lamp flickers occasionally during the evening near the public market. People in the area have reported the same issue.,low
People in the area are reporting that a curb has a small chipped section near the hospital. The condition has remained unchanged since yesterday.,low
People in the area are reporting that a few garbage bags are waiting at the normal collection point close to the bus stop. People in the area have reported the same issue.,low
The situation involves water pressure is too low for many houses in the area near the hospital. The issue is affecting normal use of the area.,medium
Residents have noticed that wastewater is overflowing from a drain onto the roadside close to the playground. Residents noticed the problem this morning.,medium
We have noticed that sewage is flowing into several homes from an overflowing manhole near the hospital.,high
A local issue has developed where water pressure is too low for many houses in the area near the hospital. The problem can be seen clearly from the roadside.,medium
A damaged electrical pole is leaning over a busy road near our houses.,high
We have noticed that sewage is spreading across a school access road near the town centre. The condition becomes worse during busy periods.,high
The situation involves a small patch of the road surface has become uneven in our neighbourhood.,low
The situation involves an exposed electrical cable is hanging low where pedestrians can reach it near our houses. People passing through the area are being affected.,high
Residents have noticed that wastewater is overflowing from a drain onto the roadside near our houses. People passing through the area are being affected.,medium
A shallow puddle forms after light rain near the school. Several nearby residents have raised concerns.,low
Residents have noticed that the road surface is damaged in several places and motorcycles are having difficulty passing near the community hall. The problem can be seen clearly from the roadside.,medium
A local issue has developed where floodwater has entered houses and is continuing to rise near our houses. The problem has continued despite recent rainfall.,high
The situation involves a water pipe is leaking continuously and a large amount of water is being wasted close to the bus stop. Several nearby residents have raised concerns.,medium
A few garbage bags are waiting at the normal collection point along the roadside. The problem has continued despite recent rainfall.,low
A local issue has developed where water supply has been unavailable to a neighbourhood since yesterday at the main junction. Several nearby residents have raised concerns.,medium
One street lamp is dim but still provides some light near the public market. The problem can be seen clearly from the roadside.,low
The situation involves there is a small amount of dust near a construction site near the school. The issue is affecting normal use of the area.,low
The situation involves sewage is flowing into several homes from an overflowing manhole close to the bus stop. Several nearby residents have raised concerns.,high
Residents have noticed that a fallen power cable is lying across a pedestrian path near the school. The issue has been reported by households nearby.,high
A sewer blockage is creating a strong smell across several nearby properties on the main road.,medium
We have noticed that a section of road has sunk and vehicles must drive around it near the school. Residents noticed the problem this morning.,medium
Residents have noticed that part of a roadside retaining wall has collapsed onto the traffic lane close to the bus stop. People in the area have reported the same issue.,high
People in the area are reporting that thick smoke is causing breathing difficulty among nearby residents at the main junction. The condition becomes worse during busy periods.,high
A local issue has developed where a small amount of litter is scattered near a bus stop on the main road.,low
A fallen power cable is lying across a pedestrian path near our houses. The issue has been reported by households nearby.,high
There is a problem where a curb has a small chipped section at the main junction.,low
There is a problem where a fallen power cable is lying across a pedestrian path near the public market.,high
There is a problem where tap water has a slight unusual smell but remains available at the main junction. The issue has been reported by households nearby.,low
We have noticed that part of a roadside retaining wall has collapsed onto the traffic lane close to the bus stop. The issue has been reported by households nearby.,high
We have noticed that a few garbage bags are waiting at the normal collection point close to the bus stop.,low
The situation involves sewage is spreading across a school access road near the hospital. The problem has continued despite recent rainfall.,high
Residents have noticed that water pressure is too low for many houses in the area close to the bus stop. The problem can be seen clearly from the roadside.,medium
The situation involves sewage is flowing into several homes from an overflowing manhole near the town centre. Several nearby residents have raised concerns.,high
The situation involves several street lights along one road are not working near our houses.,medium
A local issue has developed where a water pipe is leaking continuously and a large amount of water is being wasted near our houses.,medium
Residents have noticed that several potholes are making vehicles slow down on the main road in our neighbourhood. People in the area have reported the same issue.,medium
A local issue has developed where a deep hole has opened across most of the traffic lane near a blind bend near the school.,high
Residents have noticed that several potholes are making vehicles slow down on the main road near the hospital. Several nearby residents have raised concerns.,medium
People in the area are reporting that a minor water leak is dripping from a public pipe close to the playground. The issue has been reported by households nearby.,low
Water pressure is too low for many houses in the area close to the playground. Several nearby residents have raised concerns.,medium
We have noticed that a drain cover is slightly loose but still in place close to the bus stop.,low
A local issue has developed where a minor water leak is dripping from a public pipe near the town centre.,low
A public bin is partly full but not overflowing near the school. The issue has been reported by households nearby.,low
The situation involves a major water pipe has burst and water is entering nearby houses close to the playground. The problem can be seen clearly from the roadside.,high
Sewage is spreading across a school access road near the community hall. The problem has continued despite recent rainfall.,high
A fallen power cable is lying across a pedestrian path near the town centre.,high
People in the area are reporting that a fallen power cable is lying across a pedestrian path at the main junction. The condition has remained unchanged since yesterday.,high
A deep hole has opened across most of the traffic lane near a blind bend near the school. People in the area have reported the same issue.,high
We have noticed that a major water pipe has burst and water is entering nearby houses near the community hall.,high
A local issue has developed where floodwater has entered houses and is continuing to rise near the school.,high
The situation involves a roadside drain has some leaves and sediment inside it along the roadside.,low
There is a small amount of dust near a construction site near the hospital. The problem has continued despite recent rainfall.,low
We have noticed that a chemical liquid has leaked onto a public road beside residential buildings near the public market. The problem can be seen clearly from the roadside.,high
The situation involves a large public waste bin is overflowing onto the pavement near the community hall. The condition becomes worse during busy periods.,medium
People in the area are reporting that a fallen power cable is lying across a pedestrian path along the roadside. The condition has remained unchanged since yesterday.,high
A local issue has developed where repeated electricity interruptions are affecting many houses in our neighbourhood. The issue has been reported by households nearby.,medium
We have noticed that several potholes are making vehicles slow down on the main road close to the bus stop. People passing through the area are being affected.,medium
Residents have noticed that repeated electricity interruptions are affecting many houses near our houses. The issue has been reported by households nearby.,medium
A major water pipe has burst and water is entering nearby houses near the school.,high
A local issue has developed where electrical wires are sparking beside a crowded pedestrian area near the hospital. The condition becomes worse during busy periods.,high
People in the area are reporting that several street lights along one road are not working at the main junction. The condition has remained unchanged since yesterday.,medium
Residents have noticed that a shallow puddle forms after light rain close to the playground.,low
A local issue has developed where repeated electricity interruptions are affecting many houses near the school. People in the area have reported the same issue.,medium
The situation involves water pressure is too low for many houses in the area near the hospital.,medium
People in the area are reporting that a large section of road has collapsed beside a school entrance close to the bus stop. The problem has continued despite recent rainfall.,high
The situation involves sewage is flowing into several homes from an overflowing manhole near the school.,high
A local issue has developed where floodwater has entered houses and is continuing to rise at the main junction. Several nearby residents have raised concerns.,high
We have noticed that there is a small amount of dust near a construction site near the hospital.,low
Tap water has a slight unusual smell but remains available near the school. The condition becomes worse during busy periods.,low
People in the area are reporting that there is a small amount of dust near a construction site near the town centre.,low
A local issue has developed where tap water has a slight unusual smell but remains available in our neighbourhood. The issue is affecting normal use of the area.,low
People in the area are reporting that dense smoke from a nearby facility is causing residents to leave their homes near the town centre.,high
People in the area are reporting that one street lamp is dim but still provides some light near the public market. The problem has continued despite recent rainfall.,low
Sewage is spreading across a school access road close to the playground.,high
We have noticed that dense smoke from a nearby facility is causing residents to leave their homes near the town centre.,high
There is a problem where a water main failure has flooded the entrance to a hospital near the public market. The problem has continued despite recent rainfall.,high
A local issue has developed where a small crack has appeared along the edge of a side road close to the bus stop. The issue is affecting normal use of the area.,low
Residents have noticed that a few garbage bags are waiting at the normal collection point near the town centre. The issue is affecting normal use of the area.,low
Residents have noticed that a single street sign area has minor surface damage near the town centre. People passing through the area are being affected.,low
A local issue has developed where floodwater has entered houses and is continuing to rise near the community hall.,high
There is a problem where one lamp flickers occasionally during the evening in our neighbourhood. The issue is affecting normal use of the area.,low
People in the area are reporting that a shallow puddle forms after light rain near the hospital. The condition has remained unchanged since yesterday.,low
Construction dust is affecting nearby shops and homes throughout the day along the roadside. People passing through the area are being affected.,medium
We have noticed that a damaged electrical pole is leaning over a busy road along the roadside. The condition has remained unchanged since yesterday.,high
People in the area are reporting that garbage collection has been missed for several days and waste is accumulating on the main road.,medium
There is a problem where a minor water leak is dripping from a public pipe on the main road. The problem has continued despite recent rainfall.,low
Dense smoke from a nearby facility is causing residents to leave their homes on the main road.,high
People in the area are reporting that the road surface is damaged in several places and motorcycles are having difficulty passing near the town centre.,medium
We have noticed that water pressure is too low for many houses in the area on the main road. The problem has continued despite recent rainfall.,medium
A local issue has developed where a sewer blockage is creating a strong smell across several nearby properties near the town centre. People passing through the area are being affected.,medium
A shallow puddle forms after light rain at the main junction. Several nearby residents have raised concerns.,low
We have noticed that dense smoke from a nearby facility is causing residents to leave their homes near the public market.,high
There is a problem where water pressure is too low for many houses in the area near the public market. The issue has been reported by households nearby.,medium
The situation involves a chemical liquid has leaked onto a public road beside residential buildings close to the bus stop. Several nearby residents have raised concerns.,high
A local issue has developed where one street lamp is dim but still provides some light near the public market.,low
Residents have noticed that a roadside drain is blocked and rainwater is collecting across part of the road near the town centre. The condition has remained unchanged since yesterday.,medium
There is a problem where smoke from a nearby workshop is entering nearby houses near the town centre.,medium
The situation involves a fallen power cable is lying across a pedestrian path close to the playground.,high
A local issue has developed where repeated electricity interruptions are affecting many houses near the town centre.,medium
Residents have noticed that a single street sign area has minor surface damage near our houses. The condition becomes worse during busy periods.,low
The situation involves the road surface is damaged in several places and motorcycles are having difficulty passing close to the bus stop.,medium
Residents have noticed that floodwater has entered houses and is continuing to rise near the hospital.,high
People in the area are reporting that a minor water leak is dripping from a public pipe near the town centre. People in the area have reported the same issue.,low
A local issue has developed where water supply has been unavailable to a neighbourhood since yesterday along the roadside.,medium
A local issue has developed where a minor water leak is dripping from a public pipe at the main junction. People passing through the area are being affected.,low
There is a problem where a small amount of litter is scattered near a bus stop in our neighbourhood.,low
There is a problem where a minor water leak is dripping from a public pipe near our houses. Residents noticed the problem this morning.,low
People in the area are reporting that a drain cover is slightly loose but still in place near the hospital. Several nearby residents have raised concerns.,low
We have noticed that sewage is spreading across a school access road in our neighbourhood. The problem can be seen clearly from the roadside.,high
People in the area are reporting that a curb has a small chipped section along the roadside. The problem has continued despite recent rainfall.,low
The situation involves a roadside drain is blocked and rainwater is collecting across part of the road in our neighbourhood. The issue is affecting normal use of the area.,medium
The situation involves a water pipe is leaking continuously and a large amount of water is being wasted in our neighbourhood.,medium
The situation involves a few garbage bags are waiting at the normal collection point along the roadside.,low
People in the area are reporting that a large public waste bin is overflowing onto the pavement near our houses. People in the area have reported the same issue.,medium
Residents have noticed that a minor water leak is dripping from a public pipe near the hospital. The condition has remained unchanged since yesterday.,low
People in the area are reporting that one lamp flickers occasionally during the evening near the public market.,low
A local issue has developed where dense smoke from a nearby facility is causing residents to leave their homes in our neighbourhood.,high
Residents have noticed that a large section of road has collapsed beside a school entrance near the public market.,high
A local issue has developed where a fallen power cable is lying across a pedestrian path on the main road. The condition becomes worse during busy periods.,high
The situation involves smoke from a nearby workshop is entering nearby houses near the hospital. The problem can be seen clearly from the roadside.,medium
People in the area are reporting that a minor water leak is dripping from a public pipe in our neighbourhood. The condition becomes worse during busy periods.,low
Garbage collection has been missed for several days and waste is accumulating on the main road.,medium
A large section of road has collapsed beside a school entrance near our houses. Residents noticed the problem this morning.,high
Residents have noticed that a water main failure has flooded the entrance to a hospital near the town centre.,high
People in the area are reporting that a water pipe is leaking continuously and a large amount of water is being wasted near the town centre.,medium
Residents have noticed that a minor water leak is dripping from a public pipe near the public market. The condition becomes worse during busy periods.,low
Residents have noticed that a fallen power cable is lying across a pedestrian path at the main junction.,high
A minor water leak is dripping from a public pipe on the main road. The condition has remained unchanged since yesterday.,low
Residents have noticed that thick smoke is causing breathing difficulty among nearby residents close to the bus stop. The issue has been reported by households nearby.,high
We have noticed that tap water has a slight unusual smell but remains available close to the bus stop.,low
The situation involves floodwater has entered houses and is continuing to rise near the town centre.,high
People in the area are reporting that a roadside drain is blocked and rainwater is collecting across part of the road in our neighbourhood. People in the area have reported the same issue.,medium
There is a problem where a section of road has sunk and vehicles must drive around it along the roadside. The condition becomes worse during busy periods.,medium
A local issue has developed where a roadside drain is blocked and rainwater is collecting across part of the road near the hospital. Residents noticed the problem this morning.,medium
There is a problem where there is a small amount of dust near a construction site in our neighbourhood. The problem can be seen clearly from the roadside.,low
There is a problem where an exposed electrical cable is hanging low where pedestrians can reach it near the town centre. The issue is affecting normal use of the area.,high
A local issue has developed where one street lamp is dim but still provides some light near our houses. The problem has continued despite recent rainfall.,low
People in the area are reporting that water supply has been unavailable to a neighbourhood since yesterday close to the playground. The problem can be seen clearly from the roadside.,medium
Construction dust is affecting nearby shops and homes throughout the day near the community hall.,medium
People in the area are reporting that water pressure is too low for many houses in the area near the town centre.,medium
Sewage is spreading across a school access road on the main road. People in the area have reported the same issue.,high
The situation involves a large public waste bin is overflowing onto the pavement near the school.,medium
A local issue has developed where smoke from a nearby workshop is entering nearby houses near the public market.,medium
A large public waste bin is overflowing onto the pavement close to the playground. Several nearby residents have raised concerns.,medium
A local issue has developed where a roadside drain is blocked and rainwater is collecting across part of the road near the town centre. The condition has remained unchanged since yesterday.,medium
People in the area are reporting that smoke from a nearby workshop is entering nearby houses near the hospital.,medium
We have noticed that electrical wires are sparking beside a crowded pedestrian area near the school. Residents noticed the problem this morning.,high
A local issue has developed where a small patch of the road surface has become uneven near our houses. The condition becomes worse during busy periods.,low
Water pressure is too low for many houses in the area close to the playground.,medium
A small patch of the road surface has become uneven near the public market. The issue has been reported by households nearby.,low
Residents have noticed that a small patch of the road surface has become uneven near the town centre. The issue has been reported by households nearby.,low
Garbage collection has been missed for several days and waste is accumulating near the hospital.,medium
The situation involves one street lamp is dim but still provides some light near the hospital. Several nearby residents have raised concerns.,low
The situation involves a chemical liquid has leaked onto a public road beside residential buildings at the main junction. The issue has been reported by households nearby.,high
We have noticed that a section of road has sunk and vehicles must drive around it near the public market.,medium
A local issue has developed where wastewater is overflowing from a drain onto the roadside near the community hall. People in the area have reported the same issue.,medium
People in the area are reporting that a large public waste bin is overflowing onto the pavement on the main road. The condition becomes worse during busy periods.,medium
There is a problem where a water pipe is leaking continuously and a large amount of water is being wasted near the public market.,medium
We have noticed that a drain cover is slightly loose but still in place near the community hall. The issue is affecting normal use of the area.,low
The situation involves an exposed electrical cable is hanging low where pedestrians can reach it near the hospital.,high
Repeated electricity interruptions are affecting many houses along the roadside. The condition becomes worse during busy periods.,medium
The situation involves a public bin is partly full but not overflowing near the community hall. The condition has remained unchanged since yesterday.,low
A local issue has developed where a roadside drain is blocked and rainwater is collecting across part of the road near the town centre. People in the area have reported the same issue.,medium
A local issue has developed where part of a roadside retaining wall has collapsed onto the traffic lane near our houses.,high
There is a problem where a single street sign area has minor surface damage on the main road. People passing through the area are being affected.,low
The situation involves a damaged electrical pole is leaning over a busy road close to the bus stop. The issue is affecting normal use of the area.,high
The situation involves a few garbage bags are waiting at the normal collection point near the hospital. The issue has been reported by households nearby.,low
There is a problem where water supply has been unavailable to a neighbourhood since yesterday at the main junction. The issue is affecting normal use of the area.,medium
The situation involves a small crack has appeared along the edge of a side road near the public market. Several nearby residents have raised concerns.,low
There is a problem where a fallen power cable is lying across a pedestrian path near the community hall.,high
Residents have noticed that thick smoke is causing breathing difficulty among nearby residents near the community hall. The condition becomes worse during busy periods.,high
A section of road has sunk and vehicles must drive around it near the hospital.,medium
Residents have noticed that an exposed electrical cable is hanging low where pedestrians can reach it near the community hall.,high
We have noticed that a small patch of the road surface has become uneven near the community hall. Several nearby residents have raised concerns.,low
We have noticed that construction dust is affecting nearby shops and homes throughout the day in our neighbourhood.,medium
There is a problem where a large public waste bin is overflowing onto the pavement near our houses.,medium
Residents have noticed that a large section of road has collapsed beside a school entrance near the hospital. The problem can be seen clearly from the roadside.,high
People in the area are reporting that a sewer blockage is creating a strong smell across several nearby properties close to the playground.,medium
The situation involves a shallow puddle forms after light rain near the hospital.,low
The situation involves a water pipe is leaking continuously and a large amount of water is being wasted on the main road. Several nearby residents have raised concerns.,medium
There is a problem where part of a roadside retaining wall has collapsed onto the traffic lane on the main road. The issue has been reported by households nearby.,high
Residents have noticed that dense smoke from a nearby facility is causing residents to leave their homes near the hospital.,high
We have noticed that a deep hole has opened across most of the traffic lane near a blind bend along the roadside.,high
A local issue has developed where a deep hole has opened across most of the traffic lane near a blind bend near the hospital. The problem can be seen clearly from the roadside.,high
Residents have noticed that floodwater has entered houses and is continuing to rise at the main junction.,high
A local issue has developed where a single street sign area has minor surface damage near our houses. The problem has continued despite recent rainfall.,low
Residents have noticed that a small patch of the road surface has become uneven close to the playground. The problem can be seen clearly from the roadside.,low
There is a problem where sewage is flowing into several homes from an overflowing manhole on the main road. People in the area have reported the same issue.,high
Dense smoke from a nearby facility is causing residents to leave their homes near the hospital.,high
There is a problem where tap water has a slight unusual smell but remains available close to the bus stop. The condition becomes worse during busy periods.,low
There is a problem where a deep hole has opened across most of the traffic lane near a blind bend close to the playground.,high
The situation involves a chemical liquid has leaked onto a public road beside residential buildings close to the bus stop. People passing through the area are being affected.,high
There is a problem where a water main failure has flooded the entrance to a hospital near the community hall.,high
We have noticed that a small crack has appeared along the edge of a side road near the hospital. The issue has been reported by households nearby.,low
There is a problem where a minor water leak is dripping from a public pipe near the community hall.,low
The situation involves sewage is spreading across a school access road at the main junction.,high
There is a problem where thick smoke is causing breathing difficulty among nearby residents near our houses. The condition becomes worse during busy periods.,high
A local issue has developed where one lamp flickers occasionally during the evening near the town centre. The issue has been reported by households nearby.,low
We have noticed that a section of road has sunk and vehicles must drive around it near the school. The condition has remained unchanged since yesterday.,medium
Residents have noticed that dense smoke from a nearby facility is causing residents to leave their homes at the main junction. People passing through the area are being affected.,high
The situation involves a large section of road has collapsed beside a school entrance near the town centre.,high
There is a problem where one lamp flickers occasionally during the evening near the hospital. The issue is affecting normal use of the area.,low
A local issue has developed where a small amount of litter is scattered near a bus stop in our neighbourhood. Several nearby residents have raised concerns.,low
People in the area are reporting that garbage collection has been missed for several days and waste is accumulating in our neighbourhood. People passing through the area are being affected.,medium
We have noticed that a water pipe is leaking continuously and a large amount of water is being wasted near our houses.,medium
Wastewater is overflowing from a drain onto the roadside along the roadside. People passing through the area are being affected.,medium
A local issue has developed where a water main failure has flooded the entrance to a hospital close to the bus stop. People in the area have reported the same issue.,high
One street lamp is dim but still provides some light in our neighbourhood.,low
A local issue has developed where a sewer blockage is creating a strong smell across several nearby properties near the hospital.,medium
We have noticed that a shallow puddle forms after light rain near our houses. The issue is affecting normal use of the area.,low
A small crack has appeared along the edge of a side road on the main road.,low
People in the area are reporting that floodwater has entered houses and is continuing to rise in our neighbourhood.,high
Residents have noticed that a damaged electrical pole is leaning over a busy road close to the bus stop. People passing through the area are being affected.,high
Residents have noticed that a few garbage bags are waiting at the normal collection point along the roadside.,low
An exposed electrical cable is hanging low where pedestrians can reach it in our neighbourhood. Several nearby residents have raised concerns.,high
Residents have noticed that a public bin is partly full but not overflowing near the school. The condition has remained unchanged since yesterday.,low
The situation involves wastewater is overflowing from a drain onto the roadside near the school. The issue has been reported by households nearby.,medium
People in the area are reporting that part of a roadside retaining wall has collapsed onto the traffic lane near our houses.,high
A single street sign area has minor surface damage near the public market.,low
People in the area are reporting that a roadside drain is blocked and rainwater is collecting across part of the road near the hospital.,medium
We have noticed that a water main failure has flooded the entrance to a hospital near our houses.,high
Residents have noticed that repeated electricity interruptions are affecting many houses close to the playground.,medium
A local issue has developed where one lamp flickers occasionally during the evening on the main road. The issue is affecting normal use of the area.,low
The situation involves garbage collection has been missed for several days and waste is accumulating on the main road. People passing through the area are being affected.,medium
Residents have noticed that a few garbage bags are waiting at the normal collection point in our neighbourhood.,low
Several potholes are making vehicles slow down on the main road at the main junction.,medium
Wastewater is overflowing from a drain onto the roadside near the community hall. People passing through the area are being affected.,medium
People in the area are reporting that a section of road has sunk and vehicles must drive around it near our houses. The problem can be seen clearly from the roadside.,medium
People in the area are reporting that a curb has a small chipped section near the community hall. People in the area have reported the same issue.,low
Residents have noticed that part of a roadside retaining wall has collapsed onto the traffic lane in our neighbourhood. The issue is affecting normal use of the area.,high
There is a problem where a damaged electrical pole is leaning over a busy road near the hospital. Residents noticed the problem this morning.,high
The situation involves a public bin is partly full but not overflowing near the hospital. The problem can be seen clearly from the roadside.,low
A single street sign area has minor surface damage at the main junction. The issue has been reported by households nearby.,low
We have noticed that one street lamp is dim but still provides some light near the school.,low
People in the area are reporting that a single street sign area has minor surface damage near the hospital. The problem can be seen clearly from the roadside.,low
We have noticed that several street lights along one road are not working near the hospital.,medium
A local issue has developed where sewage is spreading across a school access road at the main junction.,high
Thick smoke is causing breathing difficulty among nearby residents near the public market.,high
We have noticed that the road surface is damaged in several places and motorcycles are having difficulty passing near the public market.,medium
We have noticed that a small patch of the road surface has become uneven near our houses.,low
A sewer blockage is creating a strong smell across several nearby properties along the roadside. The problem has continued despite recent rainfall.,medium
The situation involves a water pipe is leaking continuously and a large amount of water is being wasted at the main junction. The problem has continued despite recent rainfall.,medium
We have noticed that a small amount of litter is scattered near a bus stop near the town centre. People passing through the area are being affected.,low
We have noticed that a chemical liquid has leaked onto a public road beside residential buildings near our houses.,high
People in the area are reporting that a minor water leak is dripping from a public pipe near the public market. Several nearby residents have raised concerns.,low
An exposed electrical cable is hanging low where pedestrians can reach it near the school. Several nearby residents have raised concerns.,high
There is a problem where dense smoke from a nearby facility is causing residents to leave their homes near our houses.,high
People in the area are reporting that a major water pipe has burst and water is entering nearby houses close to the bus stop. The issue is affecting normal use of the area.,high
We have noticed that sewage is spreading across a school access road along the roadside. People in the area have reported the same issue.,high
People in the area are reporting that a roadside drain has some leaves and sediment inside it close to the playground. Residents noticed the problem this morning.,low
Thick smoke is causing breathing difficulty among nearby residents along the roadside. The problem can be seen clearly from the roadside.,high
A water pipe is leaking continuously and a large amount of water is being wasted near the hospital. The condition has remained unchanged since yesterday.,medium
We have noticed that water pressure is too low for many houses in the area near the school.,medium
A local issue has developed where a drain cover is slightly loose but still in place near the community hall. The problem has continued despite recent rainfall.,low
There is a problem where several potholes are making vehicles slow down on the main road near the hospital. People in the area have reported the same issue.,medium
A sewer blockage is creating a strong smell across several nearby properties near the hospital.,medium
We have noticed that an exposed electrical cable is hanging low where pedestrians can reach it near the town centre.,high
There is a problem where repeated electricity interruptions are affecting many houses close to the bus stop. The condition has remained unchanged since yesterday.,medium
The situation involves a large public waste bin is overflowing onto the pavement near the hospital. The issue is affecting normal use of the area.,medium
People in the area are reporting that the road surface is damaged in several places and motorcycles are having difficulty passing on the main road. The problem has continued despite recent rainfall.,medium
Electrical wires are sparking beside a crowded pedestrian area on the main road. Several nearby residents have raised concerns.,high
We have noticed that electrical wires are sparking beside a crowded pedestrian area on the main road. Several nearby residents have raised concerns.,high
A local issue has developed where repeated electricity interruptions are affecting many houses near the hospital.,medium
We have noticed that an exposed electrical cable is hanging low where pedestrians can reach it along the roadside. Residents noticed the problem this morning.,high
Residents have noticed that a minor water leak is dripping from a public pipe near the public market.,low
We have noticed that sewage is spreading across a school access road near the community hall.,high
Residents have noticed that part of a roadside retaining wall has collapsed onto the traffic lane close to the playground. The condition becomes worse during busy periods.,high
A water pipe is leaking continuously and a large amount of water is being wasted near our houses. The problem has continued despite recent rainfall.,medium
People in the area are reporting that a single street sign area has minor surface damage on the main road. Residents noticed the problem this morning.,low
Residents have noticed that a drain cover is slightly loose but still in place along the roadside. Residents noticed the problem this morning.,low
There is a problem where a section of road has sunk and vehicles must drive around it close to the bus stop.,medium
Residents have noticed that water supply has been unavailable to a neighbourhood since yesterday near the town centre. The issue has been reported by households nearby.,medium
People in the area are reporting that a water pipe is leaking continuously and a large amount of water is being wasted close to the bus stop.,medium
There is a problem where sewage is flowing into several homes from an overflowing manhole near the hospital. The condition becomes worse during busy periods.,high
A damaged electrical pole is leaning over a busy road near the community hall. The problem has continued despite recent rainfall.,high
Residents have noticed that water pressure is too low for many houses in the area near the school. The issue has been reported by households nearby.,medium
People in the area are reporting that tap water has a slight unusual smell but remains available close to the playground.,low
A local issue has developed where a deep hole has opened across most of the traffic lane near a blind bend near the town centre. Residents noticed the problem this morning.,high
The situation involves a curb has a small chipped section near the community hall. The issue has been reported by households nearby.,low
There is a problem where several street lights along one road are not working near the hospital. The problem has continued despite recent rainfall.,medium
A local issue has developed where a shallow puddle forms after light rain on the main road. Residents noticed the problem this morning.,low
A local issue has developed where a sewer blockage is creating a strong smell across several nearby properties close to the playground.,medium
We have noticed that wastewater is overflowing from a drain onto the roadside close to the bus stop.,medium
There is a problem where one lamp flickers occasionally during the evening near the school.,low
We have noticed that electrical wires are sparking beside a crowded pedestrian area near the hospital.,high
A local issue has developed where a single street sign area has minor surface damage near the town centre.,low
People in the area are reporting that there is a small amount of dust near a construction site on the main road. The issue is affecting normal use of the area.,low
People in the area are reporting that a water pipe is leaking continuously and a large amount of water is being wasted near the public market. The condition becomes worse during busy periods.,medium
There is a problem where a roadside drain is blocked and rainwater is collecting across part of the road near the hospital. The condition has remained unchanged since yesterday.,medium
We have noticed that tap water has a slight unusual smell but remains available close to the playground.,low
A drain cover is slightly loose but still in place at the main junction. Several nearby residents have raised concerns.,low
Residents have noticed that wastewater is overflowing from a drain onto the roadside at the main junction. The problem has continued despite recent rainfall.,medium
Floodwater has entered houses and is continuing to rise close to the playground.,high
A local issue has developed where a damaged electrical pole is leaning over a busy road near our houses.,high
People in the area are reporting that a section of road has sunk and vehicles must drive around it along the roadside. The problem has continued despite recent rainfall.,medium
Residents have noticed that a large public waste bin is overflowing onto the pavement near our houses.,medium
We have noticed that a shallow puddle forms after light rain near the public market. The condition becomes worse during busy periods.,low
There is a problem where one lamp flickers occasionally during the evening near the public market. Several nearby residents have raised concerns.,low
A section of road has sunk and vehicles must drive around it along the roadside. The condition becomes worse during busy periods.,medium
A drain cover is slightly loose but still in place near the community hall. The condition becomes worse during busy periods.,low
A large section of road has collapsed beside a school entrance near the public market.,high
There is a problem where dense smoke from a nearby facility is causing residents to leave their homes at the main junction. The condition has remained unchanged since yesterday.,high
Residents have noticed that water supply has been unavailable to a neighbourhood since yesterday along the roadside. The problem has continued despite recent rainfall.,medium
There is a problem where dense smoke from a nearby facility is causing residents to leave their homes in our neighbourhood. The condition becomes worse during busy periods.,high
Part of a roadside retaining wall has collapsed onto the traffic lane near the town centre. Residents noticed the problem this morning.,high
Residents have noticed that the road surface is damaged in several places and motorcycles are having difficulty passing near the school. People in the area have reported the same issue.,medium
Residents have noticed that a drain cover is slightly loose but still in place in our neighbourhood.,low
We have noticed that a sewer blockage is creating a strong smell across several nearby properties close to the bus stop. Residents noticed the problem this morning.,medium
There is a problem where thick smoke is causing breathing difficulty among nearby residents near the hospital. The condition has remained unchanged since yesterday.,high
A shallow puddle forms after light rain near the school.,low
The situation involves sewage is flowing into several homes from an overflowing manhole near the town centre.,high
We have noticed that a major water pipe has burst and water is entering nearby houses near the town centre. Several nearby residents have raised concerns.,high
A local issue has developed where a large section of road has collapsed beside a school entrance near the town centre.,high
People in the area are reporting that floodwater has entered houses and is continuing to rise along the roadside. The problem can be seen clearly from the roadside.,high
The road surface is damaged in several places and motorcycles are having difficulty passing near the public market. People in the area have reported the same issue.,medium
There is a problem where wastewater is overflowing from a drain onto the roadside on the main road.,medium
Residents have noticed that part of a roadside retaining wall has collapsed onto the traffic lane near the community hall. People passing through the area are being affected.,high
There is a small amount of dust near a construction site close to the playground.,low
The situation involves a water pipe is leaking continuously and a large amount of water is being wasted near the community hall.,medium
The situation involves water supply has been unavailable to a neighbourhood since yesterday at the main junction. People in the area have reported the same issue.,medium
A local issue has developed where part of a roadside retaining wall has collapsed onto the traffic lane near the community hall.,high
People in the area are reporting that a minor water leak is dripping from a public pipe near the school. The condition becomes worse during busy periods.,low
Residents have noticed that water supply has been unavailable to a neighbourhood since yesterday in our neighbourhood. The issue is affecting normal use of the area.,medium
Sewage is flowing into several homes from an overflowing manhole close to the playground.,high
People in the area are reporting that a deep hole has opened across most of the traffic lane near a blind bend near our houses. The condition becomes worse during busy periods.,high
A local issue has developed where water supply has been unavailable to a neighbourhood since yesterday close to the playground.,medium
The road surface is damaged in several places and motorcycles are having difficulty passing along the roadside. The issue has been reported by households nearby.,medium
Residents have noticed that tap water has a slight unusual smell but remains available close to the playground. The issue has been reported by households nearby.,low
Residents have noticed that sewage is spreading across a school access road on the main road.,high
A local issue has developed where a few garbage bags are waiting at the normal collection point in our neighbourhood.,low
Residents have noticed that a drain cover is slightly loose but still in place along the roadside. The issue has been reported by households nearby.,low
People in the area are reporting that the road surface is damaged in several places and motorcycles are having difficulty passing at the main junction. The issue has been reported by households nearby.,medium
People in the area are reporting that a minor water leak is dripping from a public pipe near the town centre. The condition has remained unchanged since yesterday.,low
The situation involves dense smoke from a nearby facility is causing residents to leave their homes near our houses.,high
We have noticed that a small amount of litter is scattered near a bus stop near the hospital. People in the area have reported the same issue.,low
A local issue has developed where wastewater is overflowing from a drain onto the roadside at the main junction. The issue has been reported by households nearby.,medium
Residents have noticed that water pressure is too low for many houses in the area in our neighbourhood. Residents noticed the problem this morning.,medium
The situation involves a shallow puddle forms after light rain near the public market. The problem has continued despite recent rainfall.,low
A local issue has developed where sewage is spreading across a school access road close to the bus stop. The condition becomes worse during busy periods.,high
A few garbage bags are waiting at the normal collection point close to the bus stop. The condition becomes worse during busy periods.,low
Several potholes are making vehicles slow down on the main road near the community hall.,medium
A local issue has developed where a roadside drain is blocked and rainwater is collecting across part of the road on the main road. The issue is affecting normal use of the area.,medium
Residents have noticed that wastewater is overflowing from a drain onto the roadside near the town centre. The condition has remained unchanged since yesterday.,medium
A drain cover is slightly loose but still in place close to the bus stop.,low
People in the area are reporting that one lamp flickers occasionally during the evening near the school. The problem can be seen clearly from the roadside.,low
Residents have noticed that dense smoke from a nearby facility is causing residents to leave their homes close to the playground.,high
People in the area are reporting that a water pipe is leaking continuously and a large amount of water is being wasted near the public market.,medium
A local issue has developed where smoke from a nearby workshop is entering nearby houses near the hospital. Residents noticed the problem this morning.,medium
A local issue has developed where a major water pipe has burst and water is entering nearby houses at the main junction. The issue is affecting normal use of the area.,high
We have noticed that smoke from a nearby workshop is entering nearby houses near the public market.,medium
There is a problem where one lamp flickers occasionally during the evening near the public market.,low
We have noticed that several street lights along one road are not working near the community hall.,medium
Residents have noticed that a minor water leak is dripping from a public pipe on the main road.,low
We have noticed that several potholes are making vehicles slow down on the main road on the main road. The problem has continued despite recent rainfall.,medium
Residents have noticed that a large section of road has collapsed beside a school entrance near the town centre. The condition becomes worse during busy periods.,high
Repeated electricity interruptions are affecting many houses near the hospital.,medium
The situation involves a large public waste bin is overflowing onto the pavement close to the playground. The issue has been reported by households nearby.,medium
We have noticed that a major water pipe has burst and water is entering nearby houses near the school.,high
Residents have noticed that a curb has a small chipped section near the hospital. The issue has been reported by households nearby.,low
There is a problem where a small patch of the road surface has become uneven close to the playground. The problem has continued despite recent rainfall.,low
We have noticed that a roadside drain is blocked and rainwater is collecting across part of the road at the main junction.,medium
People in the area are reporting that a public bin is partly full but not overflowing close to the bus stop. Several nearby residents have raised concerns.,low
People in the area are reporting that a curb has a small chipped section on the main road. The problem has continued despite recent rainfall.,low
We have noticed that a damaged electrical pole is leaning over a busy road along the roadside. The condition becomes worse during busy periods.,high
The situation involves a public bin is partly full but not overflowing at the main junction. Several nearby residents have raised concerns.,low
There is a small amount of dust near a construction site near the hospital.,low
A local issue has developed where a small amount of litter is scattered near a bus stop at the main junction.,low
People in the area are reporting that water supply has been unavailable to a neighbourhood since yesterday near the town centre.,medium
We have noticed that water pressure is too low for many houses in the area at the main junction.,medium
There is a small amount of dust near a construction site near our houses.,low
The road surface is damaged in several places and motorcycles are having difficulty passing in our neighbourhood. People passing through the area are being affected.,medium
There is a problem where floodwater has entered houses and is continuing to rise on the main road. The issue is affecting normal use of the area.,high
People in the area are reporting that thick smoke is causing breathing difficulty among nearby residents near our houses. Residents noticed the problem this morning.,high
There is a problem where sewage is spreading across a school access road along the roadside.,high
There is a problem where water supply has been unavailable to a neighbourhood since yesterday near the public market. The problem can be seen clearly from the roadside.,medium
A local issue has developed where a small amount of litter is scattered near a bus stop near our houses.,low
There is a problem where a chemical liquid has leaked onto a public road beside residential buildings near the hospital.,high
A local issue has developed where a single street sign area has minor surface damage close to the playground.,low
People in the area are reporting that a section of road has sunk and vehicles must drive around it along the roadside. Residents noticed the problem this morning.,medium
There is a problem where a deep hole has opened across most of the traffic lane near a blind bend near the public market. The problem has continued despite recent rainfall.,high
People in the area are reporting that a drain cover is slightly loose but still in place near the school.,low
The situation involves a sewer blockage is creating a strong smell across several nearby properties at the main junction.,medium
The situation involves repeated electricity interruptions are affecting many houses near the school.,medium
We have noticed that a damaged electrical pole is leaning over a busy road near the public market.,high
A local issue has developed where there is a small amount of dust near a construction site on the main road. Residents noticed the problem this morning.,low
People in the area are reporting that floodwater has entered houses and is continuing to rise near the hospital. The issue is affecting normal use of the area.,high
We have noticed that a single street sign area has minor surface damage along the roadside. The problem can be seen clearly from the roadside.,low
There is a problem where tap water has a slight unusual smell but remains available along the roadside. The issue is affecting normal use of the area.,low
We have noticed that a small crack has appeared along the edge of a side road at the main junction. People passing through the area are being affected.,low
A large section of road has collapsed beside a school entrance close to the bus stop. The issue is affecting normal use of the area.,high
A local issue has developed where an exposed electrical cable is hanging low where pedestrians can reach it close to the playground. The condition has remained unchanged since yesterday.,high
There is a problem where a small amount of litter is scattered near a bus stop on the main road.,low
The situation involves a large section of road has collapsed beside a school entrance close to the playground.,high
We have noticed that a single street sign area has minor surface damage close to the playground. People passing through the area are being affected.,low
Residents have noticed that a shallow puddle forms after light rain near the public market.,low
We have noticed that a fallen power cable is lying across a pedestrian path close to the playground.,high
The situation involves a deep hole has opened across most of the traffic lane near a blind bend at the main junction.,high
The situation involves a small patch of the road surface has become uneven near the public market.,low
Residents have noticed that a drain cover is slightly loose but still in place near the town centre. The issue has been reported by households nearby.,low
Residents have noticed that wastewater is overflowing from a drain onto the roadside near the public market. The condition becomes worse during busy periods.,medium
There is a problem where several street lights along one road are not working near the hospital.,medium
People in the area are reporting that tap water has a slight unusual smell but remains available along the roadside.,low
We have noticed that a curb has a small chipped section near our houses. People in the area have reported the same issue.,low
The situation involves a curb has a small chipped section along the roadside. The problem has continued despite recent rainfall.,low
A curb has a small chipped section at the main junction.,low
The situation involves a damaged electrical pole is leaning over a busy road close to the bus stop.,high
The situation involves there is a small amount of dust near a construction site near our houses. Several nearby residents have raised concerns.,low
People in the area are reporting that sewage is flowing into several homes from an overflowing manhole in our neighbourhood. Several nearby residents have raised concerns.,high
Residents have noticed that a water pipe is leaking continuously and a large amount of water is being wasted near the town centre. The condition has remained unchanged since yesterday.,medium
The situation involves one street lamp is dim but still provides some light at the main junction. The condition becomes worse during busy periods.,low
There is a problem where several street lights along one road are not working near the community hall.,medium
The situation involves a water main failure has flooded the entrance to a hospital near the hospital.,high
There is a problem where wastewater is overflowing from a drain onto the roadside near the hospital.,medium
A local issue has developed where dense smoke from a nearby facility is causing residents to leave their homes near the hospital.,high
A minor water leak is dripping from a public pipe near the community hall. The condition has remained unchanged since yesterday.,low
Residents have noticed that a small patch of the road surface has become uneven at the main junction.,low
A local issue has developed where a drain cover is slightly loose but still in place close to the bus stop.,low
A local issue has developed where a small patch of the road surface has become uneven near the town centre.,low
The situation involves a water main failure has flooded the entrance to a hospital near the community hall. People in the area have reported the same issue.,high
Residents have noticed that one street lamp is dim but still provides some light near the public market.,low
The situation involves a damaged electrical pole is leaning over a busy road at the main junction. The condition has remained unchanged since yesterday.,high
We have noticed that a small patch of the road surface has become uneven near the community hall.,low
The situation involves part of a roadside retaining wall has collapsed onto the traffic lane near the school. The condition becomes worse during busy periods.,high
The situation involves floodwater has entered houses and is continuing to rise near the community hall.,high
Residents have noticed that an exposed electrical cable is hanging low where pedestrians can reach it near our houses.,high
The situation involves a large public waste bin is overflowing onto the pavement along the roadside. The issue has been reported by households nearby.,medium
Residents have noticed that smoke from a nearby workshop is entering nearby houses close to the bus stop. Several nearby residents have raised concerns.,medium
A local issue has developed where several potholes are making vehicles slow down on the main road near the school. People in the area have reported the same issue.,medium
The situation involves a few garbage bags are waiting at the normal collection point near the hospital. The problem has continued despite recent rainfall.,low
People in the area are reporting that sewage is flowing into several homes from an overflowing manhole on the main road. The problem can be seen clearly from the roadside.,high
People in the area are reporting that sewage is spreading across a school access road at the main junction.,high
The situation involves construction dust is affecting nearby shops and homes throughout the day close to the playground.,medium
A local issue has developed where a damaged electrical pole is leaning over a busy road in our neighbourhood.,high
A local issue has developed where a curb has a small chipped section close to the playground. The condition becomes worse during busy periods.,low
There is a problem where tap water has a slight unusual smell but remains available at the main junction. Residents noticed the problem this morning.,low
There is a problem where a roadside drain is blocked and rainwater is collecting across part of the road on the main road. The problem has continued despite recent rainfall.,medium
The situation involves a major water pipe has burst and water is entering nearby houses near the hospital.,high
The situation involves a small amount of litter is scattered near a bus stop close to the playground.,low
We have noticed that smoke from a nearby workshop is entering nearby houses in our neighbourhood.,medium
A local issue has developed where a single street sign area has minor surface damage at the main junction.,low
We have noticed that there is a small amount of dust near a construction site near the public market. Several nearby residents have raised concerns.,low
The situation involves water supply has been unavailable to a neighbourhood since yesterday close to the bus stop. The issue has been reported by households nearby.,medium
We have noticed that one lamp flickers occasionally during the evening near the town centre. People passing through the area are being affected.,low
There is a problem where a large section of road has collapsed beside a school entrance near the school.,high
The situation involves a roadside drain has some leaves and sediment inside it close to the bus stop. People in the area have reported the same issue.,low
There is a problem where a public bin is partly full but not overflowing near the hospital.,low
We have noticed that dense smoke from a nearby facility is causing residents to leave their homes close to the playground. People passing through the area are being affected.,high
Residents have noticed that an exposed electrical cable is hanging low where pedestrians can reach it near our houses. The condition becomes worse during busy periods.,high
People in the area are reporting that smoke from a nearby workshop is entering nearby houses close to the playground.,medium
A local issue has developed where a major water pipe has burst and water is entering nearby houses along the roadside.,high
There is a problem where a chemical liquid has leaked onto a public road beside residential buildings on the main road.,high
There is a problem where wastewater is overflowing from a drain onto the roadside at the main junction.,medium
Residents have noticed that one lamp flickers occasionally during the evening near the community hall.,low
There is a problem where a roadside drain is blocked and rainwater is collecting across part of the road near the community hall.,medium
Construction dust is affecting nearby shops and homes throughout the day in our neighbourhood. Several nearby residents have raised concerns.,medium
There is a problem where dense smoke from a nearby facility is causing residents to leave their homes near the public market. The issue has been reported by households nearby.,high
People in the area are reporting that thick smoke is causing breathing difficulty among nearby residents near our houses.,high
There is a problem where part of a roadside retaining wall has collapsed onto the traffic lane near the community hall. The condition becomes worse during busy periods.,high
Residents have noticed that several potholes are making vehicles slow down on the main road close to the bus stop.,medium
We have noticed that a water main failure has flooded the entrance to a hospital in our neighbourhood.,high
There is a problem where a minor water leak is dripping from a public pipe near the school. People in the area have reported the same issue.,low
People in the area are reporting that the road surface is damaged in several places and motorcycles are having difficulty passing near the community hall. The issue is affecting normal use of the area.,medium
A deep hole has opened across most of the traffic lane near a blind bend on the main road.,high
There is a problem where a drain cover is slightly loose but still in place close to the bus stop.,low
Garbage collection has been missed for several days and waste is accumulating near the town centre.,medium
There is a problem where a few garbage bags are waiting at the normal collection point on the main road.,low
We have noticed that wastewater is overflowing from a drain onto the roadside at the main junction. People in the area have reported the same issue.,medium
A local issue has developed where several potholes are making vehicles slow down on the main road near the hospital. The issue is affecting normal use of the area.,medium
Residents have noticed that a deep hole has opened across most of the traffic lane near a blind bend near our houses.,high
We have noticed that a minor water leak is dripping from a public pipe close to the bus stop.,low
People in the area are reporting that electrical wires are sparking beside a crowded pedestrian area near the community hall.,high
People in the area are reporting that a damaged electrical pole is leaning over a busy road close to the bus stop. The condition has remained unchanged since yesterday.,high
There is a problem where there is a small amount of dust near a construction site on the main road. The problem has continued despite recent rainfall.,low
The situation involves a deep hole has opened across most of the traffic lane near a blind bend near the town centre.,high
A large section of road has collapsed beside a school entrance close to the bus stop. Several nearby residents have raised concerns.,high
Residents have noticed that a fallen power cable is lying across a pedestrian path at the main junction. The condition has remained unchanged since yesterday.,high
A large section of road has collapsed beside a school entrance close to the playground.,high
There is a problem where sewage is flowing into several homes from an overflowing manhole near our houses. The issue is affecting normal use of the area.,high
A local issue has developed where a roadside drain has some leaves and sediment inside it near the hospital.,low
People in the area are reporting that a shallow puddle forms after light rain close to the bus stop. The condition has remained unchanged since yesterday.,low
People in the area are reporting that the road surface is damaged in several places and motorcycles are having difficulty passing close to the playground. People passing through the area are being affected.,medium
Garbage collection has been missed for several days and waste is accumulating close to the playground.,medium
Residents have noticed that a minor water leak is dripping from a public pipe in our neighbourhood. The issue is affecting normal use of the area.,low
The situation involves one lamp flickers occasionally during the evening near the school. The problem can be seen clearly from the roadside.,low
There is a problem where a major water pipe has burst and water is entering nearby houses near the public market.,high
Residents have noticed that garbage collection has been missed for several days and waste is accumulating near the hospital. The issue has been reported by households nearby.,medium
The situation involves a curb has a small chipped section near the public market.,low
A deep hole has opened across most of the traffic lane near a blind bend at the main junction. The condition has remained unchanged since yesterday.,high
People in the area are reporting that an exposed electrical cable is hanging low where pedestrians can reach it near our houses. Several nearby residents have raised concerns.,high
The situation involves a deep hole has opened across most of the traffic lane near a blind bend close to the bus stop.,high
There is a problem where an exposed electrical cable is hanging low where pedestrians can reach it on the main road. The problem has continued despite recent rainfall.,high
There is a problem where floodwater has entered houses and is continuing to rise in our neighbourhood.,high
We have noticed that wastewater is overflowing from a drain onto the roadside near the public market.,medium
The situation involves several potholes are making vehicles slow down on the main road near our houses.,medium
A local issue has developed where there is a small amount of dust near a construction site near the school.,low
A shallow puddle forms after light rain near the town centre.,low
A local issue has developed where a fallen power cable is lying across a pedestrian path near the public market.,high
A small amount of litter is scattered near a bus stop near the community hall.,low
Residents have noticed that the road surface is damaged in several places and motorcycles are having difficulty passing in our neighbourhood. Residents noticed the problem this morning.,medium
We have noticed that a curb has a small chipped section on the main road. People passing through the area are being affected.,low
A local issue has developed where a curb has a small chipped section close to the playground. The problem has continued despite recent rainfall.,low
We have noticed that water supply has been unavailable to a neighbourhood since yesterday on the main road.,medium
There is a problem where a large section of road has collapsed beside a school entrance close to the playground. The condition becomes worse during busy periods.,high
A local issue has developed where electrical wires are sparking beside a crowded pedestrian area close to the bus stop.,high
We have noticed that tap water has a slight unusual smell but remains available near our houses. People in the area have reported the same issue.,low
People in the area are reporting that a shallow puddle forms after light rain near the community hall. The condition has remained unchanged since yesterday.,low
We have noticed that a water pipe is leaking continuously and a large amount of water is being wasted in our neighbourhood. The problem has continued despite recent rainfall.,medium
The situation involves a small amount of litter is scattered near a bus stop close to the playground. People passing through the area are being affected.,low
Tap water has a slight unusual smell but remains available at the main junction.,low
A major water pipe has burst and water is entering nearby houses close to the bus stop. The issue has been reported by households nearby.,high
A local issue has developed where a shallow puddle forms after light rain close to the bus stop.,low
Residents have noticed that repeated electricity interruptions are affecting many houses near the community hall.,medium
A single street sign area has minor surface damage along the roadside. The condition has remained unchanged since yesterday.,low
People in the area are reporting that a small patch of the road surface has become uneven in our neighbourhood.,low
People in the area are reporting that a section of road has sunk and vehicles must drive around it near the public market.,medium
Residents have noticed that a water main failure has flooded the entrance to a hospital close to the bus stop. The condition has remained unchanged since yesterday.,high
We have noticed that tap water has a slight unusual smell but remains available in our neighbourhood.,low
Residents have noticed that sewage is flowing into several homes from an overflowing manhole at the main junction.,high
People in the area are reporting that wastewater is overflowing from a drain onto the roadside near our houses. The condition becomes worse during busy periods.,medium
There is a problem where water pressure is too low for many houses in the area in our neighbourhood.,medium
There is a problem where sewage is flowing into several homes from an overflowing manhole in our neighbourhood. The problem has continued despite recent rainfall.,high
A local issue has developed where smoke from a nearby workshop is entering nearby houses on the main road. The condition has remained unchanged since yesterday.,medium
A local issue has developed where a fallen power cable is lying across a pedestrian path in our neighbourhood.,high
We have noticed that one lamp flickers occasionally during the evening near our houses.,low
A local issue has developed where a chemical liquid has leaked onto a public road beside residential buildings in our neighbourhood.,high
A local issue has developed where a damaged electrical pole is leaning over a busy road near the town centre. The issue has been reported by households nearby.,high
Residents have noticed that one street lamp is dim but still provides some light near the community hall. People in the area have reported the same issue.,low
We have noticed that water supply has been unavailable to a neighbourhood since yesterday near the town centre. People passing through the area are being affected.,medium
A local issue has developed where several potholes are making vehicles slow down on the main road in our neighbourhood. The condition has remained unchanged since yesterday.,medium
People in the area are reporting that several street lights along one road are not working near the school. Residents noticed the problem this morning.,medium
There is a problem where a major water pipe has burst and water is entering nearby houses near the public market. The problem has continued despite recent rainfall.,high
There is a problem where wastewater is overflowing from a drain onto the roadside near the school. The issue is affecting normal use of the area.,medium
There is a problem where a small patch of the road surface has become uneven close to the bus stop.,low
The situation involves electrical wires are sparking beside a crowded pedestrian area near our houses. The problem has continued despite recent rainfall.,high
A local issue has developed where a small crack has appeared along the edge of a side road near our houses.,low
People in the area are reporting that smoke from a nearby workshop is entering nearby houses at the main junction.,medium
A local issue has developed where a small amount of litter is scattered near a bus stop near the public market.,low
A local issue has developed where dense smoke from a nearby facility is causing residents to leave their homes close to the playground. The problem has continued despite recent rainfall.,high
A roadside drain has some leaves and sediment inside it close to the playground.,low
People in the area are reporting that electrical wires are sparking beside a crowded pedestrian area near our houses. Residents noticed the problem this morning.,high
People in the area are reporting that the road surface is damaged in several places and motorcycles are having difficulty passing at the main junction.,medium
We have noticed that dense smoke from a nearby facility is causing residents to leave their homes in our neighbourhood. Several nearby residents have raised concerns.,high
The situation involves a large section of road has collapsed beside a school entrance along the roadside.,high
Floodwater has entered houses and is continuing to rise on the main road. The issue has been reported by households nearby.,high
The situation involves thick smoke is causing breathing difficulty among nearby residents at the main junction. The condition becomes worse during busy periods.,high
Residents have noticed that water pressure is too low for many houses in the area near the school. The condition becomes worse during busy periods.,medium
A deep hole has opened across most of the traffic lane near a blind bend near the hospital.,high
A local issue has developed where a small amount of litter is scattered near a bus stop near the community hall. The issue has been reported by households nearby.,low
There is a problem where sewage is flowing into several homes from an overflowing manhole near the public market. The issue is affecting normal use of the area.,high
The situation involves a few garbage bags are waiting at the normal collection point near the public market.,low
The situation involves sewage is spreading across a school access road along the roadside. The issue has been reported by households nearby.,high
We have noticed that construction dust is affecting nearby shops and homes throughout the day near the public market.,medium
Residents have noticed that one street lamp is dim but still provides some light near the community hall. The condition becomes worse during busy periods.,low
A local issue has developed where a section of road has sunk and vehicles must drive around it close to the bus stop.,medium
A local issue has developed where thick smoke is causing breathing difficulty among nearby residents along the roadside.,high
Residents have noticed that a damaged electrical pole is leaning over a busy road near our houses. The issue has been reported by households nearby.,high
The situation involves a few garbage bags are waiting at the normal collection point close to the bus stop. The issue is affecting normal use of the area.,low
A local issue has developed where a curb has a small chipped section close to the playground.,low
The situation involves repeated electricity interruptions are affecting many houses near our houses. The problem can be seen clearly from the roadside.,medium
There is a problem where a major water pipe has burst and water is entering nearby houses near the town centre. Residents noticed the problem this morning.,high
We have noticed that tap water has a slight unusual smell but remains available on the main road. The issue is affecting normal use of the area.,low
People in the area are reporting that a sewer blockage is creating a strong smell across several nearby properties close to the bus stop. The condition has remained unchanged since yesterday.,medium
A local issue has developed where a curb has a small chipped section on the main road. The issue is affecting normal use of the area.,low
We have noticed that a large section of road has collapsed beside a school entrance on the main road. People passing through the area are being affected.,high
People in the area are reporting that a sewer blockage is creating a strong smell across several nearby properties close to the bus stop. The issue is affecting normal use of the area.,medium
We have noticed that a shallow puddle forms after light rain near the town centre. People passing through the area are being affected.,low
A local issue has developed where a public bin is partly full but not overflowing along the roadside.,low
The situation involves a water main failure has flooded the entrance to a hospital near the hospital. The problem can be seen clearly from the roadside.,high
There is a problem where a deep hole has opened across most of the traffic lane near a blind bend near the town centre. Residents noticed the problem this morning.,high
We have noticed that an exposed electrical cable is hanging low where pedestrians can reach it near our houses.,high
Residents have noticed that water supply has been unavailable to a neighbourhood since yesterday on the main road. The issue has been reported by households nearby.,medium
The situation involves a curb has a small chipped section near the hospital. People in the area have reported the same issue.,low
Water pressure is too low for many houses in the area along the roadside. The problem has continued despite recent rainfall.,medium
A local issue has developed where one street lamp is dim but still provides some light close to the playground. People passing through the area are being affected.,low
The situation involves a large public waste bin is overflowing onto the pavement in our neighbourhood. Several nearby residents have raised concerns.,medium
We have noticed that several potholes are making vehicles slow down on the main road near the town centre. The problem can be seen clearly from the roadside.,medium
There is a problem where a roadside drain has some leaves and sediment inside it close to the playground. The condition becomes worse during busy periods.,low
A sewer blockage is creating a strong smell across several nearby properties in our neighbourhood. Residents noticed the problem this morning.,medium
A local issue has developed where a damaged electrical pole is leaning over a busy road near the school. People in the area have reported the same issue.,high
There is a problem where water supply has been unavailable to a neighbourhood since yesterday in our neighbourhood. The issue is affecting normal use of the area.,medium
A local issue has developed where there is a small amount of dust near a construction site along the roadside.,low
A roadside drain has some leaves and sediment inside it along the roadside. The problem can be seen clearly from the roadside.,low
A local issue has developed where a fallen power cable is lying across a pedestrian path in our neighbourhood. People in the area have reported the same issue.,high
There is a problem where a single street sign area has minor surface damage near the hospital.,low
A drain cover is slightly loose but still in place near the school. The condition becomes worse during busy periods.,low
The road surface is damaged in several places and motorcycles are having difficulty passing close to the playground. The condition becomes worse during busy periods.,medium
Water supply has been unavailable to a neighbourhood since yesterday close to the bus stop. The problem can be seen clearly from the roadside.,medium
There is a problem where several potholes are making vehicles slow down on the main road close to the bus stop. The problem has continued despite recent rainfall.,medium
We have noticed that a small amount of litter is scattered near a bus stop at the main junction. The condition has remained unchanged since yesterday.,low
We have noticed that there is a small amount of dust near a construction site near the town centre.,low
People in the area are reporting that electrical wires are sparking beside a crowded pedestrian area near the community hall. People in the area have reported the same issue.,high
Residents have noticed that a water main failure has flooded the entrance to a hospital close to the bus stop.,high
People in the area are reporting that a small patch of the road surface has become uneven near the public market.,low
The situation involves dense smoke from a nearby facility is causing residents to leave their homes close to the playground. The problem has continued despite recent rainfall.,high
Residents have noticed that sewage is flowing into several homes from an overflowing manhole close to the playground. The issue is affecting normal use of the area.,high
People in the area are reporting that repeated electricity interruptions are affecting many houses near the town centre. Several nearby residents have raised concerns.,medium
The situation involves floodwater has entered houses and is continuing to rise near our houses.,high
We have noticed that a shallow puddle forms after light rain near the hospital. The condition becomes worse during busy periods.,low
There is a problem where an exposed electrical cable is hanging low where pedestrians can reach it close to the bus stop.,high
We have noticed that a small patch of the road surface has become uneven on the main road.,low
The situation involves a single street sign area has minor surface damage along the roadside.,low
We have noticed that construction dust is affecting nearby shops and homes throughout the day near the hospital.,medium
We have noticed that a major water pipe has burst and water is entering nearby houses at the main junction. People in the area have reported the same issue.,high
The situation involves a large public waste bin is overflowing onto the pavement close to the bus stop.,medium
A large section of road has collapsed beside a school entrance near our houses. The condition becomes worse during busy periods.,high
People in the area are reporting that part of a roadside retaining wall has collapsed onto the traffic lane on the main road.,high
We have noticed that dense smoke from a nearby facility is causing residents to leave their homes in our neighbourhood.,high
Residents have noticed that a section of road has sunk and vehicles must drive around it on the main road. People passing through the area are being affected.,medium
The situation involves a damaged electrical pole is leaning over a busy road near the town centre. The problem can be seen clearly from the roadside.,high
Residents have noticed that a large public waste bin is overflowing onto the pavement along the roadside.,medium
A local issue has developed where a small crack has appeared along the edge of a side road close to the bus stop. People in the area have reported the same issue.,low
The situation involves a small crack has appeared along the edge of a side road close to the playground.,low
People in the area are reporting that several street lights along one road are not working near the town centre.,medium
Repeated electricity interruptions are affecting many houses near our houses.,medium
There is a problem where electrical wires are sparking beside a crowded pedestrian area on the main road.,high
The road surface is damaged in several places and motorcycles are having difficulty passing near the community hall. People passing through the area are being affected.,medium
A local issue has developed where electrical wires are sparking beside a crowded pedestrian area near the town centre. The issue has been reported by households nearby.,high
The situation involves a small patch of the road surface has become uneven close to the playground. People in the area have reported the same issue.,low
A single street sign area has minor surface damage along the roadside.,low
Water supply has been unavailable to a neighbourhood since yesterday on the main road. The issue is affecting normal use of the area.,medium
We have noticed that several potholes are making vehicles slow down on the main road in our neighbourhood. The condition has remained unchanged since yesterday.,medium
There is a problem where part of a roadside retaining wall has collapsed onto the traffic lane near the public market. Several nearby residents have raised concerns.,high
People in the area are reporting that a large public waste bin is overflowing onto the pavement near our houses.,medium
We have noticed that a curb has a small chipped section near the town centre.,low
We have noticed that smoke from a nearby workshop is entering nearby houses on the main road.,medium
A local issue has developed where smoke from a nearby workshop is entering nearby houses near the school. The issue has been reported by households nearby.,medium
We have noticed that a drain cover is slightly loose but still in place near our houses. The condition becomes worse during busy periods.,low
People in the area are reporting that part of a roadside retaining wall has collapsed onto the traffic lane near the town centre. The problem can be seen clearly from the roadside.,high
People in the area are reporting that a fallen power cable is lying across a pedestrian path near the community hall. The condition has remained unchanged since yesterday.,high
The situation involves sewage is spreading across a school access road near our houses.,high
A local issue has developed where garbage collection has been missed for several days and waste is accumulating near our houses. The condition has remained unchanged since yesterday.,medium
We have noticed that there is a small amount of dust near a construction site close to the playground.,low
People in the area are reporting that electrical wires are sparking beside a crowded pedestrian area along the roadside.,high
We have noticed that a sewer blockage is creating a strong smell across several nearby properties on the main road.,medium
The situation involves a fallen power cable is lying across a pedestrian path near our houses. The condition has remained unchanged since yesterday.,high
We have noticed that a curb has a small chipped section in our neighbourhood.,low
We have noticed that a single street sign area has minor surface damage on the main road.,low
A local issue has developed where tap water has a slight unusual smell but remains available on the main road. The problem has continued despite recent rainfall.,low
The situation involves a chemical liquid has leaked onto a public road beside residential buildings on the main road. People passing through the area are being affected.,high
Residents have noticed that electrical wires are sparking beside a crowded pedestrian area close to the playground. The issue has been reported by households nearby.,high
We have noticed that several potholes are making vehicles slow down on the main road near the school.,medium
Residents have noticed that electrical wires are sparking beside a crowded pedestrian area near the community hall. Residents noticed the problem this morning.,high
The situation involves a roadside drain is blocked and rainwater is collecting across part of the road near the public market.,medium
A local issue has developed where several potholes are making vehicles slow down on the main road in our neighbourhood.,medium
People in the area are reporting that water supply has been unavailable to a neighbourhood since yesterday close to the playground.,medium
There is a problem where several potholes are making vehicles slow down on the main road on the main road.,medium
Residents have noticed that construction dust is affecting nearby shops and homes throughout the day at the main junction. The problem can be seen clearly from the roadside.,medium
There is a problem where a shallow puddle forms after light rain near the school. The condition has remained unchanged since yesterday.,low
People in the area are reporting that floodwater has entered houses and is continuing to rise near the school. The problem can be seen clearly from the roadside.,high
We have noticed that a public bin is partly full but not overflowing near the town centre. People in the area have reported the same issue.,low
There is a problem where repeated electricity interruptions are affecting many houses near the public market.,medium
People in the area are reporting that thick smoke is causing breathing difficulty among nearby residents near the school. The condition has remained unchanged since yesterday.,high
We have noticed that dense smoke from a nearby facility is causing residents to leave their homes on the main road. The issue has been reported by households nearby.,high
The situation involves a fallen power cable is lying across a pedestrian path near the town centre. Residents noticed the problem this morning.,high
We have noticed that the road surface is damaged in several places and motorcycles are having difficulty passing near our houses. The condition has remained unchanged since yesterday.,medium
The situation involves construction dust is affecting nearby shops and homes throughout the day in our neighbourhood. The condition has remained unchanged since yesterday.,medium
Construction dust is affecting nearby shops and homes throughout the day near the school. The problem has continued despite recent rainfall.,medium
A local issue has developed where dense smoke from a nearby facility is causing residents to leave their homes near our houses.,high
There is a problem where an exposed electrical cable is hanging low where pedestrians can reach it near the hospital.,high
The situation involves a water pipe is leaking continuously and a large amount of water is being wasted near the public market.,medium
There is a problem where an exposed electrical cable is hanging low where pedestrians can reach it near the town centre. The issue has been reported by households nearby.,high
The situation involves a single street sign area has minor surface damage on the main road. Several nearby residents have raised concerns.,low
The situation involves there is a small amount of dust near a construction site near the school. Several nearby residents have raised concerns.,low
A local issue has developed where several potholes are making vehicles slow down on the main road near the town centre.,medium
The situation involves several street lights along one road are not working in our neighbourhood. The condition has remained unchanged since yesterday.,medium
A water pipe is leaking continuously and a large amount of water is being wasted close to the playground. The issue is affecting normal use of the area.,medium
There is a problem where a drain cover is slightly loose but still in place along the roadside. The problem has continued despite recent rainfall.,low
We have noticed that there is a small amount of dust near a construction site on the main road.,low
There is a problem where a major water pipe has burst and water is entering nearby houses close to the playground. People in the area have reported the same issue.,high
There is a problem where a shallow puddle forms after light rain close to the playground. People passing through the area are being affected.,low
Residents have noticed that water supply has been unavailable to a neighbourhood since yesterday on the main road. The condition has remained unchanged since yesterday.,medium
A local issue has developed where water supply has been unavailable to a neighbourhood since yesterday near the school. The problem has continued despite recent rainfall.,medium
There is a problem where wastewater is overflowing from a drain onto the roadside near the hospital. The issue is affecting normal use of the area.,medium
Repeated electricity interruptions are affecting many houses in our neighbourhood.,medium
A small patch of the road surface has become uneven near the hospital. Residents noticed the problem this morning.,low
People in the area are reporting that a fallen power cable is lying across a pedestrian path on the main road. The issue has been reported by households nearby.,high
Residents have noticed that a single street sign area has minor surface damage close to the bus stop. Residents noticed the problem this morning.,low
The situation involves wastewater is overflowing from a drain onto the roadside near the school.,medium
People in the area are reporting that a small crack has appeared along the edge of a side road at the main junction. The problem has continued despite recent rainfall.,low
Residents have noticed that several potholes are making vehicles slow down on the main road along the roadside.,medium
People in the area are reporting that a large section of road has collapsed beside a school entrance in our neighbourhood. People passing through the area are being affected.,high
We have noticed that several street lights along one road are not working near the town centre. The problem can be seen clearly from the roadside.,medium
We have noticed that a minor water leak is dripping from a public pipe near the school.,low
Residents have noticed that an exposed electrical cable is hanging low where pedestrians can reach it near the public market. The issue has been reported by households nearby.,high
Smoke from a nearby workshop is entering nearby houses along the roadside. The issue is affecting normal use of the area.,medium
People in the area are reporting that garbage collection has been missed for several days and waste is accumulating near the hospital.,medium
A local issue has developed where smoke from a nearby workshop is entering nearby houses at the main junction.,medium
A drain cover is slightly loose but still in place near our houses. The issue has been reported by households nearby.,low
A local issue has developed where a public bin is partly full but not overflowing on the main road. The condition becomes worse during busy periods.,low
The road surface is damaged in several places and motorcycles are having difficulty passing close to the playground. The issue has been reported by households nearby.,medium
Residents have noticed that a small patch of the road surface has become uneven near the town centre.,low
There is a problem where garbage collection has been missed for several days and waste is accumulating near the hospital. The issue has been reported by households nearby.,medium
We have noticed that a few garbage bags are waiting at the normal collection point at the main junction. Residents noticed the problem this morning.,low
The situation involves a public bin is partly full but not overflowing close to the bus stop. The problem can be seen clearly from the roadside.,low
The situation involves a section of road has sunk and vehicles must drive around it close to the playground.,medium
A local issue has developed where water pressure is too low for many houses in the area close to the playground.,medium
Sewage is flowing into several homes from an overflowing manhole in our neighbourhood. The problem has continued despite recent rainfall.,high
A local issue has developed where a drain cover is slightly loose but still in place near the community hall. Several nearby residents have raised concerns.,low
There is a problem where a small crack has appeared along the edge of a side road near the public market. The problem has continued despite recent rainfall.,low
Residents have noticed that a damaged electrical pole is leaning over a busy road at the main junction.,high
We have noticed that sewage is spreading across a school access road along the roadside.,high
A local issue has developed where a section of road has sunk and vehicles must drive around it near the community hall. People in the area have reported the same issue.,medium
People in the area are reporting that a damaged electrical pole is leaning over a busy road close to the bus stop. The condition becomes worse during busy periods.,high
We have noticed that a fallen power cable is lying across a pedestrian path near the public market. The problem has continued despite recent rainfall.,high
People in the area are reporting that sewage is flowing into several homes from an overflowing manhole near our houses.,high
A large public waste bin is overflowing onto the pavement in our neighbourhood. People in the area have reported the same issue.,medium
A small patch of the road surface has become uneven near the school. The problem can be seen clearly from the roadside.,low
A shallow puddle forms after light rain close to the bus stop.,low
People in the area are reporting that a roadside drain has some leaves and sediment inside it close to the bus stop.,low
The situation involves a small crack has appeared along the edge of a side road close to the playground. People passing through the area are being affected.,low
We have noticed that a large public waste bin is overflowing onto the pavement along the roadside. People passing through the area are being affected.,medium
Electrical wires are sparking beside a crowded pedestrian area near the hospital. The issue has been reported by households nearby.,high
The situation involves a deep hole has opened across most of the traffic lane near a blind bend near the hospital. People in the area have reported the same issue.,high
We have noticed that repeated electricity interruptions are affecting many houses close to the playground. Residents noticed the problem this morning.,medium
We have noticed that a large section of road has collapsed beside a school entrance near the public market.,high
A local issue has developed where electrical wires are sparking beside a crowded pedestrian area on the main road. The issue has been reported by households nearby.,high
Water pressure is too low for many houses in the area near the public market. People passing through the area are being affected.,medium
A local issue has developed where water supply has been unavailable to a neighbourhood since yesterday on the main road. People in the area have reported the same issue.,medium
Electrical wires are sparking beside a crowded pedestrian area close to the bus stop.,high
Construction dust is affecting nearby shops and homes throughout the day near the school. The issue is affecting normal use of the area.,medium
A local issue has developed where a drain cover is slightly loose but still in place near our houses.,low
A local issue has developed where thick smoke is causing breathing difficulty among nearby residents at the main junction. The condition becomes worse during busy periods.,high
There is a problem where water supply has been unavailable to a neighbourhood since yesterday at the main junction.,medium
People in the area are reporting that part of a roadside retaining wall has collapsed onto the traffic lane at the main junction. People in the area have reported the same issue.,high
People in the area are reporting that a roadside drain is blocked and rainwater is collecting across part of the road at the main junction.,medium
A local issue has developed where a damaged electrical pole is leaning over a busy road near the school.,high
The situation involves a roadside drain is blocked and rainwater is collecting across part of the road on the main road. The condition has remained unchanged since yesterday.,medium
People in the area are reporting that construction dust is affecting nearby shops and homes throughout the day on the main road. The condition has remained unchanged since yesterday.,medium
A local issue has developed where a chemical liquid has leaked onto a public road beside residential buildings near our houses. The condition becomes worse during busy periods.,high
There is a problem where repeated electricity interruptions are affecting many houses near the school. People passing through the area are being affected.,medium
People in the area are reporting that several potholes are making vehicles slow down on the main road near our houses.,medium
The situation involves electrical wires are sparking beside a crowded pedestrian area near the community hall. People passing through the area are being affected.,high
There is a problem where sewage is flowing into several homes from an overflowing manhole near the community hall. The problem can be seen clearly from the roadside.,high
We have noticed that sewage is flowing into several homes from an overflowing manhole near the school.,high
People in the area are reporting that a roadside drain is blocked and rainwater is collecting across part of the road on the main road.,medium
We have noticed that a damaged electrical pole is leaning over a busy road near the town centre. The condition has remained unchanged since yesterday.,high
Residents have noticed that a sewer blockage is creating a strong smell across several nearby properties along the roadside.,medium
We have noticed that a curb has a small chipped section near the hospital. Residents noticed the problem this morning.,low
People in the area are reporting that thick smoke is causing breathing difficulty among nearby residents near the public market.,high
We have noticed that several street lights along one road are not working close to the bus stop.,medium
A local issue has developed where a small crack has appeared along the edge of a side road close to the playground. People passing through the area are being affected.,low
The situation involves a minor water leak is dripping from a public pipe close to the playground. People in the area have reported the same issue.,low
People in the area are reporting that a few garbage bags are waiting at the normal collection point near the public market.,low
People in the area are reporting that a small crack has appeared along the edge of a side road near the hospital. The problem can be seen clearly from the roadside.,low
The situation involves a curb has a small chipped section near the town centre.,low
People in the area are reporting that a shallow puddle forms after light rain on the main road. Several nearby residents have raised concerns.,low
We have noticed that there is a small amount of dust near a construction site at the main junction.,low
A local issue has developed where a few garbage bags are waiting at the normal collection point along the roadside. The problem has continued despite recent rainfall.,low
The situation involves a deep hole has opened across most of the traffic lane near a blind bend at the main junction. The condition becomes worse during busy periods.,high
The situation involves repeated electricity interruptions are affecting many houses close to the playground.,medium
A local issue has developed where garbage collection has been missed for several days and waste is accumulating on the main road. The condition has remained unchanged since yesterday.,medium
The situation involves a drain cover is slightly loose but still in place along the roadside. The condition has remained unchanged since yesterday.,low
We have noticed that a small amount of litter is scattered near a bus stop near the school. People in the area have reported the same issue.,low
Thick smoke is causing breathing difficulty among nearby residents in our neighbourhood. The condition has remained unchanged since yesterday.,high
People in the area are reporting that a public bin is partly full but not overflowing near our houses. The problem has continued despite recent rainfall.,low
People in the area are reporting that a chemical liquid has leaked onto a public road beside residential buildings near our houses.,high
People in the area are reporting that an exposed electrical cable is hanging low where pedestrians can reach it along the roadside. The condition has remained unchanged since yesterday.,high
There is a problem where a shallow puddle forms after light rain near the school.,low
A local issue has developed where a small crack has appeared along the edge of a side road in our neighbourhood.,low
The situation involves a few garbage bags are waiting at the normal collection point at the main junction. The issue is affecting normal use of the area.,low
A water main failure has flooded the entrance to a hospital along the roadside. The problem has continued despite recent rainfall.,high
A large public waste bin is overflowing onto the pavement close to the playground.,medium
Residents have noticed that a public bin is partly full but not overflowing near the town centre.,low
A local issue has developed where a few garbage bags are waiting at the normal collection point near the hospital. Several nearby residents have raised concerns.,low
The situation involves sewage is flowing into several homes from an overflowing manhole at the main junction. The condition has remained unchanged since yesterday.,high
People in the area are reporting that a shallow puddle forms after light rain near the school.,low
There is a problem where a water main failure has flooded the entrance to a hospital near the hospital. Residents noticed the problem this morning.,high
People in the area are reporting that a few garbage bags are waiting at the normal collection point near our houses. The problem can be seen clearly from the roadside.,low
Residents have noticed that a fallen power cable is lying across a pedestrian path near the hospital.,high
A local issue has developed where a chemical liquid has leaked onto a public road beside residential buildings at the main junction. People in the area have reported the same issue.,high
Residents have noticed that an exposed electrical cable is hanging low where pedestrians can reach it on the main road. The issue is affecting normal use of the area.,high
Floodwater has entered houses and is continuing to rise at the main junction. The condition becomes worse during busy periods.,high
There is a problem where sewage is flowing into several homes from an overflowing manhole along the roadside. People passing through the area are being affected.,high
People in the area are reporting that floodwater has entered houses and is continuing to rise on the main road. The problem has continued despite recent rainfall.,high
The situation involves part of a roadside retaining wall has collapsed onto the traffic lane near the public market. People in the area have reported the same issue.,high
We have noticed that a fallen power cable is lying across a pedestrian path close to the bus stop.,high
A local issue has developed where a roadside drain has some leaves and sediment inside it near the public market. The condition has remained unchanged since yesterday.,low
The situation involves tap water has a slight unusual smell but remains available close to the bus stop. Residents noticed the problem this morning.,low
We have noticed that one lamp flickers occasionally during the evening near the hospital. People in the area have reported the same issue.,low
There is a problem where repeated electricity interruptions are affecting many houses near the hospital. The condition becomes worse during busy periods.,medium
The situation involves a roadside drain has some leaves and sediment inside it near the public market. People passing through the area are being affected.,low
We have noticed that a curb has a small chipped section at the main junction. People in the area have reported the same issue.,low
A local issue has developed where several potholes are making vehicles slow down on the main road on the main road. Residents noticed the problem this morning.,medium
There is a problem where a roadside drain has some leaves and sediment inside it near the school.,low
We have noticed that a water pipe is leaking continuously and a large amount of water is being wasted close to the bus stop.,medium
Residents have noticed that construction dust is affecting nearby shops and homes throughout the day along the roadside. Residents noticed the problem this morning.,medium
The situation involves floodwater has entered houses and is continuing to rise at the main junction. The problem has continued despite recent rainfall.,high
There is a problem where a roadside drain has some leaves and sediment inside it close to the playground.,low
Water pressure is too low for many houses in the area close to the bus stop.,medium
A local issue has developed where a curb has a small chipped section near the hospital.,low
Residents have noticed that a sewer blockage is creating a strong smell across several nearby properties near the school. The problem has continued despite recent rainfall.,medium
People in the area are reporting that a damaged electrical pole is leaning over a busy road near the hospital. Residents noticed the problem this morning.,high
There is a small amount of dust near a construction site near the hospital. The condition becomes worse during busy periods.,low
People in the area are reporting that a water pipe is leaking continuously and a large amount of water is being wasted at the main junction.,medium
A local issue has developed where smoke from a nearby workshop is entering nearby houses at the main junction. The condition has remained unchanged since yesterday.,medium
A local issue has developed where electrical wires are sparking beside a crowded pedestrian area along the roadside.,high
Residents have noticed that a roadside drain is blocked and rainwater is collecting across part of the road near the hospital. Several nearby residents have raised concerns.,medium
The situation involves a large section of road has collapsed beside a school entrance near the school. People passing through the area are being affected.,high
There is a problem where a shallow puddle forms after light rain in our neighbourhood. The condition has remained unchanged since yesterday.,low
People in the area are reporting that part of a roadside retaining wall has collapsed onto the traffic lane near the community hall.,high
People in the area are reporting that a small crack has appeared along the edge of a side road near the hospital.,low
The situation involves a drain cover is slightly loose but still in place on the main road. People in the area have reported the same issue.,low
There is a problem where a roadside drain is blocked and rainwater is collecting across part of the road along the roadside. The problem has continued despite recent rainfall.,medium
Smoke from a nearby workshop is entering nearby houses near the school.,medium
The situation involves a large public waste bin is overflowing onto the pavement at the main junction. The condition has remained unchanged since yesterday.,medium
People in the area are reporting that repeated electricity interruptions are affecting many houses along the roadside. Several nearby residents have raised concerns.,medium
Residents have noticed that water pressure is too low for many houses in the area along the roadside. The problem has continued despite recent rainfall.,medium
There is a problem where a roadside drain has some leaves and sediment inside it near the public market. The problem can be seen clearly from the roadside.,low
The situation involves a shallow puddle forms after light rain close to the playground. Several nearby residents have raised concerns.,low
People in the area are reporting that water pressure is too low for many houses in the area in our neighbourhood.,medium
The situation involves smoke from a nearby workshop is entering nearby houses at the main junction.,medium
We have noticed that the road surface is damaged in several places and motorcycles are having difficulty passing in our neighbourhood.,medium
A local issue has developed where a fallen power cable is lying across a pedestrian path along the roadside.,high
Dense smoke from a nearby facility is causing residents to leave their homes near the hospital. The problem has continued despite recent rainfall.,high
The situation involves a small patch of the road surface has become uneven along the roadside.,low
Residents have noticed that garbage collection has been missed for several days and waste is accumulating near the community hall. People in the area have reported the same issue.,medium
A local issue has developed where wastewater is overflowing from a drain onto the roadside near the town centre. The problem can be seen clearly from the roadside.,medium
There is a problem where a roadside drain has some leaves and sediment inside it near the school. The condition has remained unchanged since yesterday.,low
A local issue has developed where one street lamp is dim but still provides some light near the hospital. People in the area have reported the same issue.,low
The situation involves a small crack has appeared along the edge of a side road close to the bus stop. Several nearby residents have raised concerns.,low
Tap water has a slight unusual smell but remains available in our neighbourhood.,low
The situation involves construction dust is affecting nearby shops and homes throughout the day close to the playground. People in the area have reported the same issue.,medium
There is a problem where a major water pipe has burst and water is entering nearby houses at the main junction. The condition becomes worse during busy periods.,high
There is a problem where a small crack has appeared along the edge of a side road near the school. The issue is affecting normal use of the area.,low
Water supply has been unavailable to a neighbourhood since yesterday along the roadside. People in the area have reported the same issue.,medium
The situation involves a few garbage bags are waiting at the normal collection point near the school. People passing through the area are being affected.,low
A local issue has developed where a shallow puddle forms after light rain near the community hall.,low
We have noticed that several potholes are making vehicles slow down on the main road at the main junction. The issue is affecting normal use of the area.,medium
A local issue has developed where a small amount of litter is scattered near a bus stop close to the bus stop. People passing through the area are being affected.,low
Part of a roadside retaining wall has collapsed onto the traffic lane near the hospital. The problem has continued despite recent rainfall.,high
The situation involves one lamp flickers occasionally during the evening close to the bus stop.,low
There is a problem where a water main failure has flooded the entrance to a hospital near the school.,high
Residents have noticed that there is a small amount of dust near a construction site near the hospital. People in the area have reported the same issue.,low
Residents have noticed that a shallow puddle forms after light rain near the town centre. The issue is affecting normal use of the area.,low
A small crack has appeared along the edge of a side road near the town centre. People passing through the area are being affected.,low
Residents have noticed that dense smoke from a nearby facility is causing residents to leave their homes at the main junction.,high
There is a problem where smoke from a nearby workshop is entering nearby houses close to the bus stop.,medium
Residents have noticed that smoke from a nearby workshop is entering nearby houses near the school.,medium
Part of a roadside retaining wall has collapsed onto the traffic lane close to the playground. The condition becomes worse during busy periods.,high
Residents have noticed that a small crack has appeared along the edge of a side road close to the bus stop.,low
A local issue has developed where several potholes are making vehicles slow down on the main road in our neighbourhood. The condition becomes worse during busy periods.,medium
People in the area are reporting that a large section of road has collapsed beside a school entrance on the main road.,high
We have noticed that several street lights along one road are not working close to the playground.,medium
A local issue has developed where electrical wires are sparking beside a crowded pedestrian area close to the playground.,high
People in the area are reporting that wastewater is overflowing from a drain onto the roadside near the town centre.,medium
The situation involves a deep hole has opened across most of the traffic lane near a blind bend along the roadside. People passing through the area are being affected.,high
A local issue has developed where wastewater is overflowing from a drain onto the roadside close to the bus stop.,medium
People in the area are reporting that a major water pipe has burst and water is entering nearby houses on the main road.,high
There is a problem where repeated electricity interruptions are affecting many houses near the school. The condition becomes worse during busy periods.,medium
The situation involves tap water has a slight unusual smell but remains available near the school. The problem can be seen clearly from the roadside.,low
Water pressure is too low for many houses in the area close to the bus stop. People in the area have reported the same issue.,medium
Residents have noticed that a roadside drain is blocked and rainwater is collecting across part of the road near the community hall.,medium
We have noticed that a water pipe is leaking continuously and a large amount of water is being wasted along the roadside.,medium
The situation involves an exposed electrical cable is hanging low where pedestrians can reach it near the community hall. People passing through the area are being affected.,high
Residents have noticed that a fallen power cable is lying across a pedestrian path on the main road. The issue is affecting normal use of the area.,high
We have noticed that repeated electricity interruptions are affecting many houses along the roadside. The condition becomes worse during busy periods.,medium
A water pipe is leaking continuously and a large amount of water is being wasted at the main junction. People passing through the area are being affected.,medium
Residents have noticed that the road surface is damaged in several places and motorcycles are having difficulty passing near the community hall. People passing through the area are being affected.,medium
The situation involves a minor water leak is dripping from a public pipe near the community hall.,low
A few garbage bags are waiting at the normal collection point near the hospital. The issue has been reported by households nearby.,low
We have noticed that a section of road has sunk and vehicles must drive around it close to the playground.,medium
There is a problem where several potholes are making vehicles slow down on the main road close to the playground.,medium
There is a problem where a large section of road has collapsed beside a school entrance near the school. Several nearby residents have raised concerns.,high
People in the area are reporting that a deep hole has opened across most of the traffic lane near a blind bend on the main road.,high
Residents have noticed that water pressure is too low for many houses in the area near the school. People in the area have reported the same issue.,medium
The situation involves thick smoke is causing breathing difficulty among nearby residents close to the playground. The problem has continued despite recent rainfall.,high
We have noticed that a water pipe is leaking continuously and a large amount of water is being wasted on the main road. The issue is affecting normal use of the area.,medium
We have noticed that a damaged electrical pole is leaning over a busy road near the community hall. The problem can be seen clearly from the roadside.,high
There is a small amount of dust near a construction site near our houses. The condition becomes worse during busy periods.,low
The situation involves a section of road has sunk and vehicles must drive around it in our neighbourhood. The condition has remained unchanged since yesterday.,medium
Residents have noticed that electrical wires are sparking beside a crowded pedestrian area close to the playground.,high
A small amount of litter is scattered near a bus stop close to the bus stop. People passing through the area are being affected.,low
Sewage is spreading across a school access road along the roadside. The issue has been reported by households nearby.,high
There is a problem where a shallow puddle forms after light rain near the public market.,low
A local issue has developed where a small patch of the road surface has become uneven near the town centre. The condition becomes worse during busy periods.,low
People in the area are reporting that smoke from a nearby workshop is entering nearby houses along the roadside. The problem can be seen clearly from the roadside.,medium
The situation involves dense smoke from a nearby facility is causing residents to leave their homes near the hospital. The problem can be seen clearly from the roadside.,high
We have noticed that a shallow puddle forms after light rain close to the bus stop. The condition has remained unchanged since yesterday.,low
People in the area are reporting that a small amount of litter is scattered near a bus stop near the school. People in the area have reported the same issue.,low
Residents have noticed that construction dust is affecting nearby shops and homes throughout the day near the hospital. People passing through the area are being affected.,medium
Residents have noticed that several street lights along one road are not working on the main road.,medium
There is a problem where a major water pipe has burst and water is entering nearby houses near our houses. The problem has continued despite recent rainfall.,high
People in the area are reporting that dense smoke from a nearby facility is causing residents to leave their homes at the main junction. The issue has been reported by households nearby.,high
We have noticed that sewage is spreading across a school access road close to the bus stop. Several nearby residents have raised concerns.,high
There is a problem where a sewer blockage is creating a strong smell across several nearby properties near the hospital. The condition has remained unchanged since yesterday.,medium
The situation involves an exposed electrical cable is hanging low where pedestrians can reach it near our houses.,high
The situation involves water pressure is too low for many houses in the area in our neighbourhood. Several nearby residents have raised concerns.,medium
The situation involves sewage is spreading across a school access road along the roadside.,high
The situation involves part of a roadside retaining wall has collapsed onto the traffic lane along the roadside.,high
We have noticed that a water main failure has flooded the entrance to a hospital near the town centre.,high
The road surface is damaged in several places and motorcycles are having difficulty passing at the main junction. The issue has been reported by households nearby.,medium
We have noticed that a minor water leak is dripping from a public pipe in our neighbourhood.,low
The situation involves one lamp flickers occasionally during the evening near the hospital.,low
Residents have noticed that a minor water leak is dripping from a public pipe near the hospital.,low
The situation involves garbage collection has been missed for several days and waste is accumulating along the roadside.,medium
A local issue has developed where an exposed electrical cable is hanging low where pedestrians can reach it near the school.,high
Residents have noticed that a major water pipe has burst and water is entering nearby houses near our houses. Several nearby residents have raised concerns.,high
Residents have noticed that thick smoke is causing breathing difficulty among nearby residents in our neighbourhood.,high
The situation involves a minor water leak is dripping from a public pipe near the school. The problem has continued despite recent rainfall.,low
There is a problem where a damaged electrical pole is leaning over a busy road close to the playground. The problem can be seen clearly from the roadside.,high
People in the area are reporting that wastewater is overflowing from a drain onto the roadside close to the playground. The condition has remained unchanged since yesterday.,medium
Residents have noticed that a damaged electrical pole is leaning over a busy road near our houses. People passing through the area are being affected.,high
The situation involves a large public waste bin is overflowing onto the pavement near the hospital.,medium
The situation involves thick smoke is causing breathing difficulty among nearby residents near the hospital. The condition has remained unchanged since yesterday.,high
A local issue has developed where several potholes are making vehicles slow down on the main road on the main road. The issue is affecting normal use of the area.,medium
Residents have noticed that smoke from a nearby workshop is entering nearby houses near the community hall. Residents noticed the problem this morning.,medium
People in the area are reporting that sewage is spreading across a school access road along the roadside.,high
We have noticed that a fallen power cable is lying across a pedestrian path near the public market. The issue is affecting normal use of the area.,high
Residents have noticed that thick smoke is causing breathing difficulty among nearby residents at the main junction. The problem can be seen clearly from the roadside.,high
The situation involves dense smoke from a nearby facility is causing residents to leave their homes on the main road.,high
There is a problem where a large section of road has collapsed beside a school entrance on the main road. The issue has been reported by households nearby.,high
A local issue has developed where a small amount of litter is scattered near a bus stop near the school. The problem can be seen clearly from the roadside.,low
A local issue has developed where a public bin is partly full but not overflowing near the town centre. The issue is affecting normal use of the area.,low
We have noticed that a sewer blockage is creating a strong smell across several nearby properties near the town centre.,medium
A deep hole has opened across most of the traffic lane near a blind bend in our neighbourhood.,high
There is a problem where the road surface is damaged in several places and motorcycles are having difficulty passing in our neighbourhood.,medium
A local issue has developed where a roadside drain has some leaves and sediment inside it at the main junction. People passing through the area are being affected.,low
The situation involves garbage collection has been missed for several days and waste is accumulating near the school. The issue is affecting normal use of the area.,medium
Residents have noticed that part of a roadside retaining wall has collapsed onto the traffic lane near the hospital.,high
There is a problem where a small crack has appeared along the edge of a side road along the roadside. People in the area have reported the same issue.,low
The situation involves a small crack has appeared along the edge of a side road near the town centre. The problem can be seen clearly from the roadside.,low
Residents have noticed that sewage is flowing into several homes from an overflowing manhole on the main road. People passing through the area are being affected.,high
Residents have noticed that construction dust is affecting nearby shops and homes throughout the day along the roadside. The condition becomes worse during busy periods.,medium
A water main failure has flooded the entrance to a hospital near our houses.,high
The situation involves a large public waste bin is overflowing onto the pavement near the school. People in the area have reported the same issue.,medium
People in the area are reporting that a deep hole has opened across most of the traffic lane near a blind bend at the main junction. The issue is affecting normal use of the area.,high
We have noticed that a water main failure has flooded the entrance to a hospital near our houses. People in the area have reported the same issue.,high
People in the area are reporting that there is a small amount of dust near a construction site near the public market. The problem has continued despite recent rainfall.,low
People in the area are reporting that a water main failure has flooded the entrance to a hospital close to the bus stop. Several nearby residents have raised concerns.,high
A water main failure has flooded the entrance to a hospital near the hospital.,high
A local issue has developed where a roadside drain is blocked and rainwater is collecting across part of the road on the main road. The issue has been reported by households nearby.,medium
There is a problem where the road surface is damaged in several places and motorcycles are having difficulty passing close to the bus stop.,medium
A local issue has developed where one street lamp is dim but still provides some light on the main road.,low
A single street sign area has minor surface damage on the main road. The condition has remained unchanged since yesterday.,low
We have noticed that construction dust is affecting nearby shops and homes throughout the day on the main road.,medium
There is a problem where construction dust is affecting nearby shops and homes throughout the day near our houses.,medium
We have noticed that a major water pipe has burst and water is entering nearby houses near the hospital.,high
A local issue has developed where floodwater has entered houses and is continuing to rise close to the bus stop.,high
Residents have noticed that garbage collection has been missed for several days and waste is accumulating at the main junction. The problem can be seen clearly from the roadside.,medium
A large section of road has collapsed beside a school entrance in our neighbourhood. Residents noticed the problem this morning.,high
A damaged electrical pole is leaning over a busy road near the community hall. People passing through the area are being affected.,high
People in the area are reporting that a small patch of the road surface has become uneven near the community hall. The problem can be seen clearly from the roadside.,low
Residents have noticed that water pressure is too low for many houses in the area at the main junction. People in the area have reported the same issue.,medium
People in the area are reporting that a large section of road has collapsed beside a school entrance along the roadside.,high
Residents have noticed that a curb has a small chipped section near the public market. People in the area have reported the same issue.,low
A local issue has developed where a large public waste bin is overflowing onto the pavement in our neighbourhood.,medium
A local issue has developed where water pressure is too low for many houses in the area near the public market. Several nearby residents have raised concerns.,medium
The situation involves a public bin is partly full but not overflowing in our neighbourhood. The issue has been reported by households nearby.,low
The situation involves one street lamp is dim but still provides some light near the town centre. People in the area have reported the same issue.,low
We have noticed that floodwater has entered houses and is continuing to rise near the hospital.,high
There is a problem where a deep hole has opened across most of the traffic lane near a blind bend at the main junction. People passing through the area are being affected.,high
People in the area are reporting that a large public waste bin is overflowing onto the pavement close to the bus stop.,medium
The situation involves one lamp flickers occasionally during the evening near the community hall. People in the area have reported the same issue.,low
A local issue has developed where a drain cover is slightly loose but still in place near the town centre. The problem has continued despite recent rainfall.,low
Residents have noticed that thick smoke is causing breathing difficulty among nearby residents near the town centre.,high
A local issue has developed where garbage collection has been missed for several days and waste is accumulating near the town centre. The condition has remained unchanged since yesterday.,medium
There is a problem where a small crack has appeared along the edge of a side road near the community hall. Several nearby residents have raised concerns.,low
People in the area are reporting that a damaged electrical pole is leaning over a busy road near the hospital. People in the area have reported the same issue.,high
Residents have noticed that construction dust is affecting nearby shops and homes throughout the day near the public market.,medium
Residents have noticed that wastewater is overflowing from a drain onto the roadside in our neighbourhood. People passing through the area are being affected.,medium
The situation involves a public bin is partly full but not overflowing close to the bus stop. Residents noticed the problem this morning.,low
People in the area are reporting that sewage is flowing into several homes from an overflowing manhole near the town centre.,high
One street lamp is dim but still provides some light on the main road. Several nearby residents have raised concerns.,low
A water pipe is leaking continuously and a large amount of water is being wasted near the hospital. The issue has been reported by households nearby.,medium
We have noticed that a section of road has sunk and vehicles must drive around it in our neighbourhood.,medium
The situation involves the road surface is damaged in several places and motorcycles are having difficulty passing on the main road.,medium
Residents have noticed that a drain cover is slightly loose but still in place near the school.,low
People in the area are reporting that construction dust is affecting nearby shops and homes throughout the day close to the bus stop. The condition becomes worse during busy periods.,medium
A water main failure has flooded the entrance to a hospital on the main road.,high
Repeated electricity interruptions are affecting many houses near the school.,medium
A small patch of the road surface has become uneven along the roadside. People in the area have reported the same issue.,low
Residents have noticed that wastewater is overflowing from a drain onto the roadside near the school.,medium
There is a problem where dense smoke from a nearby facility is causing residents to leave their homes near the public market.,high
We have noticed that a deep hole has opened across most of the traffic lane near a blind bend on the main road.,high
Repeated electricity interruptions are affecting many houses close to the playground. Residents noticed the problem this morning.,medium
We have noticed that part of a roadside retaining wall has collapsed onto the traffic lane near our houses. The problem has continued despite recent rainfall.,high
The situation involves a roadside drain is blocked and rainwater is collecting across part of the road along the roadside.,medium
A local issue has developed where a curb has a small chipped section at the main junction. People in the area have reported the same issue.,low
Residents have noticed that a roadside drain is blocked and rainwater is collecting across part of the road on the main road. The issue is affecting normal use of the area.,medium
The situation involves a small crack has appeared along the edge of a side road near the community hall.,low
People in the area are reporting that a minor water leak is dripping from a public pipe on the main road. The problem can be seen clearly from the roadside.,low
We have noticed that thick smoke is causing breathing difficulty among nearby residents near the school. The problem can be seen clearly from the roadside.,high
We have noticed that thick smoke is causing breathing difficulty among nearby residents on the main road. The issue has been reported by households nearby.,high
One lamp flickers occasionally during the evening near the community hall. Residents noticed the problem this morning.,low
A local issue has developed where garbage collection has been missed for several days and waste is accumulating on the main road.,medium
The situation involves water supply has been unavailable to a neighbourhood since yesterday near the public market.,medium
There is a problem where sewage is flowing into several homes from an overflowing manhole near the town centre.,high
Residents have noticed that smoke from a nearby workshop is entering nearby houses at the main junction. The condition has remained unchanged since yesterday.,medium
We have noticed that a water pipe is leaking continuously and a large amount of water is being wasted close to the bus stop. People passing through the area are being affected.,medium
The situation involves one street lamp is dim but still provides some light near the community hall.,low
A small crack has appeared along the edge of a side road near our houses. The condition becomes worse during busy periods.,low
A local issue has developed where a small amount of litter is scattered near a bus stop at the main junction. The condition becomes worse during busy periods.,low
People in the area are reporting that a large section of road has collapsed beside a school entrance close to the bus stop. People in the area have reported the same issue.,high
A local issue has developed where several street lights along one road are not working close to the bus stop.,medium
A local issue has developed where a section of road has sunk and vehicles must drive around it at the main junction. The issue has been reported by households nearby.,medium
There is a problem where a drain cover is slightly loose but still in place near the town centre.,low
There is a problem where a minor water leak is dripping from a public pipe near the school.,low
There is a problem where an exposed electrical cable is hanging low where pedestrians can reach it near the school.,high
Construction dust is affecting nearby shops and homes throughout the day near the school.,medium
We have noticed that a public bin is partly full but not overflowing near the town centre. The problem has continued despite recent rainfall.,low
The situation involves a small patch of the road surface has become uneven at the main junction. The issue is affecting normal use of the area.,low
People in the area are reporting that construction dust is affecting nearby shops and homes throughout the day near the public market.,medium
There is a problem where a major water pipe has burst and water is entering nearby houses along the roadside. The problem has continued despite recent rainfall.,high
Residents have noticed that a small crack has appeared along the edge of a side road in our neighbourhood. The condition has remained unchanged since yesterday.,low
There is a problem where construction dust is affecting nearby shops and homes throughout the day near the town centre. The issue is affecting normal use of the area.,medium
There is a problem where water supply has been unavailable to a neighbourhood since yesterday close to the bus stop.,medium
Sewage is flowing into several homes from an overflowing manhole close to the bus stop.,high
There is a problem where thick smoke is causing breathing difficulty among nearby residents close to the bus stop.,high
The situation involves the road surface is damaged in several places and motorcycles are having difficulty passing on the main road. People passing through the area are being affected.,medium
The situation involves a curb has a small chipped section near the public market. People passing through the area are being affected.,low
There is a problem where floodwater has entered houses and is continuing to rise near the hospital.,high
The situation involves a sewer blockage is creating a strong smell across several nearby properties at the main junction. The problem has continued despite recent rainfall.,medium
A small crack has appeared along the edge of a side road near the school.,low
There is a problem where thick smoke is causing breathing difficulty among nearby residents along the roadside.,high
People in the area are reporting that a section of road has sunk and vehicles must drive around it close to the bus stop.,medium
People in the area are reporting that electrical wires are sparking beside a crowded pedestrian area on the main road.,high
People in the area are reporting that a chemical liquid has leaked onto a public road beside residential buildings near the town centre. The problem can be seen clearly from the roadside.,high
A local issue has developed where a major water pipe has burst and water is entering nearby houses near the town centre. People passing through the area are being affected.,high
We have noticed that a damaged electrical pole is leaning over a busy road close to the bus stop. The problem can be seen clearly from the roadside.,high
We have noticed that part of a roadside retaining wall has collapsed onto the traffic lane near the town centre.,high
People in the area are reporting that a section of road has sunk and vehicles must drive around it in our neighbourhood. The problem has continued despite recent rainfall.,medium
The situation involves floodwater has entered houses and is continuing to rise close to the playground.,high
We have noticed that a small amount of litter is scattered near a bus stop close to the bus stop. The issue is affecting normal use of the area.,low
A local issue has developed where sewage is flowing into several homes from an overflowing manhole in our neighbourhood.,high
There is a problem where the road surface is damaged in several places and motorcycles are having difficulty passing near the public market. The issue is affecting normal use of the area.,medium
There is a problem where a small patch of the road surface has become uneven at the main junction. Several nearby residents have raised concerns.,low
A local issue has developed where a sewer blockage is creating a strong smell across several nearby properties in our neighbourhood. People in the area have reported the same issue.,medium
Residents have noticed that electrical wires are sparking beside a crowded pedestrian area at the main junction. Several nearby residents have raised concerns.,high
A local issue has developed where sewage is spreading across a school access road on the main road. The issue is affecting normal use of the area.,high
There is a problem where there is a small amount of dust near a construction site on the main road. People in the area have reported the same issue.,low
Residents have noticed that one street lamp is dim but still provides some light close to the bus stop.,low
The situation involves thick smoke is causing breathing difficulty among nearby residents on the main road. The condition becomes worse during busy periods.,high
A local issue has developed where several potholes are making vehicles slow down on the main road close to the bus stop.,medium
We have noticed that a major water pipe has burst and water is entering nearby houses near the town centre.,high
There is a problem where a minor water leak is dripping from a public pipe close to the bus stop.,low
We have noticed that construction dust is affecting nearby shops and homes throughout the day near our houses.,medium
Residents have noticed that garbage collection has been missed for several days and waste is accumulating in our neighbourhood.,medium
Residents have noticed that part of a roadside retaining wall has collapsed onto the traffic lane along the roadside.,high
Repeated electricity interruptions are affecting many houses close to the bus stop.,medium
A roadside drain has some leaves and sediment inside it near the community hall. Several nearby residents have raised concerns.,low
We have noticed that a fallen power cable is lying across a pedestrian path near the school.,high
Residents have noticed that a shallow puddle forms after light rain near the hospital. The condition becomes worse during busy periods.,low
A small amount of litter is scattered near a bus stop at the main junction.,low
A local issue has developed where a minor water leak is dripping from a public pipe on the main road. People in the area have reported the same issue.,low
A local issue has developed where a small amount of litter is scattered near a bus stop near our houses. The problem can be seen clearly from the roadside.,low
We have noticed that a single street sign area has minor surface damage near the town centre.,low
A local issue has developed where a small amount of litter is scattered near a bus stop near the community hall. The condition becomes worse during busy periods.,low
We have noticed that a single street sign area has minor surface damage at the main junction. People passing through the area are being affected.,low
We have noticed that a small amount of litter is scattered near a bus stop in our neighbourhood.,low
We have noticed that one street lamp is dim but still provides some light near the town centre.,low
We have noticed that a few garbage bags are waiting at the normal collection point along the roadside. Several nearby residents have raised concerns.,low
A local issue has developed where water supply has been unavailable to a neighbourhood since yesterday near our houses. The problem can be seen clearly from the roadside.,medium
People in the area are reporting that a minor water leak is dripping from a public pipe near the community hall. The condition has remained unchanged since yesterday.,low
There is a problem where a public bin is partly full but not overflowing close to the bus stop. The issue is affecting normal use of the area.,low
We have noticed that electrical wires are sparking beside a crowded pedestrian area in our neighbourhood. The condition has remained unchanged since yesterday.,high
Residents have noticed that a sewer blockage is creating a strong smell across several nearby properties near the school.,medium
People in the area are reporting that the road surface is damaged in several places and motorcycles are having difficulty passing near the town centre. The issue is affecting normal use of the area.,medium
A deep hole has opened across most of the traffic lane near a blind bend near the town centre. Residents noticed the problem this morning.,high
We have noticed that wastewater is overflowing from a drain onto the roadside along the roadside.,medium
There is a problem where floodwater has entered houses and is continuing to rise at the main junction. The problem has continued despite recent rainfall.,high
People in the area are reporting that several street lights along one road are not working close to the bus stop.,medium
The situation involves a large public waste bin is overflowing onto the pavement in our neighbourhood.,medium
There is a problem where a roadside drain is blocked and rainwater is collecting across part of the road on the main road. The issue has been reported by households nearby.,medium
The situation involves repeated electricity interruptions are affecting many houses near the community hall.,medium
We have noticed that a roadside drain is blocked and rainwater is collecting across part of the road near the school.,medium
Water supply has been unavailable to a neighbourhood since yesterday near the school.,medium
The situation involves several street lights along one road are not working on the main road. The condition has remained unchanged since yesterday.,medium
Residents have noticed that a small crack has appeared along the edge of a side road near the community hall. People passing through the area are being affected.,low
A fallen power cable is lying across a pedestrian path in our neighbourhood. Residents noticed the problem this morning.,high
The situation involves floodwater has entered houses and is continuing to rise close to the playground. The issue has been reported by households nearby.,high
There is a problem where a deep hole has opened across most of the traffic lane near a blind bend near the school.,high
Residents have noticed that thick smoke is causing breathing difficulty among nearby residents near the school. The condition has remained unchanged since yesterday.,high
The situation involves a small crack has appeared along the edge of a side road near the community hall. The problem can be seen clearly from the roadside.,low
People in the area are reporting that water supply has been unavailable to a neighbourhood since yesterday near our houses.,medium
People in the area are reporting that one lamp flickers occasionally during the evening close to the playground. People in the area have reported the same issue.,low
The situation involves a roadside drain is blocked and rainwater is collecting across part of the road near the community hall. Residents noticed the problem this morning.,medium
The situation involves a major water pipe has burst and water is entering nearby houses near the school.,high
We have noticed that a major water pipe has burst and water is entering nearby houses close to the playground.,high
A minor water leak is dripping from a public pipe in our neighbourhood.,low
A chemical liquid has leaked onto a public road beside residential buildings at the main junction. The issue has been reported by households nearby.,high
The situation involves a major water pipe has burst and water is entering nearby houses on the main road.,high
Residents have noticed that a section of road has sunk and vehicles must drive around it near the school. Residents noticed the problem this morning.,medium
There is a problem where a section of road has sunk and vehicles must drive around it near our houses. People in the area have reported the same issue.,medium
The situation involves electrical wires are sparking beside a crowded pedestrian area near the public market. The issue is affecting normal use of the area.,high
We have noticed that repeated electricity interruptions are affecting many houses near our houses.,medium
People in the area are reporting that a chemical liquid has leaked onto a public road beside residential buildings near our houses. People passing through the area are being affected.,high
We have noticed that a minor water leak is dripping from a public pipe on the main road.,low
People in the area are reporting that water supply has been unavailable to a neighbourhood since yesterday in our neighbourhood.,medium
The situation involves an exposed electrical cable is hanging low where pedestrians can reach it close to the bus stop.,high
A large public waste bin is overflowing onto the pavement near the hospital. Residents noticed the problem this morning.,medium
People in the area are reporting that a few garbage bags are waiting at the normal collection point near our houses. Residents noticed the problem this morning.,low
There is a problem where tap water has a slight unusual smell but remains available near the public market.,low
Residents have noticed that a water pipe is leaking continuously and a large amount of water is being wasted near our houses.,medium
Residents have noticed that a small amount of litter is scattered near a bus stop near the town centre. Residents noticed the problem this morning.,low
The situation involves a chemical liquid has leaked onto a public road beside residential buildings along the roadside. People in the area have reported the same issue.,high
There is a problem where repeated electricity interruptions are affecting many houses at the main junction. Residents noticed the problem this morning.,medium
The situation involves a section of road has sunk and vehicles must drive around it near the town centre.,medium
We have noticed that sewage is flowing into several homes from an overflowing manhole near the school. Residents noticed the problem this morning.,high
The situation involves a chemical liquid has leaked onto a public road beside residential buildings close to the playground. The condition has remained unchanged since yesterday.,high
Residents have noticed that garbage collection has been missed for several days and waste is accumulating near the public market.,medium
A local issue has developed where a large public waste bin is overflowing onto the pavement close to the bus stop. The condition becomes worse during busy periods.,medium
Residents have noticed that a public bin is partly full but not overflowing close to the bus stop. The issue has been reported by households nearby.,low
People in the area are reporting that a chemical liquid has leaked onto a public road beside residential buildings near the public market. The condition has remained unchanged since yesterday.,high
We have noticed that a single street sign area has minor surface damage near the community hall.,low
The situation involves a small patch of the road surface has become uneven near the school.,low
Residents have noticed that a major water pipe has burst and water is entering nearby houses near the hospital. Residents noticed the problem this morning.,high
The situation involves garbage collection has been missed for several days and waste is accumulating near the town centre.,medium
Residents have noticed that the road surface is damaged in several places and motorcycles are having difficulty passing on the main road.,medium
The situation involves water supply has been unavailable to a neighbourhood since yesterday in our neighbourhood.,medium
There is a problem where a roadside drain has some leaves and sediment inside it along the roadside. The issue is affecting normal use of the area.,low
A curb has a small chipped section close to the playground. The issue is affecting normal use of the area.,low
There is a problem where a shallow puddle forms after light rain near the community hall. The issue is affecting normal use of the area.,low
Several street lights along one road are not working near our houses. The issue is affecting normal use of the area.,medium
Residents have noticed that garbage collection has been missed for several days and waste is accumulating near the town centre.,medium
People in the area are reporting that a water main failure has flooded the entrance to a hospital near the town centre. The condition becomes worse during busy periods.,high
We have noticed that a drain cover is slightly loose but still in place near the hospital. The condition has remained unchanged since yesterday.,low
A local issue has developed where a damaged electrical pole is leaning over a busy road close to the bus stop. People in the area have reported the same issue.,high
Residents have noticed that one lamp flickers occasionally during the evening near the school.,low
Garbage collection has been missed for several days and waste is accumulating near the school. The problem has continued despite recent rainfall.,medium
The situation involves repeated electricity interruptions are affecting many houses near the community hall. Several nearby residents have raised concerns.,medium
The situation involves one street lamp is dim but still provides some light near the hospital.,low
A local issue has developed where a small patch of the road surface has become uneven in our neighbourhood. Residents noticed the problem this morning.,low
The situation involves water supply has been unavailable to a neighbourhood since yesterday on the main road. Residents noticed the problem this morning.,medium
A curb has a small chipped section near the town centre.,low
The situation involves a drain cover is slightly loose but still in place near the public market.,low
There is a problem where a water pipe is leaking continuously and a large amount of water is being wasted on the main road. Residents noticed the problem this morning.,medium
There is a problem where an exposed electrical cable is hanging low where pedestrians can reach it close to the bus stop. The condition has remained unchanged since yesterday.,high
A local issue has developed where a single street sign area has minor surface damage close to the bus stop. The problem has continued despite recent rainfall.,low
The situation involves a single street sign area has minor surface damage near the town centre. People passing through the area are being affected.,low
There is a problem where construction dust is affecting nearby shops and homes throughout the day at the main junction. The problem can be seen clearly from the roadside.,medium
We have noticed that a fallen power cable is lying across a pedestrian path at the main junction. The condition becomes worse during busy periods.,high
A local issue has developed where a deep hole has opened across most of the traffic lane near a blind bend at the main junction.,high
A local issue has developed where a few garbage bags are waiting at the normal collection point in our neighbourhood. The problem has continued despite recent rainfall.,low
Residents have noticed that a roadside drain has some leaves and sediment inside it close to the playground.,low
There is a problem where a water pipe is leaking continuously and a large amount of water is being wasted close to the playground.,medium
A local issue has developed where a large public waste bin is overflowing onto the pavement near the public market.,medium
Residents have noticed that a large public waste bin is overflowing onto the pavement close to the playground.,medium
We have noticed that a chemical liquid has leaked onto a public road beside residential buildings near the town centre. Residents noticed the problem this morning.,high
We have noticed that one lamp flickers occasionally during the evening on the main road.,low
The situation involves construction dust is affecting nearby shops and homes throughout the day along the roadside.,medium
We have noticed that a small amount of litter is scattered near a bus stop on the main road.,low
People in the area are reporting that a large section of road has collapsed beside a school entrance at the main junction. People passing through the area are being affected.,high
The situation involves electrical wires are sparking beside a crowded pedestrian area at the main junction. Residents noticed the problem this morning.,high
We have noticed that a section of road has sunk and vehicles must drive around it near the community hall.,medium
The situation involves a single street sign area has minor surface damage near the school.,low
Residents have noticed that a curb has a small chipped section on the main road. The problem has continued despite recent rainfall.,low
Residents have noticed that a large public waste bin is overflowing onto the pavement near the school. The issue is affecting normal use of the area.,medium
People in the area are reporting that a fallen power cable is lying across a pedestrian path along the roadside.,high
People in the area are reporting that a section of road has sunk and vehicles must drive around it in our neighbourhood. The problem can be seen clearly from the roadside.,medium
We have noticed that a few garbage bags are waiting at the normal collection point near the town centre.,low
The situation involves a small amount of litter is scattered near a bus stop in our neighbourhood. Several nearby residents have raised concerns.,low
A local issue has developed where one lamp flickers occasionally during the evening at the main junction. The condition becomes worse during busy periods.,low
There is a problem where a section of road has sunk and vehicles must drive around it along the roadside. People passing through the area are being affected.,medium
We have noticed that a water main failure has flooded the entrance to a hospital close to the bus stop. People passing through the area are being affected.,high
We have noticed that a major water pipe has burst and water is entering nearby houses on the main road.,high
A local issue has developed where a few garbage bags are waiting at the normal collection point on the main road.,low
There is a problem where sewage is flowing into several homes from an overflowing manhole close to the playground. People in the area have reported the same issue.,high
The road surface is damaged in several places and motorcycles are having difficulty passing along the roadside.,medium
People in the area are reporting that smoke from a nearby workshop is entering nearby houses close to the bus stop. The problem has continued despite recent rainfall.,medium
A local issue has developed where dense smoke from a nearby facility is causing residents to leave their homes close to the playground. Several nearby residents have raised concerns.,high
People in the area are reporting that garbage collection has been missed for several days and waste is accumulating close to the playground. People in the area have reported the same issue.,medium
A local issue has developed where a small amount of litter is scattered near a bus stop close to the bus stop. The condition becomes worse during busy periods.,low
We have noticed that floodwater has entered houses and is continuing to rise close to the bus stop. The issue has been reported by households nearby.,high
There is a problem where sewage is spreading across a school access road on the main road.,high
There is a problem where electrical wires are sparking beside a crowded pedestrian area in our neighbourhood. Residents noticed the problem this morning.,high
Dense smoke from a nearby facility is causing residents to leave their homes near the school. The condition has remained unchanged since yesterday.,high
There is a problem where a single street sign area has minor surface damage at the main junction. Residents noticed the problem this morning.,low
Floodwater has entered houses and is continuing to rise near the public market. The condition becomes worse during busy periods.,high
The situation involves a curb has a small chipped section close to the playground. People in the area have reported the same issue.,low
A local issue has developed where a large section of road has collapsed beside a school entrance near the hospital.,high
Residents have noticed that water supply has been unavailable to a neighbourhood since yesterday near the hospital. The problem has continued despite recent rainfall.,medium
The situation involves a small patch of the road surface has become uneven near the hospital.,low
We have noticed that a large section of road has collapsed beside a school entrance near the hospital.,high
People in the area are reporting that dense smoke from a nearby facility is causing residents to leave their homes near our houses.,high
There is a problem where electrical wires are sparking beside a crowded pedestrian area near the school. The condition has remained unchanged since yesterday.,high
A section of road has sunk and vehicles must drive around it close to the playground. The condition has remained unchanged since yesterday.,medium
There is a problem where tap water has a slight unusual smell but remains available near our houses.,low
We have noticed that repeated electricity interruptions are affecting many houses near the hospital. The condition becomes worse during busy periods.,medium
Residents have noticed that a large section of road has collapsed beside a school entrance at the main junction.,high
There is a problem where floodwater has entered houses and is continuing to rise near our houses. People in the area have reported the same issue.,high
There is a problem where a deep hole has opened across most of the traffic lane near a blind bend near the community hall.,high
There is a problem where a minor water leak is dripping from a public pipe near the public market.,low
A local issue has developed where sewage is flowing into several homes from an overflowing manhole near our houses. People passing through the area are being affected.,high
A local issue has developed where smoke from a nearby workshop is entering nearby houses in our neighbourhood.,medium
One lamp flickers occasionally during the evening near the town centre. Several nearby residents have raised concerns.,low
There is a problem where the road surface is damaged in several places and motorcycles are having difficulty passing close to the playground. Residents noticed the problem this morning.,medium
Residents have noticed that a water main failure has flooded the entrance to a hospital near the school.,high
The situation involves a few garbage bags are waiting at the normal collection point near the school.,low
Residents have noticed that a water pipe is leaking continuously and a large amount of water is being wasted near the town centre.,medium
People in the area are reporting that dense smoke from a nearby facility is causing residents to leave their homes at the main junction. The problem has continued despite recent rainfall.,high
Sewage is flowing into several homes from an overflowing manhole in our neighbourhood.,high
There is a problem where a water pipe is leaking continuously and a large amount of water is being wasted near the town centre. People in the area have reported the same issue.,medium
We have noticed that a small patch of the road surface has become uneven near the community hall. Residents noticed the problem this morning.,low
The situation involves wastewater is overflowing from a drain onto the roadside near the hospital. The issue is affecting normal use of the area.,medium
The situation involves a public bin is partly full but not overflowing near our houses. People in the area have reported the same issue.,low
A local issue has developed where wastewater is overflowing from a drain onto the roadside near the town centre. Residents noticed the problem this morning.,medium
People in the area are reporting that a single street sign area has minor surface damage close to the playground.,low
A local issue has developed where one street lamp is dim but still provides some light near the town centre. Several nearby residents have raised concerns.,low
People in the area are reporting that one lamp flickers occasionally during the evening along the roadside.,low
People in the area are reporting that a sewer blockage is creating a strong smell across several nearby properties near the public market. The condition has remained unchanged since yesterday.,medium
Residents have noticed that water supply has been unavailable to a neighbourhood since yesterday near the school.,medium
Residents have noticed that wastewater is overflowing from a drain onto the roadside near the community hall. The condition has remained unchanged since yesterday.,medium
We have noticed that a small amount of litter is scattered near a bus stop near the community hall. The issue has been reported by households nearby.,low
A public bin is partly full but not overflowing along the roadside. The issue is affecting normal use of the area.,low
People in the area are reporting that a water main failure has flooded the entrance to a hospital at the main junction. The problem can be seen clearly from the roadside.,high
Part of a roadside retaining wall has collapsed onto the traffic lane close to the playground. The issue has been reported by households nearby.,high
People in the area are reporting that a water pipe is leaking continuously and a large amount of water is being wasted close to the playground. The issue has been reported by households nearby.,medium
A local issue has developed where a large section of road has collapsed beside a school entrance near the public market. The condition becomes worse during busy periods.,high
We have noticed that a major water pipe has burst and water is entering nearby houses close to the bus stop.,high
There is a problem where sewage is flowing into several homes from an overflowing manhole near the public market. The condition has remained unchanged since yesterday.,high
A local issue has developed where a roadside drain has some leaves and sediment inside it close to the playground.,low
People in the area are reporting that construction dust is affecting nearby shops and homes throughout the day close to the bus stop. The problem can be seen clearly from the roadside.,medium
A water pipe is leaking continuously and a large amount of water is being wasted near the public market. The problem can be seen clearly from the roadside.,medium
A roadside drain has some leaves and sediment inside it near the town centre.,low
We have noticed that a large public waste bin is overflowing onto the pavement near our houses. The issue is affecting normal use of the area.,medium
Residents have noticed that a roadside drain is blocked and rainwater is collecting across part of the road near the public market.,medium
A large section of road has collapsed beside a school entrance near the hospital.,high
We have noticed that a damaged electrical pole is leaning over a busy road close to the playground.,high
We have noticed that several street lights along one road are not working along the roadside.,medium
A local issue has developed where a damaged electrical pole is leaning over a busy road in our neighbourhood. People in the area have reported the same issue.,high
A local issue has developed where construction dust is affecting nearby shops and homes throughout the day near the town centre.,medium
There is a problem where a section of road has sunk and vehicles must drive around it along the roadside.,medium
People in the area are reporting that several street lights along one road are not working in our neighbourhood. The problem can be seen clearly from the roadside.,medium
A local issue has developed where several street lights along one road are not working near our houses.,medium
We have noticed that part of a roadside retaining wall has collapsed onto the traffic lane near the hospital.,high
There is a problem where dense smoke from a nearby facility is causing residents to leave their homes close to the bus stop.,high
The situation involves a chemical liquid has leaked onto a public road beside residential buildings near the public market.,high
A drain cover is slightly loose but still in place at the main junction. People in the area have reported the same issue.,low
There is a problem where floodwater has entered houses and is continuing to rise near the public market. The condition has remained unchanged since yesterday.,high
We have noticed that a chemical liquid has leaked onto a public road beside residential buildings near the school.,high
We have noticed that a curb has a small chipped section in our neighbourhood. The condition becomes worse during busy periods.,low
The situation involves a deep hole has opened across most of the traffic lane near a blind bend along the roadside. The issue has been reported by households nearby.,high
There is a problem where a sewer blockage is creating a strong smell across several nearby properties in our neighbourhood. The condition becomes worse during busy periods.,medium
A sewer blockage is creating a strong smell across several nearby properties near our houses. The problem has continued despite recent rainfall.,medium
A local issue has developed where one street lamp is dim but still provides some light near the public market. The condition becomes worse during busy periods.,low
Residents have noticed that water supply has been unavailable to a neighbourhood since yesterday on the main road. People passing through the area are being affected.,medium
A local issue has developed where garbage collection has been missed for several days and waste is accumulating near our houses.,medium
A local issue has developed where a shallow puddle forms after light rain close to the playground. People passing through the area are being affected.,low
A local issue has developed where a curb has a small chipped section near the community hall. People passing through the area are being affected.,low
People in the area are reporting that a deep hole has opened across most of the traffic lane near a blind bend near our houses. Residents noticed the problem this morning.,high
There is a problem where a large section of road has collapsed beside a school entrance near the town centre. Several nearby residents have raised concerns.,high
The situation involves a deep hole has opened across most of the traffic lane near a blind bend along the roadside. People in the area have reported the same issue.,high
There is a problem where a few garbage bags are waiting at the normal collection point close to the playground. The condition becomes worse during busy periods.,low
A sewer blockage is creating a strong smell across several nearby properties close to the playground. The issue has been reported by households nearby.,medium
A local issue has developed where an exposed electrical cable is hanging low where pedestrians can reach it near the community hall.,high
People in the area are reporting that a water pipe is leaking continuously and a large amount of water is being wasted on the main road.,medium
People in the area are reporting that a shallow puddle forms after light rain near the hospital. The issue has been reported by households nearby.,low
A local issue has developed where a shallow puddle forms after light rain in our neighbourhood. People passing through the area are being affected.,low
There is a problem where dense smoke from a nearby facility is causing residents to leave their homes near the hospital. Residents noticed the problem this morning.,high
We have noticed that a shallow puddle forms after light rain near our houses. The problem has continued despite recent rainfall.,low
We have noticed that a chemical liquid has leaked onto a public road beside residential buildings near the town centre.,high
People in the area are reporting that a minor water leak is dripping from a public pipe at the main junction.,low
Residents have noticed that part of a roadside retaining wall has collapsed onto the traffic lane in our neighbourhood. Several nearby residents have raised concerns.,high
We have noticed that a minor water leak is dripping from a public pipe near the hospital. The problem has continued despite recent rainfall.,low
The situation involves one street lamp is dim but still provides some light on the main road. The problem can be seen clearly from the roadside.,low
The situation involves a fallen power cable is lying across a pedestrian path along the roadside.,high
A curb has a small chipped section at the main junction. The problem can be seen clearly from the roadside.,low
People in the area are reporting that floodwater has entered houses and is continuing to rise on the main road.,high
Wastewater is overflowing from a drain onto the roadside near the public market.,medium
A small patch of the road surface has become uneven near the town centre. The problem can be seen clearly from the roadside.,low
People in the area are reporting that dense smoke from a nearby facility is causing residents to leave their homes at the main junction. People in the area have reported the same issue.,high
A local issue has developed where there is a small amount of dust near a construction site at the main junction. The issue is affecting normal use of the area.,low
We have noticed that a curb has a small chipped section close to the bus stop.,low
A local issue has developed where several street lights along one road are not working at the main junction.,medium
The situation involves sewage is spreading across a school access road near the school.,high
A large public waste bin is overflowing onto the pavement in our neighbourhood. Residents noticed the problem this morning.,medium
A local issue has developed where a large section of road has collapsed beside a school entrance in our neighbourhood.,high
We have noticed that garbage collection has been missed for several days and waste is accumulating near the hospital.,medium
There is a problem where garbage collection has been missed for several days and waste is accumulating in our neighbourhood.,medium
A local issue has developed where one lamp flickers occasionally during the evening near the school.,low
Residents have noticed that a roadside drain is blocked and rainwater is collecting across part of the road near the school. The problem can be seen clearly from the roadside.,medium
Residents have noticed that the road surface is damaged in several places and motorcycles are having difficulty passing at the main junction. Residents noticed the problem this morning.,medium
We have noticed that a shallow puddle forms after light rain close to the playground.,low
A large public waste bin is overflowing onto the pavement near the school.,medium
We have noticed that a curb has a small chipped section near the town centre. The issue is affecting normal use of the area.,low
People in the area are reporting that a small patch of the road surface has become uneven close to the bus stop. Several nearby residents have raised concerns.,low
We have noticed that an exposed electrical cable is hanging low where pedestrians can reach it near the public market. Residents noticed the problem this morning.,high
There is a problem where a minor water leak is dripping from a public pipe near the hospital. The condition has remained unchanged since yesterday.,low
An exposed electrical cable is hanging low where pedestrians can reach it near the hospital. Residents noticed the problem this morning.,high
A local issue has developed where part of a roadside retaining wall has collapsed onto the traffic lane along the roadside.,high
People in the area are reporting that a sewer blockage is creating a strong smell across several nearby properties along the roadside.,medium
There is a problem where an exposed electrical cable is hanging low where pedestrians can reach it close to the playground.,high
A local issue has developed where wastewater is overflowing from a drain onto the roadside near our houses.,medium
People in the area are reporting that a water pipe is leaking continuously and a large amount of water is being wasted at the main junction. People in the area have reported the same issue.,medium
Residents have noticed that wastewater is overflowing from a drain onto the roadside near the public market. The problem has continued despite recent rainfall.,medium
Residents have noticed that sewage is flowing into several homes from an overflowing manhole near the public market. The problem can be seen clearly from the roadside.,high
We have noticed that a section of road has sunk and vehicles must drive around it in our neighbourhood. Several nearby residents have raised concerns.,medium
People in the area are reporting that a small amount of litter is scattered near a bus stop on the main road. Residents noticed the problem this morning.,low
Residents have noticed that the road surface is damaged in several places and motorcycles are having difficulty passing on the main road. People passing through the area are being affected.,medium
A damaged electrical pole is leaning over a busy road close to the playground. The condition becomes worse during busy periods.,high
Residents have noticed that construction dust is affecting nearby shops and homes throughout the day near the community hall.,medium
There is a problem where a large section of road has collapsed beside a school entrance along the roadside. People in the area have reported the same issue.,high
There is a problem where floodwater has entered houses and is continuing to rise in our neighbourhood. The problem can be seen clearly from the roadside.,high
A local issue has developed where a section of road has sunk and vehicles must drive around it near the school. Several nearby residents have raised concerns.,medium
Several street lights along one road are not working near the public market.,medium
Residents have noticed that tap water has a slight unusual smell but remains available near the public market. The issue is affecting normal use of the area.,low
A local issue has developed where several potholes are making vehicles slow down on the main road close to the playground.,medium
People in the area are reporting that sewage is flowing into several homes from an overflowing manhole at the main junction. The issue has been reported by households nearby.,high
People in the area are reporting that a water main failure has flooded the entrance to a hospital at the main junction.,high
A local issue has developed where wastewater is overflowing from a drain onto the roadside along the roadside.,medium
There is a problem where a deep hole has opened across most of the traffic lane near a blind bend near our houses.,high
Residents have noticed that there is a small amount of dust near a construction site along the roadside. The condition becomes worse during busy periods.,low
A local issue has developed where a few garbage bags are waiting at the normal collection point near our houses.,low
The situation involves floodwater has entered houses and is continuing to rise near the public market.,high
A small amount of litter is scattered near a bus stop near the community hall. The condition has remained unchanged since yesterday.,low
The situation involves repeated electricity interruptions are affecting many houses near the community hall. The problem has continued despite recent rainfall.,medium
Residents have noticed that construction dust is affecting nearby shops and homes throughout the day along the roadside. The condition has remained unchanged since yesterday.,medium
We have noticed that a large section of road has collapsed beside a school entrance near the town centre. The condition has remained unchanged since yesterday.,high
Thick smoke is causing breathing difficulty among nearby residents near the community hall.,high
A local issue has developed where construction dust is affecting nearby shops and homes throughout the day in our neighbourhood. Residents noticed the problem this morning.,medium
People in the area are reporting that garbage collection has been missed for several days and waste is accumulating near the public market. People in the area have reported the same issue.,medium
We have noticed that a water pipe is leaking continuously and a large amount of water is being wasted near our houses. People in the area have reported the same issue.,medium
There is a problem where a deep hole has opened across most of the traffic lane near a blind bend near the community hall. The issue has been reported by households nearby.,high
There is a problem where a deep hole has opened across most of the traffic lane near a blind bend near the community hall. Several nearby residents have raised concerns.,high
Residents have noticed that one lamp flickers occasionally during the evening in our neighbourhood. Residents noticed the problem this morning.,low
A local issue has developed where several street lights along one road are not working in our neighbourhood.,medium
The situation involves one lamp flickers occasionally during the evening at the main junction. The issue is affecting normal use of the area.,low
A chemical liquid has leaked onto a public road beside residential buildings near the hospital.,high
A fallen power cable is lying across a pedestrian path at the main junction.,high
The situation involves a section of road has sunk and vehicles must drive around it near the public market. The problem has continued despite recent rainfall.,medium
Residents have noticed that water pressure is too low for many houses in the area along the roadside.,medium
Floodwater has entered houses and is continuing to rise in our neighbourhood. The condition becomes worse during busy periods.,high
We have noticed that construction dust is affecting nearby shops and homes throughout the day near the community hall. The condition becomes worse during busy periods.,medium
We have noticed that electrical wires are sparking beside a crowded pedestrian area on the main road. The condition becomes worse during busy periods.,high
We have noticed that part of a roadside retaining wall has collapsed onto the traffic lane close to the playground.,high
A local issue has developed where wastewater is overflowing from a drain onto the roadside close to the bus stop. Several nearby residents have raised concerns.,medium
The situation involves a small crack has appeared along the edge of a side road near the community hall. Several nearby residents have raised concerns.,low
We have noticed that the road surface is damaged in several places and motorcycles are having difficulty passing close to the bus stop.,medium
A chemical liquid has leaked onto a public road beside residential buildings in our neighbourhood. The issue has been reported by households nearby.,high
Residents have noticed that part of a roadside retaining wall has collapsed onto the traffic lane at the main junction. The problem can be seen clearly from the roadside.,high
There is a problem where a water pipe is leaking continuously and a large amount of water is being wasted near the community hall.,medium
Residents have noticed that several potholes are making vehicles slow down on the main road in our neighbourhood.,medium
We have noticed that a small amount of litter is scattered near a bus stop near the community hall.,low
There is a problem where a damaged electrical pole is leaning over a busy road in our neighbourhood.,high
The situation involves a large section of road has collapsed beside a school entrance near the school.,high
The situation involves a minor water leak is dripping from a public pipe near our houses. Residents noticed the problem this morning.,low
There is a problem where a few garbage bags are waiting at the normal collection point on the main road. People in the area have reported the same issue.,low
Floodwater has entered houses and is continuing to rise near the hospital. The condition becomes worse during busy periods.,high
The situation involves there is a small amount of dust near a construction site near the public market. The problem can be seen clearly from the roadside.,low
Residents have noticed that construction dust is affecting nearby shops and homes throughout the day close to the playground. The condition has remained unchanged since yesterday.,medium
A local issue has developed where garbage collection has been missed for several days and waste is accumulating close to the bus stop. People passing through the area are being affected.,medium
A local issue has developed where water pressure is too low for many houses in the area on the main road. The condition has remained unchanged since yesterday.,medium
A roadside drain has some leaves and sediment inside it near our houses. The issue has been reported by households nearby.,low
We have noticed that a small amount of litter is scattered near a bus stop on the main road. The condition has remained unchanged since yesterday.,low
Residents have noticed that a large section of road has collapsed beside a school entrance close to the bus stop.,high
We have noticed that a chemical liquid has leaked onto a public road beside residential buildings near our houses. People passing through the area are being affected.,high
The situation involves a roadside drain has some leaves and sediment inside it near the hospital. The condition becomes worse during busy periods.,low
Residents have noticed that a curb has a small chipped section near the community hall. The condition becomes worse during busy periods.,low
There is a problem where a small amount of litter is scattered near a bus stop near the public market.,low
There is a small amount of dust near a construction site near the community hall.,low
A public bin is partly full but not overflowing at the main junction. Several nearby residents have raised concerns.,low
People in the area are reporting that thick smoke is causing breathing difficulty among nearby residents near the hospital.,high
Residents have noticed that electrical wires are sparking beside a crowded pedestrian area close to the playground. People in the area have reported the same issue.,high
A local issue has developed where a water pipe is leaking continuously and a large amount of water is being wasted near the community hall. The condition becomes worse during busy periods.,medium
We have noticed that a major water pipe has burst and water is entering nearby houses at the main junction. Several nearby residents have raised concerns.,high
Residents have noticed that a section of road has sunk and vehicles must drive around it near the hospital.,medium
We have noticed that sewage is spreading across a school access road close to the bus stop. The condition has remained unchanged since yesterday.,high
A few garbage bags are waiting at the normal collection point near the hospital. People in the area have reported the same issue.,low
People in the area are reporting that a minor water leak is dripping from a public pipe near the public market. The problem has continued despite recent rainfall.,low
A section of road has sunk and vehicles must drive around it close to the bus stop. The condition has remained unchanged since yesterday.,medium
The situation involves one lamp flickers occasionally during the evening on the main road. The problem can be seen clearly from the roadside.,low
The situation involves an exposed electrical cable is hanging low where pedestrians can reach it along the roadside. Several nearby residents have raised concerns.,high
We have noticed that wastewater is overflowing from a drain onto the roadside at the main junction.,medium
A local issue has developed where there is a small amount of dust near a construction site close to the playground.,low
The situation involves there is a small amount of dust near a construction site close to the playground. Residents noticed the problem this morning.,low
There is a problem where water pressure is too low for many houses in the area near the town centre. The condition has remained unchanged since yesterday.,medium
A local issue has developed where there is a small amount of dust near a construction site near the community hall. The problem can be seen clearly from the roadside.,low
The situation involves a roadside drain has some leaves and sediment inside it close to the playground. Several nearby residents have raised concerns.,low
A local issue has developed where several street lights along one road are not working close to the playground. The condition has remained unchanged since yesterday.,medium
A local issue has developed where a small amount of litter is scattered near a bus stop near the community hall.,low
A minor water leak is dripping from a public pipe at the main junction.,low
We have noticed that several street lights along one road are not working on the main road. Several nearby residents have raised concerns.,medium
A local issue has developed where a few garbage bags are waiting at the normal collection point near the town centre.,low
People in the area are reporting that a few garbage bags are waiting at the normal collection point in our neighbourhood. The problem has continued despite recent rainfall.,low
People in the area are reporting that a section of road has sunk and vehicles must drive around it near the school. The problem can be seen clearly from the roadside.,medium
There is a problem where a small crack has appeared along the edge of a side road near the school. Residents noticed the problem this morning.,low
We have noticed that a deep hole has opened across most of the traffic lane near a blind bend near the town centre.,high
We have noticed that repeated electricity interruptions are affecting many houses close to the bus stop.,medium
Residents have noticed that a fallen power cable is lying across a pedestrian path near the public market.,high
People in the area are reporting that water pressure is too low for many houses in the area close to the playground. The problem can be seen clearly from the roadside.,medium
Smoke from a nearby workshop is entering nearby houses at the main junction.,medium
A local issue has developed where a deep hole has opened across most of the traffic lane near a blind bend on the main road.,high
People in the area are reporting that electrical wires are sparking beside a crowded pedestrian area close to the playground. People passing through the area are being affected.,high
There is a problem where a large section of road has collapsed beside a school entrance close to the bus stop. The issue is affecting normal use of the area.,high
Residents have noticed that a section of road has sunk and vehicles must drive around it close to the playground. Several nearby residents have raised concerns.,medium
A local issue has developed where a fallen power cable is lying across a pedestrian path close to the bus stop.,high
We have noticed that a roadside drain is blocked and rainwater is collecting across part of the road close to the bus stop.,medium
The situation involves water supply has been unavailable to a neighbourhood since yesterday near the town centre.,medium
There is a problem where garbage collection has been missed for several days and waste is accumulating on the main road. The condition has remained unchanged since yesterday.,medium
Garbage collection has been missed for several days and waste is accumulating near the school. The condition has remained unchanged since yesterday.,medium
We have noticed that one street lamp is dim but still provides some light near the school. People in the area have reported the same issue.,low
Residents have noticed that floodwater has entered houses and is continuing to rise near the public market. The problem has continued despite recent rainfall.,high
The situation involves several street lights along one road are not working on the main road.,medium
The situation involves a single street sign area has minor surface damage in our neighbourhood. The issue has been reported by households nearby.,low
Floodwater has entered houses and is continuing to rise on the main road. The problem can be seen clearly from the roadside.,high
People in the area are reporting that a sewer blockage is creating a strong smell across several nearby properties near the community hall.,medium
People in the area are reporting that part of a roadside retaining wall has collapsed onto the traffic lane near the hospital. The problem has continued despite recent rainfall.,high
Residents have noticed that one street lamp is dim but still provides some light close to the bus stop. The problem can be seen clearly from the roadside.,low
A local issue has developed where one lamp flickers occasionally during the evening near our houses.,low
There is a problem where dense smoke from a nearby facility is causing residents to leave their homes along the roadside.,high
A local issue has developed where sewage is spreading across a school access road on the main road.,high
We have noticed that sewage is flowing into several homes from an overflowing manhole on the main road.,high
We have noticed that a small crack has appeared along the edge of a side road along the roadside. People passing through the area are being affected.,low
Residents have noticed that a roadside drain has some leaves and sediment inside it near the school.,low
Residents have noticed that thick smoke is causing breathing difficulty among nearby residents near the community hall. Residents noticed the problem this morning.,high
People in the area are reporting that wastewater is overflowing from a drain onto the roadside close to the bus stop.,medium
People in the area are reporting that electrical wires are sparking beside a crowded pedestrian area at the main junction. The problem has continued despite recent rainfall.,high
A large public waste bin is overflowing onto the pavement near our houses. The issue is affecting normal use of the area.,medium
A local issue has developed where sewage is spreading across a school access road near the community hall.,high
We have noticed that a large section of road has collapsed beside a school entrance on the main road. The issue is affecting normal use of the area.,high
We have noticed that thick smoke is causing breathing difficulty among nearby residents in our neighbourhood.,high
A local issue has developed where a curb has a small chipped section close to the bus stop.,low
We have noticed that a sewer blockage is creating a strong smell across several nearby properties close to the bus stop. The condition has remained unchanged since yesterday.,medium
There is a problem where a chemical liquid has leaked onto a public road beside residential buildings near the town centre. People passing through the area are being affected.,high
There is a problem where a major water pipe has burst and water is entering nearby houses near our houses.,high
There is a problem where an exposed electrical cable is hanging low where pedestrians can reach it close to the bus stop. The condition becomes worse during busy periods.,high
A local issue has developed where wastewater is overflowing from a drain onto the roadside in our neighbourhood. The issue is affecting normal use of the area.,medium
People in the area are reporting that a single street sign area has minor surface damage in our neighbourhood. People passing through the area are being affected.,low
The situation involves repeated electricity interruptions are affecting many houses on the main road.,medium
A local issue has developed where water supply has been unavailable to a neighbourhood since yesterday along the roadside. People in the area have reported the same issue.,medium
The situation involves a water pipe is leaking continuously and a large amount of water is being wasted in our neighbourhood. The problem has continued despite recent rainfall.,medium
People in the area are reporting that a small patch of the road surface has become uneven near the town centre. The issue is affecting normal use of the area.,low
We have noticed that smoke from a nearby workshop is entering nearby houses near our houses.,medium
Dense smoke from a nearby facility is causing residents to leave their homes near our houses.,high
A local issue has developed where a single street sign area has minor surface damage on the main road.,low
There is a problem where a damaged electrical pole is leaning over a busy road near our houses.,high
People in the area are reporting that a few garbage bags are waiting at the normal collection point near the community hall.,low
There is a problem where a roadside drain has some leaves and sediment inside it at the main junction.,low
A local issue has developed where tap water has a slight unusual smell but remains available near the public market. Several nearby residents have raised concerns.,low
There is a problem where a shallow puddle forms after light rain near the public market. The condition has remained unchanged since yesterday.,low
A local issue has developed where a minor water leak is dripping from a public pipe near the hospital. People passing through the area are being affected.,low
There is a problem where a minor water leak is dripping from a public pipe near our houses. The issue has been reported by households nearby.,low
We have noticed that a small amount of litter is scattered near a bus stop near the community hall. Residents noticed the problem this morning.,low
There is a problem where a water main failure has flooded the entrance to a hospital near the community hall. The problem has continued despite recent rainfall.,high
People in the area are reporting that wastewater is overflowing from a drain onto the roadside near the community hall. People in the area have reported the same issue.,medium
People in the area are reporting that sewage is spreading across a school access road near the town centre. People passing through the area are being affected.,high
Residents have noticed that a curb has a small chipped section close to the bus stop. People in the area have reported the same issue.,low
Residents have noticed that floodwater has entered houses and is continuing to rise near the public market. The problem can be seen clearly from the roadside.,high
There is a problem where construction dust is affecting nearby shops and homes throughout the day at the main junction.,medium
There is a problem where water supply has been unavailable to a neighbourhood since yesterday close to the playground. The issue has been reported by households nearby.,medium
The situation involves a small patch of the road surface has become uneven close to the bus stop.,low
A local issue has developed where a curb has a small chipped section in our neighbourhood. The condition has remained unchanged since yesterday.,low
Residents have noticed that tap water has a slight unusual smell but remains available near the community hall.,low
People in the area are reporting that smoke from a nearby workshop is entering nearby houses near the hospital. The condition has remained unchanged since yesterday.,medium
A local issue has developed where water pressure is too low for many houses in the area near the hospital. The problem has continued despite recent rainfall.,medium
A local issue has developed where a fallen power cable is lying across a pedestrian path near the community hall.,high
The situation involves a large public waste bin is overflowing onto the pavement near the school. The condition has remained unchanged since yesterday.,medium
There is a problem where construction dust is affecting nearby shops and homes throughout the day along the roadside. People passing through the area are being affected.,medium
A local issue has developed where wastewater is overflowing from a drain onto the roadside in our neighbourhood.,medium
Wastewater is overflowing from a drain onto the roadside close to the bus stop.,medium
People in the area are reporting that tap water has a slight unusual smell but remains available near the town centre. Residents noticed the problem this morning.,low
The situation involves wastewater is overflowing from a drain onto the roadside at the main junction.,medium
Residents have noticed that an exposed electrical cable is hanging low where pedestrians can reach it close to the playground. Several nearby residents have raised concerns.,high
There is a problem where a minor water leak is dripping from a public pipe near the community hall. The problem can be seen clearly from the roadside.,low
The situation involves a water pipe is leaking continuously and a large amount of water is being wasted on the main road.,medium
Residents have noticed that a fallen power cable is lying across a pedestrian path close to the bus stop. People in the area have reported the same issue.,high
Residents have noticed that a curb has a small chipped section close to the bus stop. People passing through the area are being affected.,low
The situation involves floodwater has entered houses and is continuing to rise on the main road. The condition becomes worse during busy periods.,high
Residents have noticed that tap water has a slight unusual smell but remains available in our neighbourhood.,low
People in the area are reporting that one street lamp is dim but still provides some light near our houses. The issue has been reported by households nearby.,low
There is a problem where a small crack has appeared along the edge of a side road along the roadside.,low
A local issue has developed where wastewater is overflowing from a drain onto the roadside near the hospital.,medium
People in the area are reporting that a shallow puddle forms after light rain near the town centre. The problem can be seen clearly from the roadside.,low
Several street lights along one road are not working near the public market. The condition has remained unchanged since yesterday.,medium
We have noticed that there is a small amount of dust near a construction site near the community hall. The problem can be seen clearly from the roadside.,low
People in the area are reporting that a roadside drain has some leaves and sediment inside it near the community hall.,low
Smoke from a nearby workshop is entering nearby houses close to the playground. People in the area have reported the same issue.,medium
We have noticed that a large public waste bin is overflowing onto the pavement near the community hall.,medium
People in the area are reporting that a major water pipe has burst and water is entering nearby houses near the town centre.,high
Residents have noticed that a public bin is partly full but not overflowing along the roadside.,low
There is a problem where thick smoke is causing breathing difficulty among nearby residents near the school.,high
A large section of road has collapsed beside a school entrance near the public market. The condition has remained unchanged since yesterday.,high
People in the area are reporting that one street lamp is dim but still provides some light on the main road.,low
Residents have noticed that an exposed electrical cable is hanging low where pedestrians can reach it near the hospital.,high
The situation involves a drain cover is slightly loose but still in place on the main road. People passing through the area are being affected.,low
Residents have noticed that a water pipe is leaking continuously and a large amount of water is being wasted close to the playground. The condition becomes worse during busy periods.,medium
We have noticed that thick smoke is causing breathing difficulty among nearby residents near the town centre. Residents noticed the problem this morning.,high
There is a problem where one lamp flickers occasionally during the evening near the town centre.,low
Residents have noticed that water pressure is too low for many houses in the area near the public market. The condition becomes worse during busy periods.,medium
We have noticed that a large section of road has collapsed beside a school entrance on the main road.,high
Residents have noticed that sewage is spreading across a school access road at the main junction. Several nearby residents have raised concerns.,high
The situation involves a small patch of the road surface has become uneven close to the playground.,low
A local issue has developed where a roadside drain has some leaves and sediment inside it near our houses. The condition has remained unchanged since yesterday.,low
A local issue has developed where a large section of road has collapsed beside a school entrance near our houses.,high
We have noticed that sewage is spreading across a school access road at the main junction. The issue is affecting normal use of the area.,high
A minor water leak is dripping from a public pipe close to the bus stop.,low
Residents have noticed that a single street sign area has minor surface damage near the hospital. The condition becomes worse during busy periods.,low
A local issue has developed where a roadside drain is blocked and rainwater is collecting across part of the road close to the bus stop. The condition has remained unchanged since yesterday.,medium
There is a problem where sewage is flowing into several homes from an overflowing manhole along the roadside.,high
People in the area are reporting that a small amount of litter is scattered near a bus stop near the public market. People in the area have reported the same issue.,low
We have noticed that a roadside drain has some leaves and sediment inside it at the main junction.,low
The situation involves a large public waste bin is overflowing onto the pavement near the town centre.,medium
Sewage is flowing into several homes from an overflowing manhole near the school.,high
We have noticed that a drain cover is slightly loose but still in place along the roadside.,low
There is a problem where several street lights along one road are not working near the school.,medium
The situation involves an exposed electrical cable is hanging low where pedestrians can reach it in our neighbourhood.,high
There is a problem where wastewater is overflowing from a drain onto the roadside close to the playground.,medium
There is a problem where a damaged electrical pole is leaning over a busy road near the public market. Several nearby residents have raised concerns.,high
There is a problem where a deep hole has opened across most of the traffic lane near a blind bend near the community hall. The issue is affecting normal use of the area.,high
A shallow puddle forms after light rain near the hospital.,low
People in the area are reporting that a large section of road has collapsed beside a school entrance near the school. The condition becomes worse during busy periods.,high
Residents have noticed that there is a small amount of dust near a construction site near our houses. The problem has continued despite recent rainfall.,low
The situation involves dense smoke from a nearby facility is causing residents to leave their homes at the main junction. The issue is affecting normal use of the area.,high
A local issue has developed where sewage is spreading across a school access road near the town centre. The problem has continued despite recent rainfall.,high
A local issue has developed where water supply has been unavailable to a neighbourhood since yesterday near the public market.,medium
People in the area are reporting that a single street sign area has minor surface damage near the town centre.,low
A public bin is partly full but not overflowing near the hospital. The issue has been reported by households nearby.,low
People in the area are reporting that a public bin is partly full but not overflowing in our neighbourhood.,low
A local issue has developed where a large section of road has collapsed beside a school entrance on the main road. The issue has been reported by households nearby.,high
The situation involves several potholes are making vehicles slow down on the main road at the main junction.,medium
We have noticed that a few garbage bags are waiting at the normal collection point close to the bus stop. Several nearby residents have raised concerns.,low
Residents have noticed that tap water has a slight unusual smell but remains available close to the bus stop.,low
A local issue has developed where a large section of road has collapsed beside a school entrance near the community hall. People in the area have reported the same issue.,high
People in the area are reporting that a minor water leak is dripping from a public pipe in our neighbourhood. The problem can be seen clearly from the roadside.,low
A small crack has appeared along the edge of a side road near the town centre.,low
A small crack has appeared along the edge of a side road along the roadside. The issue has been reported by households nearby.,low
A local issue has developed where part of a roadside retaining wall has collapsed onto the traffic lane along the roadside. People passing through the area are being affected.,high
The road surface is damaged in several places and motorcycles are having difficulty passing along the roadside. The problem can be seen clearly from the roadside.,medium
Part of a roadside retaining wall has collapsed onto the traffic lane along the roadside. The condition has remained unchanged since yesterday.,high
The situation involves an exposed electrical cable is hanging low where pedestrians can reach it on the main road. The condition has remained unchanged since yesterday.,high
Thick smoke is causing breathing difficulty among nearby residents near the town centre. The issue is affecting normal use of the area.,high
People in the area are reporting that thick smoke is causing breathing difficulty among nearby residents close to the bus stop.,high
Residents have noticed that electrical wires are sparking beside a crowded pedestrian area close to the bus stop. People in the area have reported the same issue.,high
There is a problem where a few garbage bags are waiting at the normal collection point at the main junction.,low
A local issue has developed where water pressure is too low for many houses in the area near the school.,medium
People in the area are reporting that a small patch of the road surface has become uneven close to the bus stop. The issue is affecting normal use of the area.,low
Residents have noticed that an exposed electrical cable is hanging low where pedestrians can reach it near the community hall. People in the area have reported the same issue.,high
Sewage is spreading across a school access road near the school.,high
A large section of road has collapsed beside a school entrance in our neighbourhood.,high
We have noticed that a sewer blockage is creating a strong smell across several nearby properties near the town centre. The condition becomes worse during busy periods.,medium
There is a problem where the road surface is damaged in several places and motorcycles are having difficulty passing close to the bus stop. People passing through the area are being affected.,medium
Residents have noticed that a small crack has appeared along the edge of a side road near the community hall. Several nearby residents have raised concerns.,low
People in the area are reporting that a fallen power cable is lying across a pedestrian path near the community hall.,high
Residents have noticed that a large public waste bin is overflowing onto the pavement on the main road.,medium
Residents have noticed that water supply has been unavailable to a neighbourhood since yesterday on the main road. The issue is affecting normal use of the area.,medium
A local issue has developed where the road surface is damaged in several places and motorcycles are having difficulty passing near the public market. The problem can be seen clearly from the roadside.,medium
The situation involves a major water pipe has burst and water is entering nearby houses close to the playground.,high
A local issue has developed where a shallow puddle forms after light rain near the town centre. The issue has been reported by households nearby.,low
People in the area are reporting that a drain cover is slightly loose but still in place near the hospital.,low
People in the area are reporting that a single street sign area has minor surface damage along the roadside.,low
A local issue has developed where a roadside drain has some leaves and sediment inside it near our houses. The issue is affecting normal use of the area.,low
The situation involves a fallen power cable is lying across a pedestrian path close to the bus stop.,high
The situation involves a deep hole has opened across most of the traffic lane near a blind bend near the public market.,high
Residents have noticed that the road surface is damaged in several places and motorcycles are having difficulty passing at the main junction.,medium
Dense smoke from a nearby facility is causing residents to leave their homes near our houses. Several nearby residents have raised concerns.,high
A small patch of the road surface has become uneven at the main junction.,low
People in the area are reporting that water supply has been unavailable to a neighbourhood since yesterday near the hospital.,medium
A local issue has developed where tap water has a slight unusual smell but remains available close to the playground.,low
The situation involves a small amount of litter is scattered near a bus stop at the main junction. The problem can be seen clearly from the roadside.,low
A local issue has developed where a deep hole has opened across most of the traffic lane near a blind bend close to the bus stop.,high
We have noticed that a large section of road has collapsed beside a school entrance in our neighbourhood.,high
A local issue has developed where garbage collection has been missed for several days and waste is accumulating close to the playground. Several nearby residents have raised concerns.,medium
Residents have noticed that a small amount of litter is scattered near a bus stop along the roadside.,low
People in the area are reporting that a deep hole has opened across most of the traffic lane near a blind bend at the main junction. People passing through the area are being affected.,high
A local issue has developed where a few garbage bags are waiting at the normal collection point near the community hall.,low
People in the area are reporting that several street lights along one road are not working near the hospital. The condition has remained unchanged since yesterday.,medium
Residents have noticed that a fallen power cable is lying across a pedestrian path near the school. The condition becomes worse during busy periods.,high
We have noticed that electrical wires are sparking beside a crowded pedestrian area close to the bus stop. The condition becomes worse during busy periods.,high
There is a problem where thick smoke is causing breathing difficulty among nearby residents at the main junction. People passing through the area are being affected.,high
We have noticed that a damaged electrical pole is leaning over a busy road close to the bus stop. The condition has remained unchanged since yesterday.,high
A local issue has developed where a drain cover is slightly loose but still in place near the town centre. The problem can be seen clearly from the roadside.,low
There is a problem where the road surface is damaged in several places and motorcycles are having difficulty passing near the hospital. The problem can be seen clearly from the roadside.,medium
We have noticed that a sewer blockage is creating a strong smell across several nearby properties near the school. The condition becomes worse during busy periods.,medium
We have noticed that a shallow puddle forms after light rain on the main road. The issue has been reported by households nearby.,low
We have noticed that tap water has a slight unusual smell but remains available along the roadside.,low
The situation involves several potholes are making vehicles slow down on the main road near the community hall. People passing through the area are being affected.,medium
A shallow puddle forms after light rain on the main road.,low
A local issue has developed where garbage collection has been missed for several days and waste is accumulating near the town centre. The problem has continued despite recent rainfall.,medium
A small amount of litter is scattered near a bus stop close to the bus stop.,low
People in the area are reporting that dense smoke from a nearby facility is causing residents to leave their homes close to the bus stop. The problem has continued despite recent rainfall.,high
People in the area are reporting that a fallen power cable is lying across a pedestrian path at the main junction.,high
Residents have noticed that a sewer blockage is creating a strong smell across several nearby properties close to the bus stop.,medium
People in the area are reporting that repeated electricity interruptions are affecting many houses near the town centre.,medium
There is a problem where one lamp flickers occasionally during the evening on the main road. The condition has remained unchanged since yesterday.,low
There is a problem where a public bin is partly full but not overflowing at the main junction. The problem has continued despite recent rainfall.,low
We have noticed that a roadside drain has some leaves and sediment inside it near the public market. The issue is affecting normal use of the area.,low
Residents have noticed that a small amount of litter is scattered near a bus stop on the main road.,low
The situation involves floodwater has entered houses and is continuing to rise in our neighbourhood.,high
We have noticed that a water pipe is leaking continuously and a large amount of water is being wasted at the main junction.,medium
Residents have noticed that construction dust is affecting nearby shops and homes throughout the day near the town centre.,medium
There is a problem where a sewer blockage is creating a strong smell across several nearby properties near the public market.,medium
There is a problem where a single street sign area has minor surface damage along the roadside. The issue is affecting normal use of the area.,low
A local issue has developed where tap water has a slight unusual smell but remains available close to the bus stop.,low
People in the area are reporting that a single street sign area has minor surface damage near the hospital. The issue has been reported by households nearby.,low
We have noticed that a few garbage bags are waiting at the normal collection point near the community hall. The condition has remained unchanged since yesterday.,low
Several street lights along one road are not working near the town centre.,medium
We have noticed that repeated electricity interruptions are affecting many houses in our neighbourhood. Residents noticed the problem this morning.,medium
A local issue has developed where a small crack has appeared along the edge of a side road near the town centre.,low
A local issue has developed where water pressure is too low for many houses in the area close to the bus stop.,medium
A fallen power cable is lying across a pedestrian path near the school.,high
Smoke from a nearby workshop is entering nearby houses close to the playground.,medium
We have noticed that construction dust is affecting nearby shops and homes throughout the day near the public market. People passing through the area are being affected.,medium
A large section of road has collapsed beside a school entrance near the school.,high
There is a problem where a roadside drain is blocked and rainwater is collecting across part of the road close to the bus stop.,medium
There is a problem where thick smoke is causing breathing difficulty among nearby residents close to the playground. The issue is affecting normal use of the area.,high
Residents have noticed that several street lights along one road are not working in our neighbourhood. The issue is affecting normal use of the area.,medium
We have noticed that smoke from a nearby workshop is entering nearby houses near the public market. People passing through the area are being affected.,medium
Residents have noticed that a large public waste bin is overflowing onto the pavement in our neighbourhood. People in the area have reported the same issue.,medium
Residents have noticed that thick smoke is causing breathing difficulty among nearby residents near the school. The condition becomes worse during busy periods.,high
There is a problem where a roadside drain has some leaves and sediment inside it on the main road. The issue is affecting normal use of the area.,low
We have noticed that construction dust is affecting nearby shops and homes throughout the day close to the playground. Several nearby residents have raised concerns.,medium
The situation involves a roadside drain has some leaves and sediment inside it at the main junction.,low
Residents have noticed that a large public waste bin is overflowing onto the pavement near the public market.,medium
Residents have noticed that part of a roadside retaining wall has collapsed onto the traffic lane on the main road. People passing through the area are being affected.,high
A local issue has developed where a water main failure has flooded the entrance to a hospital close to the bus stop.,high
Residents have noticed that dense smoke from a nearby facility is causing residents to leave their homes near the hospital. The problem has continued despite recent rainfall.,high
People in the area are reporting that tap water has a slight unusual smell but remains available close to the bus stop. People passing through the area are being affected.,low
There is a problem where the road surface is damaged in several places and motorcycles are having difficulty passing close to the bus stop. People in the area have reported the same issue.,medium
Residents have noticed that a small amount of litter is scattered near a bus stop close to the playground.,low
We have noticed that there is a small amount of dust near a construction site in our neighbourhood.,low
We have noticed that a minor water leak is dripping from a public pipe near the school. People in the area have reported the same issue.,low
Residents have noticed that several potholes are making vehicles slow down on the main road at the main junction. The issue has been reported by households nearby.,medium
Smoke from a nearby workshop is entering nearby houses in our neighbourhood. The issue has been reported by households nearby.,medium
People in the area are reporting that tap water has a slight unusual smell but remains available near the town centre.,low
Residents have noticed that a damaged electrical pole is leaning over a busy road near the public market.,high
The situation involves an exposed electrical cable is hanging low where pedestrians can reach it near the hospital. The condition becomes worse during busy periods.,high
Water pressure is too low for many houses in the area near our houses. Residents noticed the problem this morning.,medium
People in the area are reporting that a section of road has sunk and vehicles must drive around it close to the playground.,medium
We have noticed that smoke from a nearby workshop is entering nearby houses near the hospital.,medium
There is a problem where tap water has a slight unusual smell but remains available near the hospital.,low
A local issue has developed where a curb has a small chipped section near the town centre. The condition has remained unchanged since yesterday.,low
We have noticed that thick smoke is causing breathing difficulty among nearby residents near the community hall. The issue is affecting normal use of the area.,high
People in the area are reporting that several potholes are making vehicles slow down on the main road at the main junction. Several nearby residents have raised concerns.,medium
We have noticed that a chemical liquid has leaked onto a public road beside residential buildings at the main junction. The problem has continued despite recent rainfall.,high
The situation involves sewage is spreading across a school access road close to the playground. The condition has remained unchanged since yesterday.,high
The situation involves part of a roadside retaining wall has collapsed onto the traffic lane near the hospital.,high
There is a problem where a roadside drain has some leaves and sediment inside it at the main junction. The issue has been reported by households nearby.,low
People in the area are reporting that a drain cover is slightly loose but still in place at the main junction.,low
Residents have noticed that a curb has a small chipped section near our houses. People passing through the area are being affected.,low
A local issue has developed where a deep hole has opened across most of the traffic lane near a blind bend near the town centre.,high
The situation involves a small patch of the road surface has become uneven near the school. The issue has been reported by households nearby.,low
A local issue has developed where a public bin is partly full but not overflowing at the main junction. People passing through the area are being affected.,low
A chemical liquid has leaked onto a public road beside residential buildings on the main road.,high
A section of road has sunk and vehicles must drive around it close to the playground. The condition becomes worse during busy periods.,medium
The situation involves electrical wires are sparking beside a crowded pedestrian area near the school. The problem has continued despite recent rainfall.,high
We have noticed that wastewater is overflowing from a drain onto the roadside near the school.,medium
Residents have noticed that wastewater is overflowing from a drain onto the roadside near the hospital. People passing through the area are being affected.,medium
A local issue has developed where wastewater is overflowing from a drain onto the roadside near the school. People in the area have reported the same issue.,medium
A local issue has developed where a curb has a small chipped section at the main junction. The problem has continued despite recent rainfall.,low
A local issue has developed where a single street sign area has minor surface damage along the roadside.,low
Residents have noticed that water pressure is too low for many houses in the area close to the playground.,medium
One lamp flickers occasionally during the evening near the hospital. Several nearby residents have raised concerns.,low
The situation involves floodwater has entered houses and is continuing to rise near the public market. People passing through the area are being affected.,high
People in the area are reporting that wastewater is overflowing from a drain onto the roadside on the main road.,medium
People in the area are reporting that a large public waste bin is overflowing onto the pavement along the roadside.,medium
We have noticed that construction dust is affecting nearby shops and homes throughout the day near the town centre.,medium
The situation involves sewage is flowing into several homes from an overflowing manhole near the community hall. Residents noticed the problem this morning.,high
People in the area are reporting that sewage is flowing into several homes from an overflowing manhole close to the bus stop. The issue has been reported by households nearby.,high
A damaged electrical pole is leaning over a busy road at the main junction.,high
A local issue has developed where water supply has been unavailable to a neighbourhood since yesterday along the roadside. People passing through the area are being affected.,medium
We have noticed that smoke from a nearby workshop is entering nearby houses at the main junction.,medium
Residents have noticed that a water pipe is leaking continuously and a large amount of water is being wasted near the community hall.,medium
Residents have noticed that an exposed electrical cable is hanging low where pedestrians can reach it near the public market. Residents noticed the problem this morning.,high
There is a problem where a deep hole has opened across most of the traffic lane near a blind bend near our houses. The issue is affecting normal use of the area.,high
Garbage collection has been missed for several days and waste is accumulating along the roadside. The problem has continued despite recent rainfall.,medium
There is a problem where a section of road has sunk and vehicles must drive around it at the main junction. Residents noticed the problem this morning.,medium
The situation involves wastewater is overflowing from a drain onto the roadside near our houses. Residents noticed the problem this morning.,medium
A local issue has developed where a curb has a small chipped section near our houses.,low
There is a problem where there is a small amount of dust near a construction site near our houses. People in the area have reported the same issue.,low
People in the area are reporting that a drain cover is slightly loose but still in place near our houses. The condition becomes worse during busy periods.,low
We have noticed that a minor water leak is dripping from a public pipe close to the playground. The condition becomes worse during busy periods.,low
Residents have noticed that a large section of road has collapsed beside a school entrance near the town centre.,high
A local issue has developed where smoke from a nearby workshop is entering nearby houses close to the playground. People passing through the area are being affected.,medium
We have noticed that a water main failure has flooded the entrance to a hospital in our neighbourhood. The condition becomes worse during busy periods.,high
There is a problem where dense smoke from a nearby facility is causing residents to leave their homes close to the bus stop. Several nearby residents have raised concerns.,high
There is a problem where garbage collection has been missed for several days and waste is accumulating along the roadside. Several nearby residents have raised concerns.,medium
A local issue has developed where a large public waste bin is overflowing onto the pavement near the school.,medium
We have noticed that a water main failure has flooded the entrance to a hospital along the roadside.,high
People in the area are reporting that smoke from a nearby workshop is entering nearby houses near our houses. The issue has been reported by households nearby.,medium
We have noticed that water pressure is too low for many houses in the area on the main road. The issue is affecting normal use of the area.,medium
People in the area are reporting that a large public waste bin is overflowing onto the pavement in our neighbourhood. People passing through the area are being affected.,medium
Residents have noticed that floodwater has entered houses and is continuing to rise near the public market. People passing through the area are being affected.,high
There is a problem where tap water has a slight unusual smell but remains available along the roadside. People in the area have reported the same issue.,low
The situation involves one lamp flickers occasionally during the evening close to the playground. The condition has remained unchanged since yesterday.,low
Residents have noticed that dense smoke from a nearby facility is causing residents to leave their homes near the town centre.,high
We have noticed that a drain cover is slightly loose but still in place near the hospital.,low
We have noticed that one lamp flickers occasionally during the evening along the roadside. The problem can be seen clearly from the roadside.,low
The situation involves a water main failure has flooded the entrance to a hospital on the main road. The problem can be seen clearly from the roadside.,high
A drain cover is slightly loose but still in place near our houses.,low
A small amount of litter is scattered near a bus stop in our neighbourhood. Residents noticed the problem this morning.,low
We have noticed that a small patch of the road surface has become uneven close to the playground. Several nearby residents have raised concerns.,low
Residents have noticed that a water main failure has flooded the entrance to a hospital near the public market. The condition becomes worse during busy periods.,high
There is a problem where an exposed electrical cable is hanging low where pedestrians can reach it on the main road. The problem can be seen clearly from the roadside.,high
Residents have noticed that sewage is flowing into several homes from an overflowing manhole near the public market. The issue is affecting normal use of the area.,high
We have noticed that a public bin is partly full but not overflowing at the main junction.,low
We have noticed that construction dust is affecting nearby shops and homes throughout the day along the roadside. The problem has continued despite recent rainfall.,medium
People in the area are reporting that sewage is flowing into several homes from an overflowing manhole near the hospital.,high
We have noticed that water supply has been unavailable to a neighbourhood since yesterday near the town centre.,medium
There is a small amount of dust near a construction site at the main junction. The issue has been reported by households nearby.,low
There is a problem where an exposed electrical cable is hanging low where pedestrians can reach it in our neighbourhood. The condition becomes worse during busy periods.,high
A local issue has developed where construction dust is affecting nearby shops and homes throughout the day near the town centre. The problem has continued despite recent rainfall.,medium
People in the area are reporting that smoke from a nearby workshop is entering nearby houses near the community hall. The problem can be seen clearly from the roadside.,medium
Residents have noticed that one lamp flickers occasionally during the evening near our houses. People in the area have reported the same issue.,low
Residents have noticed that thick smoke is causing breathing difficulty among nearby residents near the community hall. The issue is affecting normal use of the area.,high
People in the area are reporting that a major water pipe has burst and water is entering nearby houses along the roadside. The condition becomes worse during busy periods.,high
The situation involves a sewer blockage is creating a strong smell across several nearby properties near our houses.,medium
A local issue has developed where a shallow puddle forms after light rain near the hospital.,low
We have noticed that floodwater has entered houses and is continuing to rise close to the bus stop.,high
The situation involves part of a roadside retaining wall has collapsed onto the traffic lane at the main junction. Residents noticed the problem this morning.,high
Residents have noticed that part of a roadside retaining wall has collapsed onto the traffic lane at the main junction. Residents noticed the problem this morning.,high
The situation involves a small crack has appeared along the edge of a side road in our neighbourhood.,low
We have noticed that several street lights along one road are not working close to the bus stop. Residents noticed the problem this morning.,medium
The road surface is damaged in several places and motorcycles are having difficulty passing at the main junction.,medium
People in the area are reporting that part of a roadside retaining wall has collapsed onto the traffic lane near the public market. The problem can be seen clearly from the roadside.,high
People in the area are reporting that water supply has been unavailable to a neighbourhood since yesterday near the public market.,medium
The situation involves a roadside drain has some leaves and sediment inside it on the main road. The problem has continued despite recent rainfall.,low
We have noticed that a minor water leak is dripping from a public pipe near the public market.,low
There is a problem where a shallow puddle forms after light rain near the community hall.,low
A local issue has developed where a large public waste bin is overflowing onto the pavement near our houses.,medium
The situation involves a sewer blockage is creating a strong smell across several nearby properties on the main road.,medium
The situation involves a public bin is partly full but not overflowing near the public market.,low
People in the area are reporting that a roadside drain has some leaves and sediment inside it near the school. The condition has remained unchanged since yesterday.,low
People in the area are reporting that a small amount of litter is scattered near a bus stop on the main road. The issue has been reported by households nearby.,low
A shallow puddle forms after light rain close to the bus stop. Residents noticed the problem this morning.,low
There is a problem where garbage collection has been missed for several days and waste is accumulating on the main road.,medium
A local issue has developed where part of a roadside retaining wall has collapsed onto the traffic lane in our neighbourhood.,high
The situation involves a single street sign area has minor surface damage near the hospital. Residents noticed the problem this morning.,low
Residents have noticed that sewage is flowing into several homes from an overflowing manhole close to the bus stop. The problem can be seen clearly from the roadside.,high
People in the area are reporting that tap water has a slight unusual smell but remains available near the public market. The issue is affecting normal use of the area.,low
There is a problem where a roadside drain is blocked and rainwater is collecting across part of the road on the main road.,medium
There is a problem where a few garbage bags are waiting at the normal collection point close to the playground. Several nearby residents have raised concerns.,low
There is a problem where a fallen power cable is lying across a pedestrian path near the hospital.,high
Residents have noticed that a shallow puddle forms after light rain on the main road.,low
There is a problem where several potholes are making vehicles slow down on the main road in our neighbourhood.,medium
A local issue has developed where construction dust is affecting nearby shops and homes throughout the day along the roadside.,medium
A local issue has developed where a section of road has sunk and vehicles must drive around it near the community hall. The issue has been reported by households nearby.,medium
Residents have noticed that an exposed electrical cable is hanging low where pedestrians can reach it at the main junction. The condition has remained unchanged since yesterday.,high
A damaged electrical pole is leaning over a busy road close to the bus stop. The problem has continued despite recent rainfall.,high
Residents have noticed that a chemical liquid has leaked onto a public road beside residential buildings near the public market.,high
Residents have noticed that wastewater is overflowing from a drain onto the roadside at the main junction. The problem can be seen clearly from the roadside.,medium
Floodwater has entered houses and is continuing to rise close to the bus stop. People passing through the area are being affected.,high
The situation involves electrical wires are sparking beside a crowded pedestrian area close to the playground.,high
We have noticed that water pressure is too low for many houses in the area near the public market.,medium
We have noticed that a small crack has appeared along the edge of a side road close to the playground. People in the area have reported the same issue.,low
We have noticed that a damaged electrical pole is leaning over a busy road near the school. Several nearby residents have raised concerns.,high
There is a problem where a small crack has appeared along the edge of a side road near the hospital. People passing through the area are being affected.,low
Residents have noticed that a few garbage bags are waiting at the normal collection point near our houses.,low
A local issue has developed where sewage is flowing into several homes from an overflowing manhole near the public market.,high
There is a problem where water supply has been unavailable to a neighbourhood since yesterday near the public market. People in the area have reported the same issue.,medium
Residents have noticed that a minor water leak is dripping from a public pipe at the main junction.,low
A curb has a small chipped section along the roadside. The problem can be seen clearly from the roadside.,low
The situation involves smoke from a nearby workshop is entering nearby houses near the hospital.,medium
People in the area are reporting that several potholes are making vehicles slow down on the main road near the public market. The issue has been reported by households nearby.,medium
The situation involves a deep hole has opened across most of the traffic lane near a blind bend near the hospital. The problem can be seen clearly from the roadside.,high
We have noticed that thick smoke is causing breathing difficulty among nearby residents near the public market. People in the area have reported the same issue.,high
Residents have noticed that a large public waste bin is overflowing onto the pavement near the school.,medium
The situation involves several potholes are making vehicles slow down on the main road along the roadside.,medium
A local issue has developed where electrical wires are sparking beside a crowded pedestrian area near our houses.,high
A single street sign area has minor surface damage near the hospital. The condition has remained unchanged since yesterday.,low
Residents have noticed that a damaged electrical pole is leaning over a busy road on the main road.,high
People in the area are reporting that construction dust is affecting nearby shops and homes throughout the day in our neighbourhood. The issue is affecting normal use of the area.,medium
The road surface is damaged in several places and motorcycles are having difficulty passing near the hospital. The issue has been reported by households nearby.,medium
A local issue has developed where a single street sign area has minor surface damage near the community hall. The issue has been reported by households nearby.,low
There is a problem where electrical wires are sparking beside a crowded pedestrian area near the community hall. Several nearby residents have raised concerns.,high
Sewage is spreading across a school access road near the public market. The condition becomes worse during busy periods.,high
We have noticed that floodwater has entered houses and is continuing to rise near the hospital. The problem can be seen clearly from the roadside.,high
People in the area are reporting that a large section of road has collapsed beside a school entrance near the town centre.,high
We have noticed that construction dust is affecting nearby shops and homes throughout the day near the hospital. People in the area have reported the same issue.,medium
We have noticed that sewage is flowing into several homes from an overflowing manhole in our neighbourhood.,high
There is a problem where a minor water leak is dripping from a public pipe along the roadside.,low
There is a problem where smoke from a nearby workshop is entering nearby houses close to the bus stop. The issue has been reported by households nearby.,medium
The situation involves sewage is spreading across a school access road close to the bus stop. People passing through the area are being affected.,high
The situation involves a large public waste bin is overflowing onto the pavement near our houses. The issue is affecting normal use of the area.,medium
A local issue has developed where the road surface is damaged in several places and motorcycles are having difficulty passing near our houses.,medium
A deep hole has opened across most of the traffic lane near a blind bend near the town centre. People in the area have reported the same issue.,high
A small crack has appeared along the edge of a side road at the main junction.,low
The situation involves a section of road has sunk and vehicles must drive around it near our houses.,medium
There is a problem where tap water has a slight unusual smell but remains available in our neighbourhood. The condition has remained unchanged since yesterday.,low
A local issue has developed where sewage is flowing into several homes from an overflowing manhole close to the bus stop.,high
Residents have noticed that a few garbage bags are waiting at the normal collection point near the community hall.,low
Smoke from a nearby workshop is entering nearby houses near the public market. The condition becomes worse during busy periods.,medium
We have noticed that a drain cover is slightly loose but still in place close to the playground. The problem can be seen clearly from the roadside.,low
Garbage collection has been missed for several days and waste is accumulating near our houses.,medium
People in the area are reporting that a small patch of the road surface has become uneven close to the playground. The problem can be seen clearly from the roadside.,low
There is a problem where a curb has a small chipped section near the public market. The condition has remained unchanged since yesterday.,low
A local issue has developed where a roadside drain has some leaves and sediment inside it near our houses.,low
A section of road has sunk and vehicles must drive around it in our neighbourhood. People passing through the area are being affected.,medium
There is a problem where a sewer blockage is creating a strong smell across several nearby properties in our neighbourhood. The issue has been reported by households nearby.,medium
The situation involves a shallow puddle forms after light rain near the town centre. The condition becomes worse during busy periods.,low
Residents have noticed that a single street sign area has minor surface damage at the main junction.,low
A damaged electrical pole is leaning over a busy road near the school. The problem can be seen clearly from the roadside.,high
A local issue has developed where water supply has been unavailable to a neighbourhood since yesterday near the community hall. The problem has continued despite recent rainfall.,medium
A local issue has developed where construction dust is affecting nearby shops and homes throughout the day in our neighbourhood. The condition becomes worse during busy periods.,medium
There is a problem where a roadside drain is blocked and rainwater is collecting across part of the road near the public market. The issue has been reported by households nearby.,medium
The situation involves several potholes are making vehicles slow down on the main road close to the playground.,medium
A major water pipe has burst and water is entering nearby houses near the hospital. The problem can be seen clearly from the roadside.,high
A local issue has developed where one lamp flickers occasionally during the evening near the town centre. People passing through the area are being affected.,low
We have noticed that tap water has a slight unusual smell but remains available near the hospital.,low
People in the area are reporting that a deep hole has opened across most of the traffic lane near a blind bend near the community hall. The problem has continued despite recent rainfall.,high
A local issue has developed where construction dust is affecting nearby shops and homes throughout the day near the public market.,medium
Garbage collection has been missed for several days and waste is accumulating near the community hall. The condition becomes worse during busy periods.,medium
A local issue has developed where a large public waste bin is overflowing onto the pavement near the hospital. People in the area have reported the same issue.,medium
The situation involves a small patch of the road surface has become uneven on the main road.,low
We have noticed that a roadside drain has some leaves and sediment inside it near the town centre.,low
People in the area are reporting that a minor water leak is dripping from a public pipe near the community hall.,low
There is a problem where a chemical liquid has leaked onto a public road beside residential buildings along the roadside. The condition becomes worse during busy periods.,high
Residents have noticed that a fallen power cable is lying across a pedestrian path close to the bus stop.,high
There is a problem where a large section of road has collapsed beside a school entrance in our neighbourhood.,high
The situation involves there is a small amount of dust near a construction site near the hospital. People in the area have reported the same issue.,low
One street lamp is dim but still provides some light close to the playground. The condition becomes worse during busy periods.,low
We have noticed that a single street sign area has minor surface damage close to the bus stop.,low
People in the area are reporting that a small patch of the road surface has become uneven near the school.,low
A local issue has developed where one street lamp is dim but still provides some light near the town centre. The problem can be seen clearly from the roadside.,low
Residents have noticed that a small crack has appeared along the edge of a side road near the hospital.,low
Residents have noticed that a small patch of the road surface has become uneven along the roadside. The issue is affecting normal use of the area.,low
The situation involves a section of road has sunk and vehicles must drive around it along the roadside. The problem has continued despite recent rainfall.,medium
Residents have noticed that garbage collection has been missed for several days and waste is accumulating near the town centre. Residents noticed the problem this morning.,medium
There is a small amount of dust near a construction site in our neighbourhood.,low
We have noticed that water supply has been unavailable to a neighbourhood since yesterday close to the bus stop. The condition has remained unchanged since yesterday.,medium
Thick smoke is causing breathing difficulty among nearby residents close to the bus stop.,high
There is a problem where dense smoke from a nearby facility is causing residents to leave their homes near the town centre.,high
Construction dust is affecting nearby shops and homes throughout the day near the town centre.,medium
People in the area are reporting that one street lamp is dim but still provides some light close to the bus stop.,low
Residents have noticed that a roadside drain has some leaves and sediment inside it close to the bus stop. The issue has been reported by households nearby.,low
Garbage collection has been missed for several days and waste is accumulating near the community hall.,medium
The situation involves electrical wires are sparking beside a crowded pedestrian area near the community hall.,high
Residents have noticed that floodwater has entered houses and is continuing to rise along the roadside.,high
There is a problem where a large section of road has collapsed beside a school entrance near our houses. The condition becomes worse during busy periods.,high
The situation involves water pressure is too low for many houses in the area close to the playground. The condition has remained unchanged since yesterday.,medium
A local issue has developed where a small amount of litter is scattered near a bus stop close to the playground. The issue is affecting normal use of the area.,low
We have noticed that a small crack has appeared along the edge of a side road near the town centre. The problem has continued despite recent rainfall.,low
People in the area are reporting that a small amount of litter is scattered near a bus stop on the main road.,low
Residents have noticed that construction dust is affecting nearby shops and homes throughout the day near our houses.,medium
Wastewater is overflowing from a drain onto the roadside near the school.,medium
There is a problem where a roadside drain has some leaves and sediment inside it near the town centre. The issue has been reported by households nearby.,low
People in the area are reporting that a section of road has sunk and vehicles must drive around it close to the playground. The issue has been reported by households nearby.,medium
Smoke from a nearby workshop is entering nearby houses near the community hall.,medium
An exposed electrical cable is hanging low where pedestrians can reach it near our houses.,high
Garbage collection has been missed for several days and waste is accumulating close to the bus stop. Several nearby residents have raised concerns.,medium
The situation involves a small amount of litter is scattered near a bus stop in our neighbourhood. The condition has remained unchanged since yesterday.,low
There is a problem where a curb has a small chipped section in our neighbourhood.,low
A local issue has developed where electrical wires are sparking beside a crowded pedestrian area at the main junction. Residents noticed the problem this morning.,high
There is a problem where a water main failure has flooded the entrance to a hospital near our houses.,high
The situation involves a public bin is partly full but not overflowing close to the bus stop.,low
A local issue has developed where a small crack has appeared along the edge of a side road near the public market.,low
A roadside drain has some leaves and sediment inside it on the main road. The problem can be seen clearly from the roadside.,low
Residents have noticed that thick smoke is causing breathing difficulty among nearby residents near the public market.,high
We have noticed that one street lamp is dim but still provides some light near our houses. Residents noticed the problem this morning.,low
There is a problem where a fallen power cable is lying across a pedestrian path near the hospital. The issue is affecting normal use of the area.,high
People in the area are reporting that a shallow puddle forms after light rain near the town centre. The condition becomes worse during busy periods.,low
People in the area are reporting that garbage collection has been missed for several days and waste is accumulating at the main junction. Residents noticed the problem this morning.,medium
A local issue has developed where a sewer blockage is creating a strong smell across several nearby properties near the school.,medium
There is a problem where a drain cover is slightly loose but still in place near the community hall.,low
We have noticed that wastewater is overflowing from a drain onto the roadside near our houses.,medium
An exposed electrical cable is hanging low where pedestrians can reach it in our neighbourhood. The issue has been reported by households nearby.,high
The situation involves a drain cover is slightly loose but still in place near the town centre. The issue has been reported by households nearby.,low
We have noticed that a shallow puddle forms after light rain near the public market. Residents noticed the problem this morning.,low
Residents have noticed that several potholes are making vehicles slow down on the main road close to the bus stop. Several nearby residents have raised concerns.,medium
A major water pipe has burst and water is entering nearby houses near the school. The problem has continued despite recent rainfall.,high
The situation involves a public bin is partly full but not overflowing near our houses. Residents noticed the problem this morning.,low
We have noticed that water supply has been unavailable to a neighbourhood since yesterday near the community hall. The condition has remained unchanged since yesterday.,medium
People in the area are reporting that a roadside drain has some leaves and sediment inside it near the community hall. People in the area have reported the same issue.,low
A local issue has developed where dense smoke from a nearby facility is causing residents to leave their homes close to the playground.,high
People in the area are reporting that wastewater is overflowing from a drain onto the roadside in our neighbourhood. People in the area have reported the same issue.,medium
We have noticed that a single street sign area has minor surface damage near our houses.,low
A local issue has developed where a fallen power cable is lying across a pedestrian path at the main junction.,high
People in the area are reporting that a water pipe is leaking continuously and a large amount of water is being wasted close to the playground. People passing through the area are being affected.,medium
We have noticed that several street lights along one road are not working close to the playground. The problem can be seen clearly from the roadside.,medium
Residents have noticed that a water main failure has flooded the entrance to a hospital near the school. People passing through the area are being affected.,high
Residents have noticed that a small amount of litter is scattered near a bus stop near the town centre.,low
A damaged electrical pole is leaning over a busy road on the main road. Several nearby residents have raised concerns.,high
We have noticed that sewage is flowing into several homes from an overflowing manhole near the community hall.,high
A roadside drain has some leaves and sediment inside it near the community hall. Residents noticed the problem this morning.,low
A local issue has developed where thick smoke is causing breathing difficulty among nearby residents near the public market. Residents noticed the problem this morning.,high
People in the area are reporting that a small patch of the road surface has become uneven near the public market. The issue has been reported by households nearby.,low
Residents have noticed that a roadside drain is blocked and rainwater is collecting across part of the road in our neighbourhood. The issue has been reported by households nearby.,medium
A roadside drain has some leaves and sediment inside it near our houses.,low
We have noticed that one street lamp is dim but still provides some light along the roadside.,low
A small crack has appeared along the edge of a side road on the main road. The problem has continued despite recent rainfall.,low
People in the area are reporting that a public bin is partly full but not overflowing near the public market. The condition becomes worse during busy periods.,low
A minor water leak is dripping from a public pipe near the hospital.,low
Electrical wires are sparking beside a crowded pedestrian area close to the playground.,high
Residents have noticed that sewage is flowing into several homes from an overflowing manhole near the school. The problem can be seen clearly from the roadside.,high
Residents have noticed that several street lights along one road are not working close to the bus stop. The problem has continued despite recent rainfall.,medium
We have noticed that sewage is spreading across a school access road near the hospital.,high
There is a problem where part of a roadside retaining wall has collapsed onto the traffic lane on the main road. The issue is affecting normal use of the area.,high
The situation involves a fallen power cable is lying across a pedestrian path near the town centre. The problem has continued despite recent rainfall.,high
The situation involves construction dust is affecting nearby shops and homes throughout the day near the town centre. The condition has remained unchanged since yesterday.,medium
The situation involves floodwater has entered houses and is continuing to rise near the town centre. The issue is affecting normal use of the area.,high
Residents have noticed that dense smoke from a nearby facility is causing residents to leave their homes near the school. People passing through the area are being affected.,high
A large public waste bin is overflowing onto the pavement on the main road.,medium
We have noticed that a minor water leak is dripping from a public pipe along the roadside. The condition has remained unchanged since yesterday.,low
The situation involves thick smoke is causing breathing difficulty among nearby residents along the roadside.,high
The situation involves there is a small amount of dust near a construction site near our houses.,low
We have noticed that a small patch of the road surface has become uneven on the main road. Several nearby residents have raised concerns.,low
A local issue has developed where floodwater has entered houses and is continuing to rise near the school. People passing through the area are being affected.,high
There is a problem where floodwater has entered houses and is continuing to rise near our houses.,high
People in the area are reporting that several street lights along one road are not working near the public market.,medium
Residents have noticed that tap water has a slight unusual smell but remains available close to the bus stop. People passing through the area are being affected.,low
A fallen power cable is lying across a pedestrian path near the community hall.,high
We have noticed that one lamp flickers occasionally during the evening near the public market.,low
There is a problem where there is a small amount of dust near a construction site near the public market.,low
Residents have noticed that a damaged electrical pole is leaning over a busy road near the community hall.,high
The situation involves several potholes are making vehicles slow down on the main road on the main road. The issue has been reported by households nearby.,medium
A deep hole has opened across most of the traffic lane near a blind bend on the main road. The condition becomes worse during busy periods.,high
There is a problem where a water main failure has flooded the entrance to a hospital near our houses. The problem has continued despite recent rainfall.,high
A local issue has developed where sewage is flowing into several homes from an overflowing manhole near the town centre.,high
There is a problem where floodwater has entered houses and is continuing to rise near the school.,high
People in the area are reporting that repeated electricity interruptions are affecting many houses on the main road.,medium
The situation involves construction dust is affecting nearby shops and homes throughout the day near the town centre.,medium
Residents have noticed that a small crack has appeared along the edge of a side road along the roadside. The problem has continued despite recent rainfall.,low
We have noticed that a small crack has appeared along the edge of a side road near the town centre. The condition has remained unchanged since yesterday.,low
A local issue has developed where a damaged electrical pole is leaning over a busy road on the main road.,high
A shallow puddle forms after light rain near the school. The condition becomes worse during busy periods.,low
Residents have noticed that a large section of road has collapsed beside a school entrance near the school.,high
There is a problem where a large public waste bin is overflowing onto the pavement along the roadside. Several nearby residents have raised concerns.,medium
The situation involves several street lights along one road are not working in our neighbourhood.,medium
Wastewater is overflowing from a drain onto the roadside close to the playground. People in the area have reported the same issue.,medium
Residents have noticed that sewage is flowing into several homes from an overflowing manhole on the main road. The issue is affecting normal use of the area.,high
Residents have noticed that construction dust is affecting nearby shops and homes throughout the day near the town centre. Residents noticed the problem this morning.,medium
A water main failure has flooded the entrance to a hospital close to the playground.,high
A local issue has developed where water supply has been unavailable to a neighbourhood since yesterday near the public market. Several nearby residents have raised concerns.,medium
There is a problem where electrical wires are sparking beside a crowded pedestrian area along the roadside.,high
A local issue has developed where a roadside drain is blocked and rainwater is collecting across part of the road near the school. The issue is affecting normal use of the area.,medium
There is a problem where a drain cover is slightly loose but still in place in our neighbourhood. Residents noticed the problem this morning.,low
A roadside drain is blocked and rainwater is collecting across part of the road near the public market. People in the area have reported the same issue.,medium
Residents have noticed that a single street sign area has minor surface damage near the school.,low
A fallen power cable is lying across a pedestrian path near the public market.,high
A local issue has developed where a few garbage bags are waiting at the normal collection point near the school. The issue has been reported by households nearby.,low
There is a problem where several potholes are making vehicles slow down on the main road close to the playground. The condition becomes worse during busy periods.,medium
There is a problem where garbage collection has been missed for several days and waste is accumulating along the roadside.,medium
Residents have noticed that electrical wires are sparking beside a crowded pedestrian area near the school.,high
A local issue has developed where there is a small amount of dust near a construction site near the community hall.,low
Residents have noticed that a damaged electrical pole is leaning over a busy road near the town centre.,high
A local issue has developed where a deep hole has opened across most of the traffic lane near a blind bend close to the playground.,high
The situation involves a single street sign area has minor surface damage near the hospital. The issue is affecting normal use of the area.,low
Residents have noticed that a small amount of litter is scattered near a bus stop near the hospital. The problem can be seen clearly from the roadside.,low
The situation involves garbage collection has been missed for several days and waste is accumulating close to the playground. The problem can be seen clearly from the roadside.,medium
A local issue has developed where a sewer blockage is creating a strong smell across several nearby properties near the public market.,medium
Residents have noticed that the road surface is damaged in several places and motorcycles are having difficulty passing close to the bus stop. Residents noticed the problem this morning.,medium
People in the area are reporting that a shallow puddle forms after light rain near the town centre. The problem has continued despite recent rainfall.,low
The situation involves a small crack has appeared along the edge of a side road close to the playground. Residents noticed the problem this morning.,low
People in the area are reporting that construction dust is affecting nearby shops and homes throughout the day close to the bus stop.,medium
A local issue has developed where sewage is flowing into several homes from an overflowing manhole near the town centre. People passing through the area are being affected.,high
People in the area are reporting that dense smoke from a nearby facility is causing residents to leave their homes in our neighbourhood.,high
People in the area are reporting that a drain cover is slightly loose but still in place close to the bus stop.,low
A local issue has developed where a large public waste bin is overflowing onto the pavement on the main road. The problem can be seen clearly from the roadside.,medium
We have noticed that a water main failure has flooded the entrance to a hospital near the community hall. The issue has been reported by households nearby.,high
Residents have noticed that a section of road has sunk and vehicles must drive around it along the roadside. People passing through the area are being affected.,medium
A local issue has developed where a water main failure has flooded the entrance to a hospital close to the playground.,high
The situation involves thick smoke is causing breathing difficulty among nearby residents on the main road. The issue has been reported by households nearby.,high
Residents have noticed that one street lamp is dim but still provides some light close to the playground.,low
The situation involves an exposed electrical cable is hanging low where pedestrians can reach it near the community hall. Residents noticed the problem this morning.,high
There is a problem where water pressure is too low for many houses in the area near the town centre. The problem has continued despite recent rainfall.,medium
A large section of road has collapsed beside a school entrance near our houses.,high
Residents have noticed that a minor water leak is dripping from a public pipe in our neighbourhood. The condition becomes worse during busy periods.,low
There is a problem where sewage is spreading across a school access road in our neighbourhood.,high
There is a small amount of dust near a construction site in our neighbourhood. The problem has continued despite recent rainfall.,low
A fallen power cable is lying across a pedestrian path on the main road.,high
People in the area are reporting that dense smoke from a nearby facility is causing residents to leave their homes near our houses. The condition has remained unchanged since yesterday.,high
People in the area are reporting that construction dust is affecting nearby shops and homes throughout the day on the main road.,medium
The situation involves a roadside drain has some leaves and sediment inside it on the main road.,low
Residents have noticed that construction dust is affecting nearby shops and homes throughout the day in our neighbourhood. People passing through the area are being affected.,medium
A local issue has developed where several street lights along one road are not working on the main road.,medium
There is a problem where sewage is flowing into several homes from an overflowing manhole close to the playground. The condition becomes worse during busy periods.,high
People in the area are reporting that the road surface is damaged in several places and motorcycles are having difficulty passing close to the playground.,medium
Residents have noticed that a water main failure has flooded the entrance to a hospital near the community hall. Several nearby residents have raised concerns.,high
The situation involves several potholes are making vehicles slow down on the main road near the community hall.,medium
Residents have noticed that a small patch of the road surface has become uneven in our neighbourhood. The issue has been reported by households nearby.,low
There is a problem where a chemical liquid has leaked onto a public road beside residential buildings close to the playground.,high
We have noticed that a large section of road has collapsed beside a school entrance close to the bus stop. Several nearby residents have raised concerns.,high
We have noticed that a deep hole has opened across most of the traffic lane near a blind bend in our neighbourhood.,high
The situation involves construction dust is affecting nearby shops and homes throughout the day near the community hall. The condition has remained unchanged since yesterday.,medium
The situation involves one street lamp is dim but still provides some light close to the bus stop.,low
The situation involves a sewer blockage is creating a strong smell across several nearby properties in our neighbourhood. The issue is affecting normal use of the area.,medium
We have noticed that water supply has been unavailable to a neighbourhood since yesterday on the main road. The issue is affecting normal use of the area.,medium
A roadside drain has some leaves and sediment inside it in our neighbourhood.,low
The situation involves water supply has been unavailable to a neighbourhood since yesterday close to the bus stop.,medium
Water supply has been unavailable to a neighbourhood since yesterday near the hospital. The issue is affecting normal use of the area.,medium
We have noticed that wastewater is overflowing from a drain onto the roadside in our neighbourhood.,medium
We have noticed that dense smoke from a nearby facility is causing residents to leave their homes near the community hall.,high
People in the area are reporting that thick smoke is causing breathing difficulty among nearby residents near the school. Residents noticed the problem this morning.,high
There is a problem where a small crack has appeared along the edge of a side road on the main road.,low
The situation involves a roadside drain is blocked and rainwater is collecting across part of the road near the town centre. The problem has continued despite recent rainfall.,medium
There is a problem where a deep hole has opened across most of the traffic lane near a blind bend on the main road.,high
Tap water has a slight unusual smell but remains available near the town centre.,low
Construction dust is affecting nearby shops and homes throughout the day near the hospital.,medium
People in the area are reporting that there is a small amount of dust near a construction site along the roadside.,low
People in the area are reporting that part of a roadside retaining wall has collapsed onto the traffic lane in our neighbourhood. The condition becomes worse during busy periods.,high
We have noticed that a sewer blockage is creating a strong smell across several nearby properties near the community hall.,medium
Residents have noticed that tap water has a slight unusual smell but remains available along the roadside. The issue is affecting normal use of the area.,low
People in the area are reporting that a deep hole has opened across most of the traffic lane near a blind bend near the public market.,high
People in the area are reporting that a drain cover is slightly loose but still in place on the main road. The condition becomes worse during busy periods.,low
A single street sign area has minor surface damage near the community hall.,low
We have noticed that a small patch of the road surface has become uneven on the main road. People in the area have reported the same issue.,low
We have noticed that one lamp flickers occasionally during the evening at the main junction.,low
We have noticed that one lamp flickers occasionally during the evening near the hospital.,low
We have noticed that a single street sign area has minor surface damage near the hospital. The problem can be seen clearly from the roadside.,low
There is a problem where part of a roadside retaining wall has collapsed onto the traffic lane in our neighbourhood. The problem can be seen clearly from the roadside.,high
People in the area are reporting that a large public waste bin is overflowing onto the pavement close to the playground.,medium
Smoke from a nearby workshop is entering nearby houses near the town centre. The problem can be seen clearly from the roadside.,medium
Residents have noticed that water supply has been unavailable to a neighbourhood since yesterday near the hospital. Several nearby residents have raised concerns.,medium
The situation involves dense smoke from a nearby facility is causing residents to leave their homes close to the bus stop. The problem has continued despite recent rainfall.,high
A local issue has developed where a water pipe is leaking continuously and a large amount of water is being wasted in our neighbourhood.,medium
The situation involves sewage is spreading across a school access road along the roadside. The problem has continued despite recent rainfall.,high
We have noticed that water supply has been unavailable to a neighbourhood since yesterday close to the bus stop. The problem can be seen clearly from the roadside.,medium
There is a problem where water pressure is too low for many houses in the area near the school.,medium
A local issue has developed where a deep hole has opened across most of the traffic lane near a blind bend near the town centre. Several nearby residents have raised concerns.,high
Residents have noticed that several potholes are making vehicles slow down on the main road close to the bus stop. The problem has continued despite recent rainfall.,medium
Tap water has a slight unusual smell but remains available near the public market.,low
A local issue has developed where water pressure is too low for many houses in the area along the roadside.,medium
A local issue has developed where part of a roadside retaining wall has collapsed onto the traffic lane near our houses. Several nearby residents have raised concerns.,high
A small crack has appeared along the edge of a side road near the hospital.,low
We have noticed that a small crack has appeared along the edge of a side road near the town centre. People in the area have reported the same issue.,low
A local issue has developed where a deep hole has opened across most of the traffic lane near a blind bend in our neighbourhood. People passing through the area are being affected.,high
The situation involves one lamp flickers occasionally during the evening close to the playground. Residents noticed the problem this morning.,low
We have noticed that construction dust is affecting nearby shops and homes throughout the day close to the bus stop. People in the area have reported the same issue.,medium
We have noticed that a roadside drain is blocked and rainwater is collecting across part of the road at the main junction. The condition has remained unchanged since yesterday.,medium
People in the area are reporting that sewage is spreading across a school access road close to the playground. Residents noticed the problem this morning.,high
We have noticed that thick smoke is causing breathing difficulty among nearby residents along the roadside. Residents noticed the problem this morning.,high
There is a problem where construction dust is affecting nearby shops and homes throughout the day in our neighbourhood. People in the area have reported the same issue.,medium
People in the area are reporting that several street lights along one road are not working near the hospital. People in the area have reported the same issue.,medium
Residents have noticed that a section of road has sunk and vehicles must drive around it near the hospital. People passing through the area are being affected.,medium
A local issue has developed where a large section of road has collapsed beside a school entrance near our houses. Several nearby residents have raised concerns.,high
People in the area are reporting that a large public waste bin is overflowing onto the pavement close to the bus stop. The problem has continued despite recent rainfall.,medium
We have noticed that several potholes are making vehicles slow down on the main road near our houses. People passing through the area are being affected.,medium
The situation involves a curb has a small chipped section near the public market. The problem can be seen clearly from the roadside.,low
There is a small amount of dust near a construction site close to the bus stop. People in the area have reported the same issue.,low
Wastewater is overflowing from a drain onto the roadside near the public market. People in the area have reported the same issue.,medium
A local issue has developed where a public bin is partly full but not overflowing on the main road.,low
There is a problem where a roadside drain has some leaves and sediment inside it near the hospital.,low
There is a problem where repeated electricity interruptions are affecting many houses near the community hall.,medium
A sewer blockage is creating a strong smell across several nearby properties along the roadside.,medium
We have noticed that a drain cover is slightly loose but still in place close to the bus stop. The condition becomes worse during busy periods.,low
Water pressure is too low for many houses in the area at the main junction. The condition becomes worse during busy periods.,medium
There is a problem where smoke from a nearby workshop is entering nearby houses at the main junction. The issue has been reported by households nearby.,medium
People in the area are reporting that a shallow puddle forms after light rain near the public market. The issue has been reported by households nearby.,low
Residents have noticed that a fallen power cable is lying across a pedestrian path near the community hall. The condition has remained unchanged since yesterday.,high
Residents have noticed that a water main failure has flooded the entrance to a hospital at the main junction.,high
We have noticed that repeated electricity interruptions are affecting many houses on the main road. The issue is affecting normal use of the area.,medium
There is a problem where the road surface is damaged in several places and motorcycles are having difficulty passing near the public market. People in the area have reported the same issue.,medium
The situation involves a roadside drain is blocked and rainwater is collecting across part of the road in our neighbourhood.,medium
We have noticed that a chemical liquid has leaked onto a public road beside residential buildings on the main road. The condition becomes worse during busy periods.,high
Several street lights along one road are not working on the main road.,medium
Sewage is spreading across a school access road along the roadside.,high
There is a problem where a roadside drain is blocked and rainwater is collecting across part of the road near the town centre.,medium
We have noticed that construction dust is affecting nearby shops and homes throughout the day along the roadside.,medium
Repeated electricity interruptions are affecting many houses close to the bus stop. Residents noticed the problem this morning.,medium
Residents have noticed that an exposed electrical cable is hanging low where pedestrians can reach it on the main road. Several nearby residents have raised concerns.,high
Residents have noticed that a damaged electrical pole is leaning over a busy road near the town centre. The condition has remained unchanged since yesterday.,high
The situation involves garbage collection has been missed for several days and waste is accumulating on the main road.,medium
There is a problem where construction dust is affecting nearby shops and homes throughout the day near the community hall. The problem has continued despite recent rainfall.,medium
The situation involves one street lamp is dim but still provides some light on the main road.,low
The situation involves a fallen power cable is lying across a pedestrian path in our neighbourhood. The issue is affecting normal use of the area.,high
The situation involves a section of road has sunk and vehicles must drive around it at the main junction. People in the area have reported the same issue.,medium
A local issue has developed where sewage is flowing into several homes from an overflowing manhole near the hospital. People passing through the area are being affected.,high
Residents have noticed that sewage is flowing into several homes from an overflowing manhole near the town centre.,high
There is a problem where a large section of road has collapsed beside a school entrance near the community hall. The problem can be seen clearly from the roadside.,high
A sewer blockage is creating a strong smell across several nearby properties at the main junction. The problem can be seen clearly from the roadside.,medium
We have noticed that a sewer blockage is creating a strong smell across several nearby properties close to the playground.,medium
We have noticed that several street lights along one road are not working close to the playground. Residents noticed the problem this morning.,medium
People in the area are reporting that a large section of road has collapsed beside a school entrance near the hospital.,high
There is a problem where several street lights along one road are not working near the school. The condition has remained unchanged since yesterday.,medium
The situation involves one lamp flickers occasionally during the evening at the main junction. People passing through the area are being affected.,low
A local issue has developed where the road surface is damaged in several places and motorcycles are having difficulty passing at the main junction.,medium
We have noticed that a damaged electrical pole is leaning over a busy road near our houses.,high
Thick smoke is causing breathing difficulty among nearby residents along the roadside.,high
There is a problem where dense smoke from a nearby facility is causing residents to leave their homes on the main road. People passing through the area are being affected.,high
A local issue has developed where water pressure is too low for many houses in the area near the town centre.,medium
A local issue has developed where construction dust is affecting nearby shops and homes throughout the day on the main road.,medium
A curb has a small chipped section near the community hall. Residents noticed the problem this morning.,low
A roadside drain is blocked and rainwater is collecting across part of the road along the roadside.,medium
Residents have noticed that a public bin is partly full but not overflowing in our neighbourhood. People in the area have reported the same issue.,low
There is a problem where a deep hole has opened across most of the traffic lane near a blind bend near our houses. The condition becomes worse during busy periods.,high
A local issue has developed where tap water has a slight unusual smell but remains available near the hospital. People passing through the area are being affected.,low
The road surface is damaged in several places and motorcycles are having difficulty passing near the town centre.,medium
There is a problem where the road surface is damaged in several places and motorcycles are having difficulty passing at the main junction.,medium
The situation involves wastewater is overflowing from a drain onto the roadside along the roadside. Residents noticed the problem this morning.,medium
Residents have noticed that a small amount of litter is scattered near a bus stop near our houses. People in the area have reported the same issue.,low
We have noticed that a small crack has appeared along the edge of a side road in our neighbourhood.,low
There is a problem where part of a roadside retaining wall has collapsed onto the traffic lane near the school. The problem can be seen clearly from the roadside.,high
There is a problem where a minor water leak is dripping from a public pipe on the main road.,low
There is a problem where a public bin is partly full but not overflowing near the school. The problem can be seen clearly from the roadside.,low
Sewage is flowing into several homes from an overflowing manhole near the town centre. The issue has been reported by households nearby.,high
The situation involves a chemical liquid has leaked onto a public road beside residential buildings along the roadside.,high
A water pipe is leaking continuously and a large amount of water is being wasted along the roadside. The condition has remained unchanged since yesterday.,medium
Electrical wires are sparking beside a crowded pedestrian area near the town centre. The problem has continued despite recent rainfall.,high
People in the area are reporting that a large public waste bin is overflowing onto the pavement near the hospital.,medium
Residents have noticed that a damaged electrical pole is leaning over a busy road near the public market. Several nearby residents have raised concerns.,high
A local issue has developed where a small crack has appeared along the edge of a side road near the public market. The condition has remained unchanged since yesterday.,low
Residents have noticed that smoke from a nearby workshop is entering nearby houses near our houses.,medium
A local issue has developed where a large section of road has collapsed beside a school entrance close to the playground. The problem has continued despite recent rainfall.,high
Smoke from a nearby workshop is entering nearby houses near the public market. People in the area have reported the same issue.,medium
Residents have noticed that a water main failure has flooded the entrance to a hospital on the main road.,high
A local issue has developed where a water main failure has flooded the entrance to a hospital near the public market.,high
Residents have noticed that a small patch of the road surface has become uneven in our neighbourhood.,low
A local issue has developed where water pressure is too low for many houses in the area close to the playground. The problem can be seen clearly from the roadside.,medium
The situation involves a fallen power cable is lying across a pedestrian path at the main junction. The condition has remained unchanged since yesterday.,high
There is a problem where a small amount of litter is scattered near a bus stop close to the bus stop.,low
A local issue has developed where there is a small amount of dust near a construction site near the hospital. People in the area have reported the same issue.,low
A local issue has developed where a water pipe is leaking continuously and a large amount of water is being wasted at the main junction.,medium
A minor water leak is dripping from a public pipe near the school. The problem has continued despite recent rainfall.,low
Residents have noticed that part of a roadside retaining wall has collapsed onto the traffic lane near the school.,high
A local issue has developed where floodwater has entered houses and is continuing to rise near the public market.,high
A fallen power cable is lying across a pedestrian path close to the bus stop. People passing through the area are being affected.,high
A local issue has developed where garbage collection has been missed for several days and waste is accumulating in our neighbourhood. Several nearby residents have raised concerns.,medium
There is a problem where a shallow puddle forms after light rain in our neighbourhood.,low
We have noticed that a deep hole has opened across most of the traffic lane near a blind bend in our neighbourhood. The problem has continued despite recent rainfall.,high
People in the area are reporting that one street lamp is dim but still provides some light near the public market. The condition has remained unchanged since yesterday.,low
People in the area are reporting that water pressure is too low for many houses in the area close to the bus stop. People passing through the area are being affected.,medium
A drain cover is slightly loose but still in place in our neighbourhood.,low
A fallen power cable is lying across a pedestrian path near the town centre. Residents noticed the problem this morning.,high
The situation involves a roadside drain is blocked and rainwater is collecting across part of the road at the main junction. People in the area have reported the same issue.,medium
We have noticed that a roadside drain is blocked and rainwater is collecting across part of the road in our neighbourhood.,medium
There is a problem where a large public waste bin is overflowing onto the pavement on the main road.,medium
Residents have noticed that a chemical liquid has leaked onto a public road beside residential buildings along the roadside.,high
The situation involves a large section of road has collapsed beside a school entrance on the main road. The problem has continued despite recent rainfall.,high
We have noticed that wastewater is overflowing from a drain onto the roadside close to the bus stop. People passing through the area are being affected.,medium
There is a problem where several street lights along one road are not working at the main junction.,medium
There is a problem where part of a roadside retaining wall has collapsed onto the traffic lane at the main junction.,high
There is a problem where a shallow puddle forms after light rain along the roadside. The issue is affecting normal use of the area.,low
We have noticed that thick smoke is causing breathing difficulty among nearby residents near the town centre. The problem can be seen clearly from the roadside.,high
People in the area are reporting that construction dust is affecting nearby shops and homes throughout the day on the main road. The problem has continued despite recent rainfall.,medium
We have noticed that a public bin is partly full but not overflowing near the hospital. The condition has remained unchanged since yesterday.,low
Residents have noticed that a single street sign area has minor surface damage close to the playground. Residents noticed the problem this morning.,low
A local issue has developed where part of a roadside retaining wall has collapsed onto the traffic lane near the public market.,high
The situation involves tap water has a slight unusual smell but remains available at the main junction.,low
There is a problem where a large section of road has collapsed beside a school entrance near the community hall.,high
The situation involves one street lamp is dim but still provides some light along the roadside. The problem can be seen clearly from the roadside.,low
A local issue has developed where a section of road has sunk and vehicles must drive around it close to the playground. The condition becomes worse during busy periods.,medium
A local issue has developed where a shallow puddle forms after light rain near the public market.,low
There is a problem where there is a small amount of dust near a construction site near the hospital.,low
There is a problem where a water main failure has flooded the entrance to a hospital along the roadside. The condition becomes worse during busy periods.,high
The situation involves a major water pipe has burst and water is entering nearby houses near our houses. The issue is affecting normal use of the area.,high
We have noticed that the road surface is damaged in several places and motorcycles are having difficulty passing along the roadside.,medium
Residents have noticed that water supply has been unavailable to a neighbourhood since yesterday in our neighbourhood. The condition becomes worse during busy periods.,medium
Residents have noticed that there is a small amount of dust near a construction site close to the playground.,low
There is a problem where a drain cover is slightly loose but still in place close to the bus stop. People in the area have reported the same issue.,low
A local issue has developed where a large section of road has collapsed beside a school entrance close to the playground. The problem can be seen clearly from the roadside.,high
A local issue has developed where tap water has a slight unusual smell but remains available near the public market.,low
Residents have noticed that repeated electricity interruptions are affecting many houses near our houses. The condition becomes worse during busy periods.,medium
A minor water leak is dripping from a public pipe at the main junction. People in the area have reported the same issue.,low
A local issue has developed where a public bin is partly full but not overflowing near the town centre. The problem has continued despite recent rainfall.,low
The situation involves a large public waste bin is overflowing onto the pavement near the town centre. The problem has continued despite recent rainfall.,medium
Residents have noticed that electrical wires are sparking beside a crowded pedestrian area near the hospital.,high
We have noticed that an exposed electrical cable is hanging low where pedestrians can reach it on the main road.,high
The situation involves one street lamp is dim but still provides some light in our neighbourhood. The condition has remained unchanged since yesterday.,low
The situation involves smoke from a nearby workshop is entering nearby houses in our neighbourhood. The issue has been reported by households nearby.,medium
The situation involves a roadside drain is blocked and rainwater is collecting across part of the road near our houses. The issue is affecting normal use of the area.,medium
The situation involves an exposed electrical cable is hanging low where pedestrians can reach it near the town centre. Several nearby residents have raised concerns.,high
We have noticed that water supply has been unavailable to a neighbourhood since yesterday along the roadside. People in the area have reported the same issue.,medium
The situation involves a large public waste bin is overflowing onto the pavement close to the bus stop. The condition becomes worse during busy periods.,medium
Residents have noticed that a water pipe is leaking continuously and a large amount of water is being wasted in our neighbourhood.,medium
There is a problem where a chemical liquid has leaked onto a public road beside residential buildings at the main junction. Several nearby residents have raised concerns.,high
A drain cover is slightly loose but still in place near the community hall.,low
Residents have noticed that a roadside drain has some leaves and sediment inside it near the public market. The condition becomes worse during busy periods.,low
There is a problem where an exposed electrical cable is hanging low where pedestrians can reach it near the public market.,high
A local issue has developed where water supply has been unavailable to a neighbourhood since yesterday in our neighbourhood. The issue has been reported by households nearby.,medium
People in the area are reporting that a water pipe is leaking continuously and a large amount of water is being wasted along the roadside. Residents noticed the problem this morning.,medium
We have noticed that a deep hole has opened across most of the traffic lane near a blind bend near the school.,high
Water pressure is too low for many houses in the area near the town centre.,medium
We have noticed that sewage is spreading across a school access road close to the playground. Residents noticed the problem this morning.,high
A local issue has developed where a damaged electrical pole is leaning over a busy road on the main road. The issue has been reported by households nearby.,high
The situation involves part of a roadside retaining wall has collapsed onto the traffic lane on the main road.,high
A local issue has developed where a shallow puddle forms after light rain in our neighbourhood. People in the area have reported the same issue.,low
Residents have noticed that dense smoke from a nearby facility is causing residents to leave their homes near the hospital. The condition becomes worse during busy periods.,high
We have noticed that a fallen power cable is lying across a pedestrian path near our houses. People passing through the area are being affected.,high
A local issue has developed where a minor water leak is dripping from a public pipe on the main road. The issue has been reported by households nearby.,low
Electrical wires are sparking beside a crowded pedestrian area near the public market.,high
We have noticed that a sewer blockage is creating a strong smell across several nearby properties close to the bus stop. People in the area have reported the same issue.,medium
We have noticed that a fallen power cable is lying across a pedestrian path near the hospital. People in the area have reported the same issue.,high
The situation involves a fallen power cable is lying across a pedestrian path near the school. The issue is affecting normal use of the area.,high
Residents have noticed that sewage is spreading across a school access road at the main junction. The problem has continued despite recent rainfall.,high
A shallow puddle forms after light rain close to the playground.,low
The situation involves repeated electricity interruptions are affecting many houses close to the bus stop.,medium
A local issue has developed where thick smoke is causing breathing difficulty among nearby residents near the community hall.,high
People in the area are reporting that wastewater is overflowing from a drain onto the roadside near the public market.,medium
We have noticed that a sewer blockage is creating a strong smell across several nearby properties close to the playground. People in the area have reported the same issue.,medium
The situation involves a single street sign area has minor surface damage close to the bus stop.,low
People in the area are reporting that sewage is flowing into several homes from an overflowing manhole near the school. People passing through the area are being affected.,high
The situation involves a minor water leak is dripping from a public pipe near our houses.,low
Smoke from a nearby workshop is entering nearby houses near the community hall. Several nearby residents have raised concerns.,medium
The situation involves a small amount of litter is scattered near a bus stop on the main road.,low
There is a problem where a fallen power cable is lying across a pedestrian path in our neighbourhood. The problem has continued despite recent rainfall.,high
People in the area are reporting that thick smoke is causing breathing difficulty among nearby residents on the main road.,high
The situation involves a water main failure has flooded the entrance to a hospital in our neighbourhood.,high
A local issue has developed where water pressure is too low for many houses in the area on the main road.,medium
A local issue has developed where one lamp flickers occasionally during the evening near the town centre.,low
We have noticed that electrical wires are sparking beside a crowded pedestrian area along the roadside. The problem has continued despite recent rainfall.,high
The situation involves there is a small amount of dust near a construction site near the community hall.,low
There is a problem where sewage is spreading across a school access road near the town centre.,high
People in the area are reporting that a curb has a small chipped section near the hospital.,low
People in the area are reporting that a roadside drain has some leaves and sediment inside it close to the playground.,low
Several potholes are making vehicles slow down on the main road in our neighbourhood. People in the area have reported the same issue.,medium
The situation involves a major water pipe has burst and water is entering nearby houses in our neighbourhood. The problem has continued despite recent rainfall.,high
A local issue has developed where a small amount of litter is scattered near a bus stop at the main junction. The condition has remained unchanged since yesterday.,low
There is a problem where the road surface is damaged in several places and motorcycles are having difficulty passing near our houses. The problem has continued despite recent rainfall.,medium
A local issue has developed where sewage is spreading across a school access road near our houses.,high
A local issue has developed where dense smoke from a nearby facility is causing residents to leave their homes near the school. Residents noticed the problem this morning.,high
There is a problem where the road surface is damaged in several places and motorcycles are having difficulty passing near the community hall. Several nearby residents have raised concerns.,medium
People in the area are reporting that a damaged electrical pole is leaning over a busy road close to the playground. The issue is affecting normal use of the area.,high
People in the area are reporting that a public bin is partly full but not overflowing on the main road.,low
We have noticed that a large public waste bin is overflowing onto the pavement near our houses.,medium
The situation involves a shallow puddle forms after light rain near the town centre.,low
The situation involves a damaged electrical pole is leaning over a busy road on the main road. The issue has been reported by households nearby.,high
Residents have noticed that a major water pipe has burst and water is entering nearby houses at the main junction. The issue has been reported by households nearby.,high
Residents have noticed that a sewer blockage is creating a strong smell across several nearby properties in our neighbourhood. The issue has been reported by households nearby.,medium
People in the area are reporting that a minor water leak is dripping from a public pipe near the school. The issue has been reported by households nearby.,low
Water supply has been unavailable to a neighbourhood since yesterday near the community hall.,medium
The situation involves a single street sign area has minor surface damage along the roadside. The problem has continued despite recent rainfall.,low
People in the area are reporting that an exposed electrical cable is hanging low where pedestrians can reach it in our neighbourhood. The condition becomes worse during busy periods.,high
There is a problem where smoke from a nearby workshop is entering nearby houses near our houses. Residents noticed the problem this morning.,medium
Water supply has been unavailable to a neighbourhood since yesterday near the public market.,medium
The situation involves a sewer blockage is creating a strong smell across several nearby properties near our houses. People in the area have reported the same issue.,medium
Residents have noticed that a roadside drain is blocked and rainwater is collecting across part of the road near the school. The issue has been reported by households nearby.,medium
We have noticed that a curb has a small chipped section along the roadside. The problem has continued despite recent rainfall.,low
