complaint_text,priority,source
We have noticed that a sewer blockage is creating a strong smell across several nearby properties near the town centre. The condition becomes worse during busy periods.,medium,v2_original
We would like to report that several potholes are making vehicles slow down and change direction in the residential area.,medium,v3_targeted_augmentation
There is a problem where sewage is spreading across a school access road near the town centre.,high,v2_original
Water supply has been unavailable to a neighbourhood since yesterday near the community hall.,medium,v2_original
There is a problem where a small amount of litter is scattered near a bus stop near the community hall. The condition has remained unchanged since yesterday.,low,v2_original
We have noticed that a shallow puddle forms after light rain near the public market. Residents noticed the problem this morning.,low,v2_original
We have noticed that a drain cover is slightly loose but still in place near the hospital. The condition has remained unchanged since yesterday.,low,v2_original
A local issue has developed where sewage is spreading across a school access road near our houses. The problem has continued despite recent rainfall.,high,v2_original
The community would like to report that the road surface is badly cracked and uneven near the playground. the problem should be addressed before it becomes dangerous.,medium,v3_targeted_augmentation
The community would like to report that garbage collection has been missed for several days and waste is accumulating near the junction. the issue is causing significant inconvenience.,medium,v3_targeted_augmentation
People in the area are reporting that water pressure is too low for many houses in the area near the public market.,medium,v2_original
The situation involves several potholes are making vehicles slow down on the main road at the main junction.,medium,v2_original
"beside the public road, a drainage outlet is partially blocked and dirty water reaches the walkway. residents are requesting prompt attention. Residents are requesting assistance.",medium,v3_targeted_augmentation
A local issue has developed where dense smoke from a nearby facility is causing residents to leave their homes near our houses.,high,v2_original
A local issue has developed where a public bin is partly full but not overflowing on the main road. The condition becomes worse during busy periods.,low,v2_original
We are experiencing a situation where water service keeps stopping for several hours at a time outside the hospital. the problem has continued for more than a day. Please take the necessary action.,medium,v3_targeted_augmentation
The situation involves sewage is flowing into several homes from an overflowing manhole near our houses.,high,v2_original
There is a public complaint because a fallen lamp post is blocking part of the road with electrical wires attached close to the local clinic. residents are at risk of serious injury. The relevant department should investigate the problem.,high,v3_targeted_augmentation
Residents have noticed that a section of road has sunk and vehicles must drive around it along the roadside. People passing through the area are being affected.,medium,v2_original
There is a problem where a deep hole has opened across most of the traffic lane near a blind bend near the school.,high,v2_original
Residents have noticed that dense smoke from a nearby facility is causing residents to leave their homes near the town centre.,high,v2_original
There is a problem where floodwater has entered houses and is continuing to rise near our houses. People in the area have reported the same issue.,high,v2_original
We are experiencing a situation where a shallow pothole has started forming on a quiet side road in the residential area. the problem is limited to a small section. The relevant department should investigate the problem.,low,v3_targeted_augmentation
People living nearby have noticed that residents are experiencing repeated power cuts during the evening at the village entrance. residents are requesting prompt attention. We would appreciate assistance with this problem.,medium,v3_targeted_augmentation
The community would like to report that a fallen lamp post is blocking part of the road with electrical wires attached near the community centre. someone could be seriously injured if the area is not secured immediately. The relevant department should investigate the problem.,high,v3_targeted_augmentation
We have noticed that a small amount of litter is scattered near a bus stop near the hospital. People in the area have reported the same issue.,low,v2_original
A local issue has developed where a fallen power cable is lying across a pedestrian path along the roadside.,high,v2_original
People in the area are reporting that water supply has been unavailable to a neighbourhood since yesterday close to the playground.,medium,v2_original
a small amount of rubbish has been left near a public bin in the residential area. Please address this issue.,low,v3_targeted_augmentation
People in the area are reporting that a minor water leak is dripping from a public pipe near the town centre. People in the area have reported the same issue.,low,v2_original
Residents report that a strong chemical release is affecting people in nearby homes close to the local clinic.,high,v3_targeted_augmentation
We would like to report that a small amount of dust is affecting one section of the road close to the bus stop.,low,v3_targeted_augmentation
The situation involves part of a roadside retaining wall has collapsed onto the traffic lane near the community hall. The condition becomes worse during busy periods.,high,v2_original
Residents have reported that a large tree has fallen onto electrical lines above the road near the railway station. residents are at risk of serious injury. We would appreciate assistance with this problem.,high,v3_targeted_augmentation
an exposed electrical cable is hanging where people can touch it close to the bus stop. Residents are requesting assistance.,high,v3_targeted_augmentation
Residents have reported that multiple damaged sections of road are affecting normal traffic outside the school. normal daily activities are being affected. Please take the necessary action.,medium,v3_targeted_augmentation
The situation involves a shallow puddle forms after light rain close to the playground. Several nearby residents have raised concerns.,low,v2_original
Residents have noticed that a small crack has appeared along the edge of a side road near the community hall. People passing through the area are being affected.,low,v2_original
We would like to report that electrical wires are sparking beside a crowded public area near the junction.,high,v3_targeted_augmentation
water service keeps stopping for several hours at a time near the community centre. residents are requesting prompt attention. The relevant department should investigate the problem.,medium,v3_targeted_augmentation
We have noticed that one lamp flickers occasionally during the evening along the roadside. The condition has remained unchanged since yesterday.,low,v2_original
We have noticed that garbage collection has been missed for several days and waste is accumulating near our houses.,medium,v2_original
Construction dust is affecting nearby shops and homes throughout the day near the town centre.,medium,v2_original
People living nearby have noticed that one street lamp is dim but still provides some light near the junction. the condition should be checked before it becomes worse. Please address this issue.,low,v3_targeted_augmentation
Residents have noticed that a small patch of the road surface has become uneven near the town centre. The issue has been reported by households nearby.,low,v2_original
A local issue has developed where a shallow puddle forms after light rain close to the playground. People passing through the area are being affected.,low,v2_original
Residents have noticed that a damaged electrical pole is leaning over a busy road on the main road.,high,v2_original
smoke from a nearby workshop is regularly entering nearby houses near the playground.,medium,v3_targeted_augmentation
We have noticed that a sewer blockage is creating a strong smell across several nearby properties in our neighbourhood. The problem has continued despite recent rainfall.,medium,v2_original
We have noticed that a curb has a small chipped section near our houses. People in the area have reported the same issue.,low,v2_original
There is a public complaint because a shallow puddle forms after light rain near the hospital. the condition should be checked before it becomes worse. Please take the necessary action.,low,v3_targeted_augmentation
Residents report that a small amount of rubbish has been left near a public bin near the junction.,low,v3_targeted_augmentation
We have noticed that a few garbage bags are waiting at the normal collection point along the roadside. Several nearby residents have raised concerns.,low,v2_original
"in our neighbourhood, a public waste container has a damaged lid but can still be used. the problem is limited to a small section. Please take the necessary action.",low,v3_targeted_augmentation
multiple damaged sections of road are affecting normal traffic beside the public road. Please take the necessary action.,medium,v3_targeted_augmentation
A local issue has developed where a shallow puddle forms after light rain on the main road.,low,v2_original
Residents have noticed that a fallen power cable is lying across a pedestrian path on the main road.,high,v2_original
The situation involves sewage is flowing into several homes from an overflowing manhole on the main road.,high,v2_original
The situation involves sewage is flowing into several homes from an overflowing manhole at the main junction. The condition has remained unchanged since yesterday.,high,v2_original
The situation involves there is a small amount of dust near a construction site near the school. Several nearby residents have raised concerns.,low,v2_original
Residents report that floodwater is rising quickly around homes and residents cannot leave safely in our neighbourhood.,high,v3_targeted_augmentation
"in our neighbourhood, a major road section has collapsed and vehicles are approaching the damaged area.",high,v3_targeted_augmentation
There is a problem where a deep hole has opened across most of the traffic lane near a blind bend near the town centre. Residents noticed the problem this morning.,high,v2_original
There is a problem where dense smoke from a nearby facility is causing residents to leave their homes near the hospital. Residents noticed the problem this morning.,high,v2_original
Sewage is spreading across a school access road at the main junction. The problem has continued despite recent rainfall.,high,v2_original
The situation involves there is a small amount of dust near a construction site near our houses.,low,v2_original
A local issue has developed where a water pipe is leaking continuously and a large amount of water is being wasted on the main road.,medium,v2_original
We have noticed that a sewer blockage is creating a strong smell across several nearby properties near the school. The problem has continued despite recent rainfall.,medium,v2_original
We would like to report that smoke from a nearby workshop is regularly entering nearby houses close to the local clinic.,medium,v3_targeted_augmentation
A local issue has developed where part of a roadside retaining wall has collapsed onto the traffic lane close to the playground. The issue has been reported by households nearby.,high,v2_original
Residents report that several potholes are making vehicles slow down and change direction close to the local clinic.,medium,v3_targeted_augmentation
a group of street lamps is not functioning at night near the playground.,medium,v3_targeted_augmentation
People in the area are reporting that dense smoke from a nearby facility is causing residents to leave their homes near our houses.,high,v2_original
A few garbage bags are waiting at the normal collection point along the roadside. The problem has continued despite recent rainfall.,low,v2_original
A local issue has developed where construction dust is affecting nearby shops and homes throughout the day near the public market.,medium,v2_original
There is a problem where water supply has been unavailable to a neighbourhood since yesterday along the roadside.,medium,v2_original
a few pieces of litter are scattered beside the walkway near the community centre. the issue is noticeable but not currently dangerous. Please inspect the issue.,low,v3_targeted_augmentation
There is a problem where a few garbage bags are waiting at the normal collection point on the main road. The issue has been reported by households nearby.,low,v2_original
We have noticed that sewage is flowing into several homes from an overflowing manhole near the community hall.,high,v2_original
Residents have reported that a few pieces of litter are scattered beside the walkway near our houses. residents can still use the area normally. Please inspect the issue.,low,v3_targeted_augmentation
People in the area are reporting that a shallow puddle forms after light rain near the town centre. The condition becomes worse during busy periods.,low,v2_original
Residents have noticed that sewage is spreading across a school access road near the community hall. The condition has remained unchanged since yesterday.,high,v2_original
We have noticed that repeated electricity interruptions are affecting many houses near our houses.,medium,v2_original
Residents have noticed that garbage collection has been missed for several days and waste is accumulating near the community hall. People in the area have reported the same issue.,medium,v2_original
The situation involves a large public waste bin is overflowing onto the pavement near the school. People in the area have reported the same issue.,medium,v2_original
Residents have noticed that a major water pipe has burst and water is entering nearby houses close to the bus stop. The issue has been reported by households nearby.,high,v2_original
We have noticed that a fallen power cable is lying across a pedestrian path at the main junction. The condition becomes worse during busy periods.,high,v2_original
A local issue has developed where wastewater is overflowing from a drain onto the roadside in our neighbourhood.,medium,v2_original
We have noticed that there is a small amount of dust near a construction site on the main road.,low,v2_original
The community would like to report that water supply has been unavailable to several houses since yesterday outside the school. normal daily activities are being affected. Please address this issue.,medium,v3_targeted_augmentation
The situation involves sewage is spreading across a school access road along the roadside. The issue has been reported by households nearby.,high,v2_original
The community would like to report that a small amount of rubbish has been left near a public bin along the main road. normal access to the area is still possible. Please inspect the issue.,low,v3_targeted_augmentation
We would like to report that thick black smoke is filling nearby houses and residents are struggling to breathe outside the hospital.,high,v3_targeted_augmentation
A roadside drain has some leaves and sediment inside it along the roadside. The problem can be seen clearly from the roadside.,low,v2_original
A local issue has developed where a chemical liquid has leaked onto a public road beside residential buildings at the main junction. People in the area have reported the same issue.,high,v2_original
Residents have noticed that smoke from a nearby workshop is entering nearby houses near our houses. People passing through the area are being affected.,medium,v2_original
dense smoke is causing breathing difficulty among nearby residents near the hospital. urgent intervention is required.,high,v3_targeted_augmentation
Residents have noticed that a water pipe is leaking continuously and a large amount of water is being wasted close to the playground. The condition becomes worse during busy periods.,medium,v2_original
A fallen power cable is lying across a pedestrian path near the community hall.,high,v2_original
People in the area are reporting that a roadside drain has some leaves and sediment inside it near the school. The condition has remained unchanged since yesterday.,low,v2_original
There is a problem where floodwater has entered houses and is continuing to rise near the public market. The condition has remained unchanged since yesterday.,high,v2_original
Residents have noticed that thick smoke is causing breathing difficulty among nearby residents near the public market.,high,v2_original
a fallen lamp post is blocking part of the road with electrical wires attached beside the public walkway. someone could be seriously injured if the area is not secured immediately. Please address this issue.,high,v3_targeted_augmentation
A local issue has developed where wastewater is overflowing from a drain onto the roadside in our neighbourhood. The issue is affecting normal use of the area.,medium,v2_original
Residents have reported that a street lamp flickers occasionally but remains usable near the junction. the issue is noticeable but not currently dangerous. Please address this issue.,low,v3_targeted_augmentation
People in the area are reporting that a fallen power cable is lying across a pedestrian path along the roadside.,high,v2_original
We have noticed that one street lamp is dim but still provides some light near our houses. Residents noticed the problem this morning.,low,v2_original
We are experiencing a situation where a drainage outlet is partially blocked and dirty water reaches the walkway close to the bus stop. multiple households have reported the same problem.,medium,v3_targeted_augmentation
We have noticed that water supply has been unavailable to a neighbourhood since yesterday near the town centre. People passing through the area are being affected.,medium,v2_original
"in the residential area, a roadside drain contains some leaves but water can still pass. there is no immediate safety risk. The relevant department should investigate the problem.",low,v3_targeted_augmentation
Residents have reported that water pressure is too low for many houses in the area outside the hospital. several residents are affected by the problem. Please inspect the issue.,medium,v3_targeted_augmentation
We have noticed that a water pipe is leaking continuously and a large amount of water is being wasted close to the bus stop. People passing through the area are being affected.,medium,v2_original
We have noticed that a shallow puddle forms after light rain near the public market. The condition becomes worse during busy periods.,low,v2_original
There is a problem where a shallow puddle forms after light rain near the school.,low,v2_original
There is a problem where water supply has been unavailable to a neighbourhood since yesterday close to the playground. The issue has been reported by households nearby.,medium,v2_original
"close to the local clinic, a live electrical wire is lying across a pedestrian path. residents may need emergency assistance. Please inspect the issue.",high,v3_targeted_augmentation
People living nearby have noticed that a small patch of road surface has become uneven near the community centre. normal access to the area is still possible. Please arrange an inspection.,low,v3_targeted_augmentation
We are experiencing a situation where a damaged power pole appears ready to fall onto passing vehicles near the railway station. urgent intervention is required. The relevant department should investigate the problem.,high,v3_targeted_augmentation
The community would like to report that a curb has a small chipped section at the village entrance. the service remains available despite the issue. We would appreciate assistance with this problem.,low,v3_targeted_augmentation
People in the area are reporting that sewage is flowing into several homes from an overflowing manhole at the main junction. The issue has been reported by households nearby.,high,v2_original
There is a problem where a sewer blockage is creating a strong smell across several nearby properties near our houses. People passing through the area are being affected.,medium,v2_original
We have noticed that several street lights along one road are not working close to the playground. The problem can be seen clearly from the roadside.,medium,v2_original
A local issue has developed where a sewer blockage is creating a strong smell across several nearby properties near the public market.,medium,v2_original
The situation involves a large public waste bin is overflowing onto the pavement near the town centre.,medium,v2_original
We have noticed that a water main failure has flooded the entrance to a hospital near our houses. People in the area have reported the same issue.,high,v2_original
Residents report that a high-voltage cable has fallen beside a public walkway beside the public road.,high,v3_targeted_augmentation
The community would like to report that part of a roadside retaining wall has collapsed onto the traffic lane in the residential area. residents are at risk of serious injury. Please take the necessary action.,high,v3_targeted_augmentation
People in the area are reporting that construction dust is affecting nearby shops and homes throughout the day close to the bus stop.,medium,v2_original
"along the main road, a water pipe is leaking continuously and wasting a large amount of water. the issue is disrupting normal use of the area.",medium,v3_targeted_augmentation
Residents have noticed that part of a roadside retaining wall has collapsed onto the traffic lane at the main junction. Residents noticed the problem this morning.,high,v2_original
A damaged electrical pole is leaning over a busy road at the main junction. The condition becomes worse during busy periods.,high,v2_original
We have noticed that a large section of road has collapsed beside a school entrance close to the bus stop. People in the area have reported the same issue.,high,v2_original
Residents have noticed that thick smoke is causing breathing difficulty among nearby residents near our houses. The issue is affecting normal use of the area.,high,v2_original
We are experiencing a situation where a public area has accumulated a large amount of uncollected rubbish beside the public walkway. several residents are affected by the problem. Residents are requesting assistance.,medium,v3_targeted_augmentation
People in the area are reporting that smoke from a nearby workshop is entering nearby houses close to the bus stop. The problem has continued despite recent rainfall.,medium,v2_original
sewage is flowing into homes from an overflowing manhole near the playground. the situation presents an immediate danger to the public. The relevant department should investigate the problem.,high,v3_targeted_augmentation
Garbage collection has been missed for several days and waste is accumulating on the main road.,medium,v2_original
People in the area are reporting that a large section of road has collapsed beside a school entrance near the town centre.,high,v2_original
The situation involves a large section of road has collapsed beside a school entrance on the main road. People in the area have reported the same issue.,high,v2_original
tap water has a slight unusual smell but remains available near the hospital. Please send the responsible team.,low,v3_targeted_augmentation
a water pipe is leaking continuously and wasting a large amount of water outside the hospital.,medium,v3_targeted_augmentation
A major water pipe has burst and water is entering nearby houses near the hospital. The problem can be seen clearly from the roadside.,high,v2_original
The community would like to report that a small patch of road surface has become uneven near the hospital. the issue is noticeable but not currently dangerous. The relevant department should investigate the problem.,low,v3_targeted_augmentation
We have noticed that a damaged electrical pole is leaning over a busy road near the community hall.,high,v2_original
There is a problem where a small amount of litter is scattered near a bus stop close to the playground.,low,v2_original
The situation involves a fallen power cable is lying across a pedestrian path at the main junction. The condition has remained unchanged since yesterday.,high,v2_original
There is a public complaint because a damaged power pole appears ready to fall onto passing vehicles outside the school. someone could be seriously injured if the area is not secured immediately. Please send the responsible team.,high,v3_targeted_augmentation
Residents have noticed that part of a roadside retaining wall has collapsed onto the traffic lane at the main junction. The problem can be seen clearly from the roadside.,high,v2_original
We have noticed that water supply has been unavailable to a neighbourhood since yesterday close to the bus stop. The issue has been reported by households nearby.,medium,v2_original
There is a public complaint because electrical wires are sparking beside a crowded public area outside our building. someone could be seriously injured if the area is not secured immediately. Please take the necessary action.,high,v3_targeted_augmentation
"outside the hospital, an overflowing public bin is spreading waste across the surrounding area.",medium,v3_targeted_augmentation
There is a problem where repeated electricity interruptions are affecting many houses close to the bus stop. The condition has remained unchanged since yesterday.,medium,v2_original
Residents have noticed that a single street sign area has minor surface damage near our houses. The condition becomes worse during busy periods.,low,v2_original
"beside the public walkway, one household is experiencing slightly reduced water pressure. the problem is limited to a small section. The relevant department should investigate the problem.",low,v3_targeted_augmentation
There is a problem where electrical wires are sparking beside a crowded pedestrian area near the public market. The problem has continued despite recent rainfall.,high,v2_original
Garbage collection has been missed for several days and waste is accumulating near the school. The condition has remained unchanged since yesterday.,medium,v2_original
The situation involves there is a small amount of dust near a construction site near the hospital. People in the area have reported the same issue.,low,v2_original
A large public waste bin is overflowing onto the pavement along the roadside. The issue has been reported by households nearby.,medium,v2_original
There is a problem where a drain cover is slightly loose but still in place near our houses.,low,v2_original
A local issue has developed where construction dust is affecting nearby shops and homes throughout the day in our neighbourhood. Residents noticed the problem this morning.,medium,v2_original
A local issue has developed where a curb has a small chipped section close to the playground.,low,v2_original
Tap water has a slight unusual smell but remains available in our neighbourhood.,low,v2_original
A local issue has developed where one street lamp is dim but still provides some light near the community hall. The issue has been reported by households nearby.,low,v2_original
The community would like to report that a fallen lamp post is blocking part of the road with electrical wires attached at the village entrance. the situation presents an immediate danger to the public.,high,v3_targeted_augmentation
Residents have noticed that an exposed electrical cable is hanging low where pedestrians can reach it on the main road. The issue is affecting normal use of the area.,high,v2_original
"in our neighbourhood, a shallow puddle forms after light rain. the issue is noticeable but not currently dangerous. The relevant department should investigate the problem.",low,v3_targeted_augmentation
garbage collection has been missed for several days and waste is accumulating near the public market. several residents are affected by the problem. Please send the responsible team.,medium,v3_targeted_augmentation
A local issue has developed where smoke from a nearby workshop is entering nearby houses near the school. The issue has been reported by households nearby.,medium,v2_original
A roadside drain has some leaves and sediment inside it in our neighbourhood. People passing through the area are being affected.,low,v2_original
We are experiencing a situation where residents are experiencing repeated power cuts during the evening at the village entrance. several residents are affected by the problem. Please arrange an inspection.,medium,v3_targeted_augmentation
The community would like to report that several street lights along the road are not working near the hospital. normal daily activities are being affected. Please send the responsible team.,medium,v3_targeted_augmentation
The situation involves an exposed electrical cable is hanging low where pedestrians can reach it near the hospital. The condition becomes worse during busy periods.,high,v2_original
There is a problem where an exposed electrical cable is hanging low where pedestrians can reach it close to the bus stop.,high,v2_original
"at the village entrance, floodwater is rising quickly around homes and residents cannot leave safely. public access to the area is unsafe.",high,v3_targeted_augmentation
There is a problem where one lamp flickers occasionally during the evening on the main road.,low,v2_original
The situation involves a large section of road has collapsed beside a school entrance near the town centre.,high,v2_original
We are experiencing a situation where dense smoke is causing breathing difficulty among nearby residents outside the hospital. residents may need emergency assistance. Please arrange an inspection.,high,v3_targeted_augmentation
A shallow puddle forms after light rain near the school.,low,v2_original
The situation involves a public bin is partly full but not overflowing at the main junction. Several nearby residents have raised concerns.,low,v2_original
We are experiencing a situation where a damaged power pole appears ready to fall onto passing vehicles beside the public road. the condition poses a direct risk to life and safety. The relevant department should investigate the problem.,high,v3_targeted_augmentation
We are experiencing a situation where wastewater is overflowing from a drain onto the roadside in our neighbourhood. the problem has continued for more than a day. Please inspect the issue.,medium,v3_targeted_augmentation
a group of street lamps is not functioning at night close to the local clinic.,medium,v3_targeted_augmentation
"in the residential area, a chemical liquid has spilled near houses and is producing strong fumes. the condition poses a direct risk to life and safety. We would appreciate assistance with this problem.",high,v3_targeted_augmentation
Water pressure is too low for many houses in the area along the roadside. The problem has continued despite recent rainfall.,medium,v2_original
A roadside drain is blocked and rainwater is collecting across part of the road along the roadside.,medium,v2_original
A local issue has developed where a curb has a small chipped section at the main junction. The problem has continued despite recent rainfall.,low,v2_original
A local issue has developed where a drain cover is slightly loose but still in place near the community hall. Several nearby residents have raised concerns.,low,v2_original
A local issue has developed where repeated electricity interruptions are affecting many houses near the school. People in the area have reported the same issue.,medium,v2_original
The situation involves sewage is flowing into several homes from an overflowing manhole close to the bus stop. Several nearby residents have raised concerns.,high,v2_original
The situation involves floodwater has entered houses and is continuing to rise at the main junction. The problem has continued despite recent rainfall.,high,v2_original
The situation involves a damaged electrical pole is leaning over a busy road close to the bus stop. The problem can be seen clearly from the roadside.,high,v2_original
People in the area are reporting that a water main failure has flooded the entrance to a hospital near the town centre.,high,v2_original
smoke from a nearby workshop is regularly entering nearby houses outside the school. the issue is disrupting normal use of the area. Please send the responsible team.,medium,v3_targeted_augmentation
People in the area are reporting that smoke from a nearby workshop is entering nearby houses close to the playground.,medium,v2_original
The community would like to report that a deep hole has opened across most of the traffic lane beside the public walkway. people are being exposed to a serious safety hazard. Please inspect the issue.,high,v3_targeted_augmentation
The community would like to report that the water pressure is slightly lower than normal in one house near the railway station. the issue is causing only a minor inconvenience. We would appreciate assistance with this problem.,low,v3_targeted_augmentation
a chemical liquid has spilled near houses and is producing strong fumes near our houses.,high,v3_targeted_augmentation
People in the area are reporting that a public bin is partly full but not overflowing in our neighbourhood.,low,v2_original
People living nearby have noticed that a fallen lamp post is blocking part of the road with electrical wires attached near the school. residents may need emergency assistance. We would appreciate assistance with this problem.,high,v3_targeted_augmentation
The situation involves a damaged electrical pole is leaning over a busy road near the town centre. The problem can be seen clearly from the roadside.,high,v2_original
Residents have noticed that thick smoke is causing breathing difficulty among nearby residents near the community hall. The issue is affecting normal use of the area.,high,v2_original
People in the area are reporting that thick smoke is causing breathing difficulty among nearby residents near the public market.,high,v2_original
There is a problem where repeated electricity interruptions are affecting many houses near the public market.,medium,v2_original
smoke from a nearby workshop is regularly entering nearby houses close to the local clinic. The relevant department should investigate the problem.,medium,v3_targeted_augmentation
We have noticed that a few garbage bags are waiting at the normal collection point near the community hall. The condition has remained unchanged since yesterday.,low,v2_original
A local issue has developed where a drain cover is slightly loose but still in place near the town centre. The problem has continued despite recent rainfall.,low,v2_original
Residents have reported that a roadside drain is blocked and rainwater is collecting across part of the road near the junction. normal daily activities are being affected. Please send the responsible team.,medium,v3_targeted_augmentation
residents are experiencing repeated power cuts during the evening in our neighbourhood. normal daily activities are being affected. Please send the responsible team.,medium,v3_targeted_augmentation
an electrical box is open and live components are exposed to pedestrians close to the bus stop. We would appreciate assistance with this problem.,high,v3_targeted_augmentation
The situation involves electrical wires are sparking beside a crowded pedestrian area close to the playground.,high,v2_original
Repeated electricity interruptions are affecting many houses near the hospital.,medium,v2_original
Thick smoke is causing breathing difficulty among nearby residents along the roadside. The problem can be seen clearly from the roadside.,high,v2_original
There is a public complaint because electrical wires are sparking beside a crowded public area along the main road. residents may need emergency assistance. Please take the necessary action.,high,v3_targeted_augmentation
The situation involves the road surface is damaged in several places and motorcycles are having difficulty passing near the school.,medium,v2_original
A local issue has developed where a roadside drain has some leaves and sediment inside it near our houses. The condition has remained unchanged since yesterday.,low,v2_original
Wastewater is overflowing from a drain onto the roadside along the roadside. Several nearby residents have raised concerns.,medium,v2_original
People in the area are reporting that a large section of road has collapsed beside a school entrance close to the bus stop. People in the area have reported the same issue.,high,v2_original
There is a problem where an exposed electrical cable is hanging low where pedestrians can reach it on the main road.,high,v2_original
A local issue has developed where a roadside drain has some leaves and sediment inside it near our houses.,low,v2_original
People in the area are reporting that an exposed electrical cable is hanging low where pedestrians can reach it along the roadside. The condition has remained unchanged since yesterday.,high,v2_original
People living nearby have noticed that a large tree has fallen onto electrical lines above the road beside the public road. residents may need emergency assistance.,high,v3_targeted_augmentation
floodwater has entered several houses and is continuing to rise in our neighbourhood. people are being exposed to a serious safety hazard. The relevant department should investigate the problem.,high,v3_targeted_augmentation
We are experiencing a situation where one street lamp is dim but still provides some light outside the hospital. normal access to the area is still possible. Residents are requesting assistance.,low,v3_targeted_augmentation
"close to the town centre, an exposed electrical cable is hanging where people can touch it. the area should be secured immediately. Please arrange an inspection.",high,v3_targeted_augmentation
A local issue has developed where one street lamp is dim but still provides some light near the hospital. People in the area have reported the same issue.,low,v2_original
Residents have noticed that thick smoke is causing breathing difficulty among nearby residents close to the bus stop. Residents noticed the problem this morning.,high,v2_original
We are experiencing a situation where a section of road has sunk and vehicles must drive around it beside the public walkway. multiple households have reported the same problem. We would appreciate assistance with this problem.,medium,v3_targeted_augmentation
People living nearby have noticed that a minor water leak is dripping slowly from a public pipe in our neighbourhood. the issue is noticeable but not currently dangerous. Please send the responsible team.,low,v3_targeted_augmentation
Water pressure is too low for many houses in the area near the public market. The condition becomes worse during busy periods.,medium,v2_original
People in the area are reporting that water supply has been unavailable to a neighbourhood since yesterday close to the playground. The issue is affecting normal use of the area.,medium,v2_original
We would like to report that a shallow puddle forms after light rain near the hospital.,low,v3_targeted_augmentation
There is a public complaint because a damaged electrical pole is leaning over a busy road near the school. public access to the area is unsafe. Please address this issue.,high,v3_targeted_augmentation
People in the area are reporting that a deep hole has opened across most of the traffic lane near a blind bend at the main junction. People passing through the area are being affected.,high,v2_original
We have noticed that a sewer blockage is creating a strong smell across several nearby properties near the community hall. The issue has been reported by households nearby.,medium,v2_original
"beside the public road, water pressure is too low for many houses in the area. the issue is causing significant inconvenience. The relevant department should investigate the problem.",medium,v3_targeted_augmentation
"along the main road, a street lamp flickers occasionally but remains usable. the service remains available despite the issue. We would appreciate assistance with this problem.",low,v3_targeted_augmentation
The community would like to report that smoke from a nearby workshop is regularly entering nearby houses at the village entrance. multiple households have reported the same problem. Please address this issue.,medium,v3_targeted_augmentation
The community would like to report that a small amount of rubbish has been left near a public bin close to the local clinic. the problem is limited to a small section. Please send the responsible team.,low,v3_targeted_augmentation
Residents have noticed that thick smoke is causing breathing difficulty among nearby residents near the school. The condition becomes worse during busy periods.,high,v2_original
People in the area are reporting that one lamp flickers occasionally during the evening near our houses. The issue is affecting normal use of the area.,low,v2_original
A drain cover is slightly loose but still in place in our neighbourhood.,low,v2_original
The situation involves a shallow puddle forms after light rain near the town centre. The condition becomes worse during busy periods.,low,v2_original
Residents report that a small crack has appeared along the edge of the road beside the public walkway.,low,v3_targeted_augmentation
Residents report that a shallow puddle forms after light rain outside our building.,low,v3_targeted_augmentation
People living nearby have noticed that part of a roadside retaining wall has collapsed onto the traffic lane beside the public walkway. residents may need emergency assistance. The relevant department should investigate the problem.,high,v3_targeted_augmentation
Residents have noticed that sewage is flowing into several homes from an overflowing manhole close to the bus stop. The issue has been reported by households nearby.,high,v2_original
a damaged electrical pole is leaning over a busy road in the residential area.,high,v3_targeted_augmentation
The community would like to report that a public waste container has a damaged lid but can still be used close to the town centre. there is no immediate safety risk. Residents are requesting assistance.,low,v3_targeted_augmentation
Residents have noticed that a section of road has sunk and vehicles must drive around it close to the playground. Several nearby residents have raised concerns.,medium,v2_original
There is a problem where a large section of road has collapsed beside a school entrance close to the bus stop. The issue is affecting normal use of the area.,high,v2_original
Sewage is flowing into several homes from an overflowing manhole close to the playground.,high,v2_original
There is a problem where a chemical liquid has leaked onto a public road beside residential buildings close to the playground.,high,v2_original
People living nearby have noticed that a drainage outlet is partially blocked and dirty water reaches the walkway near the school. the problem has continued for more than a day. Please arrange an inspection.,medium,v3_targeted_augmentation
People in the area are reporting that a shallow puddle forms after light rain on the main road. Several nearby residents have raised concerns.,low,v2_original
Residents have noticed that water supply has been unavailable to a neighbourhood since yesterday in our neighbourhood. The issue is affecting normal use of the area.,medium,v2_original
garbage collection has been missed for several days and waste is accumulating near our houses. the situation becomes worse during rainfall. We would appreciate assistance with this problem.,medium,v3_targeted_augmentation
We are experiencing a situation where multiple damaged sections of road are affecting normal traffic near the community centre. the issue is causing significant inconvenience. Please inspect the issue.,medium,v3_targeted_augmentation
People living nearby have noticed that a small amount of rubbish has been left near a public bin outside our building. the problem is limited to a small section. We would appreciate assistance with this problem.,low,v3_targeted_augmentation
Residents have reported that multiple damaged sections of road are affecting normal traffic near the community centre. the problem has continued for more than a day. Please arrange an inspection.,medium,v3_targeted_augmentation
A local issue has developed where a small amount of litter is scattered near a bus stop in our neighbourhood. Several nearby residents have raised concerns.,low,v2_original
We have noticed that a small patch of the road surface has become uneven close to the playground. Several nearby residents have raised concerns.,low,v2_original
Residents have noticed that a major water pipe has burst and water is entering nearby houses close to the playground.,high,v2_original
There is a problem where construction dust is affecting nearby shops and homes throughout the day near the community hall. Several nearby residents have raised concerns.,medium,v2_original
Water pressure is too low for many houses in the area close to the bus stop. The issue has been reported by households nearby.,medium,v2_original
We have noticed that construction dust is affecting nearby shops and homes throughout the day near our houses.,medium,v2_original
The situation involves a small crack has appeared along the edge of a side road in our neighbourhood.,low,v2_original
There is a problem where smoke from a nearby workshop is entering nearby houses near the hospital. The issue has been reported by households nearby.,medium,v2_original
We are experiencing a situation where one street lamp is dim but still provides some light close to the local clinic. the issue is noticeable but not currently dangerous. Please send the responsible team.,low,v3_targeted_augmentation
"near the public market, a major road section has collapsed and vehicles are approaching the damaged area. the condition poses a direct risk to life and safety. Residents are requesting assistance.",high,v3_targeted_augmentation
We have noticed that a drain cover is slightly loose but still in place close to the bus stop. The condition becomes worse during busy periods.,low,v2_original
The situation involves a sewer blockage is creating a strong smell across several nearby properties in our neighbourhood. The issue is affecting normal use of the area.,medium,v2_original
People in the area are reporting that one street lamp is dim but still provides some light along the roadside.,low,v2_original
A local issue has developed where a single street sign area has minor surface damage near the community hall. Residents noticed the problem this morning.,low,v2_original
"outside our building, a large chemical spill is spreading across a public road. residents may need emergency assistance. Residents are requesting assistance.",high,v3_targeted_augmentation
a damaged power pole appears ready to fall onto passing vehicles in our neighbourhood.,high,v3_targeted_augmentation
Tap water has a slight unusual smell but remains available near the school. The condition becomes worse during busy periods.,low,v2_original
Residents have noticed that a chemical liquid has leaked onto a public road beside residential buildings close to the bus stop.,high,v2_original
a section of road has sunk and vehicles must drive around it near the junction. Residents are requesting assistance.,medium,v3_targeted_augmentation
The situation involves electrical wires are sparking beside a crowded pedestrian area near the public market. The issue is affecting normal use of the area.,high,v2_original
Residents have reported that a minor water leak is dripping slowly from a public pipe near the playground. the issue is causing only a minor inconvenience. The relevant department should investigate the problem.,low,v3_targeted_augmentation
There is a problem where a single street sign area has minor surface damage close to the bus stop. Residents noticed the problem this morning.,low,v2_original
The community would like to report that a public waste container has a damaged lid but can still be used near the community centre. the issue is causing only a minor inconvenience. Residents are requesting assistance.,low,v3_targeted_augmentation
A local issue has developed where water supply has been unavailable to a neighbourhood since yesterday along the roadside.,medium,v2_original
We would like to report that several street lights along the road are not working near the community centre.,medium,v3_targeted_augmentation
A local issue has developed where one lamp flickers occasionally during the evening near the school.,low,v2_original
"near the playground, a curb has a small chipped section. residents can still use the area normally. We would appreciate assistance with this problem.",low,v3_targeted_augmentation
A local issue has developed where a chemical liquid has leaked onto a public road beside residential buildings near our houses. The condition becomes worse during busy periods.,high,v2_original
We have noticed that wastewater is overflowing from a drain onto the roadside in our neighbourhood.,medium,v2_original
Garbage collection has been missed for several days and waste is accumulating near the hospital.,medium,v2_original
We have noticed that a single street sign area has minor surface damage close to the bus stop.,low,v2_original
The situation involves a large section of road has collapsed beside a school entrance close to the playground.,high,v2_original
There is a public complaint because the road surface is badly cracked and uneven near our houses. normal daily activities are being affected. We would appreciate assistance with this problem.,medium,v3_targeted_augmentation
Wastewater is overflowing from a drain onto the roadside near the community hall. People passing through the area are being affected.,medium,v2_original
Residents have noticed that there is a small amount of dust near a construction site near the hospital. People in the area have reported the same issue.,low,v2_original
People living nearby have noticed that floodwater has entered several houses and is continuing to rise near the school. someone could be seriously injured if the area is not secured immediately. Please send the responsible team.,high,v3_targeted_augmentation
We are experiencing a situation where a water pipe is leaking continuously and wasting a large amount of water outside the school. multiple households have reported the same problem. Please send the responsible team.,medium,v3_targeted_augmentation
People in the area are reporting that sewage is flowing into several homes from an overflowing manhole close to the bus stop. The issue has been reported by households nearby.,high,v2_original
People living nearby have noticed that one street lamp is dim but still provides some light in our neighbourhood. residents can still use the area normally. Please arrange an inspection.,low,v3_targeted_augmentation
The situation involves a public bin is partly full but not overflowing near our houses. Residents noticed the problem this morning.,low,v2_original
Residents have noticed that dense smoke from a nearby facility is causing residents to leave their homes near the hospital. The condition becomes worse during busy periods.,high,v2_original
A local issue has developed where sewage is flowing into several homes from an overflowing manhole at the main junction. People in the area have reported the same issue.,high,v2_original
People in the area are reporting that an exposed electrical cable is hanging low where pedestrians can reach it near our houses.,high,v2_original
The situation involves there is a small amount of dust near a construction site near the school. The issue is affecting normal use of the area.,low,v2_original
There is a public complaint because one street lamp is dim but still provides some light near the hospital. there is no immediate safety risk. Residents are requesting assistance.,low,v3_targeted_augmentation
We have noticed that several potholes are making vehicles slow down on the main road near the community hall. The issue is affecting normal use of the area.,medium,v2_original
The situation involves several potholes are making vehicles slow down on the main road near the community hall.,medium,v2_original
several street lights along the road are not working near the hospital.,medium,v3_targeted_augmentation
A local issue has developed where wastewater is overflowing from a drain onto the roadside near the community hall. People in the area have reported the same issue.,medium,v2_original
Residents have noticed that a few garbage bags are waiting at the normal collection point near the town centre. The issue is affecting normal use of the area.,low,v2_original
There is a problem where a roadside drain has some leaves and sediment inside it close to the playground. The condition becomes worse during busy periods.,low,v2_original
a minor water leak is dripping slowly from a public pipe near the public market. Please send the responsible team.,low,v3_targeted_augmentation
Residents have noticed that a water main failure has flooded the entrance to a hospital close to the playground. The condition becomes worse during busy periods.,high,v2_original
We have noticed that one lamp flickers occasionally during the evening near the hospital. People in the area have reported the same issue.,low,v2_original
Residents report that a public waste container has a damaged lid but can still be used beside the public walkway.,low,v3_targeted_augmentation
Residents have noticed that a chemical liquid has leaked onto a public road beside residential buildings near the public market. People passing through the area are being affected.,high,v2_original
Residents report that a small patch of road surface has become uneven outside our building.,low,v3_targeted_augmentation
People in the area are reporting that a section of road has sunk and vehicles must drive around it close to the playground. The issue has been reported by households nearby.,medium,v2_original
We have noticed that a section of road has sunk and vehicles must drive around it near the community hall. People in the area have reported the same issue.,medium,v2_original
The community would like to report that one street sign is slightly damaged but still readable close to the bus stop. the problem is limited to a small section.,low,v3_targeted_augmentation
People living nearby have noticed that a deep hole has opened across most of the traffic lane outside our building. people are being exposed to a serious safety hazard. Please address this issue.,high,v3_targeted_augmentation
We have noticed that electrical wires are sparking beside a crowded pedestrian area close to the bus stop. The condition becomes worse during busy periods.,high,v2_original
A damaged electrical pole is leaning over a busy road near our houses.,high,v2_original
A local issue has developed where wastewater is overflowing from a drain onto the roadside near the town centre. The problem can be seen clearly from the roadside.,medium,v2_original
Residents have noticed that a roadside drain is blocked and rainwater is collecting across part of the road near the town centre. The condition has remained unchanged since yesterday.,medium,v2_original
We have noticed that a single street sign area has minor surface damage near the community hall.,low,v2_original
There is a public complaint because several street lights along the road are not working near the junction. the situation becomes worse during rainfall. The relevant department should investigate the problem.,medium,v3_targeted_augmentation
There is a problem where a minor water leak is dripping from a public pipe on the main road.,low,v2_original
Residents have reported that garbage collection has been missed for several days and waste is accumulating near the community centre. the problem should be addressed before it becomes dangerous. We would appreciate assistance with this problem.,medium,v3_targeted_augmentation
Tap water has a slight unusual smell but remains available in our neighbourhood. The condition has remained unchanged since yesterday.,low,v2_original
"close to the bus stop, a drain grate is loose and makes a noise when vehicles pass. normal access to the area is still possible. Please send the responsible team.",low,v3_targeted_augmentation
People in the area are reporting that tap water has a slight unusual smell but remains available at the main junction. The problem has continued despite recent rainfall.,low,v2_original
People living nearby have noticed that several street lights along the road are not working along the main road. the situation becomes worse during rainfall. Please send the responsible team.,medium,v3_targeted_augmentation
The situation involves a drain cover is slightly loose but still in place on the main road. People in the area have reported the same issue.,low,v2_original
We have noticed that a curb has a small chipped section on the main road. People passing through the area are being affected.,low,v2_original
There is a problem where smoke from a nearby workshop is entering nearby houses on the main road.,medium,v2_original
Garbage collection has been missed for several days and waste is accumulating near the community hall. The condition becomes worse during busy periods.,medium,v2_original
Residents have noticed that a water main failure has flooded the entrance to a hospital near the community hall. Several nearby residents have raised concerns.,high,v2_original
There is a problem where garbage collection has been missed for several days and waste is accumulating on the main road. The condition has remained unchanged since yesterday.,medium,v2_original
The situation involves a small patch of the road surface has become uneven in our neighbourhood.,low,v2_original
We would like to report that garbage collection has been missed for several days and waste is accumulating along the main road.,medium,v3_targeted_augmentation
People in the area are reporting that a large public waste bin is overflowing onto the pavement near our houses. People in the area have reported the same issue.,medium,v2_original
A local issue has developed where water pressure is too low for many houses in the area near the school.,medium,v2_original
We have noticed that a small amount of litter is scattered near a bus stop near the school.,low,v2_original
People in the area are reporting that several street lights along one road are not working near the school. Residents noticed the problem this morning.,medium,v2_original
People in the area are reporting that several street lights along one road are not working near the town centre.,medium,v2_original
We are experiencing a situation where dense smoke is causing breathing difficulty among nearby residents outside the school. residents may need emergency assistance. Please send the responsible team.,high,v3_targeted_augmentation
"near the public market, a small amount of rubbish has been left near a public bin.",low,v3_targeted_augmentation
A small patch of the road surface has become uneven along the roadside.,low,v2_original
We would like to report that a small crack has appeared along the edge of the road at the village entrance.,low,v3_targeted_augmentation
We have noticed that smoke from a nearby workshop is entering nearby houses near the public market. People passing through the area are being affected.,medium,v2_original
A curb has a small chipped section along the roadside. The problem has continued despite recent rainfall.,low,v2_original
"near the public market, a few pieces of litter are scattered beside the walkway.",low,v3_targeted_augmentation
Residents report that a public area has accumulated a large amount of uncollected rubbish beside the public walkway.,medium,v3_targeted_augmentation
People in the area are reporting that water pressure is too low for many houses in the area close to the bus stop. People passing through the area are being affected.,medium,v2_original
There is a problem where a roadside drain is blocked and rainwater is collecting across part of the road close to the bus stop.,medium,v2_original
We have noticed that one street lamp is dim but still provides some light near the school. People in the area have reported the same issue.,low,v2_original
People in the area are reporting that construction dust is affecting nearby shops and homes throughout the day close to the bus stop. The problem can be seen clearly from the roadside.,medium,v2_original
A water main failure has flooded the entrance to a hospital near the hospital.,high,v2_original
several street lights along the road are not working beside the public walkway. normal daily activities are being affected. Please address this issue.,medium,v3_targeted_augmentation
We have noticed that a small patch of the road surface has become uneven on the main road.,low,v2_original
a small amount of rubbish has been left near a public bin along the main road.,low,v3_targeted_augmentation
"at the village entrance, several street lights along the road are not working. the problem should be addressed before it becomes dangerous. We would appreciate assistance with this problem.",medium,v3_targeted_augmentation
Residents have noticed that a large section of road has collapsed beside a school entrance near the community hall. Residents noticed the problem this morning.,high,v2_original
Sewage is flowing into several homes from an overflowing manhole near the public market. Residents noticed the problem this morning.,high,v2_original
There is a problem where a deep hole has opened across most of the traffic lane near a blind bend near the public market. The problem has continued despite recent rainfall.,high,v2_original
We are experiencing a situation where dense smoke is causing breathing difficulty among nearby residents outside the hospital. people are being exposed to a serious safety hazard. Please inspect the issue.,high,v3_targeted_augmentation
There is a problem where a minor water leak is dripping from a public pipe near our houses. The issue has been reported by households nearby.,low,v2_original
Residents have noticed that the road surface is damaged in several places and motorcycles are having difficulty passing in our neighbourhood. Residents noticed the problem this morning.,medium,v2_original
garbage collection has been missed for several days and waste is accumulating beside the public walkway. the area can still be used but with difficulty. Residents are requesting assistance.,medium,v3_targeted_augmentation
A water pipe is leaking continuously and a large amount of water is being wasted near our houses. The problem has continued despite recent rainfall.,medium,v2_original
A local issue has developed where a public bin is partly full but not overflowing near the public market.,low,v2_original
Residents have noticed that a few garbage bags are waiting at the normal collection point near our houses.,low,v2_original
Residents have noticed that an exposed electrical cable is hanging low where pedestrians can reach it near the community hall. People in the area have reported the same issue.,high,v2_original
We have noticed that a sewer blockage is creating a strong smell across several nearby properties close to the playground.,medium,v2_original
There is a problem where a damaged electrical pole is leaning over a busy road in our neighbourhood.,high,v2_original
Residents have noticed that electrical wires are sparking beside a crowded pedestrian area near the school. The condition becomes worse during busy periods.,high,v2_original
Electrical wires are sparking beside a crowded pedestrian area near the hospital. The issue has been reported by households nearby.,high,v2_original
an electrical box is open and live components are exposed to pedestrians near the school. residents may need emergency assistance. Residents are requesting assistance.,high,v3_targeted_augmentation
The situation involves several street lights along one road are not working on the main road. The condition has remained unchanged since yesterday.,medium,v2_original
A local issue has developed where dense smoke from a nearby facility is causing residents to leave their homes near the hospital.,high,v2_original
"close to the town centre, a public bin is partly full but is not overflowing. the condition should be checked before it becomes worse. Please address this issue.",low,v3_targeted_augmentation
A local issue has developed where a large public waste bin is overflowing onto the pavement near the school.,medium,v2_original
People living nearby have noticed that a damaged power pole appears ready to fall onto passing vehicles near our houses. residents may need emergency assistance. Please arrange an inspection.,high,v3_targeted_augmentation
The community would like to report that electrical wires are sparking beside a crowded public area beside the public road. public access to the area is unsafe. Please address this issue.,high,v3_targeted_augmentation
Part of a roadside retaining wall has collapsed onto the traffic lane near the hospital. The problem has continued despite recent rainfall.,high,v2_original
Residents have reported that a small patch of road surface has become uneven outside the hospital. the problem is limited to a small section. Residents are requesting assistance.,low,v3_targeted_augmentation
There is a problem where water supply has been unavailable to a neighbourhood since yesterday along the roadside. The problem can be seen clearly from the roadside.,medium,v2_original
Residents have noticed that one street lamp is dim but still provides some light close to the bus stop. The problem can be seen clearly from the roadside.,low,v2_original
the water pressure is slightly lower than normal in one house at the village entrance.,low,v3_targeted_augmentation
The situation involves a large public waste bin is overflowing onto the pavement close to the bus stop.,medium,v2_original
Residents have reported that dense smoke is causing breathing difficulty among nearby residents beside the public road. the situation presents an immediate danger to the public. Please send the responsible team.,high,v3_targeted_augmentation
People in the area are reporting that a public bin is partly full but not overflowing near the hospital. The problem can be seen clearly from the roadside.,low,v2_original
a drainage outlet is partially blocked and dirty water reaches the walkway along the main road.,medium,v3_targeted_augmentation
The situation involves a water main failure has flooded the entrance to a hospital near the school. Several nearby residents have raised concerns.,high,v2_original
We have noticed that a single street sign area has minor surface damage close to the playground. People passing through the area are being affected.,low,v2_original
Residents report that a public waste container has a damaged lid but can still be used close to the local clinic.,low,v3_targeted_augmentation
People in the area are reporting that a shallow puddle forms after light rain near the community hall. The issue has been reported by households nearby.,low,v2_original
A drain cover is slightly loose but still in place at the main junction. Several nearby residents have raised concerns.,low,v2_original
We have noticed that a curb has a small chipped section near the town centre.,low,v2_original
People living nearby have noticed that several potholes are making vehicles slow down and change direction along the main road. the area can still be used but with difficulty.,medium,v3_targeted_augmentation
The road surface is damaged in several places and motorcycles are having difficulty passing close to the playground. Several nearby residents have raised concerns.,medium,v2_original
We are experiencing a situation where one street sign is slightly damaged but still readable close to the local clinic. residents can still use the area normally. Please send the responsible team.,low,v3_targeted_augmentation
The situation involves several street lights along one road are not working on the main road.,medium,v2_original
The community would like to report that a drain grate is loose and makes a noise when vehicles pass near the railway station. the condition should be checked before it becomes worse. Please send the responsible team.,low,v3_targeted_augmentation
There is a problem where a sewer blockage is creating a strong smell across several nearby properties near the school.,medium,v2_original
Sewage is spreading across a school access road near the community hall. The problem has continued despite recent rainfall.,high,v2_original
Residents have noticed that water supply has been unavailable to a neighbourhood since yesterday on the main road. The issue is affecting normal use of the area.,medium,v2_original
Residents have noticed that a water main failure has flooded the entrance to a hospital on the main road.,high,v2_original
People living nearby have noticed that an electrical box is open and live components are exposed to pedestrians near our houses. the condition poses a direct risk to life and safety. Residents are requesting assistance.,high,v3_targeted_augmentation
One street lamp is dim but still provides some light at the main junction. The condition has remained unchanged since yesterday.,low,v2_original
There is a problem where floodwater has entered houses and is continuing to rise near the school.,high,v2_original
Sewage is spreading across a school access road at the main junction.,high,v2_original
"close to the local clinic, a small crack has appeared along the edge of the road.",low,v3_targeted_augmentation
There is a problem where a small amount of litter is scattered near a bus stop close to the bus stop.,low,v2_original
A local issue has developed where smoke from a nearby workshop is entering nearby houses at the main junction.,medium,v2_original
People in the area are reporting that wastewater is overflowing from a drain onto the roadside close to the playground. The condition has remained unchanged since yesterday.,medium,v2_original
A local issue has developed where a drain cover is slightly loose but still in place near the town centre. The problem can be seen clearly from the roadside.,low,v2_original
Residents have noticed that one street lamp is dim but still provides some light close to the playground. Residents noticed the problem this morning.,low,v2_original
A small amount of litter is scattered near a bus stop close to the bus stop. People passing through the area are being affected.,low,v2_original
People in the area are reporting that garbage collection has been missed for several days and waste is accumulating near the hospital.,medium,v2_original
There is a public complaint because an overflowing public bin is spreading waste across the surrounding area near the public market. several residents are affected by the problem.,medium,v3_targeted_augmentation
There is a public complaint because a high-voltage cable has fallen beside a public walkway at the village entrance. residents are at risk of serious injury. Please address this issue.,high,v3_targeted_augmentation
A local issue has developed where a fallen power cable is lying across a pedestrian path close to the bus stop.,high,v2_original
People living nearby have noticed that a fallen lamp post is blocking part of the road with electrical wires attached near the railway station. public access to the area is unsafe. Please address this issue.,high,v3_targeted_augmentation
A local issue has developed where garbage collection has been missed for several days and waste is accumulating close to the playground. Several nearby residents have raised concerns.,medium,v2_original
People in the area are reporting that dense smoke from a nearby facility is causing residents to leave their homes in our neighbourhood.,high,v2_original
We have noticed that several potholes are making vehicles slow down on the main road at the main junction. The condition has remained unchanged since yesterday.,medium,v2_original
People living nearby have noticed that a curb has a small chipped section close to the bus stop. the service remains available despite the issue. Please take the necessary action.,low,v3_targeted_augmentation
People in the area are reporting that a minor water leak is dripping from a public pipe near the public market. Several nearby residents have raised concerns.,low,v2_original
There is a problem where water supply has been unavailable to a neighbourhood since yesterday near the school.,medium,v2_original
The situation involves wastewater is overflowing from a drain onto the roadside near the school. The issue has been reported by households nearby.,medium,v2_original
There is a problem where a large public waste bin is overflowing onto the pavement near our houses.,medium,v2_original
Water pressure is too low for many houses in the area close to the bus stop. People in the area have reported the same issue.,medium,v2_original
a drainage outlet is partially blocked and dirty water reaches the walkway near the school. multiple households have reported the same problem. Please inspect the issue.,medium,v3_targeted_augmentation
People in the area are reporting that a small amount of litter is scattered near a bus stop on the main road.,low,v2_original
We are experiencing a situation where an electrical box is open and live components are exposed to pedestrians near the public market. urgent intervention is required. Residents are requesting assistance.,high,v3_targeted_augmentation
a sewer blockage is producing a strong smell across nearby properties in our neighbourhood. Please take the necessary action.,medium,v3_targeted_augmentation
The community would like to report that one household is experiencing slightly reduced water pressure close to the bus stop. normal access to the area is still possible. The relevant department should investigate the problem.,low,v3_targeted_augmentation
A local issue has developed where a drain cover is slightly loose but still in place close to the bus stop.,low,v2_original
a deep hole has opened across most of the traffic lane outside the hospital. residents may need emergency assistance. Residents are requesting assistance.,high,v3_targeted_augmentation
dense smoke is causing breathing difficulty among nearby residents near the playground. someone could be seriously injured if the area is not secured immediately. Please inspect the issue.,high,v3_targeted_augmentation
We would like to report that a large tree has fallen onto electrical lines above the road near the community centre.,high,v3_targeted_augmentation
A large section of road has collapsed beside a school entrance close to the bus stop. The issue is affecting normal use of the area.,high,v2_original
People in the area are reporting that a single street sign area has minor surface damage near the public market. People in the area have reported the same issue.,low,v2_original
There is a problem where a large section of road has collapsed beside a school entrance near the town centre. Several nearby residents have raised concerns.,high,v2_original
The situation involves construction dust is affecting nearby shops and homes throughout the day close to the playground.,medium,v2_original
Residents have noticed that floodwater has entered houses and is continuing to rise at the main junction.,high,v2_original
We are experiencing a situation where a damaged electrical pole is leaning over a busy road near the hospital. someone could be seriously injured if the area is not secured immediately. Please inspect the issue.,high,v3_targeted_augmentation
The community would like to report that a damaged electrical pole is leaning over a busy road along the main road. public access to the area is unsafe. Please take the necessary action.,high,v3_targeted_augmentation
There is a problem where water pressure is too low for many houses in the area near the town centre. The condition has remained unchanged since yesterday.,medium,v2_original
We have noticed that a major water pipe has burst and water is entering nearby houses near the community hall.,high,v2_original
a strong chemical release is affecting people in nearby homes at the village entrance. Please arrange an inspection.,high,v3_targeted_augmentation
One street lamp is dim but still provides some light close to the playground. People in the area have reported the same issue.,low,v2_original
Residents have noticed that a fallen power cable is lying across a pedestrian path near the school. The issue has been reported by households nearby.,high,v2_original
There is a problem where thick smoke is causing breathing difficulty among nearby residents near the hospital. The condition has remained unchanged since yesterday.,high,v2_original
A local issue has developed where repeated electricity interruptions are affecting many houses near the hospital.,medium,v2_original
Residents have noticed that a major water pipe has burst and water is entering nearby houses at the main junction. The issue has been reported by households nearby.,high,v2_original
There is a public complaint because a drainage channel is blocked and causes flooding during normal rainfall near the public market. the problem has continued for more than a day. The relevant department should investigate the problem.,medium,v3_targeted_augmentation
"near the railway station, a deep hole has opened across most of the traffic lane.",high,v3_targeted_augmentation
"along the main road, a damaged power pole appears ready to fall onto passing vehicles. someone could be seriously injured if the area is not secured immediately.",high,v3_targeted_augmentation
A local issue has developed where a curb has a small chipped section close to the playground. The condition becomes worse during busy periods.,low,v2_original
Residents have noticed that a large public waste bin is overflowing onto the pavement in our neighbourhood.,medium,v2_original
Residents have noticed that floodwater has entered houses and is continuing to rise near the public market. The problem has continued despite recent rainfall.,high,v2_original
People in the area are reporting that sewage is flowing into several homes from an overflowing manhole near the school. People passing through the area are being affected.,high,v2_original
Residents have noticed that a small amount of litter is scattered near a bus stop on the main road.,low,v2_original
Water supply has been unavailable to a neighbourhood since yesterday near the hospital. People passing through the area are being affected.,medium,v2_original
The situation involves part of a roadside retaining wall has collapsed onto the traffic lane near the town centre.,high,v2_original
There is a problem where one lamp flickers occasionally during the evening on the main road. The condition has remained unchanged since yesterday.,low,v2_original
A local issue has developed where a shallow puddle forms after light rain in our neighbourhood. People in the area have reported the same issue.,low,v2_original
A minor water leak is dripping from a public pipe at the main junction. People in the area have reported the same issue.,low,v2_original
The situation involves a public bin is partly full but not overflowing near the hospital. The problem can be seen clearly from the roadside.,low,v2_original
A local issue has developed where several street lights along one road are not working near the school. The problem can be seen clearly from the roadside.,medium,v2_original
Residents have reported that a minor crack is visible in the pavement near our houses. normal access to the area is still possible. Please send the responsible team.,low,v3_targeted_augmentation
The situation involves electrical wires are sparking beside a crowded pedestrian area near the town centre.,high,v2_original
A shallow puddle forms after light rain close to the playground.,low,v2_original
The situation involves a small crack has appeared along the edge of a side road near our houses. The issue is affecting normal use of the area.,low,v2_original
The situation involves a public bin is partly full but not overflowing near the school.,low,v2_original
the water pressure is slightly lower than normal in one house in the residential area. the issue is noticeable but not currently dangerous. Please arrange an inspection.,low,v3_targeted_augmentation
Residents have noticed that a large section of road has collapsed beside a school entrance at the main junction.,high,v2_original
The community would like to report that smoke from a nearby workshop is regularly entering nearby houses close to the bus stop. normal daily activities are being affected. Please address this issue.,medium,v3_targeted_augmentation
A local issue has developed where a large section of road has collapsed beside a school entrance near our houses. Several nearby residents have raised concerns.,high,v2_original
The situation involves a water main failure has flooded the entrance to a hospital on the main road. The problem can be seen clearly from the roadside.,high,v2_original
We are experiencing a situation where sewage is flowing into homes from an overflowing manhole near the playground. the condition poses a direct risk to life and safety. The relevant department should investigate the problem.,high,v3_targeted_augmentation
Residents have noticed that a small amount of litter is scattered near a bus stop near the hospital. The problem can be seen clearly from the roadside.,low,v2_original
A local issue has developed where a shallow puddle forms after light rain on the main road. Residents noticed the problem this morning.,low,v2_original
"along the main road, a small crack has appeared along the edge of the road. the issue is noticeable but not currently dangerous. Please address this issue.",low,v3_targeted_augmentation
A local issue has developed where floodwater has entered houses and is continuing to rise near our houses. The problem has continued despite recent rainfall.,high,v2_original
People in the area are reporting that a small crack has appeared along the edge of a side road close to the bus stop. The condition has remained unchanged since yesterday.,low,v2_original
A local issue has developed where a curb has a small chipped section on the main road.,low,v2_original
The situation involves a sewer blockage is creating a strong smell across several nearby properties near our houses. People in the area have reported the same issue.,medium,v2_original
A local issue has developed where a large section of road has collapsed beside a school entrance near the town centre.,high,v2_original
A small crack has appeared along the edge of a side road near our houses. The condition becomes worse during busy periods.,low,v2_original
Part of a roadside retaining wall has collapsed onto the traffic lane close to the playground. The condition becomes worse during busy periods.,high,v2_original
People in the area are reporting that the road surface is damaged in several places and motorcycles are having difficulty passing near the community hall. The issue is affecting normal use of the area.,medium,v2_original
A local issue has developed where a public bin is partly full but not overflowing on the main road.,low,v2_original
There is a public complaint because a shallow puddle forms after light rain outside the hospital. the issue is noticeable but not currently dangerous. Please take the necessary action.,low,v3_targeted_augmentation
People in the area are reporting that a small patch of the road surface has become uneven close to the playground. The problem can be seen clearly from the roadside.,low,v2_original
We have noticed that a deep hole has opened across most of the traffic lane near a blind bend near the school.,high,v2_original
People living nearby have noticed that a small amount of dust is affecting one section of the road close to the town centre. the problem is limited to a small section. Please take the necessary action.,low,v3_targeted_augmentation
The situation involves water supply has been unavailable to a neighbourhood since yesterday near the public market.,medium,v2_original
A local issue has developed where several potholes are making vehicles slow down on the main road in our neighbourhood. The condition has remained unchanged since yesterday.,medium,v2_original
There is a problem where a public bin is partly full but not overflowing near the community hall. The issue has been reported by households nearby.,low,v2_original
People living nearby have noticed that an electrical box is open and live components are exposed to pedestrians near the community centre. someone could be seriously injured if the area is not secured immediately. Residents are requesting assistance.,high,v3_targeted_augmentation
There is a problem where thick smoke is causing breathing difficulty among nearby residents near our houses. The condition becomes worse during busy periods.,high,v2_original
We would like to report that floodwater is rising quickly around homes and residents cannot leave safely near the public market.,high,v3_targeted_augmentation
There is a problem where the road surface is damaged in several places and motorcycles are having difficulty passing near our houses. The problem has continued despite recent rainfall.,medium,v2_original
Residents have noticed that sewage is flowing into several homes from an overflowing manhole on the main road. The issue is affecting normal use of the area.,high,v2_original
Residents have reported that a damaged power pole appears ready to fall onto passing vehicles in our neighbourhood. public access to the area is unsafe. We would appreciate assistance with this problem.,high,v3_targeted_augmentation
There is a problem where several potholes are making vehicles slow down on the main road in our neighbourhood.,medium,v2_original
There is a public complaint because a roadside drain contains some leaves but water can still pass along the main road. normal access to the area is still possible. Please send the responsible team.,low,v3_targeted_augmentation
The situation involves a large public waste bin is overflowing onto the pavement at the main junction. The condition has remained unchanged since yesterday.,medium,v2_original
People in the area are reporting that sewage is flowing into several homes from an overflowing manhole near our houses.,high,v2_original
Tap water has a slight unusual smell but remains available at the main junction.,low,v2_original
A local issue has developed where one lamp flickers occasionally during the evening close to the bus stop. Several nearby residents have raised concerns.,low,v2_original
Several street lights along one road are not working near the town centre. The issue is affecting normal use of the area.,medium,v2_original
Residents have noticed that a roadside drain is blocked and rainwater is collecting across part of the road near the town centre.,medium,v2_original
Residents have noticed that a major water pipe has burst and water is entering nearby houses near the school.,high,v2_original
A local issue has developed where a few garbage bags are waiting at the normal collection point near the public market. The problem has continued despite recent rainfall.,low,v2_original
There is a problem where a drain cover is slightly loose but still in place close to the bus stop.,low,v2_original
The situation involves dense smoke from a nearby facility is causing residents to leave their homes on the main road. Residents noticed the problem this morning.,high,v2_original
There is a problem where tap water has a slight unusual smell but remains available at the main junction. Residents noticed the problem this morning.,low,v2_original
Residents report that a deep hole has opened across most of the traffic lane outside the school.,high,v3_targeted_augmentation
A minor water leak is dripping from a public pipe in our neighbourhood.,low,v2_original
We have noticed that smoke from a nearby workshop is entering nearby houses near our houses.,medium,v2_original
The road surface is damaged in several places and motorcycles are having difficulty passing at the main junction. The issue has been reported by households nearby.,medium,v2_original
We are experiencing a situation where a strong chemical release is affecting people in nearby homes close to the town centre. the area should be secured immediately. The relevant department should investigate the problem.,high,v3_targeted_augmentation
A local issue has developed where several street lights along one road are not working near the town centre.,medium,v2_original
A local issue has developed where a small crack has appeared along the edge of a side road near the public market.,low,v2_original
We have noticed that a deep hole has opened across most of the traffic lane near a blind bend close to the playground.,high,v2_original
There is a problem where part of a roadside retaining wall has collapsed onto the traffic lane on the main road.,high,v2_original
A major water pipe has burst and water is entering nearby houses near the school. Several nearby residents have raised concerns.,high,v2_original
People in the area are reporting that part of a roadside retaining wall has collapsed onto the traffic lane near the town centre. The problem can be seen clearly from the roadside.,high,v2_original
People living nearby have noticed that sewage is flowing into homes from an overflowing manhole close to the town centre. people are being exposed to a serious safety hazard. Please send the responsible team.,high,v3_targeted_augmentation
Residents have reported that an exposed electrical cable is hanging where people can touch it close to the bus stop. public access to the area is unsafe. Please send the responsible team.,high,v3_targeted_augmentation
The situation involves one street lamp is dim but still provides some light near the community hall.,low,v2_original
The situation involves a section of road has sunk and vehicles must drive around it close to the playground.,medium,v2_original
Residents have noticed that wastewater is overflowing from a drain onto the roadside near our houses. People passing through the area are being affected.,medium,v2_original
Residents have noticed that a curb has a small chipped section near the town centre. Several nearby residents have raised concerns.,low,v2_original
"near the junction, a strong chemical release is affecting people in nearby homes.",high,v3_targeted_augmentation
A local issue has developed where part of a roadside retaining wall has collapsed onto the traffic lane near our houses. The condition has remained unchanged since yesterday.,high,v2_original
The community would like to report that floodwater has entered several houses and is continuing to rise beside the public road. public access to the area is unsafe. Residents are requesting assistance.,high,v3_targeted_augmentation
There is a public complaint because a drainage channel is blocked and causes flooding during normal rainfall near the junction. the area can still be used but with difficulty. Please inspect the issue.,medium,v3_targeted_augmentation
Residents report that the road surface is badly cracked and uneven in the residential area.,medium,v3_targeted_augmentation
A damaged electrical pole is leaning over a busy road on the main road. Several nearby residents have raised concerns.,high,v2_original
We are experiencing a situation where a roadside drain is blocked and rainwater is collecting across part of the road near the school. residents are requesting prompt attention. The relevant department should investigate the problem.,medium,v3_targeted_augmentation
A local issue has developed where a sewer blockage is creating a strong smell across several nearby properties near the school. People in the area have reported the same issue.,medium,v2_original
Floodwater has entered houses and is continuing to rise at the main junction. The condition becomes worse during busy periods.,high,v2_original
The community would like to report that a group of street lamps is not functioning at night close to the local clinic. the issue is causing significant inconvenience. Please send the responsible team.,medium,v3_targeted_augmentation
We have noticed that a single street sign area has minor surface damage on the main road. The issue has been reported by households nearby.,low,v2_original
The situation involves a sewer blockage is creating a strong smell across several nearby properties near the hospital. The problem has continued despite recent rainfall.,medium,v2_original
People in the area are reporting that a water pipe is leaking continuously and a large amount of water is being wasted at the main junction. People in the area have reported the same issue.,medium,v2_original
Wastewater is overflowing from a drain onto the roadside close to the playground. People passing through the area are being affected.,medium,v2_original
There is a public complaint because a strong chemical release is affecting people in nearby homes in our neighbourhood. the condition poses a direct risk to life and safety. The relevant department should investigate the problem.,high,v3_targeted_augmentation
part of a roadside retaining wall has collapsed onto the traffic lane close to the bus stop. Please arrange an inspection.,high,v3_targeted_augmentation
The community would like to report that a high-voltage cable has fallen beside a public walkway outside the hospital. residents may need emergency assistance. Please send the responsible team.,high,v3_targeted_augmentation
A local issue has developed where a small patch of the road surface has become uneven in our neighbourhood. Residents noticed the problem this morning.,low,v2_original
"in the residential area, multiple damaged sections of road are affecting normal traffic.",medium,v3_targeted_augmentation
We have noticed that wastewater is overflowing from a drain onto the roadside close to the playground.,medium,v2_original
People in the area are reporting that a single street sign area has minor surface damage near the hospital. The issue has been reported by households nearby.,low,v2_original
A local issue has developed where several potholes are making vehicles slow down on the main road near our houses.,medium,v2_original
Residents have noticed that there is a small amount of dust near a construction site along the roadside. The condition becomes worse during busy periods.,low,v2_original
The community would like to report that a section of road has sunk and vehicles must drive around it in the residential area. the situation becomes worse during rainfall.,medium,v3_targeted_augmentation
A local issue has developed where sewage is flowing into several homes from an overflowing manhole near the town centre. People passing through the area are being affected.,high,v2_original
We have noticed that construction dust is affecting nearby shops and homes throughout the day near the public market.,medium,v2_original
A local issue has developed where a drain cover is slightly loose but still in place near our houses. Several nearby residents have raised concerns.,low,v2_original
The situation involves a major water pipe has burst and water is entering nearby houses on the main road.,high,v2_original
People in the area are reporting that a large section of road has collapsed beside a school entrance near the community hall. The issue is affecting normal use of the area.,high,v2_original
Water pressure is too low for many houses in the area close to the playground. Several nearby residents have raised concerns.,medium,v2_original
A local issue has developed where a large section of road has collapsed beside a school entrance near the community hall.,high,v2_original
residents are experiencing repeated power cuts during the evening near the school.,medium,v3_targeted_augmentation
A local issue has developed where wastewater is overflowing from a drain onto the roadside near the school.,medium,v2_original
We have noticed that water pressure is too low for many houses in the area at the main junction.,medium,v2_original
Residents have noticed that a few garbage bags are waiting at the normal collection point in our neighbourhood.,low,v2_original
We have noticed that a public bin is partly full but not overflowing at the main junction.,low,v2_original
Residents have reported that a high-voltage cable has fallen beside a public walkway near the public market. people are being exposed to a serious safety hazard. Please take the necessary action.,high,v3_targeted_augmentation
The situation involves a public bin is partly full but not overflowing close to the bus stop.,low,v2_original
We are experiencing a situation where electrical wires are sparking beside a crowded public area near the public market. people are being exposed to a serious safety hazard. We would appreciate assistance with this problem.,high,v3_targeted_augmentation
People in the area are reporting that dense smoke from a nearby facility is causing residents to leave their homes near our houses. The condition has remained unchanged since yesterday.,high,v2_original
The community would like to report that wastewater is overflowing from a drain onto the roadside near the playground. the area can still be used but with difficulty. Please arrange an inspection.,medium,v3_targeted_augmentation
People in the area are reporting that a section of road has sunk and vehicles must drive around it on the main road. The problem can be seen clearly from the roadside.,medium,v2_original
There is a problem where dense smoke from a nearby facility is causing residents to leave their homes close to the bus stop.,high,v2_original
Garbage collection has been missed for several days and waste is accumulating near the town centre.,medium,v2_original
The situation involves smoke from a nearby workshop is entering nearby houses near the public market.,medium,v2_original
Residents have noticed that a roadside drain has some leaves and sediment inside it near the school.,low,v2_original
A local issue has developed where a single street sign area has minor surface damage near the hospital.,low,v2_original
People in the area are reporting that one street lamp is dim but still provides some light on the main road.,low,v2_original
We have noticed that sewage is spreading across a school access road near the hospital.,high,v2_original
A deep hole has opened across most of the traffic lane near a blind bend near the public market.,high,v2_original
People in the area are reporting that repeated electricity interruptions are affecting many houses near the town centre.,medium,v2_original
A local issue has developed where part of a roadside retaining wall has collapsed onto the traffic lane along the roadside. People passing through the area are being affected.,high,v2_original
"outside the school, floodwater is rising quickly around homes and residents cannot leave safely.",high,v3_targeted_augmentation
We have noticed that a small patch of the road surface has become uneven on the main road. Several nearby residents have raised concerns.,low,v2_original
The community would like to report that a group of street lamps is not functioning at night near the hospital. the issue is causing significant inconvenience. Please take the necessary action.,medium,v3_targeted_augmentation
There is a problem where tap water has a slight unusual smell but remains available near the public market.,low,v2_original
Repeated electricity interruptions are affecting many houses near our houses.,medium,v2_original
We have noticed that wastewater is overflowing from a drain onto the roadside near the school.,medium,v2_original
There is a problem where a major water pipe has burst and water is entering nearby houses near our houses. The problem has continued despite recent rainfall.,high,v2_original
The situation involves a single street sign area has minor surface damage near the school.,low,v2_original
The situation involves a roadside drain is blocked and rainwater is collecting across part of the road along the roadside.,medium,v2_original
a shallow pothole has started forming on a quiet side road near the public market. there is no immediate safety risk.,low,v3_targeted_augmentation
Residents have reported that a water pipe is leaking continuously and wasting a large amount of water near the community centre. normal daily activities are being affected.,medium,v3_targeted_augmentation
"outside our building, a drain grate is loose and makes a noise when vehicles pass.",low,v3_targeted_augmentation
People living nearby have noticed that a shallow puddle forms after light rain in the residential area. residents can still use the area normally. Please address this issue.,low,v3_targeted_augmentation
Residents report that an electrical box is open and live components are exposed to pedestrians at the village entrance.,high,v3_targeted_augmentation
There is a problem where sewage is flowing into several homes from an overflowing manhole close to the playground. The condition becomes worse during busy periods.,high,v2_original
A local issue has developed where a major water pipe has burst and water is entering nearby houses at the main junction.,high,v2_original
The situation involves several street lights along one road are not working in our neighbourhood.,medium,v2_original
People living nearby have noticed that part of a roadside retaining wall has collapsed onto the traffic lane near the junction. the situation presents an immediate danger to the public. Please address this issue.,high,v3_targeted_augmentation
There is a problem where tap water has a slight unusual smell but remains available along the roadside. Residents noticed the problem this morning.,low,v2_original
The community would like to report that floodwater is rising quickly around homes and residents cannot leave safely beside the public road. residents may need emergency assistance. Please arrange an inspection.,high,v3_targeted_augmentation
A local issue has developed where a curb has a small chipped section near the hospital.,low,v2_original
There is a problem where a shallow puddle forms after light rain near the community hall. The issue is affecting normal use of the area.,low,v2_original
The situation involves a sewer blockage is creating a strong smell across several nearby properties at the main junction.,medium,v2_original
We are experiencing a situation where a deep hole has opened across most of the traffic lane beside the public road. the situation presents an immediate danger to the public.,high,v3_targeted_augmentation
We have noticed that electrical wires are sparking beside a crowded pedestrian area near the public market. The problem can be seen clearly from the roadside.,high,v2_original
A local issue has developed where a roadside drain is blocked and rainwater is collecting across part of the road close to the bus stop. The condition has remained unchanged since yesterday.,medium,v2_original
We have noticed that a drain cover is slightly loose but still in place near the community hall. The problem can be seen clearly from the roadside.,low,v2_original
A local issue has developed where a few garbage bags are waiting at the normal collection point in our neighbourhood.,low,v2_original
There is a problem where a deep hole has opened across most of the traffic lane near a blind bend at the main junction. People passing through the area are being affected.,high,v2_original
We have noticed that several potholes are making vehicles slow down on the main road near our houses. People passing through the area are being affected.,medium,v2_original
Residents have noticed that an exposed electrical cable is hanging low where pedestrians can reach it near the public market. Residents noticed the problem this morning.,high,v2_original
People living nearby have noticed that a large tree has fallen onto electrical lines above the road near the public market. the condition poses a direct risk to life and safety. Please address this issue.,high,v3_targeted_augmentation
a minor water leak is dripping slowly from a public pipe near the playground. The relevant department should investigate the problem.,low,v3_targeted_augmentation
A damaged electrical pole is leaning over a busy road at the main junction.,high,v2_original
There is a problem where the road surface is damaged in several places and motorcycles are having difficulty passing near the public market. The issue is affecting normal use of the area.,medium,v2_original
There is a problem where several street lights along one road are not working on the main road. Several nearby residents have raised concerns.,medium,v2_original
We have noticed that a major water pipe has burst and water is entering nearby houses at the main junction. Several nearby residents have raised concerns.,high,v2_original
The community would like to report that a chemical liquid has spilled near houses and is producing strong fumes beside the public walkway. residents may need emergency assistance. Please take the necessary action.,high,v3_targeted_augmentation
There is a public complaint because a drain grate is loose and makes a noise when vehicles pass near the community centre. there is no immediate safety risk. The relevant department should investigate the problem.,low,v3_targeted_augmentation
We have noticed that several street lights along one road are not working close to the playground. Residents noticed the problem this morning.,medium,v2_original
The situation involves a curb has a small chipped section near the public market. The issue is affecting normal use of the area.,low,v2_original
We have noticed that several street lights along one road are not working near the hospital.,medium,v2_original
People in the area are reporting that garbage collection has been missed for several days and waste is accumulating on the main road. The issue has been reported by households nearby.,medium,v2_original
A local issue has developed where a major water pipe has burst and water is entering nearby houses close to the playground. The condition has remained unchanged since yesterday.,high,v2_original
A single street sign area has minor surface damage near the hospital. The condition has remained unchanged since yesterday.,low,v2_original
Residents have noticed that a roadside drain is blocked and rainwater is collecting across part of the road near the hospital. Several nearby residents have raised concerns.,medium,v2_original
People in the area are reporting that part of a roadside retaining wall has collapsed onto the traffic lane in our neighbourhood. The condition becomes worse during busy periods.,high,v2_original
People in the area are reporting that smoke from a nearby workshop is entering nearby houses near our houses. The issue has been reported by households nearby.,medium,v2_original
There is a problem where a water pipe is leaking continuously and a large amount of water is being wasted near the community hall.,medium,v2_original
We have noticed that several street lights along one road are not working close to the bus stop.,medium,v2_original
A sewer blockage is creating a strong smell across several nearby properties along the roadside. The problem has continued despite recent rainfall.,medium,v2_original
We have noticed that a single street sign area has minor surface damage along the roadside. The problem can be seen clearly from the roadside.,low,v2_original
The situation involves dense smoke from a nearby facility is causing residents to leave their homes on the main road.,high,v2_original
People in the area are reporting that a sewer blockage is creating a strong smell across several nearby properties near the community hall.,medium,v2_original
We have noticed that a small crack has appeared along the edge of a side road in our neighbourhood.,low,v2_original
A minor water leak is dripping from a public pipe at the main junction.,low,v2_original
Garbage collection has been missed for several days and waste is accumulating near the public market.,medium,v2_original
The situation involves a water main failure has flooded the entrance to a hospital near the community hall. People in the area have reported the same issue.,high,v2_original
one household is experiencing slightly reduced water pressure near the junction. the condition should be checked before it becomes worse. The relevant department should investigate the problem.,low,v3_targeted_augmentation
We would like to report that one street sign is slightly damaged but still readable beside the public road.,low,v3_targeted_augmentation
Residents have noticed that thick smoke is causing breathing difficulty among nearby residents near the community hall. The condition becomes worse during busy periods.,high,v2_original
There is a problem where a roadside drain has some leaves and sediment inside it at the main junction.,low,v2_original
A local issue has developed where a large section of road has collapsed beside a school entrance close to the playground. The problem has continued despite recent rainfall.,high,v2_original
"near the community centre, an electrical box is open and live components are exposed to pedestrians. the area should be secured immediately.",high,v3_targeted_augmentation
The community would like to report that a small crack has appeared along the edge of the road near the school. there is no immediate safety risk. Please arrange an inspection.,low,v3_targeted_augmentation
The situation involves a water main failure has flooded the entrance to a hospital close to the playground.,high,v2_original
Thick smoke is causing breathing difficulty among nearby residents along the roadside.,high,v2_original
We have noticed that wastewater is overflowing from a drain onto the roadside at the main junction. People in the area have reported the same issue.,medium,v2_original
The situation involves a sewer blockage is creating a strong smell across several nearby properties near the school. The condition has remained unchanged since yesterday.,medium,v2_original
The community would like to report that a drain grate is loose and makes a noise when vehicles pass at the village entrance. there is no immediate safety risk. Please address this issue.,low,v3_targeted_augmentation
There is a problem where water pressure is too low for many houses in the area in our neighbourhood.,medium,v2_original
floodwater is rising quickly around homes and residents cannot leave safely in our neighbourhood. residents are at risk of serious injury.,high,v3_targeted_augmentation
There is a public complaint because a drainage outlet is partially blocked and dirty water reaches the walkway at the village entrance. the area can still be used but with difficulty. We would appreciate assistance with this problem.,medium,v3_targeted_augmentation
The situation involves a curb has a small chipped section near the public market. The problem can be seen clearly from the roadside.,low,v2_original
"close to the bus stop, a water pipe is leaking continuously and wasting a large amount of water. residents are requesting prompt attention. We would appreciate assistance with this problem.",medium,v3_targeted_augmentation
Residents report that an exposed electrical cable is hanging where people can touch it near the playground.,high,v3_targeted_augmentation
Repeated electricity interruptions are affecting many houses close to the bus stop.,medium,v2_original
A local issue has developed where several street lights along one road are not working close to the bus stop.,medium,v2_original
Residents have noticed that the road surface is damaged in several places and motorcycles are having difficulty passing in our neighbourhood. The condition becomes worse during busy periods.,medium,v2_original
"near the railway station, thick black smoke is filling nearby houses and residents are struggling to breathe. someone could be seriously injured if the area is not secured immediately.",high,v3_targeted_augmentation
The community would like to report that a small amount of rubbish has been left near a public bin in the residential area. the service remains available despite the issue. Please address this issue.,low,v3_targeted_augmentation
The road surface is damaged in several places and motorcycles are having difficulty passing near the public market. People in the area have reported the same issue.,medium,v2_original
The situation involves a deep hole has opened across most of the traffic lane near a blind bend along the roadside. The issue has been reported by households nearby.,high,v2_original
A local issue has developed where a small amount of litter is scattered near a bus stop at the main junction. The condition has remained unchanged since yesterday.,low,v2_original
There is a public complaint because water supply has been unavailable to several houses since yesterday near the school. residents are requesting prompt attention. We would appreciate assistance with this problem.,medium,v3_targeted_augmentation
People in the area are reporting that a minor water leak is dripping from a public pipe near the town centre. The condition has remained unchanged since yesterday.,low,v2_original
The situation involves a water main failure has flooded the entrance to a hospital near the hospital. The problem can be seen clearly from the roadside.,high,v2_original
"beside the public road, the road surface is badly cracked and uneven.",medium,v3_targeted_augmentation
The situation involves water pressure is too low for many houses in the area near the hospital.,medium,v2_original
People living nearby have noticed that sewage is flowing into homes from an overflowing manhole near our houses. the problem could cause a major accident. Please take the necessary action.,high,v3_targeted_augmentation
A local issue has developed where a single street sign area has minor surface damage close to the bus stop. The problem has continued despite recent rainfall.,low,v2_original
The situation involves a sewer blockage is creating a strong smell across several nearby properties near the hospital.,medium,v2_original
There is a problem where a minor water leak is dripping from a public pipe on the main road. The problem has continued despite recent rainfall.,low,v2_original
People in the area are reporting that water supply has been unavailable to a neighbourhood since yesterday near the town centre.,medium,v2_original
a group of street lamps is not functioning at night beside the public road.,medium,v3_targeted_augmentation
The situation involves water supply has been unavailable to a neighbourhood since yesterday close to the bus stop. The issue has been reported by households nearby.,medium,v2_original
The situation involves a few garbage bags are waiting at the normal collection point near the hospital. The issue has been reported by households nearby.,low,v2_original
Sewage is spreading across a school access road along the roadside. The issue has been reported by households nearby.,high,v2_original
A fallen power cable is lying across a pedestrian path close to the playground. People in the area have reported the same issue.,high,v2_original
The situation involves a roadside drain is blocked and rainwater is collecting across part of the road in our neighbourhood.,medium,v2_original
A damaged electrical pole is leaning over a busy road near the community hall. The problem has continued despite recent rainfall.,high,v2_original
"near the playground, the road surface is badly cracked and uneven.",medium,v3_targeted_augmentation
residents are experiencing repeated power cuts during the evening near the junction. the area can still be used but with difficulty. The relevant department should investigate the problem.,medium,v3_targeted_augmentation
A chemical liquid has leaked onto a public road beside residential buildings in our neighbourhood. People in the area have reported the same issue.,high,v2_original
There is a problem where a roadside drain is blocked and rainwater is collecting across part of the road near the public market. The issue has been reported by households nearby.,medium,v2_original
People in the area are reporting that tap water has a slight unusual smell but remains available near the public market. The issue is affecting normal use of the area.,low,v2_original
The community would like to report that a small crack has appeared along the edge of the road near the railway station. the issue is causing only a minor inconvenience. We would appreciate assistance with this problem.,low,v3_targeted_augmentation
Construction dust is affecting nearby shops and homes throughout the day near the school. The issue is affecting normal use of the area.,medium,v2_original
floodwater is rising quickly around homes and residents cannot leave safely near our houses.,high,v3_targeted_augmentation
The situation involves part of a roadside retaining wall has collapsed onto the traffic lane at the main junction.,high,v2_original
The situation involves a chemical liquid has leaked onto a public road beside residential buildings on the main road. People passing through the area are being affected.,high,v2_original
The community would like to report that electrical wires are sparking beside a crowded public area near our houses. someone could be seriously injured if the area is not secured immediately. Please take the necessary action.,high,v3_targeted_augmentation
People in the area are reporting that a water main failure has flooded the entrance to a hospital at the main junction.,high,v2_original
Residents have noticed that construction dust is affecting nearby shops and homes throughout the day near the public market.,medium,v2_original
"in the residential area, one street sign is slightly damaged but still readable.",low,v3_targeted_augmentation
People in the area are reporting that a minor water leak is dripping from a public pipe near the community hall. The condition has remained unchanged since yesterday.,low,v2_original
There is a problem where several street lights along one road are not working near the community hall.,medium,v2_original
There is a problem where garbage collection has been missed for several days and waste is accumulating near the town centre. The problem can be seen clearly from the roadside.,medium,v2_original
Floodwater has entered houses and is continuing to rise in our neighbourhood. The condition becomes worse during busy periods.,high,v2_original
We are experiencing a situation where the road surface is badly cracked and uneven outside the school. the issue is causing significant inconvenience. Please address this issue.,medium,v3_targeted_augmentation
There is a problem where construction dust is affecting nearby shops and homes throughout the day near the community hall. The problem has continued despite recent rainfall.,medium,v2_original
Residents have noticed that several potholes are making vehicles slow down on the main road in our neighbourhood. People in the area have reported the same issue.,medium,v2_original
One street lamp is dim but still provides some light in our neighbourhood.,low,v2_original
A local issue has developed where a public bin is partly full but not overflowing near the town centre. The problem has continued despite recent rainfall.,low,v2_original
People in the area are reporting that a deep hole has opened across most of the traffic lane near a blind bend near the public market.,high,v2_original
Residents have noticed that there is a small amount of dust near a construction site near the public market.,low,v2_original
We have noticed that sewage is flowing into several homes from an overflowing manhole in our neighbourhood.,high,v2_original
People living nearby have noticed that a minor crack is visible in the pavement outside the hospital. the problem is limited to a small section. Please address this issue.,low,v3_targeted_augmentation
"close to the local clinic, garbage collection has been missed for several days and waste is accumulating. multiple households have reported the same problem. We would appreciate assistance with this problem.",medium,v3_targeted_augmentation
Smoke from a nearby workshop is entering nearby houses at the main junction.,medium,v2_original
Residents have noticed that tap water has a slight unusual smell but remains available near the community hall.,low,v2_original
Residents have noticed that water supply has been unavailable to a neighbourhood since yesterday near the hospital. The problem has continued despite recent rainfall.,medium,v2_original
A local issue has developed where water supply has been unavailable to a neighbourhood since yesterday close to the playground.,medium,v2_original
There is a public complaint because a public bin is partly full but is not overflowing outside the hospital. residents can still use the area normally. We would appreciate assistance with this problem.,low,v3_targeted_augmentation
The community would like to report that a shallow pothole has started forming on a quiet side road near the hospital. the issue is noticeable but not currently dangerous. Please take the necessary action.,low,v3_targeted_augmentation
There is a problem where a chemical liquid has leaked onto a public road beside residential buildings near the public market. The condition has remained unchanged since yesterday.,high,v2_original
The situation involves a section of road has sunk and vehicles must drive around it near the school. The condition becomes worse during busy periods.,medium,v2_original
We have noticed that an exposed electrical cable is hanging low where pedestrians can reach it along the roadside. Residents noticed the problem this morning.,high,v2_original
People living nearby have noticed that water supply has been unavailable to several houses since yesterday near the railway station. normal daily activities are being affected. The relevant department should investigate the problem.,medium,v3_targeted_augmentation
Residents have noticed that a roadside drain is blocked and rainwater is collecting across part of the road near the school. The issue has been reported by households nearby.,medium,v2_original
We have noticed that a damaged electrical pole is leaning over a busy road close to the bus stop. The problem can be seen clearly from the roadside.,high,v2_original
Residents have noticed that thick smoke is causing breathing difficulty among nearby residents at the main junction. The problem can be seen clearly from the roadside.,high,v2_original
wastewater is overflowing from a drain onto the roadside along the main road. the area can still be used but with difficulty. Please address this issue.,medium,v3_targeted_augmentation
An exposed electrical cable is hanging low where pedestrians can reach it in our neighbourhood. The issue has been reported by households nearby.,high,v2_original
There is a problem where tap water has a slight unusual smell but remains available near the hospital.,low,v2_original
There is a public complaint because a deep hole has opened across most of the traffic lane close to the town centre. public access to the area is unsafe. Residents are requesting assistance.,high,v3_targeted_augmentation
A local issue has developed where a damaged electrical pole is leaning over a busy road on the main road.,high,v2_original
"near the hospital, smoke from a nearby workshop is regularly entering nearby houses.",medium,v3_targeted_augmentation
People in the area are reporting that a small patch of the road surface has become uneven near the town centre. The issue is affecting normal use of the area.,low,v2_original
Residents have reported that water pressure is too low for many houses in the area at the village entrance. the issue is disrupting normal use of the area. Please send the responsible team.,medium,v3_targeted_augmentation
The situation involves a small amount of litter is scattered near a bus stop close to the playground.,low,v2_original
There is a problem where construction dust is affecting nearby shops and homes throughout the day on the main road. People passing through the area are being affected.,medium,v2_original
The community would like to report that a drainage channel is blocked and causes flooding during normal rainfall near the playground. the issue is causing significant inconvenience. Please address this issue.,medium,v3_targeted_augmentation
Residents have reported that a drainage outlet is partially blocked and dirty water reaches the walkway at the village entrance. normal daily activities are being affected. Please take the necessary action.,medium,v3_targeted_augmentation
We have noticed that a fallen power cable is lying across a pedestrian path near the public market. The problem has continued despite recent rainfall.,high,v2_original
The situation involves dense smoke from a nearby facility is causing residents to leave their homes near the hospital. The problem can be seen clearly from the roadside.,high,v2_original
one street lamp is dim but still provides some light close to the town centre. The relevant department should investigate the problem.,low,v3_targeted_augmentation
A deep hole has opened across most of the traffic lane near a blind bend at the main junction. The condition has remained unchanged since yesterday.,high,v2_original
The situation involves an exposed electrical cable is hanging low where pedestrians can reach it on the main road. The condition has remained unchanged since yesterday.,high,v2_original
The situation involves a curb has a small chipped section near the public market. People passing through the area are being affected.,low,v2_original
dense smoke is causing breathing difficulty among nearby residents in the residential area.,high,v3_targeted_augmentation
People in the area are reporting that a drain cover is slightly loose but still in place near the school.,low,v2_original
A local issue has developed where a shallow puddle forms after light rain near the community hall.,low,v2_original
The community would like to report that a strong chemical release is affecting people in nearby homes beside the public road. residents may need emergency assistance. Please address this issue.,high,v3_targeted_augmentation
A local issue has developed where several potholes are making vehicles slow down on the main road near the hospital. The issue is affecting normal use of the area.,medium,v2_original
Residents report that floodwater is rising quickly around homes and residents cannot leave safely outside the hospital.,high,v3_targeted_augmentation
The situation involves water supply has been unavailable to a neighbourhood since yesterday in our neighbourhood.,medium,v2_original
The situation involves a single street sign area has minor surface damage on the main road. Several nearby residents have raised concerns.,low,v2_original
We have noticed that a chemical liquid has leaked onto a public road beside residential buildings at the main junction. The problem has continued despite recent rainfall.,high,v2_original
The situation involves a few garbage bags are waiting at the normal collection point near the hospital. The problem has continued despite recent rainfall.,low,v2_original
Residents have reported that part of a roadside retaining wall has collapsed onto the traffic lane near our houses. urgent intervention is required. Please take the necessary action.,high,v3_targeted_augmentation
Electrical wires are sparking beside a crowded pedestrian area near the school. The issue is affecting normal use of the area.,high,v2_original
We have noticed that one lamp flickers occasionally during the evening near the town centre. People passing through the area are being affected.,low,v2_original
The community would like to report that a shallow puddle forms after light rain beside the public road. residents can still use the area normally. Residents are requesting assistance.,low,v3_targeted_augmentation
People in the area are reporting that a major water pipe has burst and water is entering nearby houses close to the bus stop. The issue is affecting normal use of the area.,high,v2_original
Residents have noticed that a minor water leak is dripping from a public pipe on the main road.,low,v2_original
A local issue has developed where garbage collection has been missed for several days and waste is accumulating near the town centre. The condition has remained unchanged since yesterday.,medium,v2_original
Residents have reported that a live electrical wire is lying across a pedestrian path near the public market. the problem could cause a major accident. Please take the necessary action.,high,v3_targeted_augmentation
a water pipe is leaking continuously and wasting a large amount of water at the village entrance. the problem should be addressed before it becomes dangerous. Please inspect the issue.,medium,v3_targeted_augmentation
There is a problem where there is a small amount of dust near a construction site on the main road.,low,v2_original
Wastewater is overflowing from a drain onto the roadside along the roadside. People passing through the area are being affected.,medium,v2_original
Water pressure is too low for many houses in the area near the public market. People passing through the area are being affected.,medium,v2_original
"close to the town centre, a water pipe is leaking continuously and wasting a large amount of water.",medium,v3_targeted_augmentation
The community would like to report that a drainage channel is blocked and causes flooding during normal rainfall near the community centre. the problem should be addressed before it becomes dangerous. We would appreciate assistance with this problem.,medium,v3_targeted_augmentation
Residents have noticed that a chemical liquid has leaked onto a public road beside residential buildings close to the bus stop. The condition has remained unchanged since yesterday.,high,v2_original
floodwater has entered several houses and is continuing to rise near the school. the condition poses a direct risk to life and safety. Please send the responsible team.,high,v3_targeted_augmentation
Residents have reported that one street lamp is dim but still provides some light near the hospital. residents can still use the area normally. Residents are requesting assistance.,low,v3_targeted_augmentation
We have noticed that a shallow puddle forms after light rain on the main road. The issue has been reported by households nearby.,low,v2_original
People in the area are reporting that several street lights along one road are not working in our neighbourhood. The problem can be seen clearly from the roadside.,medium,v2_original
A local issue has developed where a sewer blockage is creating a strong smell across several nearby properties close to the playground.,medium,v2_original
A water main failure has flooded the entrance to a hospital near our houses.,high,v2_original
We have noticed that repeated electricity interruptions are affecting many houses close to the playground. Residents noticed the problem this morning.,medium,v2_original
There is a small amount of dust near a construction site near our houses.,low,v2_original
There is a problem where a damaged electrical pole is leaning over a busy road near the community hall. People passing through the area are being affected.,high,v2_original
Several street lights along one road are not working near our houses. The condition has remained unchanged since yesterday.,medium,v2_original
The community would like to report that a public waste container has a damaged lid but can still be used near the hospital. the issue is noticeable but not currently dangerous. Please address this issue.,low,v3_targeted_augmentation
People in the area are reporting that a small crack has appeared along the edge of a side road close to the bus stop. Residents noticed the problem this morning.,low,v2_original
We would like to report that dense smoke is causing breathing difficulty among nearby residents near the hospital.,high,v3_targeted_augmentation
"near the playground, a sewer blockage is producing a strong smell across nearby properties. normal daily activities are being affected. Residents are requesting assistance.",medium,v3_targeted_augmentation
"outside our building, water supply has been unavailable to several houses since yesterday. the situation becomes worse during rainfall. Please take the necessary action.",medium,v3_targeted_augmentation
The community would like to report that a damaged power pole appears ready to fall onto passing vehicles outside the school. the condition poses a direct risk to life and safety. Residents are requesting assistance.,high,v3_targeted_augmentation
an exposed electrical cable is hanging where people can touch it near the community centre. public access to the area is unsafe. We would appreciate assistance with this problem.,high,v3_targeted_augmentation
We have noticed that a drain cover is slightly loose but still in place along the roadside.,low,v2_original
The situation involves a small amount of litter is scattered near a bus stop at the main junction. The problem can be seen clearly from the roadside.,low,v2_original
A chemical liquid has leaked onto a public road beside residential buildings in our neighbourhood. The issue is affecting normal use of the area.,high,v2_original
A local issue has developed where a damaged electrical pole is leaning over a busy road near the community hall. Several nearby residents have raised concerns.,high,v2_original
The situation involves a fallen power cable is lying across a pedestrian path near the school. The issue is affecting normal use of the area.,high,v2_original
thick black smoke is filling nearby houses and residents are struggling to breathe in our neighbourhood. The relevant department should investigate the problem.,high,v3_targeted_augmentation
"near the public market, water pressure is too low for many houses in the area.",medium,v3_targeted_augmentation
A shallow puddle forms after light rain near the school. The condition becomes worse during busy periods.,low,v2_original
We have noticed that construction dust is affecting nearby shops and homes throughout the day along the roadside.,medium,v2_original
The situation involves water pressure is too low for many houses in the area near the hospital. The issue is affecting normal use of the area.,medium,v2_original
People in the area are reporting that a few garbage bags are waiting at the normal collection point near the public market.,low,v2_original
A large section of road has collapsed beside a school entrance near the public market.,high,v2_original
Several potholes are making vehicles slow down on the main road in our neighbourhood. People in the area have reported the same issue.,medium,v2_original
People living nearby have noticed that residents are experiencing repeated power cuts during the evening close to the local clinic. the issue is disrupting normal use of the area. Please arrange an inspection.,medium,v3_targeted_augmentation
We have noticed that water supply has been unavailable to a neighbourhood since yesterday on the main road. The issue is affecting normal use of the area.,medium,v2_original
The situation involves a public bin is partly full but not overflowing in our neighbourhood. People passing through the area are being affected.,low,v2_original
We are experiencing a situation where one street lamp is dim but still provides some light outside the school. the condition should be checked before it becomes worse. Please arrange an inspection.,low,v3_targeted_augmentation
"at the village entrance, the water pressure is slightly lower than normal in one house. normal access to the area is still possible.",low,v3_targeted_augmentation
Residents have noticed that a minor water leak is dripping from a public pipe near the town centre.,low,v2_original
We have noticed that sewage is spreading across a school access road along the roadside. People in the area have reported the same issue.,high,v2_original
Residents have reported that water supply has been unavailable to several houses since yesterday outside the school. several residents are affected by the problem. Residents are requesting assistance.,medium,v3_targeted_augmentation
A local issue has developed where garbage collection has been missed for several days and waste is accumulating near the town centre. The problem has continued despite recent rainfall.,medium,v2_original
Tap water has a slight unusual smell but remains available near the hospital. People passing through the area are being affected.,low,v2_original
The situation involves a damaged electrical pole is leaning over a busy road close to the playground. Residents noticed the problem this morning.,high,v2_original
We are experiencing a situation where water service keeps stopping for several hours at a time close to the town centre. normal daily activities are being affected. The relevant department should investigate the problem.,medium,v3_targeted_augmentation
a public bin is partly full but is not overflowing near the school.,low,v3_targeted_augmentation
a high-voltage cable has fallen beside a public walkway near the railway station.,high,v3_targeted_augmentation
A local issue has developed where a small amount of litter is scattered near a bus stop near the public market.,low,v2_original
A small amount of litter is scattered near a bus stop near the community hall. The condition has remained unchanged since yesterday.,low,v2_original
People in the area are reporting that electrical wires are sparking beside a crowded pedestrian area along the roadside.,high,v2_original
We have noticed that the road surface is damaged in several places and motorcycles are having difficulty passing near the public market.,medium,v2_original
Sewage is flowing into several homes from an overflowing manhole close to the bus stop.,high,v2_original
Residents have noticed that several potholes are making vehicles slow down on the main road close to the bus stop. The problem has continued despite recent rainfall.,medium,v2_original
A local issue has developed where a section of road has sunk and vehicles must drive around it at the main junction. The issue has been reported by households nearby.,medium,v2_original
Residents have reported that a small crack has appeared along the edge of the road near the school. residents can still use the area normally. Residents are requesting assistance.,low,v3_targeted_augmentation
The situation involves a small crack has appeared along the edge of a side road close to the playground. Residents noticed the problem this morning.,low,v2_original
We are experiencing a situation where a shallow puddle forms after light rain close to the local clinic. residents can still use the area normally. Please take the necessary action.,low,v3_targeted_augmentation
A minor water leak is dripping from a public pipe near the hospital.,low,v2_original
Garbage collection has been missed for several days and waste is accumulating on the main road. The issue is affecting normal use of the area.,medium,v2_original
A local issue has developed where floodwater has entered houses and is continuing to rise near the school.,high,v2_original
The situation involves water supply has been unavailable to a neighbourhood since yesterday at the main junction. People in the area have reported the same issue.,medium,v2_original
A local issue has developed where a water pipe is leaking continuously and a large amount of water is being wasted in our neighbourhood.,medium,v2_original
Smoke from a nearby workshop is entering nearby houses near the town centre. The problem can be seen clearly from the roadside.,medium,v2_original
"near our houses, a shallow puddle forms after light rain. the issue is causing only a minor inconvenience. Please send the responsible team.",low,v3_targeted_augmentation
A local issue has developed where a shallow puddle forms after light rain near our houses.,low,v2_original
There is a problem where tap water has a slight unusual smell but remains available near the public market. The issue has been reported by households nearby.,low,v2_original
A local issue has developed where a large section of road has collapsed beside a school entrance on the main road. The issue has been reported by households nearby.,high,v2_original
There is a problem where part of a roadside retaining wall has collapsed onto the traffic lane at the main junction.,high,v2_original
electrical wires are sparking beside a crowded public area near the railway station. Please take the necessary action.,high,v3_targeted_augmentation
We have noticed that sewage is flowing into several homes from an overflowing manhole near the school. Residents noticed the problem this morning.,high,v2_original
Residents report that the road surface is badly cracked and uneven close to the town centre.,medium,v3_targeted_augmentation
"close to the town centre, a damaged electrical pole is leaning over a busy road.",high,v3_targeted_augmentation
floodwater is rising quickly around homes and residents cannot leave safely near the hospital.,high,v3_targeted_augmentation
a high-voltage cable has fallen beside a public walkway near the public market.,high,v3_targeted_augmentation
We have noticed that construction dust is affecting nearby shops and homes throughout the day at the main junction. People passing through the area are being affected.,medium,v2_original
The community would like to report that a drainage channel is blocked and causes flooding during normal rainfall close to the town centre. multiple households have reported the same problem. Please take the necessary action.,medium,v3_targeted_augmentation
We have noticed that a deep hole has opened across most of the traffic lane near a blind bend on the main road.,high,v2_original
"near the school, an electrical box is open and live components are exposed to pedestrians. urgent intervention is required. Please inspect the issue.",high,v3_targeted_augmentation
"near the hospital, a group of street lamps is not functioning at night. multiple households have reported the same problem. We would appreciate assistance with this problem.",medium,v3_targeted_augmentation
There is a problem where a water main failure has flooded the entrance to a hospital near the public market. The problem has continued despite recent rainfall.,high,v2_original
People living nearby have noticed that an electrical box is open and live components are exposed to pedestrians outside the hospital. the area should be secured immediately. Please address this issue.,high,v3_targeted_augmentation
Residents have noticed that a water main failure has flooded the entrance to a hospital close to the bus stop. The condition has remained unchanged since yesterday.,high,v2_original
There is a small amount of dust near a construction site in our neighbourhood. The problem has continued despite recent rainfall.,low,v2_original
Residents have noticed that water supply has been unavailable to a neighbourhood since yesterday near the community hall. The problem can be seen clearly from the roadside.,medium,v2_original
A local issue has developed where a curb has a small chipped section near the town centre. The condition has remained unchanged since yesterday.,low,v2_original
A local issue has developed where garbage collection has been missed for several days and waste is accumulating in our neighbourhood. Several nearby residents have raised concerns.,medium,v2_original
The situation involves thick smoke is causing breathing difficulty among nearby residents along the roadside.,high,v2_original
A shallow puddle forms after light rain near the school. Several nearby residents have raised concerns.,low,v2_original
The community would like to report that floodwater is rising quickly around homes and residents cannot leave safely outside our building. the area should be secured immediately. Please take the necessary action.,high,v3_targeted_augmentation
Residents have noticed that sewage is spreading across a school access road at the main junction. Several nearby residents have raised concerns.,high,v2_original
There is a public complaint because a section of road has sunk and vehicles must drive around it in our neighbourhood. multiple households have reported the same problem. We would appreciate assistance with this problem.,medium,v3_targeted_augmentation
several street lights along the road are not working at the village entrance. Residents are requesting assistance.,medium,v3_targeted_augmentation
There is a public complaint because the water pressure is slightly lower than normal in one house near the hospital. residents can still use the area normally. Please address this issue.,low,v3_targeted_augmentation
A local issue has developed where a few garbage bags are waiting at the normal collection point in our neighbourhood. The problem has continued despite recent rainfall.,low,v2_original
People in the area are reporting that a roadside drain has some leaves and sediment inside it near the community hall.,low,v2_original
We have noticed that part of a roadside retaining wall has collapsed onto the traffic lane on the main road. The condition has remained unchanged since yesterday.,high,v2_original
Residents have reported that electrical wires are sparking beside a crowded public area near the playground. urgent intervention is required. Residents are requesting assistance.,high,v3_targeted_augmentation
There is a problem where a section of road has sunk and vehicles must drive around it near our houses. People in the area have reported the same issue.,medium,v2_original
Residents have noticed that floodwater has entered houses and is continuing to rise along the roadside.,high,v2_original
The community would like to report that a deep hole has opened across most of the traffic lane near the junction. the situation presents an immediate danger to the public. Please take the necessary action.,high,v3_targeted_augmentation
Residents have noticed that a fallen power cable is lying across a pedestrian path near the school. Residents noticed the problem this morning.,high,v2_original
We have noticed that a roadside drain is blocked and rainwater is collecting across part of the road at the main junction. The condition has remained unchanged since yesterday.,medium,v2_original
A deep hole has opened across most of the traffic lane near a blind bend near the town centre.,high,v2_original
several street lights along the road are not working near our houses. residents are requesting prompt attention. Please arrange an inspection.,medium,v3_targeted_augmentation
People in the area are reporting that the road surface is damaged in several places and motorcycles are having difficulty passing near the town centre. The problem has continued despite recent rainfall.,medium,v2_original
Residents have noticed that electrical wires are sparking beside a crowded pedestrian area near the school.,high,v2_original
There is a public complaint because a fallen lamp post is blocking part of the road with electrical wires attached outside our building. people are being exposed to a serious safety hazard. We would appreciate assistance with this problem.,high,v3_targeted_augmentation
A local issue has developed where one lamp flickers occasionally during the evening at the main junction. The condition becomes worse during busy periods.,low,v2_original
There is a problem where a damaged electrical pole is leaning over a busy road near the hospital. Residents noticed the problem this morning.,high,v2_original
Residents have noticed that several potholes are making vehicles slow down on the main road at the main junction. The issue has been reported by households nearby.,medium,v2_original
We are experiencing a situation where floodwater is rising quickly around homes and residents cannot leave safely in our neighbourhood. the condition poses a direct risk to life and safety. Please send the responsible team.,high,v3_targeted_augmentation
The situation involves a small patch of the road surface has become uneven on the main road.,low,v2_original
We are experiencing a situation where a minor water leak is dripping slowly from a public pipe near the school. the condition should be checked before it becomes worse. Please send the responsible team.,low,v3_targeted_augmentation
A local issue has developed where a few garbage bags are waiting at the normal collection point near the community hall.,low,v2_original
People in the area are reporting that sewage is spreading across a school access road near the public market. The condition has remained unchanged since yesterday.,high,v2_original
A roadside drain has some leaves and sediment inside it on the main road.,low,v2_original
The situation involves floodwater has entered houses and is continuing to rise near the public market. People passing through the area are being affected.,high,v2_original
There is a problem where dense smoke from a nearby facility is causing residents to leave their homes close to the playground.,high,v2_original
The situation involves a small crack has appeared along the edge of a side road near the community hall.,low,v2_original
We have noticed that a shallow puddle forms after light rain close to the playground.,low,v2_original
floodwater is rising quickly around homes and residents cannot leave safely near the school. the problem could cause a major accident. Please arrange an inspection.,high,v3_targeted_augmentation
Residents have reported that a major road section has collapsed and vehicles are approaching the damaged area near our houses. the condition poses a direct risk to life and safety.,high,v3_targeted_augmentation
There is a problem where a few garbage bags are waiting at the normal collection point in our neighbourhood.,low,v2_original
Residents have noticed that a large section of road has collapsed beside a school entrance near the public market.,high,v2_original
One street lamp is dim but still provides some light near the public market. The problem can be seen clearly from the roadside.,low,v2_original
There is a problem where an exposed electrical cable is hanging low where pedestrians can reach it near the public market.,high,v2_original
We are experiencing a situation where a drainage outlet is partially blocked and dirty water reaches the walkway near our houses. the area can still be used but with difficulty.,medium,v3_targeted_augmentation
The community would like to report that a minor crack is visible in the pavement near the playground. the issue is causing only a minor inconvenience. We would appreciate assistance with this problem.,low,v3_targeted_augmentation
"near our houses, dense smoke is causing breathing difficulty among nearby residents. residents may need emergency assistance. We would appreciate assistance with this problem.",high,v3_targeted_augmentation
People living nearby have noticed that several street lights along the road are not working beside the public road. residents are requesting prompt attention. Please send the responsible team.,medium,v3_targeted_augmentation
Residents have noticed that a water main failure has flooded the entrance to a hospital near the school. People passing through the area are being affected.,high,v2_original
The situation involves several potholes are making vehicles slow down on the main road near the school. The issue is affecting normal use of the area.,medium,v2_original
A local issue has developed where sewage is spreading across a school access road on the main road.,high,v2_original
The road surface is damaged in several places and motorcycles are having difficulty passing in our neighbourhood. People passing through the area are being affected.,medium,v2_original
A large public waste bin is overflowing onto the pavement close to the playground. Several nearby residents have raised concerns.,medium,v2_original
There is a public complaint because floodwater is rising quickly around homes and residents cannot leave safely near the community centre. public access to the area is unsafe. Residents are requesting assistance.,high,v3_targeted_augmentation
We would like to report that a sewer blockage is producing a strong smell across nearby properties near the hospital.,medium,v3_targeted_augmentation
A local issue has developed where water pressure is too low for many houses in the area near the public market. Several nearby residents have raised concerns.,medium,v2_original
"near the community centre, electrical wires are sparking beside a crowded public area. someone could be seriously injured if the area is not secured immediately. Residents are requesting assistance.",high,v3_targeted_augmentation
Residents have noticed that part of a roadside retaining wall has collapsed onto the traffic lane at the main junction. People in the area have reported the same issue.,high,v2_original
The situation involves a small amount of litter is scattered near a bus stop near the hospital. The issue has been reported by households nearby.,low,v2_original
There is a problem where a large section of road has collapsed beside a school entrance near the school.,high,v2_original
a drainage outlet is partially blocked and dirty water reaches the walkway near the hospital. the situation becomes worse during rainfall. The relevant department should investigate the problem.,medium,v3_targeted_augmentation
Residents have noticed that a drain cover is slightly loose but still in place near the school.,low,v2_original
People in the area are reporting that electrical wires are sparking beside a crowded pedestrian area close to the playground. The problem can be seen clearly from the roadside.,high,v2_original
We have noticed that a minor water leak is dripping from a public pipe near the school.,low,v2_original
We have noticed that one street lamp is dim but still provides some light near the school.,low,v2_original
Residents have noticed that sewage is flowing into several homes from an overflowing manhole near the school. The problem can be seen clearly from the roadside.,high,v2_original
Residents have noticed that a roadside drain is blocked and rainwater is collecting across part of the road in our neighbourhood. The issue has been reported by households nearby.,medium,v2_original
People in the area are reporting that a minor water leak is dripping from a public pipe near the community hall. Residents noticed the problem this morning.,low,v2_original
People in the area are reporting that a large public waste bin is overflowing onto the pavement close to the bus stop.,medium,v2_original
A local issue has developed where a large public waste bin is overflowing onto the pavement near the public market.,medium,v2_original
There is a problem where thick smoke is causing breathing difficulty among nearby residents along the roadside.,high,v2_original
tap water has a slight unusual smell but remains available in the residential area. The relevant department should investigate the problem.,low,v3_targeted_augmentation
There is a problem where thick smoke is causing breathing difficulty among nearby residents near our houses.,high,v2_original
We have noticed that one street lamp is dim but still provides some light near the school. People passing through the area are being affected.,low,v2_original
"at the village entrance, a shallow pothole has started forming on a quiet side road. normal access to the area is still possible. The relevant department should investigate the problem.",low,v3_targeted_augmentation
People in the area are reporting that a deep hole has opened across most of the traffic lane near a blind bend on the main road.,high,v2_original
There is a small amount of dust near a construction site near our houses. The condition becomes worse during busy periods.,low,v2_original
Construction dust is affecting nearby shops and homes throughout the day near the hospital.,medium,v2_original
Residents have noticed that a drain cover is slightly loose but still in place near the town centre. The issue has been reported by households nearby.,low,v2_original
People in the area are reporting that thick smoke is causing breathing difficulty among nearby residents on the main road.,high,v2_original
We have noticed that electrical wires are sparking beside a crowded pedestrian area on the main road. Several nearby residents have raised concerns.,high,v2_original
People in the area are reporting that a minor water leak is dripping from a public pipe near the school. The condition becomes worse during busy periods.,low,v2_original
The situation involves a roadside drain is blocked and rainwater is collecting across part of the road near the public market.,medium,v2_original
a few pieces of litter are scattered beside the walkway near the school. the condition should be checked before it becomes worse. Please arrange an inspection.,low,v3_targeted_augmentation
Residents have noticed that a water pipe is leaking continuously and a large amount of water is being wasted in our neighbourhood.,medium,v2_original
We have noticed that a damaged electrical pole is leaning over a busy road along the roadside. The condition becomes worse during busy periods.,high,v2_original
The situation involves a drain cover is slightly loose but still in place near the public market.,low,v2_original
"outside the hospital, a sewer blockage is producing a strong smell across nearby properties.",medium,v3_targeted_augmentation
We would like to report that a strong chemical release is affecting people in nearby homes near the hospital.,high,v3_targeted_augmentation
Residents have noticed that a single street sign area has minor surface damage at the main junction. The condition becomes worse during busy periods.,low,v2_original
We have noticed that a single street sign area has minor surface damage along the roadside. The condition has remained unchanged since yesterday.,low,v2_original
A single street sign area has minor surface damage along the roadside.,low,v2_original
Residents have noticed that garbage collection has been missed for several days and waste is accumulating near the town centre. The condition becomes worse during busy periods.,medium,v2_original
"beside the public walkway, a roadside drain is blocked and rainwater is collecting across part of the road. multiple households have reported the same problem. Please arrange an inspection.",medium,v3_targeted_augmentation
A local issue has developed where a small crack has appeared along the edge of a side road on the main road.,low,v2_original
Residents have noticed that several potholes are making vehicles slow down on the main road near the hospital. Several nearby residents have raised concerns.,medium,v2_original
A local issue has developed where one street lamp is dim but still provides some light near the public market.,low,v2_original
The situation involves several potholes are making vehicles slow down on the main road along the roadside.,medium,v2_original
Residents have noticed that smoke from a nearby workshop is entering nearby houses close to the bus stop. Several nearby residents have raised concerns.,medium,v2_original
There is a public complaint because a public area has accumulated a large amount of uncollected rubbish in the residential area. multiple households have reported the same problem. Please address this issue.,medium,v3_targeted_augmentation
The situation involves several potholes are making vehicles slow down on the main road near the community hall. People passing through the area are being affected.,medium,v2_original
A local issue has developed where one street lamp is dim but still provides some light near the public market. The condition becomes worse during busy periods.,low,v2_original
A local issue has developed where a small amount of litter is scattered near a bus stop on the main road.,low,v2_original
We have noticed that a large section of road has collapsed beside a school entrance near the hospital.,high,v2_original
Residents have noticed that a curb has a small chipped section close to the bus stop. People passing through the area are being affected.,low,v2_original
A curb has a small chipped section close to the playground. The issue is affecting normal use of the area.,low,v2_original
A local issue has developed where several potholes are making vehicles slow down on the main road near the community hall.,medium,v2_original
There is a public complaint because a deep hole has opened across most of the traffic lane near the public market. the situation presents an immediate danger to the public. Please send the responsible team.,high,v3_targeted_augmentation
A local issue has developed where a minor water leak is dripping from a public pipe close to the playground. Several nearby residents have raised concerns.,low,v2_original
There is a problem where a chemical liquid has leaked onto a public road beside residential buildings near the hospital.,high,v2_original
We have noticed that a sewer blockage is creating a strong smell across several nearby properties on the main road.,medium,v2_original
We are experiencing a situation where an exposed electrical cable is hanging where people can touch it near the public market. residents are at risk of serious injury. We would appreciate assistance with this problem.,high,v3_targeted_augmentation
A major water pipe has burst and water is entering nearby houses close to the bus stop.,high,v2_original
There is a problem where an exposed electrical cable is hanging low where pedestrians can reach it near the town centre. The issue has been reported by households nearby.,high,v2_original
There is a problem where electrical wires are sparking beside a crowded pedestrian area along the roadside.,high,v2_original
A local issue has developed where several potholes are making vehicles slow down on the main road in our neighbourhood. The condition becomes worse during busy periods.,medium,v2_original
Smoke from a nearby workshop is entering nearby houses near the community hall.,medium,v2_original
a small amount of dust is affecting one section of the road near the school. Please send the responsible team.,low,v3_targeted_augmentation
Residents have noticed that a shallow puddle forms after light rain near the public market.,low,v2_original
A large section of road has collapsed beside a school entrance close to the bus stop. Several nearby residents have raised concerns.,high,v2_original
A deep hole has opened across most of the traffic lane near a blind bend near the community hall.,high,v2_original
One street lamp is dim but still provides some light near the school. People passing through the area are being affected.,low,v2_original
A large section of road has collapsed beside a school entrance close to the playground.,high,v2_original
We have noticed that a small amount of litter is scattered near a bus stop close to the bus stop.,low,v2_original
We are experiencing a situation where an electrical box is open and live components are exposed to pedestrians outside our building. the area should be secured immediately. Please inspect the issue.,high,v3_targeted_augmentation
Residents have noticed that part of a roadside retaining wall has collapsed onto the traffic lane along the roadside.,high,v2_original
There is a public complaint because a group of street lamps is not functioning at night near the junction. the situation becomes worse during rainfall. We would appreciate assistance with this problem.,medium,v3_targeted_augmentation
We have noticed that several street lights along one road are not working close to the bus stop. Residents noticed the problem this morning.,medium,v2_original
Residents have noticed that water pressure is too low for many houses in the area at the main junction. The condition becomes worse during busy periods.,medium,v2_original
Several street lights along one road are not working near the public market.,medium,v2_original
"close to the bus stop, a roadside drain is blocked and rainwater is collecting across part of the road. the situation becomes worse during rainfall. Please arrange an inspection.",medium,v3_targeted_augmentation
Residents have reported that water pressure is too low for many houses in the area beside the public walkway. residents are requesting prompt attention. The relevant department should investigate the problem.,medium,v3_targeted_augmentation
A local issue has developed where one street lamp is dim but still provides some light on the main road.,low,v2_original
There is a problem where dense smoke from a nearby facility is causing residents to leave their homes close to the bus stop. Several nearby residents have raised concerns.,high,v2_original
A local issue has developed where a drain cover is slightly loose but still in place near the community hall. The problem has continued despite recent rainfall.,low,v2_original
The situation involves wastewater is overflowing from a drain onto the roadside near the hospital.,medium,v2_original
There is a problem where several street lights along one road are not working near the hospital. The problem has continued despite recent rainfall.,medium,v2_original
People in the area are reporting that a drain cover is slightly loose but still in place on the main road. The condition becomes worse during busy periods.,low,v2_original
There is a public complaint because a few pieces of litter are scattered beside the walkway near the community centre. normal access to the area is still possible. Please inspect the issue.,low,v3_targeted_augmentation
one household is experiencing slightly reduced water pressure near the hospital. Please inspect the issue.,low,v3_targeted_augmentation
We have noticed that a damaged electrical pole is leaning over a busy road along the roadside. The condition has remained unchanged since yesterday.,high,v2_original
People in the area are reporting that electrical wires are sparking beside a crowded pedestrian area near the community hall.,high,v2_original
A local issue has developed where the road surface is damaged in several places and motorcycles are having difficulty passing at the main junction. People passing through the area are being affected.,medium,v2_original
We have noticed that a damaged electrical pole is leaning over a busy road near the school. Several nearby residents have raised concerns.,high,v2_original
People in the area are reporting that the road surface is damaged in several places and motorcycles are having difficulty passing near the town centre.,medium,v2_original
People in the area are reporting that wastewater is overflowing from a drain onto the roadside in our neighbourhood. People in the area have reported the same issue.,medium,v2_original
One lamp flickers occasionally during the evening near the town centre. Several nearby residents have raised concerns.,low,v2_original
part of a roadside retaining wall has collapsed onto the traffic lane near the junction. the condition poses a direct risk to life and safety. Please inspect the issue.,high,v3_targeted_augmentation
Residents have reported that a drainage outlet is partially blocked and dirty water reaches the walkway close to the local clinic. the issue is causing significant inconvenience. Please arrange an inspection.,medium,v3_targeted_augmentation
Residents have noticed that a small amount of litter is scattered near a bus stop along the roadside.,low,v2_original
The community would like to report that a chemical liquid has spilled near houses and is producing strong fumes along the main road. the problem could cause a major accident. Please arrange an inspection.,high,v3_targeted_augmentation
floodwater is rising quickly around homes and residents cannot leave safely near the hospital. Please arrange an inspection.,high,v3_targeted_augmentation
A local issue has developed where a roadside drain is blocked and rainwater is collecting across part of the road near our houses. People passing through the area are being affected.,medium,v2_original
We have noticed that one lamp flickers occasionally during the evening close to the playground.,low,v2_original
A local issue has developed where water pressure is too low for many houses in the area on the main road. The condition has remained unchanged since yesterday.,medium,v2_original
The situation involves part of a roadside retaining wall has collapsed onto the traffic lane near the school. The condition becomes worse during busy periods.,high,v2_original
Water supply has been unavailable to a neighbourhood since yesterday near the public market.,medium,v2_original
Residents have noticed that electrical wires are sparking beside a crowded pedestrian area close to the playground. People in the area have reported the same issue.,high,v2_original
People in the area are reporting that smoke from a nearby workshop is entering nearby houses near the hospital. The problem can be seen clearly from the roadside.,medium,v2_original
a group of street lamps is not functioning at night in our neighbourhood. normal daily activities are being affected. Residents are requesting assistance.,medium,v3_targeted_augmentation
The situation involves a public bin is partly full but not overflowing in our neighbourhood. The issue has been reported by households nearby.,low,v2_original
People living nearby have noticed that a shallow pothole has started forming on a quiet side road outside our building. there is no immediate safety risk. Please address this issue.,low,v3_targeted_augmentation
A local issue has developed where wastewater is overflowing from a drain onto the roadside at the main junction. The issue has been reported by households nearby.,medium,v2_original
People in the area are reporting that one lamp flickers occasionally during the evening near our houses.,low,v2_original
A local issue has developed where several potholes are making vehicles slow down on the main road on the main road. The condition becomes worse during busy periods.,medium,v2_original
A local issue has developed where there is a small amount of dust near a construction site along the roadside.,low,v2_original
People in the area are reporting that a minor water leak is dripping from a public pipe at the main junction.,low,v2_original
People in the area are reporting that water pressure is too low for many houses in the area near the hospital. The condition becomes worse during busy periods.,medium,v2_original
The situation involves a minor water leak is dripping from a public pipe near the community hall.,low,v2_original
"near the community centre, multiple damaged sections of road are affecting normal traffic. several residents are affected by the problem. Residents are requesting assistance.",medium,v3_targeted_augmentation
A local issue has developed where a fallen power cable is lying across a pedestrian path on the main road. The condition becomes worse during busy periods.,high,v2_original
"near the hospital, a few pieces of litter are scattered beside the walkway. the issue is causing only a minor inconvenience. Residents are requesting assistance.",low,v3_targeted_augmentation
a deep hole has opened across most of the traffic lane outside the school. the area should be secured immediately.,high,v3_targeted_augmentation
"close to the local clinic, a public bin is partly full but is not overflowing. the issue is causing only a minor inconvenience. The relevant department should investigate the problem.",low,v3_targeted_augmentation
People in the area are reporting that a public bin is partly full but not overflowing near the public market. The condition becomes worse during busy periods.,low,v2_original
People in the area are reporting that a curb has a small chipped section along the roadside. The problem has continued despite recent rainfall.,low,v2_original
We have noticed that a public bin is partly full but not overflowing near the hospital. The condition has remained unchanged since yesterday.,low,v2_original
A local issue has developed where electrical wires are sparking beside a crowded pedestrian area along the roadside.,high,v2_original
We have noticed that a small crack has appeared along the edge of a side road near the town centre. The problem has continued despite recent rainfall.,low,v2_original
Residents have noticed that a major water pipe has burst and water is entering nearby houses near the community hall.,high,v2_original
People living nearby have noticed that a minor water leak is dripping slowly from a public pipe near the hospital. the issue is noticeable but not currently dangerous. Please address this issue.,low,v3_targeted_augmentation
We have noticed that there is a small amount of dust near a construction site near the public market. People in the area have reported the same issue.,low,v2_original
Residents have noticed that a sewer blockage is creating a strong smell across several nearby properties near the school.,medium,v2_original
There is a public complaint because a sewer blockage is producing a strong smell across nearby properties beside the public walkway. the issue is disrupting normal use of the area. Please take the necessary action.,medium,v3_targeted_augmentation
a large chemical spill is spreading across a public road near the public market. the problem could cause a major accident.,high,v3_targeted_augmentation
We are experiencing a situation where a public area has accumulated a large amount of uncollected rubbish near the hospital. several residents are affected by the problem. We would appreciate assistance with this problem.,medium,v3_targeted_augmentation
There is a problem where a major water pipe has burst and water is entering nearby houses near our houses.,high,v2_original
We have noticed that a large public waste bin is overflowing onto the pavement close to the bus stop. The problem can be seen clearly from the roadside.,medium,v2_original
The situation involves a large public waste bin is overflowing onto the pavement near the hospital. The issue is affecting normal use of the area.,medium,v2_original
We have noticed that a water main failure has flooded the entrance to a hospital in our neighbourhood.,high,v2_original
Residents have noticed that a curb has a small chipped section near the public market. People in the area have reported the same issue.,low,v2_original
floodwater has entered several houses and is continuing to rise beside the public road. Please address this issue.,high,v3_targeted_augmentation
The situation involves an exposed electrical cable is hanging low where pedestrians can reach it near our houses. People passing through the area are being affected.,high,v2_original
a section of road has sunk and vehicles must drive around it outside the school. residents are requesting prompt attention. The relevant department should investigate the problem.,medium,v3_targeted_augmentation
There is a problem where an exposed electrical cable is hanging low where pedestrians can reach it in our neighbourhood. The condition becomes worse during busy periods.,high,v2_original
One lamp flickers occasionally during the evening near the community hall. Residents noticed the problem this morning.,low,v2_original
A local issue has developed where garbage collection has been missed for several days and waste is accumulating at the main junction.,medium,v2_original
People living nearby have noticed that thick black smoke is filling nearby houses and residents are struggling to breathe near the community centre. the condition poses a direct risk to life and safety. Please address this issue.,high,v3_targeted_augmentation
a damaged power pole appears ready to fall onto passing vehicles close to the bus stop. Please send the responsible team.,high,v3_targeted_augmentation
There is a problem where a small amount of litter is scattered near a bus stop close to the playground. The problem can be seen clearly from the roadside.,low,v2_original
People in the area are reporting that a fallen power cable is lying across a pedestrian path at the main junction.,high,v2_original
There is a problem where tap water has a slight unusual smell but remains available along the roadside. The issue is affecting normal use of the area.,low,v2_original
A local issue has developed where water pressure is too low for many houses in the area close to the playground. The problem can be seen clearly from the roadside.,medium,v2_original
There is a public complaint because one household is experiencing slightly reduced water pressure near the railway station. residents can still use the area normally. The relevant department should investigate the problem.,low,v3_targeted_augmentation
A deep hole has opened across most of the traffic lane near a blind bend near the hospital.,high,v2_original
A local issue has developed where one street lamp is dim but still provides some light near the town centre. Several nearby residents have raised concerns.,low,v2_original
A local issue has developed where several potholes are making vehicles slow down on the main road near the school. People in the area have reported the same issue.,medium,v2_original
A local issue has developed where sewage is spreading across a school access road on the main road. The issue is affecting normal use of the area.,high,v2_original
People in the area are reporting that a damaged electrical pole is leaning over a busy road close to the playground. The issue is affecting normal use of the area.,high,v2_original
A local issue has developed where a large public waste bin is overflowing onto the pavement in our neighbourhood. The problem has continued despite recent rainfall.,medium,v2_original
A local issue has developed where there is a small amount of dust near a construction site near the school.,low,v2_original
A local issue has developed where a section of road has sunk and vehicles must drive around it near our houses. The issue is affecting normal use of the area.,medium,v2_original
The community would like to report that residents are experiencing repeated power cuts during the evening near the hospital. the problem should be addressed before it becomes dangerous. Please address this issue.,medium,v3_targeted_augmentation
The situation involves thick smoke is causing breathing difficulty among nearby residents at the main junction. The condition becomes worse during busy periods.,high,v2_original
We have noticed that the road surface is damaged in several places and motorcycles are having difficulty passing near our houses. The condition has remained unchanged since yesterday.,medium,v2_original
The situation involves there is a small amount of dust near a construction site near our houses. Several nearby residents have raised concerns.,low,v2_original
A local issue has developed where thick smoke is causing breathing difficulty among nearby residents at the main junction. The condition becomes worse during busy periods.,high,v2_original
We have noticed that a major water pipe has burst and water is entering nearby houses near the hospital.,high,v2_original
There is a problem where sewage is flowing into several homes from an overflowing manhole on the main road.,high,v2_original
A water pipe is leaking continuously and a large amount of water is being wasted at the main junction. People passing through the area are being affected.,medium,v2_original
People living nearby have noticed that a public bin is partly full but is not overflowing in our neighbourhood. the issue is noticeable but not currently dangerous.,low,v3_targeted_augmentation
Sewage is spreading across a school access road near the school.,high,v2_original
We have noticed that there is a small amount of dust near a construction site in our neighbourhood. The problem has continued despite recent rainfall.,low,v2_original
Residents have reported that residents are experiencing repeated power cuts during the evening close to the local clinic. the issue is causing significant inconvenience. Residents are requesting assistance.,medium,v3_targeted_augmentation
We have noticed that water pressure is too low for many houses in the area near the public market.,medium,v2_original
A shallow puddle forms after light rain near the town centre.,low,v2_original
We have noticed that a fallen power cable is lying across a pedestrian path close to the playground.,high,v2_original
"near the playground, an overflowing public bin is spreading waste across the surrounding area. residents are requesting prompt attention. Residents are requesting assistance.",medium,v3_targeted_augmentation
We have noticed that several potholes are making vehicles slow down on the main road near the school.,medium,v2_original
People in the area are reporting that a roadside drain has some leaves and sediment inside it close to the bus stop. Residents noticed the problem this morning.,low,v2_original
People living nearby have noticed that a damaged electrical pole is leaning over a busy road beside the public road. residents may need emergency assistance. The relevant department should investigate the problem.,high,v3_targeted_augmentation
We are experiencing a situation where a water pipe is leaking continuously and wasting a large amount of water outside the hospital. the problem has continued for more than a day. Please inspect the issue.,medium,v3_targeted_augmentation
People in the area are reporting that water supply has been unavailable to a neighbourhood since yesterday near our houses.,medium,v2_original
There is a public complaint because a drainage outlet is partially blocked and dirty water reaches the walkway outside the school. several residents are affected by the problem. Residents are requesting assistance.,medium,v3_targeted_augmentation
a water pipe is leaking continuously and wasting a large amount of water along the main road. multiple households have reported the same problem. Please address this issue.,medium,v3_targeted_augmentation
A local issue has developed where a deep hole has opened across most of the traffic lane near a blind bend near the town centre. Residents noticed the problem this morning.,high,v2_original
"close to the bus stop, part of a roadside retaining wall has collapsed onto the traffic lane.",high,v3_targeted_augmentation
The situation involves garbage collection has been missed for several days and waste is accumulating on the main road.,medium,v2_original
A local issue has developed where the road surface is damaged in several places and motorcycles are having difficulty passing at the main junction.,medium,v2_original
a strong chemical release is affecting people in nearby homes in the residential area. the area should be secured immediately. Please address this issue.,high,v3_targeted_augmentation
Water supply has been unavailable to a neighbourhood since yesterday along the roadside. People in the area have reported the same issue.,medium,v2_original
Residents have reported that a few pieces of litter are scattered beside the walkway near the hospital. the service remains available despite the issue. We would appreciate assistance with this problem.,low,v3_targeted_augmentation
Residents report that part of a roadside retaining wall has collapsed onto the traffic lane near the community centre.,high,v3_targeted_augmentation
A local issue has developed where a curb has a small chipped section near our houses. The condition has remained unchanged since yesterday.,low,v2_original
"close to the town centre, several potholes are making vehicles slow down and change direction. the issue is disrupting normal use of the area. Please arrange an inspection.",medium,v3_targeted_augmentation
a drainage outlet is partially blocked and dirty water reaches the walkway near the community centre. Please take the necessary action.,medium,v3_targeted_augmentation
A local issue has developed where several potholes are making vehicles slow down on the main road close to the playground.,medium,v2_original
a small patch of road surface has become uneven in our neighbourhood.,low,v3_targeted_augmentation
We would like to report that wastewater is overflowing from a drain onto the roadside near the railway station.,medium,v3_targeted_augmentation
"close to the local clinic, a sewer blockage is producing a strong smell across nearby properties.",medium,v3_targeted_augmentation
People in the area are reporting that a curb has a small chipped section near the community hall. People in the area have reported the same issue.,low,v2_original
There is a problem where a shallow puddle forms after light rain near the public market. The condition has remained unchanged since yesterday.,low,v2_original
part of a roadside retaining wall has collapsed onto the traffic lane near the junction.,high,v3_targeted_augmentation
The situation involves an exposed electrical cable is hanging low where pedestrians can reach it along the roadside. Several nearby residents have raised concerns.,high,v2_original
The road surface is damaged in several places and motorcycles are having difficulty passing close to the playground. The issue has been reported by households nearby.,medium,v2_original
The situation involves thick smoke is causing breathing difficulty among nearby residents near the town centre.,high,v2_original
"near the playground, a roadside drain contains some leaves but water can still pass. normal access to the area is still possible. The relevant department should investigate the problem.",low,v3_targeted_augmentation
We would like to report that wastewater is overflowing from a drain onto the roadside in our neighbourhood.,medium,v3_targeted_augmentation
The situation involves garbage collection has been missed for several days and waste is accumulating on the main road. People passing through the area are being affected.,medium,v2_original
There is a problem where a large section of road has collapsed beside a school entrance along the roadside. People in the area have reported the same issue.,high,v2_original
We have noticed that a small amount of litter is scattered near a bus stop near the community hall. Residents noticed the problem this morning.,low,v2_original
People in the area are reporting that tap water has a slight unusual smell but remains available near the town centre.,low,v2_original
We have noticed that a large public waste bin is overflowing onto the pavement along the roadside. People passing through the area are being affected.,medium,v2_original
The situation involves a public bin is partly full but not overflowing close to the bus stop. The problem can be seen clearly from the roadside.,low,v2_original
The situation involves tap water has a slight unusual smell but remains available near the hospital. The issue is affecting normal use of the area.,low,v2_original
A water main failure has flooded the entrance to a hospital near the public market. Several nearby residents have raised concerns.,high,v2_original
A local issue has developed where part of a roadside retaining wall has collapsed onto the traffic lane near the community hall.,high,v2_original
We have noticed that a small patch of the road surface has become uneven at the main junction. The condition has remained unchanged since yesterday.,low,v2_original
There is a small amount of dust near a construction site near the hospital. The condition becomes worse during busy periods.,low,v2_original
A water main failure has flooded the entrance to a hospital along the roadside. The problem has continued despite recent rainfall.,high,v2_original
Residents have noticed that tap water has a slight unusual smell but remains available in our neighbourhood.,low,v2_original
There is a problem where sewage is spreading across a school access road in our neighbourhood.,high,v2_original
There is a problem where a roadside drain has some leaves and sediment inside it at the main junction. The issue has been reported by households nearby.,low,v2_original
There is a problem where a deep hole has opened across most of the traffic lane near a blind bend near the community hall. The issue is affecting normal use of the area.,high,v2_original
A roadside drain has some leaves and sediment inside it near the community hall. Residents noticed the problem this morning.,low,v2_original
The situation involves a small patch of the road surface has become uneven close to the playground. People in the area have reported the same issue.,low,v2_original
We have noticed that a water pipe is leaking continuously and a large amount of water is being wasted close to the bus stop.,medium,v2_original
People in the area are reporting that smoke from a nearby workshop is entering nearby houses near the hospital. People passing through the area are being affected.,medium,v2_original
A local issue has developed where there is a small amount of dust near a construction site close to the playground.,low,v2_original
There is a problem where garbage collection has been missed for several days and waste is accumulating near the hospital. The issue has been reported by households nearby.,medium,v2_original
We have noticed that a deep hole has opened across most of the traffic lane near a blind bend near our houses.,high,v2_original
The situation involves tap water has a slight unusual smell but remains available near the school. The problem can be seen clearly from the roadside.,low,v2_original
Residents have reported that a live electrical wire is lying across a pedestrian path at the village entrance. the problem could cause a major accident. Please take the necessary action.,high,v3_targeted_augmentation
People living nearby have noticed that multiple damaged sections of road are affecting normal traffic close to the bus stop. the issue is disrupting normal use of the area. The relevant department should investigate the problem.,medium,v3_targeted_augmentation
People in the area are reporting that dense smoke from a nearby facility is causing residents to leave their homes near the town centre.,high,v2_original
People living nearby have noticed that a group of street lamps is not functioning at night near the railway station. the area can still be used but with difficulty. Please address this issue.,medium,v3_targeted_augmentation
Residents have noticed that a minor water leak is dripping from a public pipe near the hospital. The condition has remained unchanged since yesterday.,low,v2_original
A small patch of the road surface has become uneven at the main junction.,low,v2_original
A local issue has developed where a minor water leak is dripping from a public pipe near the town centre.,low,v2_original
There is a problem where a deep hole has opened across most of the traffic lane near a blind bend near the town centre. The issue is affecting normal use of the area.,high,v2_original
"outside the hospital, a drainage channel is blocked and causes flooding during normal rainfall. the area can still be used but with difficulty. Please inspect the issue.",medium,v3_targeted_augmentation
There is a problem where a roadside drain has some leaves and sediment inside it near our houses.,low,v2_original
We have noticed that a shallow puddle forms after light rain near our houses. The issue is affecting normal use of the area.,low,v2_original
Residents have noticed that a shallow puddle forms after light rain near the town centre. The issue is affecting normal use of the area.,low,v2_original
We have noticed that a major water pipe has burst and water is entering nearby houses close to the playground.,high,v2_original
There is a public complaint because electrical wires are sparking beside a crowded public area outside the school. the problem could cause a major accident. Residents are requesting assistance.,high,v3_targeted_augmentation
Residents have noticed that dense smoke from a nearby facility is causing residents to leave their homes near the hospital. Several nearby residents have raised concerns.,high,v2_original
The situation involves electrical wires are sparking beside a crowded pedestrian area at the main junction. Residents noticed the problem this morning.,high,v2_original
We are experiencing a situation where a few pieces of litter are scattered beside the walkway outside the school. the issue is noticeable but not currently dangerous. Please take the necessary action.,low,v3_targeted_augmentation
There is a problem where construction dust is affecting nearby shops and homes throughout the day near our houses.,medium,v2_original
A local issue has developed where a public bin is partly full but not overflowing along the roadside.,low,v2_original
The community would like to report that a small amount of rubbish has been left near a public bin near the playground. normal access to the area is still possible. Please inspect the issue.,low,v3_targeted_augmentation
Residents have reported that a curb has a small chipped section close to the town centre. the service remains available despite the issue. The relevant department should investigate the problem.,low,v3_targeted_augmentation
"close to the bus stop, garbage collection has been missed for several days and waste is accumulating.",medium,v3_targeted_augmentation
The situation involves one lamp flickers occasionally during the evening near the community hall. People in the area have reported the same issue.,low,v2_original
A local issue has developed where a public bin is partly full but not overflowing at the main junction. People passing through the area are being affected.,low,v2_original
We have noticed that a large section of road has collapsed beside a school entrance near the town centre. The condition has remained unchanged since yesterday.,high,v2_original
The community would like to report that a small amount of rubbish has been left near a public bin near the public market. the issue is noticeable but not currently dangerous.,low,v3_targeted_augmentation
The situation involves a few garbage bags are waiting at the normal collection point at the main junction. The issue has been reported by households nearby.,low,v2_original
"in the residential area, a minor water leak is dripping slowly from a public pipe. the issue is causing only a minor inconvenience. Please address this issue.",low,v3_targeted_augmentation
A local issue has developed where a roadside drain has some leaves and sediment inside it near the hospital.,low,v2_original
A local issue has developed where a water main failure has flooded the entrance to a hospital in our neighbourhood. Several nearby residents have raised concerns.,high,v2_original
A local issue has developed where dense smoke from a nearby facility is causing residents to leave their homes near the hospital. People passing through the area are being affected.,high,v2_original
People living nearby have noticed that a drainage channel is blocked and causes flooding during normal rainfall in our neighbourhood. the situation becomes worse during rainfall. Residents are requesting assistance.,medium,v3_targeted_augmentation
Residents have noticed that several potholes are making vehicles slow down on the main road close to the playground.,medium,v2_original
People living nearby have noticed that a public area has accumulated a large amount of uncollected rubbish at the village entrance. residents are requesting prompt attention. We would appreciate assistance with this problem.,medium,v3_targeted_augmentation
A local issue has developed where a small crack has appeared along the edge of a side road near the school.,low,v2_original
smoke from a nearby workshop is regularly entering nearby houses outside the hospital.,medium,v3_targeted_augmentation
People in the area are reporting that the road surface is damaged in several places and motorcycles are having difficulty passing at the main junction.,medium,v2_original
A local issue has developed where construction dust is affecting nearby shops and homes throughout the day in our neighbourhood. The condition becomes worse during busy periods.,medium,v2_original
A small patch of the road surface has become uneven near the hospital. Residents noticed the problem this morning.,low,v2_original
Residents report that a roadside drain is blocked and rainwater is collecting across part of the road near the playground.,medium,v3_targeted_augmentation
People living nearby have noticed that a small patch of road surface has become uneven close to the bus stop. the issue is noticeable but not currently dangerous. Please arrange an inspection.,low,v3_targeted_augmentation
There is a problem where a water main failure has flooded the entrance to a hospital near the community hall. The problem has continued despite recent rainfall.,high,v2_original
We are experiencing a situation where a fallen lamp post is blocking part of the road with electrical wires attached near our houses. the condition poses a direct risk to life and safety. Please address this issue.,high,v3_targeted_augmentation
Residents have noticed that a shallow puddle forms after light rain near the hospital. The condition becomes worse during busy periods.,low,v2_original
Residents have reported that an electrical box is open and live components are exposed to pedestrians along the main road. the situation presents an immediate danger to the public. The relevant department should investigate the problem.,high,v3_targeted_augmentation
A local issue has developed where dense smoke from a nearby facility is causing residents to leave their homes in our neighbourhood.,high,v2_original
The situation involves repeated electricity interruptions are affecting many houses in our neighbourhood.,medium,v2_original
water supply has been unavailable to several houses since yesterday near the community centre. The relevant department should investigate the problem.,medium,v3_targeted_augmentation
A local issue has developed where water pressure is too low for many houses in the area along the roadside.,medium,v2_original
There is a problem where a roadside drain is blocked and rainwater is collecting across part of the road near the town centre.,medium,v2_original
A local issue has developed where there is a small amount of dust near a construction site on the main road. Residents noticed the problem this morning.,low,v2_original
a public area has accumulated a large amount of uncollected rubbish near the railway station. the problem has continued for more than a day. Residents are requesting assistance.,medium,v3_targeted_augmentation
There is a public complaint because an exposed electrical cable is hanging where people can touch it in the residential area. public access to the area is unsafe. We would appreciate assistance with this problem.,high,v3_targeted_augmentation
Residents have noticed that a chemical liquid has leaked onto a public road beside residential buildings at the main junction. The problem can be seen clearly from the roadside.,high,v2_original
People in the area are reporting that a major water pipe has burst and water is entering nearby houses along the roadside. The condition becomes worse during busy periods.,high,v2_original
"near the public market, several street lights along the road are not working. residents are requesting prompt attention. Please send the responsible team.",medium,v3_targeted_augmentation
There is a problem where repeated electricity interruptions are affecting many houses near the community hall.,medium,v2_original
We have noticed that construction dust is affecting nearby shops and homes throughout the day on the main road.,medium,v2_original
A local issue has developed where a small crack has appeared along the edge of a side road close to the playground. People passing through the area are being affected.,low,v2_original
There is a problem where a roadside drain is blocked and rainwater is collecting across part of the road near the school.,medium,v2_original
We have noticed that a minor water leak is dripping from a public pipe near the public market.,low,v2_original
There is a problem where a deep hole has opened across most of the traffic lane near a blind bend near the community hall. Several nearby residents have raised concerns.,high,v2_original
People in the area are reporting that a roadside drain has some leaves and sediment inside it close to the bus stop.,low,v2_original
The community would like to report that a high-voltage cable has fallen beside a public walkway beside the public road. urgent intervention is required. Residents are requesting assistance.,high,v3_targeted_augmentation
People in the area are reporting that a large public waste bin is overflowing onto the pavement in our neighbourhood. People passing through the area are being affected.,medium,v2_original
Residents have noticed that a damaged electrical pole is leaning over a busy road close to the bus stop. People passing through the area are being affected.,high,v2_original
There is a problem where a deep hole has opened across most of the traffic lane near a blind bend near our houses. The condition becomes worse during busy periods.,high,v2_original
The situation involves a curb has a small chipped section close to the playground. People in the area have reported the same issue.,low,v2_original
A local issue has developed where a curb has a small chipped section on the main road. The issue is affecting normal use of the area.,low,v2_original
People living nearby have noticed that electrical wires are sparking beside a crowded public area near the playground. the condition poses a direct risk to life and safety. Please send the responsible team.,high,v3_targeted_augmentation
Floodwater has entered houses and is continuing to rise near the public market. The condition becomes worse during busy periods.,high,v2_original
The situation involves a section of road has sunk and vehicles must drive around it at the main junction.,medium,v2_original
Construction dust is affecting nearby shops and homes throughout the day near the community hall.,medium,v2_original
The situation involves a small patch of the road surface has become uneven near the school. Residents noticed the problem this morning.,low,v2_original
People in the area are reporting that sewage is spreading across a school access road near the town centre. People passing through the area are being affected.,high,v2_original
We have noticed that a deep hole has opened across most of the traffic lane near a blind bend in our neighbourhood.,high,v2_original
There is a problem where a chemical liquid has leaked onto a public road beside residential buildings near the town centre. People passing through the area are being affected.,high,v2_original
floodwater is rising quickly around homes and residents cannot leave safely outside the hospital. Please address this issue.,high,v3_targeted_augmentation
Sewage is flowing into several homes from an overflowing manhole in our neighbourhood. The problem has continued despite recent rainfall.,high,v2_original
People living nearby have noticed that a small patch of road surface has become uneven outside our building. the condition should be checked before it becomes worse. Please address this issue.,low,v3_targeted_augmentation
People in the area are reporting that a few garbage bags are waiting at the normal collection point in our neighbourhood. The problem has continued despite recent rainfall.,low,v2_original
We are experiencing a situation where a public waste container has a damaged lid but can still be used near the junction. residents can still use the area normally. Please take the necessary action.,low,v3_targeted_augmentation
We have noticed that water supply has been unavailable to a neighbourhood since yesterday on the main road.,medium,v2_original
We would like to report that water pressure is too low for many houses in the area beside the public walkway.,medium,v3_targeted_augmentation
People living nearby have noticed that a sewer blockage is producing a strong smell across nearby properties outside the hospital. the problem should be addressed before it becomes dangerous. Please send the responsible team.,medium,v3_targeted_augmentation
The situation involves one lamp flickers occasionally during the evening on the main road. The problem can be seen clearly from the roadside.,low,v2_original
A local issue has developed where several potholes are making vehicles slow down on the main road near our houses. The condition has remained unchanged since yesterday.,medium,v2_original
Residents have noticed that the road surface is damaged in several places and motorcycles are having difficulty passing at the main junction.,medium,v2_original
A local issue has developed where a fallen power cable is lying across a pedestrian path at the main junction.,high,v2_original
water pressure is too low for many houses in the area close to the bus stop. Please arrange an inspection.,medium,v3_targeted_augmentation
A local issue has developed where a curb has a small chipped section near our houses.,low,v2_original
"near the playground, a small amount of dust is affecting one section of the road.",low,v3_targeted_augmentation
We would like to report that a damaged electrical pole is leaning over a busy road near the public market.,high,v3_targeted_augmentation
Residents have noticed that water pressure is too low for many houses in the area in our neighbourhood. Residents noticed the problem this morning.,medium,v2_original
People in the area are reporting that a drain cover is slightly loose but still in place near our houses. The condition becomes worse during busy periods.,low,v2_original
There is a public complaint because floodwater is rising quickly around homes and residents cannot leave safely at the village entrance. someone could be seriously injured if the area is not secured immediately. Please arrange an inspection.,high,v3_targeted_augmentation
We have noticed that a shallow puddle forms after light rain close to the playground. Residents noticed the problem this morning.,low,v2_original
water supply has been unavailable to several houses since yesterday beside the public walkway. the issue is disrupting normal use of the area. Please arrange an inspection.,medium,v3_targeted_augmentation
A local issue has developed where smoke from a nearby workshop is entering nearby houses on the main road. The condition has remained unchanged since yesterday.,medium,v2_original
People in the area are reporting that a large public waste bin is overflowing onto the pavement in our neighbourhood. Residents noticed the problem this morning.,medium,v2_original
The situation involves a small crack has appeared along the edge of a side road close to the playground. People passing through the area are being affected.,low,v2_original
People in the area are reporting that dense smoke from a nearby facility is causing residents to leave their homes at the main junction. The problem has continued despite recent rainfall.,high,v2_original
People in the area are reporting that a large public waste bin is overflowing onto the pavement near the town centre. The issue has been reported by households nearby.,medium,v2_original
a small crack has appeared along the edge of the road near the public market. Please send the responsible team.,low,v3_targeted_augmentation
The situation involves sewage is flowing into several homes from an overflowing manhole near the town centre.,high,v2_original
The situation involves electrical wires are sparking beside a crowded pedestrian area near the public market. Several nearby residents have raised concerns.,high,v2_original
A local issue has developed where sewage is flowing into several homes from an overflowing manhole close to the bus stop. The condition has remained unchanged since yesterday.,high,v2_original
We have noticed that a fallen power cable is lying across a pedestrian path close to the bus stop.,high,v2_original
We have noticed that a damaged electrical pole is leaning over a busy road close to the playground.,high,v2_original
"in our neighbourhood, several street lights along the road are not working. residents are requesting prompt attention. The relevant department should investigate the problem.",medium,v3_targeted_augmentation
We are experiencing a situation where a high-voltage cable has fallen beside a public walkway close to the bus stop. public access to the area is unsafe. The relevant department should investigate the problem.,high,v3_targeted_augmentation
We have noticed that a fallen power cable is lying across a pedestrian path near the hospital. People in the area have reported the same issue.,high,v2_original
There is a public complaint because several street lights along the road are not working near the hospital. the problem has continued for more than a day. The relevant department should investigate the problem.,medium,v3_targeted_augmentation
People in the area are reporting that a curb has a small chipped section near the public market.,low,v2_original
A local issue has developed where there is a small amount of dust near a construction site near the community hall.,low,v2_original
There is a problem where sewage is flowing into several homes from an overflowing manhole near the town centre.,high,v2_original
There is a problem where a fallen power cable is lying across a pedestrian path near the hospital.,high,v2_original
The community would like to report that a public bin is partly full but is not overflowing in the residential area. normal access to the area is still possible. Please arrange an inspection.,low,v3_targeted_augmentation
We have noticed that a large section of road has collapsed beside a school entrance near our houses. The issue has been reported by households nearby.,high,v2_original
A chemical liquid has leaked onto a public road beside residential buildings at the main junction. The issue has been reported by households nearby.,high,v2_original
The situation involves repeated electricity interruptions are affecting many houses near the community hall. The problem has continued despite recent rainfall.,medium,v2_original
There is a problem where a single street sign area has minor surface damage on the main road. People passing through the area are being affected.,low,v2_original
We have noticed that a shallow puddle forms after light rain near the hospital. The condition becomes worse during busy periods.,low,v2_original
The situation involves an exposed electrical cable is hanging low where pedestrians can reach it near the town centre. People in the area have reported the same issue.,high,v2_original
We are experiencing a situation where thick black smoke is filling nearby houses and residents are struggling to breathe close to the local clinic. people are being exposed to a serious safety hazard. Please address this issue.,high,v3_targeted_augmentation
The community would like to report that a large chemical spill is spreading across a public road near the junction. urgent intervention is required. Please take the necessary action.,high,v3_targeted_augmentation
People in the area are reporting that there is a small amount of dust near a construction site along the roadside.,low,v2_original
There is a problem where a major water pipe has burst and water is entering nearby houses at the main junction. The condition becomes worse during busy periods.,high,v2_original
Residents have noticed that one street lamp is dim but still provides some light near our houses.,low,v2_original
We would like to report that one household is experiencing slightly reduced water pressure near the hospital.,low,v3_targeted_augmentation
The situation involves a chemical liquid has leaked onto a public road beside residential buildings close to the playground. The condition has remained unchanged since yesterday.,high,v2_original
a group of street lamps is not functioning at night beside the public road. the problem should be addressed before it becomes dangerous.,medium,v3_targeted_augmentation
People living nearby have noticed that a fallen lamp post is blocking part of the road with electrical wires attached along the main road. urgent intervention is required. Please inspect the issue.,high,v3_targeted_augmentation
A local issue has developed where a small crack has appeared along the edge of a side road in our neighbourhood.,low,v2_original
Residents report that a damaged power pole appears ready to fall onto passing vehicles at the village entrance.,high,v3_targeted_augmentation
There is a problem where several street lights along one road are not working at the main junction.,medium,v2_original
Residents have noticed that part of a roadside retaining wall has collapsed onto the traffic lane near the town centre.,high,v2_original
A local issue has developed where a water pipe is leaking continuously and a large amount of water is being wasted at the main junction.,medium,v2_original
There is a problem where a shallow puddle forms after light rain near the community hall.,low,v2_original
People in the area are reporting that a small patch of the road surface has become uneven close to the bus stop. The issue is affecting normal use of the area.,low,v2_original
The situation involves repeated electricity interruptions are affecting many houses near the school.,medium,v2_original
A local issue has developed where a roadside drain is blocked and rainwater is collecting across part of the road near the school. The issue is affecting normal use of the area.,medium,v2_original
There is a public complaint because an electrical box is open and live components are exposed to pedestrians at the village entrance. the problem could cause a major accident. Please arrange an inspection.,high,v3_targeted_augmentation
The situation involves floodwater has entered houses and is continuing to rise near the town centre. The issue is affecting normal use of the area.,high,v2_original
A drain cover is slightly loose but still in place on the main road. The condition becomes worse during busy periods.,low,v2_original
People in the area are reporting that water supply has been unavailable to a neighbourhood since yesterday near the public market.,medium,v2_original
We have noticed that a minor water leak is dripping from a public pipe close to the bus stop.,low,v2_original
multiple damaged sections of road are affecting normal traffic outside the school. Please send the responsible team.,medium,v3_targeted_augmentation
There is a problem where tap water has a slight unusual smell but remains available in our neighbourhood. The condition has remained unchanged since yesterday.,low,v2_original
A local issue has developed where construction dust is affecting nearby shops and homes throughout the day near the town centre. The problem has continued despite recent rainfall.,medium,v2_original
A local issue has developed where water pressure is too low for many houses in the area near the hospital. The problem has continued despite recent rainfall.,medium,v2_original
There is a problem where floodwater has entered houses and is continuing to rise near our houses.,high,v2_original
Residents report that several potholes are making vehicles slow down and change direction near the school.,medium,v3_targeted_augmentation
There is a public complaint because a public bin is partly full but is not overflowing near the public market. normal access to the area is still possible. Please address this issue.,low,v3_targeted_augmentation
Repeated electricity interruptions are affecting many houses in our neighbourhood.,medium,v2_original
Residents have reported that one household is experiencing slightly reduced water pressure along the main road. the condition should be checked before it becomes worse. Please send the responsible team.,low,v3_targeted_augmentation
People in the area are reporting that the road surface is damaged in several places and motorcycles are having difficulty passing close to the playground.,medium,v2_original
Residents have reported that a street lamp flickers occasionally but remains usable close to the bus stop. the problem is limited to a small section. Please address this issue.,low,v3_targeted_augmentation
"near the junction, a damaged power pole appears ready to fall onto passing vehicles.",high,v3_targeted_augmentation
There is a problem where a section of road has sunk and vehicles must drive around it close to the bus stop.,medium,v2_original
We are experiencing a situation where a shallow pothole has started forming on a quiet side road outside the school. there is no immediate safety risk. Please send the responsible team.,low,v3_targeted_augmentation
A fallen power cable is lying across a pedestrian path near our houses. The issue has been reported by households nearby.,high,v2_original
We have noticed that a curb has a small chipped section in our neighbourhood.,low,v2_original
A curb has a small chipped section along the roadside. The problem can be seen clearly from the roadside.,low,v2_original
People in the area are reporting that thick smoke is causing breathing difficulty among nearby residents at the main junction. The condition becomes worse during busy periods.,high,v2_original
Residents report that a public area has accumulated a large amount of uncollected rubbish near the community centre.,medium,v3_targeted_augmentation
Sewage is flowing into several homes from an overflowing manhole close to the playground. The issue has been reported by households nearby.,high,v2_original
A local issue has developed where a large public waste bin is overflowing onto the pavement in our neighbourhood.,medium,v2_original
We are experiencing a situation where a drainage outlet is partially blocked and dirty water reaches the walkway at the village entrance. several residents are affected by the problem. We would appreciate assistance with this problem.,medium,v3_targeted_augmentation
We have noticed that part of a roadside retaining wall has collapsed onto the traffic lane near our houses. The problem has continued despite recent rainfall.,high,v2_original
People in the area are reporting that wastewater is overflowing from a drain onto the roadside near the community hall. People in the area have reported the same issue.,medium,v2_original
The community would like to report that an electrical box is open and live components are exposed to pedestrians near the community centre. residents may need emergency assistance. Please inspect the issue.,high,v3_targeted_augmentation
A local issue has developed where tap water has a slight unusual smell but remains available in our neighbourhood. The issue is affecting normal use of the area.,low,v2_original
People living nearby have noticed that a deep hole has opened across most of the traffic lane beside the public walkway. people are being exposed to a serious safety hazard. Please address this issue.,high,v3_targeted_augmentation
Garbage collection has been missed for several days and waste is accumulating near our houses.,medium,v2_original
People in the area are reporting that a small amount of litter is scattered near a bus stop near the public market. The problem has continued despite recent rainfall.,low,v2_original
There is a small amount of dust near a construction site near the hospital.,low,v2_original
Residents have noticed that one street lamp is dim but still provides some light near the public market.,low,v2_original
an electrical box is open and live components are exposed to pedestrians outside the hospital. residents are at risk of serious injury. Please address this issue.,high,v3_targeted_augmentation
Residents report that dense smoke is causing breathing difficulty among nearby residents along the main road.,high,v3_targeted_augmentation
A roadside drain has some leaves and sediment inside it near the community hall. Several nearby residents have raised concerns.,low,v2_original
one street sign is slightly damaged but still readable near our houses. Please arrange an inspection.,low,v3_targeted_augmentation
Residents report that garbage collection has been missed for several days and waste is accumulating outside the hospital.,medium,v3_targeted_augmentation
There is a problem where a section of road has sunk and vehicles must drive around it in our neighbourhood.,medium,v2_original
"beside the public walkway, a few pieces of litter are scattered beside the walkway.",low,v3_targeted_augmentation
A local issue has developed where several potholes are making vehicles slow down on the main road in our neighbourhood.,medium,v2_original
People in the area are reporting that one street lamp is dim but still provides some light near the public market. The problem has continued despite recent rainfall.,low,v2_original
We have noticed that a sewer blockage is creating a strong smell across several nearby properties near the community hall. The problem has continued despite recent rainfall.,medium,v2_original
a public area has accumulated a large amount of uncollected rubbish near the junction. multiple households have reported the same problem. We would appreciate assistance with this problem.,medium,v3_targeted_augmentation
People in the area are reporting that a single street sign area has minor surface damage near the town centre.,low,v2_original
multiple damaged sections of road are affecting normal traffic close to the local clinic. the issue is disrupting normal use of the area.,medium,v3_targeted_augmentation
We have noticed that part of a roadside retaining wall has collapsed onto the traffic lane near the hospital.,high,v2_original
The situation involves one lamp flickers occasionally during the evening near our houses.,low,v2_original
a group of street lamps is not functioning at night close to the town centre. the situation becomes worse during rainfall. The relevant department should investigate the problem.,medium,v3_targeted_augmentation
A local issue has developed where a roadside drain has some leaves and sediment inside it close to the playground.,low,v2_original
a small amount of rubbish has been left near a public bin beside the public road. Please take the necessary action.,low,v3_targeted_augmentation
We have noticed that a minor water leak is dripping from a public pipe near the school. People in the area have reported the same issue.,low,v2_original
The situation involves one street lamp is dim but still provides some light on the main road.,low,v2_original
Residents have noticed that part of a roadside retaining wall has collapsed onto the traffic lane near the community hall. People passing through the area are being affected.,high,v2_original
People living nearby have noticed that a shallow pothole has started forming on a quiet side road near the public market. the issue is causing only a minor inconvenience. Please arrange an inspection.,low,v3_targeted_augmentation
People in the area are reporting that sewage is flowing into several homes from an overflowing manhole near the town centre. The issue has been reported by households nearby.,high,v2_original
Water supply has been unavailable to a neighbourhood since yesterday near the school.,medium,v2_original
People living nearby have noticed that a small amount of rubbish has been left near a public bin in the residential area. the issue is causing only a minor inconvenience. Please inspect the issue.,low,v3_targeted_augmentation
The community would like to report that floodwater has entered several houses and is continuing to rise near the school. residents may need emergency assistance. Please take the necessary action.,high,v3_targeted_augmentation
Residents have noticed that a water pipe is leaking continuously and a large amount of water is being wasted near the public market.,medium,v2_original
"near the school, electrical wires are sparking beside a crowded public area. the problem could cause a major accident. Please take the necessary action.",high,v3_targeted_augmentation
We have noticed that the road surface is damaged in several places and motorcycles are having difficulty passing along the roadside.,medium,v2_original
There is a public complaint because water supply has been unavailable to several houses since yesterday beside the public walkway. the situation becomes worse during rainfall. The relevant department should investigate the problem.,medium,v3_targeted_augmentation
There is a problem where a minor water leak is dripping from a public pipe near the community hall. The problem can be seen clearly from the roadside.,low,v2_original
We are experiencing a situation where a minor crack is visible in the pavement close to the town centre. the issue is causing only a minor inconvenience. We would appreciate assistance with this problem.,low,v3_targeted_augmentation
The situation involves a drain cover is slightly loose but still in place near the hospital. The condition becomes worse during busy periods.,low,v2_original
Residents report that a public area has accumulated a large amount of uncollected rubbish near our houses.,medium,v3_targeted_augmentation
There is a problem where a section of road has sunk and vehicles must drive around it along the roadside.,medium,v2_original
Residents have noticed that wastewater is overflowing from a drain onto the roadside near the public market. The problem has continued despite recent rainfall.,medium,v2_original
We have noticed that a single street sign area has minor surface damage near the town centre.,low,v2_original
We have noticed that water supply has been unavailable to a neighbourhood since yesterday near the school.,medium,v2_original
Water supply has been unavailable to a neighbourhood since yesterday on the main road. The issue is affecting normal use of the area.,medium,v2_original
A water main failure has flooded the entrance to a hospital close to the playground. People passing through the area are being affected.,high,v2_original
We have noticed that a shallow puddle forms after light rain near the community hall.,low,v2_original
Residents have noticed that a small crack has appeared along the edge of a side road along the roadside. The problem has continued despite recent rainfall.,low,v2_original
People living nearby have noticed that residents are experiencing repeated power cuts during the evening in the residential area. residents are requesting prompt attention. Please inspect the issue.,medium,v3_targeted_augmentation
People in the area are reporting that a single street sign area has minor surface damage near the public market.,low,v2_original
"near the junction, garbage collection has been missed for several days and waste is accumulating.",medium,v3_targeted_augmentation
The situation involves a roadside drain is blocked and rainwater is collecting across part of the road along the roadside. Residents noticed the problem this morning.,medium,v2_original
Residents have noticed that repeated electricity interruptions are affecting many houses along the roadside. People passing through the area are being affected.,medium,v2_original
A local issue has developed where one street lamp is dim but still provides some light near the town centre. The problem can be seen clearly from the roadside.,low,v2_original
Residents report that water service keeps stopping for several hours at a time close to the bus stop.,medium,v3_targeted_augmentation
People in the area are reporting that a section of road has sunk and vehicles must drive around it along the roadside. The problem has continued despite recent rainfall.,medium,v2_original
There is a problem where repeated electricity interruptions are affecting many houses along the roadside. The condition has remained unchanged since yesterday.,medium,v2_original
Residents have noticed that several potholes are making vehicles slow down on the main road close to the playground. The condition has remained unchanged since yesterday.,medium,v2_original
People living nearby have noticed that one household is experiencing slightly reduced water pressure close to the town centre. the issue is causing only a minor inconvenience. Please inspect the issue.,low,v3_targeted_augmentation
We have noticed that a deep hole has opened across most of the traffic lane near a blind bend along the roadside.,high,v2_original
A drain cover is slightly loose but still in place near the school. The condition becomes worse during busy periods.,low,v2_original
People in the area are reporting that several potholes are making vehicles slow down on the main road at the main junction. Several nearby residents have raised concerns.,medium,v2_original
a sewer blockage is producing a strong smell across nearby properties outside the hospital. the issue is disrupting normal use of the area.,medium,v3_targeted_augmentation
There is a public complaint because multiple damaged sections of road are affecting normal traffic near the community centre. the issue is causing significant inconvenience. Please take the necessary action.,medium,v3_targeted_augmentation
People in the area are reporting that a shallow puddle forms after light rain near the community hall. The condition has remained unchanged since yesterday.,low,v2_original
A chemical liquid has leaked onto a public road beside residential buildings on the main road.,high,v2_original
We are experiencing a situation where a large tree has fallen onto electrical lines above the road along the main road. the problem could cause a major accident. We would appreciate assistance with this problem.,high,v3_targeted_augmentation
There is a public complaint because a shallow pothole has started forming on a quiet side road beside the public road. the service remains available despite the issue. Please arrange an inspection.,low,v3_targeted_augmentation
We have noticed that thick smoke is causing breathing difficulty among nearby residents near the community hall. The issue is affecting normal use of the area.,high,v2_original
People in the area are reporting that part of a roadside retaining wall has collapsed onto the traffic lane near the community hall.,high,v2_original
There is a problem where an exposed electrical cable is hanging low where pedestrians can reach it on the main road. The problem can be seen clearly from the roadside.,high,v2_original
The community would like to report that multiple damaged sections of road are affecting normal traffic near the playground. several residents are affected by the problem. Please inspect the issue.,medium,v3_targeted_augmentation
A large public waste bin is overflowing onto the pavement in our neighbourhood. Residents noticed the problem this morning.,medium,v2_original
There is a problem where a roadside drain has some leaves and sediment inside it near the school. The condition has remained unchanged since yesterday.,low,v2_original
A local issue has developed where a large section of road has collapsed beside a school entrance close to the playground. The problem can be seen clearly from the roadside.,high,v2_original
The community would like to report that a deep hole has opened across most of the traffic lane near the junction. the area should be secured immediately. Residents are requesting assistance.,high,v3_targeted_augmentation
The situation involves a drain cover is slightly loose but still in place along the roadside. The condition has remained unchanged since yesterday.,low,v2_original
There is a problem where a chemical liquid has leaked onto a public road beside residential buildings along the roadside. The condition becomes worse during busy periods.,high,v2_original
There is a problem where a major water pipe has burst and water is entering nearby houses near the public market.,high,v2_original
Residents have reported that a large tree has fallen onto electrical lines above the road near the railway station. residents are at risk of serious injury. Please take the necessary action.,high,v3_targeted_augmentation
"near our houses, a small crack has appeared along the edge of the road. the issue is noticeable but not currently dangerous. Please inspect the issue.",low,v3_targeted_augmentation
We have noticed that a few garbage bags are waiting at the normal collection point close to the bus stop. Several nearby residents have raised concerns.,low,v2_original
We have noticed that several potholes are making vehicles slow down on the main road along the roadside. The condition has remained unchanged since yesterday.,medium,v2_original
A local issue has developed where a small amount of litter is scattered near a bus stop near the school. The problem can be seen clearly from the roadside.,low,v2_original
The situation involves several street lights along one road are not working near the hospital.,medium,v2_original
"along the main road, a public area has accumulated a large amount of uncollected rubbish. multiple households have reported the same problem.",medium,v3_targeted_augmentation
The situation involves construction dust is affecting nearby shops and homes throughout the day close to the playground. People in the area have reported the same issue.,medium,v2_original
There is a public complaint because a shallow pothole has started forming on a quiet side road close to the bus stop. residents can still use the area normally. Please send the responsible team.,low,v3_targeted_augmentation
an electrical box is open and live components are exposed to pedestrians outside the hospital. the situation presents an immediate danger to the public. Please take the necessary action.,high,v3_targeted_augmentation
People in the area are reporting that a large section of road has collapsed beside a school entrance near the public market. People in the area have reported the same issue.,high,v2_original
The community would like to report that a few pieces of litter are scattered beside the walkway in our neighbourhood. the condition should be checked before it becomes worse. Please address this issue.,low,v3_targeted_augmentation
People in the area are reporting that a minor water leak is dripping from a public pipe in our neighbourhood. The problem can be seen clearly from the roadside.,low,v2_original
People living nearby have noticed that the road surface is badly cracked and uneven outside the hospital. several residents are affected by the problem. We would appreciate assistance with this problem.,medium,v3_targeted_augmentation
"near the playground, a shallow pothole has started forming on a quiet side road. the service remains available despite the issue. We would appreciate assistance with this problem.",low,v3_targeted_augmentation
The situation involves a drain cover is slightly loose but still in place near the town centre. The issue has been reported by households nearby.,low,v2_original
We have noticed that electrical wires are sparking beside a crowded pedestrian area on the main road. The condition becomes worse during busy periods.,high,v2_original
People in the area are reporting that a large section of road has collapsed beside a school entrance in our neighbourhood. People passing through the area are being affected.,high,v2_original
"outside our building, dense smoke is causing breathing difficulty among nearby residents. urgent intervention is required. The relevant department should investigate the problem.",high,v3_targeted_augmentation
The situation involves garbage collection has been missed for several days and waste is accumulating close to the playground. The problem can be seen clearly from the roadside.,medium,v2_original
We have noticed that smoke from a nearby workshop is entering nearby houses near the public market.,medium,v2_original
People in the area are reporting that a curb has a small chipped section at the main junction. Residents noticed the problem this morning.,low,v2_original
Residents have noticed that thick smoke is causing breathing difficulty among nearby residents in our neighbourhood.,high,v2_original
People living nearby have noticed that a roadside drain is blocked and rainwater is collecting across part of the road close to the town centre. residents are requesting prompt attention. Residents are requesting assistance.,medium,v3_targeted_augmentation
Residents report that a water pipe is leaking continuously and wasting a large amount of water close to the local clinic.,medium,v3_targeted_augmentation
There is a problem where a small crack has appeared along the edge of a side road along the roadside.,low,v2_original
A large section of road has collapsed beside a school entrance near our houses. The condition becomes worse during busy periods.,high,v2_original
We have noticed that part of a roadside retaining wall has collapsed onto the traffic lane near the town centre.,high,v2_original
Residents have noticed that water supply has been unavailable to a neighbourhood since yesterday along the roadside. The problem has continued despite recent rainfall.,medium,v2_original
We would like to report that a shallow puddle forms after light rain near the public market.,low,v3_targeted_augmentation
The situation involves a few garbage bags are waiting at the normal collection point close to the bus stop. The issue is affecting normal use of the area.,low,v2_original
We would like to report that a small patch of road surface has become uneven outside the school.,low,v3_targeted_augmentation
A local issue has developed where a single street sign area has minor surface damage near our houses. The problem has continued despite recent rainfall.,low,v2_original
We have noticed that a small patch of the road surface has become uneven near the hospital. The condition has remained unchanged since yesterday.,low,v2_original
We have noticed that tap water has a slight unusual smell but remains available near our houses. People in the area have reported the same issue.,low,v2_original
A local issue has developed where a minor water leak is dripping from a public pipe at the main junction. People passing through the area are being affected.,low,v2_original
We are experiencing a situation where a minor crack is visible in the pavement outside our building. there is no immediate safety risk. We would appreciate assistance with this problem.,low,v3_targeted_augmentation
"outside the school, water service keeps stopping for several hours at a time. the problem should be addressed before it becomes dangerous. We would appreciate assistance with this problem.",medium,v3_targeted_augmentation
Residents have reported that water pressure is too low for many houses in the area outside the hospital. residents are requesting prompt attention. The relevant department should investigate the problem.,medium,v3_targeted_augmentation
We have noticed that construction dust is affecting nearby shops and homes throughout the day near our houses. The problem has continued despite recent rainfall.,medium,v2_original
People living nearby have noticed that a small patch of road surface has become uneven along the main road. the service remains available despite the issue. Please take the necessary action.,low,v3_targeted_augmentation
Residents have noticed that garbage collection has been missed for several days and waste is accumulating at the main junction. The problem can be seen clearly from the roadside.,medium,v2_original
There is a problem where floodwater has entered houses and is continuing to rise in our neighbourhood. The problem can be seen clearly from the roadside.,high,v2_original
People in the area are reporting that several potholes are making vehicles slow down on the main road in our neighbourhood.,medium,v2_original
We would like to report that the road surface is badly cracked and uneven near the public market.,medium,v3_targeted_augmentation
People in the area are reporting that there is a small amount of dust near a construction site near the public market. The problem has continued despite recent rainfall.,low,v2_original
The community would like to report that thick black smoke is filling nearby houses and residents are struggling to breathe close to the bus stop. someone could be seriously injured if the area is not secured immediately. Please address this issue.,high,v3_targeted_augmentation
A fallen power cable is lying across a pedestrian path near the town centre.,high,v2_original
The road surface is damaged in several places and motorcycles are having difficulty passing in our neighbourhood.,medium,v2_original
There is a public complaint because water pressure is too low for many houses in the area outside the school. normal daily activities are being affected. Please arrange an inspection.,medium,v3_targeted_augmentation
The situation involves thick smoke is causing breathing difficulty among nearby residents near the hospital. The condition has remained unchanged since yesterday.,high,v2_original
We have noticed that a drain cover is slightly loose but still in place in our neighbourhood. The condition becomes worse during busy periods.,low,v2_original
A local issue has developed where a shallow puddle forms after light rain close to the bus stop. The problem has continued despite recent rainfall.,low,v2_original
a small amount of dust is affecting one section of the road near the junction. normal access to the area is still possible. Residents are requesting assistance.,low,v3_targeted_augmentation
We have noticed that a section of road has sunk and vehicles must drive around it in our neighbourhood. Several nearby residents have raised concerns.,medium,v2_original
There is a problem where a sewer blockage is creating a strong smell across several nearby properties near the public market.,medium,v2_original
A section of road has sunk and vehicles must drive around it near the school. The issue has been reported by households nearby.,medium,v2_original
Residents have noticed that floodwater has entered houses and is continuing to rise near the public market. People passing through the area are being affected.,high,v2_original
"beside the public walkway, a small crack has appeared along the edge of the road.",low,v3_targeted_augmentation
People in the area are reporting that one lamp flickers occasionally during the evening near the school. The problem can be seen clearly from the roadside.,low,v2_original
A chemical liquid has leaked onto a public road beside residential buildings near the public market. Residents noticed the problem this morning.,high,v2_original
A local issue has developed where water supply has been unavailable to a neighbourhood since yesterday near the community hall. The problem has continued despite recent rainfall.,medium,v2_original
A damaged electrical pole is leaning over a busy road close to the playground. The condition becomes worse during busy periods.,high,v2_original
The situation involves floodwater has entered houses and is continuing to rise near the public market.,high,v2_original
We have noticed that repeated electricity interruptions are affecting many houses near the public market. The condition has remained unchanged since yesterday.,medium,v2_original
A local issue has developed where garbage collection has been missed for several days and waste is accumulating near our houses. The condition has remained unchanged since yesterday.,medium,v2_original
We have noticed that water supply has been unavailable to a neighbourhood since yesterday close to the bus stop. The problem can be seen clearly from the roadside.,medium,v2_original
We have noticed that a roadside drain is blocked and rainwater is collecting across part of the road in our neighbourhood.,medium,v2_original
We have noticed that a section of road has sunk and vehicles must drive around it near the public market.,medium,v2_original
floodwater has entered several houses and is continuing to rise outside our building. people are being exposed to a serious safety hazard. Please arrange an inspection.,high,v3_targeted_augmentation
There is a problem where water supply has been unavailable to a neighbourhood since yesterday near the public market. People in the area have reported the same issue.,medium,v2_original
People in the area are reporting that a water pipe is leaking continuously and a large amount of water is being wasted near the school.,medium,v2_original
We would like to report that water service keeps stopping for several hours at a time near the junction.,medium,v3_targeted_augmentation
People living nearby have noticed that a curb has a small chipped section near our houses. the issue is noticeable but not currently dangerous. Please take the necessary action.,low,v3_targeted_augmentation
Residents report that a few pieces of litter are scattered beside the walkway in our neighbourhood.,low,v3_targeted_augmentation
A fallen power cable is lying across a pedestrian path in our neighbourhood. Residents noticed the problem this morning.,high,v2_original
We have noticed that repeated electricity interruptions are affecting many houses on the main road. The issue is affecting normal use of the area.,medium,v2_original
There is a problem where wastewater is overflowing from a drain onto the roadside close to the playground. The issue is affecting normal use of the area.,medium,v2_original
We are experiencing a situation where floodwater has entered several houses and is continuing to rise near our houses. residents may need emergency assistance.,high,v3_targeted_augmentation
We are experiencing a situation where a drainage channel is blocked and causes flooding during normal rainfall close to the town centre. the issue is disrupting normal use of the area. Please arrange an inspection.,medium,v3_targeted_augmentation
The situation involves a water pipe is leaking continuously and a large amount of water is being wasted near the hospital.,medium,v2_original
There is a problem where smoke from a nearby workshop is entering nearby houses close to the bus stop. The issue has been reported by households nearby.,medium,v2_original
a large chemical spill is spreading across a public road near the hospital. people are being exposed to a serious safety hazard. Please take the necessary action.,high,v3_targeted_augmentation
Residents have noticed that a public bin is partly full but not overflowing in our neighbourhood. People in the area have reported the same issue.,low,v2_original
People living nearby have noticed that an overflowing public bin is spreading waste across the surrounding area close to the town centre. the problem should be addressed before it becomes dangerous.,medium,v3_targeted_augmentation
A shallow puddle forms after light rain close to the bus stop.,low,v2_original
People in the area are reporting that one street lamp is dim but still provides some light near the community hall.,low,v2_original
The situation involves a single street sign area has minor surface damage close to the bus stop.,low,v2_original
A small crack has appeared along the edge of a side road along the roadside. The issue has been reported by households nearby.,low,v2_original
The situation involves an exposed electrical cable is hanging low where pedestrians can reach it near the community hall. People passing through the area are being affected.,high,v2_original
The community would like to report that water pressure is too low for many houses in the area in our neighbourhood. several residents are affected by the problem. The relevant department should investigate the problem.,medium,v3_targeted_augmentation
Residents have noticed that part of a roadside retaining wall has collapsed onto the traffic lane near the school.,high,v2_original
We would like to report that smoke from a nearby workshop is regularly entering nearby houses near our houses.,medium,v3_targeted_augmentation
People in the area are reporting that a small amount of litter is scattered near a bus stop near the school. People in the area have reported the same issue.,low,v2_original
The situation involves a public bin is partly full but not overflowing near our houses. People in the area have reported the same issue.,low,v2_original
People living nearby have noticed that the water pressure is slightly lower than normal in one house near the public market. the condition should be checked before it becomes worse.,low,v3_targeted_augmentation
Residents have noticed that one lamp flickers occasionally during the evening near our houses. People in the area have reported the same issue.,low,v2_original
People living nearby have noticed that one street sign is slightly damaged but still readable near the playground. normal access to the area is still possible.,low,v3_targeted_augmentation
The community would like to report that one street sign is slightly damaged but still readable near the hospital. normal access to the area is still possible. Please inspect the issue.,low,v3_targeted_augmentation
A local issue has developed where several potholes are making vehicles slow down on the main road on the main road. The issue is affecting normal use of the area.,medium,v2_original
Residents report that garbage collection has been missed for several days and waste is accumulating at the village entrance.,medium,v3_targeted_augmentation
We have noticed that a single street sign area has minor surface damage near the community hall. People passing through the area are being affected.,low,v2_original
We have noticed that a drain cover is slightly loose but still in place near the community hall. The issue is affecting normal use of the area.,low,v2_original
"in the residential area, an electrical box is open and live components are exposed to pedestrians.",high,v3_targeted_augmentation
There is a public complaint because garbage collection has been missed for several days and waste is accumulating outside our building. multiple households have reported the same problem. Please arrange an inspection.,medium,v3_targeted_augmentation
Residents have noticed that dense smoke from a nearby facility is causing residents to leave their homes near the school. People passing through the area are being affected.,high,v2_original
Electrical wires are sparking beside a crowded pedestrian area close to the bus stop.,high,v2_original
The situation involves a major water pipe has burst and water is entering nearby houses near our houses. The issue is affecting normal use of the area.,high,v2_original
The community would like to report that a drain grate is loose and makes a noise when vehicles pass outside the hospital. normal access to the area is still possible. Please address this issue.,low,v3_targeted_augmentation
We have noticed that an exposed electrical cable is hanging low where pedestrians can reach it on the main road.,high,v2_original
People living nearby have noticed that a damaged power pole appears ready to fall onto passing vehicles close to the town centre. the condition poses a direct risk to life and safety. Please inspect the issue.,high,v3_targeted_augmentation
Residents have noticed that dense smoke from a nearby facility is causing residents to leave their homes near the hospital. The problem has continued despite recent rainfall.,high,v2_original
A small patch of the road surface has become uneven near the town centre. The problem can be seen clearly from the roadside.,low,v2_original
Part of a roadside retaining wall has collapsed onto the traffic lane along the roadside. The condition has remained unchanged since yesterday.,high,v2_original
A local issue has developed where construction dust is affecting nearby shops and homes throughout the day close to the playground. The issue has been reported by households nearby.,medium,v2_original
The situation involves a major water pipe has burst and water is entering nearby houses close to the playground.,high,v2_original
The situation involves a chemical liquid has leaked onto a public road beside residential buildings close to the bus stop. People passing through the area are being affected.,high,v2_original
A local issue has developed where smoke from a nearby workshop is entering nearby houses at the main junction. The condition has remained unchanged since yesterday.,medium,v2_original
A local issue has developed where several street lights along one road are not working at the main junction.,medium,v2_original
Residents have noticed that a single street sign area has minor surface damage close to the playground. Residents noticed the problem this morning.,low,v2_original
There is a problem where sewage is flowing into several homes from an overflowing manhole on the main road. People in the area have reported the same issue.,high,v2_original
A large public waste bin is overflowing onto the pavement near the school.,medium,v2_original
We have noticed that floodwater has entered houses and is continuing to rise near the hospital.,high,v2_original
We would like to report that sewage is flowing into homes from an overflowing manhole in the residential area.,high,v3_targeted_augmentation
There is a public complaint because a damaged electrical pole is leaning over a busy road near the school. residents are at risk of serious injury. The relevant department should investigate the problem.,high,v3_targeted_augmentation
We have noticed that a major water pipe has burst and water is entering nearby houses close to the bus stop.,high,v2_original
There is a problem where thick smoke is causing breathing difficulty among nearby residents close to the playground. The issue is affecting normal use of the area.,high,v2_original
Residents have reported that a roadside drain is blocked and rainwater is collecting across part of the road beside the public walkway. normal daily activities are being affected. Please inspect the issue.,medium,v3_targeted_augmentation
We have noticed that a section of road has sunk and vehicles must drive around it near the community hall.,medium,v2_original
We have noticed that a small amount of litter is scattered near a bus stop in our neighbourhood.,low,v2_original
We would like to report that water supply has been unavailable to several houses since yesterday outside the school.,medium,v3_targeted_augmentation
A local issue has developed where several potholes are making vehicles slow down on the main road near the town centre.,medium,v2_original
A local issue has developed where electrical wires are sparking beside a crowded pedestrian area on the main road. The issue has been reported by households nearby.,high,v2_original
We have noticed that construction dust is affecting nearby shops and homes throughout the day near the hospital.,medium,v2_original
We are experiencing a situation where floodwater has entered several houses and is continuing to rise along the main road. public access to the area is unsafe. Please inspect the issue.,high,v3_targeted_augmentation
"in the residential area, a roadside drain contains some leaves but water can still pass. the service remains available despite the issue. Please address this issue.",low,v3_targeted_augmentation
A large public waste bin is overflowing onto the pavement in our neighbourhood. People in the area have reported the same issue.,medium,v2_original
There is a problem where a drain cover is slightly loose but still in place at the main junction. The problem has continued despite recent rainfall.,low,v2_original
The situation involves water supply has been unavailable to a neighbourhood since yesterday near the town centre.,medium,v2_original
Residents have noticed that a few garbage bags are waiting at the normal collection point in our neighbourhood. Residents noticed the problem this morning.,low,v2_original
There is a problem where a chemical liquid has leaked onto a public road beside residential buildings at the main junction. Several nearby residents have raised concerns.,high,v2_original
The situation involves a small crack has appeared along the edge of a side road close to the playground.,low,v2_original
There is a problem where an exposed electrical cable is hanging low where pedestrians can reach it near the town centre. The issue is affecting normal use of the area.,high,v2_original
The situation involves a small crack has appeared along the edge of a side road near the town centre. The problem can be seen clearly from the roadside.,low,v2_original
There is a problem where sewage is flowing into several homes from an overflowing manhole along the roadside.,high,v2_original
People in the area are reporting that a minor water leak is dripping from a public pipe near the school. The issue has been reported by households nearby.,low,v2_original
Smoke from a nearby workshop is entering nearby houses near the town centre.,medium,v2_original
an electrical box is open and live components are exposed to pedestrians near the public market.,high,v3_targeted_augmentation
There is a problem where several street lights along one road are not working near the school.,medium,v2_original
We have noticed that tap water has a slight unusual smell but remains available close to the bus stop.,low,v2_original
"near the junction, tap water has a slight unusual smell but remains available. there is no immediate safety risk. The relevant department should investigate the problem.",low,v3_targeted_augmentation
There is a problem where a small amount of litter is scattered near a bus stop on the main road.,low,v2_original
A local issue has developed where electrical wires are sparking beside a crowded pedestrian area in our neighbourhood. People passing through the area are being affected.,high,v2_original
We have noticed that repeated electricity interruptions are affecting many houses in our neighbourhood. The issue is affecting normal use of the area.,medium,v2_original
The situation involves a roadside drain is blocked and rainwater is collecting across part of the road near our houses. The issue is affecting normal use of the area.,medium,v2_original
A local issue has developed where a minor water leak is dripping from a public pipe on the main road. People in the area have reported the same issue.,low,v2_original
a small amount of rubbish has been left near a public bin outside the hospital.,low,v3_targeted_augmentation
We are experiencing a situation where one street lamp is dim but still provides some light in our neighbourhood. the problem is limited to a small section.,low,v3_targeted_augmentation
"near the public market, a public area has accumulated a large amount of uncollected rubbish.",medium,v3_targeted_augmentation
We have noticed that a water main failure has flooded the entrance to a hospital in our neighbourhood. The condition becomes worse during busy periods.,high,v2_original
People in the area are reporting that several street lights along one road are not working near the hospital. People in the area have reported the same issue.,medium,v2_original
There is a problem where a roadside drain has some leaves and sediment inside it close to the bus stop. The problem can be seen clearly from the roadside.,low,v2_original
A local issue has developed where floodwater has entered houses and is continuing to rise near the town centre.,high,v2_original
Residents have reported that the water pressure is slightly lower than normal in one house outside the school. the problem is limited to a small section.,low,v3_targeted_augmentation
The situation involves thick smoke is causing breathing difficulty among nearby residents close to the playground. The problem has continued despite recent rainfall.,high,v2_original
"outside our building, tap water has a slight unusual smell but remains available.",low,v3_targeted_augmentation
A large section of road has collapsed beside a school entrance at the main junction. The problem has continued despite recent rainfall.,high,v2_original
A local issue has developed where a few garbage bags are waiting at the normal collection point near the hospital. Several nearby residents have raised concerns.,low,v2_original
We would like to report that a drain grate is loose and makes a noise when vehicles pass near our houses.,low,v3_targeted_augmentation
A local issue has developed where a roadside drain is blocked and rainwater is collecting across part of the road near the hospital. Residents noticed the problem this morning.,medium,v2_original
We have noticed that a deep hole has opened across most of the traffic lane near a blind bend near the public market.,high,v2_original
The situation involves repeated electricity interruptions are affecting many houses close to the playground.,medium,v2_original
Residents have noticed that part of a roadside retaining wall has collapsed onto the traffic lane in our neighbourhood. The issue is affecting normal use of the area.,high,v2_original
Residents have reported that wastewater is overflowing from a drain onto the roadside outside the school. residents are requesting prompt attention. The relevant department should investigate the problem.,medium,v3_targeted_augmentation
Residents have noticed that a curb has a small chipped section near the hospital. The issue has been reported by households nearby.,low,v2_original
A local issue has developed where electrical wires are sparking beside a crowded pedestrian area in our neighbourhood.,high,v2_original
"near the public market, water service keeps stopping for several hours at a time. normal daily activities are being affected. Please send the responsible team.",medium,v3_targeted_augmentation
There is a problem where electrical wires are sparking beside a crowded pedestrian area at the main junction. The issue has been reported by households nearby.,high,v2_original
We would like to report that a small patch of road surface has become uneven near the hospital.,low,v3_targeted_augmentation
We have noticed that repeated electricity interruptions are affecting many houses near the hospital. The condition becomes worse during busy periods.,medium,v2_original
People in the area are reporting that a fallen power cable is lying across a pedestrian path on the main road.,high,v2_original
a major road section has collapsed and vehicles are approaching the damaged area in the residential area. Please inspect the issue.,high,v3_targeted_augmentation
There is a problem where garbage collection has been missed for several days and waste is accumulating close to the bus stop.,medium,v2_original
The situation involves a large public waste bin is overflowing onto the pavement near the community hall. The condition becomes worse during busy periods.,medium,v2_original
a small amount of rubbish has been left near a public bin near our houses.,low,v3_targeted_augmentation
a drainage outlet is partially blocked and dirty water reaches the walkway beside the public walkway. Please address this issue.,medium,v3_targeted_augmentation
There is a problem where electrical wires are sparking beside a crowded pedestrian area near the community hall. Several nearby residents have raised concerns.,high,v2_original
Residents have noticed that an exposed electrical cable is hanging low where pedestrians can reach it near the public market. The issue has been reported by households nearby.,high,v2_original
There is a public complaint because a water pipe is leaking continuously and wasting a large amount of water beside the public walkway. normal daily activities are being affected. Residents are requesting assistance.,medium,v3_targeted_augmentation
There is a public complaint because a few pieces of litter are scattered beside the walkway near the school. the problem is limited to a small section. Please address this issue.,low,v3_targeted_augmentation
The situation involves a section of road has sunk and vehicles must drive around it close to the playground. The problem can be seen clearly from the roadside.,medium,v2_original
A local issue has developed where a single street sign area has minor surface damage at the main junction.,low,v2_original
a curb has a small chipped section near the school. there is no immediate safety risk. Please arrange an inspection.,low,v3_targeted_augmentation
Residents have noticed that water supply has been unavailable to a neighbourhood since yesterday on the main road. People passing through the area are being affected.,medium,v2_original
There is a public complaint because garbage collection has been missed for several days and waste is accumulating near the school. residents are requesting prompt attention. Please inspect the issue.,medium,v3_targeted_augmentation
Residents report that one street lamp is dim but still provides some light near the public market.,low,v3_targeted_augmentation
a minor crack is visible in the pavement in the residential area. there is no immediate safety risk. Please arrange an inspection.,low,v3_targeted_augmentation
There is a problem where dense smoke from a nearby facility is causing residents to leave their homes at the main junction. The condition has remained unchanged since yesterday.,high,v2_original
We are experiencing a situation where multiple damaged sections of road are affecting normal traffic near the hospital. the situation becomes worse during rainfall. Please send the responsible team.,medium,v3_targeted_augmentation
We have noticed that part of a roadside retaining wall has collapsed onto the traffic lane close to the playground.,high,v2_original
Residents have noticed that one street lamp is dim but still provides some light near the community hall. People in the area have reported the same issue.,low,v2_original
People in the area are reporting that a section of road has sunk and vehicles must drive around it in our neighbourhood. The problem has continued despite recent rainfall.,medium,v2_original
We have noticed that smoke from a nearby workshop is entering nearby houses along the roadside. Residents noticed the problem this morning.,medium,v2_original
A local issue has developed where a fallen power cable is lying across a pedestrian path near our houses. The issue has been reported by households nearby.,high,v2_original
We are experiencing a situation where water supply has been unavailable to several houses since yesterday near the railway station. the problem should be addressed before it becomes dangerous. Please address this issue.,medium,v3_targeted_augmentation
We have noticed that a small crack has appeared along the edge of a side road close to the playground. People in the area have reported the same issue.,low,v2_original
A small crack has appeared along the edge of a side road on the main road. The problem has continued despite recent rainfall.,low,v2_original
We have noticed that a roadside drain has some leaves and sediment inside it near the town centre.,low,v2_original
We are experiencing a situation where multiple damaged sections of road are affecting normal traffic near our houses. residents are requesting prompt attention. We would appreciate assistance with this problem.,medium,v3_targeted_augmentation
Construction dust is affecting nearby shops and homes throughout the day near the school. The problem has continued despite recent rainfall.,medium,v2_original
"near the community centre, a roadside drain contains some leaves but water can still pass.",low,v3_targeted_augmentation
We have noticed that a few garbage bags are waiting at the normal collection point near our houses. The problem has continued despite recent rainfall.,low,v2_original
Residents have reported that a street lamp flickers occasionally but remains usable in the residential area. there is no immediate safety risk. Please address this issue.,low,v3_targeted_augmentation
People living nearby have noticed that a fallen lamp post is blocking part of the road with electrical wires attached beside the public walkway. the problem could cause a major accident. Please inspect the issue.,high,v3_targeted_augmentation
People in the area are reporting that sewage is spreading across a school access road near our houses.,high,v2_original
The situation involves a large public waste bin is overflowing onto the pavement near the public market. Several nearby residents have raised concerns.,medium,v2_original
There is a public complaint because a drainage outlet is partially blocked and dirty water reaches the walkway outside the school. the issue is disrupting normal use of the area.,medium,v3_targeted_augmentation
People in the area are reporting that part of a roadside retaining wall has collapsed onto the traffic lane near our houses.,high,v2_original
A shallow puddle forms after light rain near the hospital.,low,v2_original
A local issue has developed where wastewater is overflowing from a drain onto the roadside along the roadside.,medium,v2_original
The situation involves a small patch of the road surface has become uneven near the hospital.,low,v2_original
"outside our building, a small crack has appeared along the edge of the road. the issue is causing only a minor inconvenience. Please take the necessary action.",low,v3_targeted_augmentation
Water pressure is too low for many houses in the area near the hospital.,medium,v2_original
There is a public complaint because an overflowing public bin is spreading waste across the surrounding area near the playground. normal daily activities are being affected. Residents are requesting assistance.,medium,v3_targeted_augmentation
There is a public complaint because an overflowing public bin is spreading waste across the surrounding area near the community centre. residents are requesting prompt attention. We would appreciate assistance with this problem.,medium,v3_targeted_augmentation
We are experiencing a situation where the road surface is badly cracked and uneven near the junction. the area can still be used but with difficulty. Please address this issue.,medium,v3_targeted_augmentation
The situation involves a drain cover is slightly loose but still in place on the main road. People passing through the area are being affected.,low,v2_original
We have noticed that garbage collection has been missed for several days and waste is accumulating close to the bus stop. The issue has been reported by households nearby.,medium,v2_original
People in the area are reporting that a section of road has sunk and vehicles must drive around it close to the playground.,medium,v2_original
Residents have noticed that a water pipe is leaking continuously and a large amount of water is being wasted near our houses.,medium,v2_original
Several potholes are making vehicles slow down on the main road near the hospital. The condition becomes worse during busy periods.,medium,v2_original
We are experiencing a situation where a street lamp flickers occasionally but remains usable near the public market. residents can still use the area normally. Please arrange an inspection.,low,v3_targeted_augmentation
A section of road has sunk and vehicles must drive around it near the public market.,medium,v2_original
Residents have noticed that sewage is flowing into several homes from an overflowing manhole near the town centre.,high,v2_original
There is a problem where a deep hole has opened across most of the traffic lane near a blind bend near the community hall.,high,v2_original
People in the area are reporting that garbage collection has been missed for several days and waste is accumulating near the public market. People in the area have reported the same issue.,medium,v2_original
"close to the local clinic, one household is experiencing slightly reduced water pressure. the service remains available despite the issue. Please inspect the issue.",low,v3_targeted_augmentation
We have noticed that one street lamp is dim but still provides some light along the roadside.,low,v2_original
A local issue has developed where a sewer blockage is creating a strong smell across several nearby properties near the town centre. People passing through the area are being affected.,medium,v2_original
There is a problem where one lamp flickers occasionally during the evening near the public market. Several nearby residents have raised concerns.,low,v2_original
A local issue has developed where tap water has a slight unusual smell but remains available close to the playground. The condition becomes worse during busy periods.,low,v2_original
We have noticed that a minor water leak is dripping from a public pipe on the main road.,low,v2_original
People living nearby have noticed that an overflowing public bin is spreading waste across the surrounding area beside the public road. several residents are affected by the problem. Please take the necessary action.,medium,v3_targeted_augmentation
A chemical liquid has leaked onto a public road beside residential buildings near the school.,high,v2_original
a small crack has appeared along the edge of the road at the village entrance. the issue is causing only a minor inconvenience. We would appreciate assistance with this problem.,low,v3_targeted_augmentation
People in the area are reporting that the road surface is damaged in several places and motorcycles are having difficulty passing near the community hall.,medium,v2_original
There is a problem where a large public waste bin is overflowing onto the pavement along the roadside. Several nearby residents have raised concerns.,medium,v2_original
People in the area are reporting that a single street sign area has minor surface damage in our neighbourhood. People passing through the area are being affected.,low,v2_original
part of a roadside retaining wall has collapsed onto the traffic lane near the railway station. We would appreciate assistance with this problem.,high,v3_targeted_augmentation
A large section of road has collapsed beside a school entrance on the main road.,high,v2_original
A drain cover is slightly loose but still in place on the main road.,low,v2_original
There is a problem where garbage collection has been missed for several days and waste is accumulating along the roadside. Several nearby residents have raised concerns.,medium,v2_original
The situation involves sewage is spreading across a school access road near the hospital.,high,v2_original
We are experiencing a situation where a fallen lamp post is blocking part of the road with electrical wires attached near our houses. residents may need emergency assistance. Please arrange an inspection.,high,v3_targeted_augmentation
Residents have noticed that a small amount of litter is scattered near a bus stop near the town centre.,low,v2_original
We have noticed that one lamp flickers occasionally during the evening near the public market.,low,v2_original
We are experiencing a situation where dense smoke is causing breathing difficulty among nearby residents near our houses. residents may need emergency assistance.,high,v3_targeted_augmentation
"close to the local clinic, a large tree has fallen onto electrical lines above the road. the situation presents an immediate danger to the public. Please arrange an inspection.",high,v3_targeted_augmentation
the water pressure is slightly lower than normal in one house near the junction.,low,v3_targeted_augmentation
Residents report that a street lamp flickers occasionally but remains usable near the playground.,low,v3_targeted_augmentation
a roadside drain is blocked and rainwater is collecting across part of the road near the junction. the issue is causing significant inconvenience. We would appreciate assistance with this problem.,medium,v3_targeted_augmentation
We have noticed that there is a small amount of dust near a construction site near the community hall. The problem can be seen clearly from the roadside.,low,v2_original
A local issue has developed where a roadside drain is blocked and rainwater is collecting across part of the road on the main road. The issue is affecting normal use of the area.,medium,v2_original
People in the area are reporting that one street lamp is dim but still provides some light close to the bus stop.,low,v2_original
People in the area are reporting that a small crack has appeared along the edge of a side road near the hospital. The problem can be seen clearly from the roadside.,low,v2_original
People in the area are reporting that a section of road has sunk and vehicles must drive around it near the school. The problem can be seen clearly from the roadside.,medium,v2_original
Residents report that dense smoke is causing breathing difficulty among nearby residents in our neighbourhood.,high,v3_targeted_augmentation
A deep hole has opened across most of the traffic lane near a blind bend near the school. People in the area have reported the same issue.,high,v2_original
Residents have noticed that water pressure is too low for many houses in the area along the roadside. The problem has continued despite recent rainfall.,medium,v2_original
Residents have reported that a small patch of road surface has become uneven along the main road. the issue is causing only a minor inconvenience. The relevant department should investigate the problem.,low,v3_targeted_augmentation
We are experiencing a situation where electrical wires are sparking beside a crowded public area close to the town centre. the area should be secured immediately. Please take the necessary action.,high,v3_targeted_augmentation
People in the area are reporting that part of a roadside retaining wall has collapsed onto the traffic lane at the main junction. People in the area have reported the same issue.,high,v2_original
A section of road has sunk and vehicles must drive around it near the hospital.,medium,v2_original
Residents have reported that residents are experiencing repeated power cuts during the evening beside the public walkway. the problem should be addressed before it becomes dangerous. The relevant department should investigate the problem.,medium,v3_targeted_augmentation
Water pressure is too low for many houses in the area close to the bus stop. The condition has remained unchanged since yesterday.,medium,v2_original
A local issue has developed where dense smoke from a nearby facility is causing residents to leave their homes near our houses. People in the area have reported the same issue.,high,v2_original
We have noticed that several potholes are making vehicles slow down on the main road at the main junction. The issue is affecting normal use of the area.,medium,v2_original
A local issue has developed where a water pipe is leaking continuously and a large amount of water is being wasted near the town centre.,medium,v2_original
We have noticed that repeated electricity interruptions are affecting many houses close to the bus stop.,medium,v2_original
"near the hospital, floodwater has entered several houses and is continuing to rise.",high,v3_targeted_augmentation
A damaged electrical pole is leaning over a busy road close to the bus stop. The problem has continued despite recent rainfall.,high,v2_original
There is a problem where a single street sign area has minor surface damage near the hospital.,low,v2_original
We have noticed that a chemical liquid has leaked onto a public road beside residential buildings near the hospital. Several nearby residents have raised concerns.,high,v2_original
There is a problem where a drain cover is slightly loose but still in place near the town centre.,low,v2_original
There is a public complaint because residents are experiencing repeated power cuts during the evening along the main road. the problem has continued for more than a day. Please take the necessary action.,medium,v3_targeted_augmentation
There is a small amount of dust near a construction site near the school.,low,v2_original
A local issue has developed where a large public waste bin is overflowing onto the pavement close to the bus stop. The condition becomes worse during busy periods.,medium,v2_original
A local issue has developed where a damaged electrical pole is leaning over a busy road close to the bus stop. People in the area have reported the same issue.,high,v2_original
Residents have reported that a shallow pothole has started forming on a quiet side road close to the bus stop. the service remains available despite the issue. The relevant department should investigate the problem.,low,v3_targeted_augmentation
a sewer blockage is producing a strong smell across nearby properties along the main road. Please send the responsible team.,medium,v3_targeted_augmentation
A local issue has developed where water supply has been unavailable to a neighbourhood since yesterday along the roadside. People in the area have reported the same issue.,medium,v2_original
Several street lights along one road are not working on the main road.,medium,v2_original
The situation involves one lamp flickers occasionally during the evening at the main junction. The issue is affecting normal use of the area.,low,v2_original
There is a public complaint because a small crack has appeared along the edge of the road near the hospital. the service remains available despite the issue. The relevant department should investigate the problem.,low,v3_targeted_augmentation
People in the area are reporting that a section of road has sunk and vehicles must drive around it close to the bus stop.,medium,v2_original
A local issue has developed where a few garbage bags are waiting at the normal collection point near our houses.,low,v2_original
Residents report that a minor water leak is dripping slowly from a public pipe close to the bus stop.,low,v3_targeted_augmentation
The situation involves one lamp flickers occasionally during the evening on the main road.,low,v2_original
thick black smoke is filling nearby houses and residents are struggling to breathe outside the school. the area should be secured immediately. The relevant department should investigate the problem.,high,v3_targeted_augmentation
One lamp flickers occasionally during the evening in our neighbourhood. The condition becomes worse during busy periods.,low,v2_original
A local issue has developed where a water main failure has flooded the entrance to a hospital close to the bus stop.,high,v2_original
Residents have noticed that a small crack has appeared along the edge of a side road near the community hall. Several nearby residents have raised concerns.,low,v2_original
a fallen lamp post is blocking part of the road with electrical wires attached in the residential area. Residents are requesting assistance.,high,v3_targeted_augmentation
floodwater is rising quickly around homes and residents cannot leave safely outside the hospital.,high,v3_targeted_augmentation
People living nearby have noticed that the water pressure is slightly lower than normal in one house near the community centre. the service remains available despite the issue. We would appreciate assistance with this problem.,low,v3_targeted_augmentation
We have noticed that a major water pipe has burst and water is entering nearby houses near the town centre. Several nearby residents have raised concerns.,high,v2_original
Residents have noticed that several street lights along one road are not working in our neighbourhood. The issue is affecting normal use of the area.,medium,v2_original
Residents have noticed that garbage collection has been missed for several days and waste is accumulating near the town centre.,medium,v2_original
tap water has a slight unusual smell but remains available along the main road. Please inspect the issue.,low,v3_targeted_augmentation
One street lamp is dim but still provides some light on the main road. Several nearby residents have raised concerns.,low,v2_original
There is a problem where several potholes are making vehicles slow down on the main road near the hospital.,medium,v2_original
a deep hole has opened across most of the traffic lane near the hospital. Residents are requesting assistance.,high,v3_targeted_augmentation
People in the area are reporting that garbage collection has been missed for several days and waste is accumulating close to the bus stop. The issue is affecting normal use of the area.,medium,v2_original
A local issue has developed where tap water has a slight unusual smell but remains available near the public market. Several nearby residents have raised concerns.,low,v2_original
People in the area are reporting that a chemical liquid has leaked onto a public road beside residential buildings near the public market. The condition has remained unchanged since yesterday.,high,v2_original
People in the area are reporting that one lamp flickers occasionally during the evening near the town centre. People in the area have reported the same issue.,low,v2_original
Several street lights along one road are not working near the town centre.,medium,v2_original
a large chemical spill is spreading across a public road outside our building. urgent intervention is required. The relevant department should investigate the problem.,high,v3_targeted_augmentation
a strong chemical release is affecting people in nearby homes near the public market.,high,v3_targeted_augmentation
A local issue has developed where a single street sign area has minor surface damage close to the playground.,low,v2_original
A local issue has developed where a damaged electrical pole is leaning over a busy road in our neighbourhood.,high,v2_original
A local issue has developed where wastewater is overflowing from a drain onto the roadside close to the bus stop. Several nearby residents have raised concerns.,medium,v2_original
People in the area are reporting that a fallen power cable is lying across a pedestrian path near the community hall. The condition has remained unchanged since yesterday.,high,v2_original
We are experiencing a situation where multiple damaged sections of road are affecting normal traffic near the railway station. normal daily activities are being affected. Please arrange an inspection.,medium,v3_targeted_augmentation
We are experiencing a situation where a water pipe is leaking continuously and wasting a large amount of water close to the town centre. the area can still be used but with difficulty. Residents are requesting assistance.,medium,v3_targeted_augmentation
There is a public complaint because a major road section has collapsed and vehicles are approaching the damaged area close to the local clinic. the condition poses a direct risk to life and safety. Residents are requesting assistance.,high,v3_targeted_augmentation
The community would like to report that a roadside drain is blocked and rainwater is collecting across part of the road near the hospital. the issue is causing significant inconvenience. Please arrange an inspection.,medium,v3_targeted_augmentation
A damaged electrical pole is leaning over a busy road in our neighbourhood.,high,v2_original
Residents have noticed that a public bin is partly full but not overflowing near the town centre.,low,v2_original
several potholes are making vehicles slow down and change direction in the residential area.,medium,v3_targeted_augmentation
There is a problem where one lamp flickers occasionally during the evening in our neighbourhood. The issue is affecting normal use of the area.,low,v2_original
There is a public complaint because the water pressure is slightly lower than normal in one house beside the public walkway. the condition should be checked before it becomes worse. Please arrange an inspection.,low,v3_targeted_augmentation
There is a public complaint because an exposed electrical cable is hanging where people can touch it near the junction. people are being exposed to a serious safety hazard. Residents are requesting assistance.,high,v3_targeted_augmentation
There is a public complaint because one household is experiencing slightly reduced water pressure near the public market. there is no immediate safety risk. Please address this issue.,low,v3_targeted_augmentation
The community would like to report that several street lights along the road are not working at the village entrance. the problem should be addressed before it becomes dangerous. Please send the responsible team.,medium,v3_targeted_augmentation
There is a problem where part of a roadside retaining wall has collapsed onto the traffic lane near the community hall. The condition becomes worse during busy periods.,high,v2_original
People in the area are reporting that a fallen power cable is lying across a pedestrian path at the main junction. The condition has remained unchanged since yesterday.,high,v2_original
People living nearby have noticed that water service keeps stopping for several hours at a time near the railway station. several residents are affected by the problem. Please arrange an inspection.,medium,v3_targeted_augmentation
We have noticed that a public bin is partly full but not overflowing near our houses. The condition becomes worse during busy periods.,low,v2_original
The community would like to report that water supply has been unavailable to several houses since yesterday near the playground. several residents are affected by the problem. Please take the necessary action.,medium,v3_targeted_augmentation
People in the area are reporting that a major water pipe has burst and water is entering nearby houses on the main road.,high,v2_original
We are experiencing a situation where several potholes are making vehicles slow down and change direction in the residential area. the situation becomes worse during rainfall. We would appreciate assistance with this problem.,medium,v3_targeted_augmentation
We have noticed that a public bin is partly full but not overflowing near the town centre. The problem has continued despite recent rainfall.,low,v2_original
The situation involves a water pipe is leaking continuously and a large amount of water is being wasted in our neighbourhood.,medium,v2_original
The situation involves a chemical liquid has leaked onto a public road beside residential buildings along the roadside. The problem has continued despite recent rainfall.,high,v2_original
The situation involves a single street sign area has minor surface damage near the hospital. Residents noticed the problem this morning.,low,v2_original
Residents have noticed that water pressure is too low for many houses in the area at the main junction. People in the area have reported the same issue.,medium,v2_original
A local issue has developed where a shallow puddle forms after light rain close to the playground.,low,v2_original
Residents report that a high-voltage cable has fallen beside a public walkway near the public market.,high,v3_targeted_augmentation
A local issue has developed where the road surface is damaged in several places and motorcycles are having difficulty passing near the public market. The problem can be seen clearly from the roadside.,medium,v2_original
Residents have reported that a damaged electrical pole is leaning over a busy road beside the public road. the situation presents an immediate danger to the public. Please arrange an inspection.,high,v3_targeted_augmentation
We have noticed that the road surface is damaged in several places and motorcycles are having difficulty passing close to the bus stop.,medium,v2_original
There is a problem where a large public waste bin is overflowing onto the pavement near the public market. The issue has been reported by households nearby.,medium,v2_original
There is a public complaint because a roadside drain contains some leaves but water can still pass at the village entrance. normal access to the area is still possible. Please inspect the issue.,low,v3_targeted_augmentation
A local issue has developed where tap water has a slight unusual smell but remains available on the main road. The problem has continued despite recent rainfall.,low,v2_original
People in the area are reporting that a roadside drain is blocked and rainwater is collecting across part of the road in our neighbourhood. People in the area have reported the same issue.,medium,v2_original
The community would like to report that a minor water leak is dripping slowly from a public pipe beside the public road. the problem is limited to a small section.,low,v3_targeted_augmentation
People in the area are reporting that thick smoke is causing breathing difficulty among nearby residents in our neighbourhood.,high,v2_original
We have noticed that a chemical liquid has leaked onto a public road beside residential buildings near the school.,high,v2_original
The community would like to report that a deep hole has opened across most of the traffic lane along the main road. someone could be seriously injured if the area is not secured immediately. Please take the necessary action.,high,v3_targeted_augmentation
the water pressure is slightly lower than normal in one house near the public market. residents can still use the area normally. The relevant department should investigate the problem.,low,v3_targeted_augmentation
There is a problem where sewage is flowing into several homes from an overflowing manhole along the roadside. People passing through the area are being affected.,high,v2_original
There is a problem where a shallow puddle forms after light rain in our neighbourhood. The condition has remained unchanged since yesterday.,low,v2_original
The situation involves a roadside drain is blocked and rainwater is collecting across part of the road near the community hall. Residents noticed the problem this morning.,medium,v2_original
Smoke from a nearby workshop is entering nearby houses near the public market. The condition becomes worse during busy periods.,medium,v2_original
A local issue has developed where construction dust is affecting nearby shops and homes throughout the day near the town centre.,medium,v2_original
tap water has a slight unusual smell but remains available beside the public road. the condition should be checked before it becomes worse. Please address this issue.,low,v3_targeted_augmentation
We have noticed that water supply has been unavailable to a neighbourhood since yesterday close to the bus stop. The condition has remained unchanged since yesterday.,medium,v2_original
There is a problem where a small amount of litter is scattered near a bus stop near the town centre. The issue is affecting normal use of the area.,low,v2_original
The situation involves a large section of road has collapsed beside a school entrance along the roadside.,high,v2_original
Residents have reported that an exposed electrical cable is hanging where people can touch it near the school. the area should be secured immediately. Please send the responsible team.,high,v3_targeted_augmentation
People in the area are reporting that a water pipe is leaking continuously and a large amount of water is being wasted near our houses. The issue has been reported by households nearby.,medium,v2_original
A local issue has developed where one street lamp is dim but still provides some light near our houses. The problem has continued despite recent rainfall.,low,v2_original
A local issue has developed where a deep hole has opened across most of the traffic lane near a blind bend near the town centre.,high,v2_original
There is a public complaint because a minor crack is visible in the pavement near the playground. there is no immediate safety risk. The relevant department should investigate the problem.,low,v3_targeted_augmentation
People in the area are reporting that a curb has a small chipped section near the community hall. The issue is affecting normal use of the area.,low,v2_original
A local issue has developed where a roadside drain has some leaves and sediment inside it near the school. The issue is affecting normal use of the area.,low,v2_original
"near the community centre, an electrical box is open and live components are exposed to pedestrians.",high,v3_targeted_augmentation
A local issue has developed where tap water has a slight unusual smell but remains available near the hospital. People passing through the area are being affected.,low,v2_original
Residents have reported that a sewer blockage is producing a strong smell across nearby properties near the hospital. residents are requesting prompt attention. We would appreciate assistance with this problem.,medium,v3_targeted_augmentation
We would like to report that tap water has a slight unusual smell but remains available close to the town centre.,low,v3_targeted_augmentation
A local issue has developed where construction dust is affecting nearby shops and homes throughout the day along the roadside.,medium,v2_original
Residents have noticed that a curb has a small chipped section near our houses. People passing through the area are being affected.,low,v2_original
There is a problem where dense smoke from a nearby facility is causing residents to leave their homes in our neighbourhood. The condition becomes worse during busy periods.,high,v2_original
There is a problem where the road surface is damaged in several places and motorcycles are having difficulty passing close to the bus stop. People in the area have reported the same issue.,medium,v2_original
Residents have noticed that a large section of road has collapsed beside a school entrance at the main junction. The problem has continued despite recent rainfall.,high,v2_original
The situation involves a damaged electrical pole is leaning over a busy road on the main road. The issue has been reported by households nearby.,high,v2_original
The road surface is damaged in several places and motorcycles are having difficulty passing along the roadside. The problem can be seen clearly from the roadside.,medium,v2_original
A minor water leak is dripping from a public pipe on the main road. The condition has remained unchanged since yesterday.,low,v2_original
Residents have noticed that repeated electricity interruptions are affecting many houses near our houses. The condition becomes worse during busy periods.,medium,v2_original
Residents have noticed that a small amount of litter is scattered near a bus stop near the community hall.,low,v2_original
The situation involves a major water pipe has burst and water is entering nearby houses in our neighbourhood. The problem has continued despite recent rainfall.,high,v2_original
There is a problem where a public bin is partly full but not overflowing near the school.,low,v2_original
"in the residential area, wastewater is overflowing from a drain onto the roadside. the area can still be used but with difficulty. Please inspect the issue.",medium,v3_targeted_augmentation
The situation involves a large public waste bin is overflowing onto the pavement near the town centre. The problem has continued despite recent rainfall.,medium,v2_original
"close to the local clinic, water service keeps stopping for several hours at a time. several residents are affected by the problem. Residents are requesting assistance.",medium,v3_targeted_augmentation
We have noticed that a deep hole has opened across most of the traffic lane near a blind bend near the town centre.,high,v2_original
"near the community centre, a live electrical wire is lying across a pedestrian path. the problem could cause a major accident. Please inspect the issue.",high,v3_targeted_augmentation
There is a problem where repeated electricity interruptions are affecting many houses near the school. The condition becomes worse during busy periods.,medium,v2_original
Residents have noticed that a sewer blockage is creating a strong smell across several nearby properties in our neighbourhood. The issue has been reported by households nearby.,medium,v2_original
Residents have noticed that electrical wires are sparking beside a crowded pedestrian area close to the bus stop. People in the area have reported the same issue.,high,v2_original
There is a public complaint because an overflowing public bin is spreading waste across the surrounding area near the public market. normal daily activities are being affected. We would appreciate assistance with this problem.,medium,v3_targeted_augmentation
Residents have reported that an electrical box is open and live components are exposed to pedestrians in our neighbourhood. someone could be seriously injured if the area is not secured immediately. Please address this issue.,high,v3_targeted_augmentation
There is a public complaint because thick black smoke is filling nearby houses and residents are struggling to breathe outside our building. the condition poses a direct risk to life and safety. Residents are requesting assistance.,high,v3_targeted_augmentation
floodwater has entered several houses and is continuing to rise outside our building. the condition poses a direct risk to life and safety. Please address this issue.,high,v3_targeted_augmentation
A public bin is partly full but not overflowing near the school. The issue has been reported by households nearby.,low,v2_original
The situation involves floodwater has entered houses and is continuing to rise on the main road. The condition becomes worse during busy periods.,high,v2_original
"near the community centre, a sewer blockage is producing a strong smell across nearby properties. the problem has continued for more than a day. The relevant department should investigate the problem.",medium,v3_targeted_augmentation
Residents report that one street sign is slightly damaged but still readable close to the bus stop.,low,v3_targeted_augmentation
Residents have reported that a shallow pothole has started forming on a quiet side road close to the bus stop. there is no immediate safety risk. Residents are requesting assistance.,low,v3_targeted_augmentation
We have noticed that a curb has a small chipped section in our neighbourhood. The condition becomes worse during busy periods.,low,v2_original
a water pipe is leaking continuously and wasting a large amount of water near the junction. Please arrange an inspection.,medium,v3_targeted_augmentation
Water pressure is too low for many houses in the area close to the bus stop.,medium,v2_original
a roadside drain is blocked and rainwater is collecting across part of the road along the main road. Please inspect the issue.,medium,v3_targeted_augmentation
A local issue has developed where part of a roadside retaining wall has collapsed onto the traffic lane along the roadside.,high,v2_original
People in the area are reporting that tap water has a slight unusual smell but remains available close to the playground.,low,v2_original
We have noticed that thick smoke is causing breathing difficulty among nearby residents near the school. The problem can be seen clearly from the roadside.,high,v2_original
a fallen lamp post is blocking part of the road with electrical wires attached near the community centre. Please inspect the issue.,high,v3_targeted_augmentation
The situation involves a deep hole has opened across most of the traffic lane near a blind bend close to the bus stop.,high,v2_original
Residents have noticed that a water main failure has flooded the entrance to a hospital near the public market. The condition becomes worse during busy periods.,high,v2_original
People living nearby have noticed that one household is experiencing slightly reduced water pressure outside the hospital. the condition should be checked before it becomes worse. Please arrange an inspection.,low,v3_targeted_augmentation
There is a public complaint because a damaged power pole appears ready to fall onto passing vehicles near the railway station. people are being exposed to a serious safety hazard. Please arrange an inspection.,high,v3_targeted_augmentation
The community would like to report that a damaged electrical pole is leaning over a busy road close to the town centre. the problem could cause a major accident. The relevant department should investigate the problem.,high,v3_targeted_augmentation
There is a public complaint because a chemical liquid has spilled near houses and is producing strong fumes along the main road. the area should be secured immediately. Please send the responsible team.,high,v3_targeted_augmentation
Residents have reported that an electrical box is open and live components are exposed to pedestrians along the main road. public access to the area is unsafe. Please take the necessary action.,high,v3_targeted_augmentation
There is a problem where a small patch of the road surface has become uneven close to the bus stop.,low,v2_original
The situation involves floodwater has entered houses and is continuing to rise close to the playground.,high,v2_original
We are experiencing a situation where the road surface is badly cracked and uneven beside the public road. the situation becomes worse during rainfall.,medium,v3_targeted_augmentation
"in our neighbourhood, a small patch of road surface has become uneven. the issue is causing only a minor inconvenience. Please inspect the issue.",low,v3_targeted_augmentation
The community would like to report that residents are experiencing repeated power cuts during the evening along the main road. the area can still be used but with difficulty. Please send the responsible team.,medium,v3_targeted_augmentation
Residents have noticed that the road surface is damaged in several places and motorcycles are having difficulty passing near the community hall. People passing through the area are being affected.,medium,v2_original
"near the public market, electrical wires are sparking beside a crowded public area.",high,v3_targeted_augmentation
a sewer blockage is producing a strong smell across nearby properties outside our building.,medium,v3_targeted_augmentation
There is a problem where construction dust is affecting nearby shops and homes throughout the day at the main junction.,medium,v2_original
Floodwater has entered houses and is continuing to rise near the hospital. The condition becomes worse during busy periods.,high,v2_original
People living nearby have noticed that part of a roadside retaining wall has collapsed onto the traffic lane outside our building. the condition poses a direct risk to life and safety. Please arrange an inspection.,high,v3_targeted_augmentation
People living nearby have noticed that a small crack has appeared along the edge of the road close to the local clinic. normal access to the area is still possible. Please arrange an inspection.,low,v3_targeted_augmentation
There is a problem where water supply has been unavailable to a neighbourhood since yesterday in our neighbourhood. The issue is affecting normal use of the area.,medium,v2_original
"outside the school, residents are experiencing repeated power cuts during the evening. normal daily activities are being affected. Please send the responsible team.",medium,v3_targeted_augmentation
People in the area are reporting that a single street sign area has minor surface damage along the roadside.,low,v2_original
Residents have noticed that a roadside drain has some leaves and sediment inside it near the public market. The condition becomes worse during busy periods.,low,v2_original
People in the area are reporting that garbage collection has been missed for several days and waste is accumulating close to the playground. People in the area have reported the same issue.,medium,v2_original
A single street sign area has minor surface damage on the main road. The condition has remained unchanged since yesterday.,low,v2_original
Sewage is spreading across a school access road close to the playground.,high,v2_original
There is a problem where a section of road has sunk and vehicles must drive around it along the roadside. The condition becomes worse during busy periods.,medium,v2_original
a water pipe is leaking continuously and wasting a large amount of water near the railway station. residents are requesting prompt attention. Please inspect the issue.,medium,v3_targeted_augmentation
People in the area are reporting that garbage collection has been missed for several days and waste is accumulating in our neighbourhood. People passing through the area are being affected.,medium,v2_original
Floodwater has entered houses and is continuing to rise on the main road. The issue has been reported by households nearby.,high,v2_original
Residents have reported that the road surface is badly cracked and uneven near the playground. the problem should be addressed before it becomes dangerous. The relevant department should investigate the problem.,medium,v3_targeted_augmentation
Residents have noticed that the road surface is damaged in several places and motorcycles are having difficulty passing near the school. People in the area have reported the same issue.,medium,v2_original
A local issue has developed where sewage is spreading across a school access road close to the bus stop. The condition becomes worse during busy periods.,high,v2_original
a minor water leak is dripping slowly from a public pipe near the school.,low,v3_targeted_augmentation
A local issue has developed where a single street sign area has minor surface damage on the main road.,low,v2_original
We have noticed that thick smoke is causing breathing difficulty among nearby residents near the public market.,high,v2_original
a public bin is partly full but is not overflowing along the main road. Please send the responsible team.,low,v3_targeted_augmentation
A local issue has developed where a small amount of litter is scattered near a bus stop near the community hall. The condition becomes worse during busy periods.,low,v2_original
Thick smoke is causing breathing difficulty among nearby residents near the town centre. The issue is affecting normal use of the area.,high,v2_original
Residents have noticed that a section of road has sunk and vehicles must drive around it near the public market. People in the area have reported the same issue.,medium,v2_original
A local issue has developed where a small patch of the road surface has become uneven near the town centre.,low,v2_original
A section of road has sunk and vehicles must drive around it in our neighbourhood. People passing through the area are being affected.,medium,v2_original
"beside the public road, several street lights along the road are not working.",medium,v3_targeted_augmentation
We have noticed that a large section of road has collapsed beside a school entrance in our neighbourhood.,high,v2_original
People living nearby have noticed that part of a roadside retaining wall has collapsed onto the traffic lane in our neighbourhood. urgent intervention is required. Please take the necessary action.,high,v3_targeted_augmentation
Wastewater is overflowing from a drain onto the roadside near the school.,medium,v2_original
People in the area are reporting that a roadside drain has some leaves and sediment inside it along the roadside.,low,v2_original
Residents have noticed that a roadside drain has some leaves and sediment inside it close to the bus stop. The issue has been reported by households nearby.,low,v2_original
Garbage collection has been missed for several days and waste is accumulating near the school. The problem has continued despite recent rainfall.,medium,v2_original
We have noticed that electrical wires are sparking beside a crowded pedestrian area near the hospital.,high,v2_original
Residents have noticed that wastewater is overflowing from a drain onto the roadside near the community hall. The condition has remained unchanged since yesterday.,medium,v2_original
We have noticed that a water pipe is leaking continuously and a large amount of water is being wasted at the main junction.,medium,v2_original
Residents have noticed that a small patch of the road surface has become uneven along the roadside. The issue is affecting normal use of the area.,low,v2_original
People in the area are reporting that a damaged electrical pole is leaning over a busy road near the hospital. People in the area have reported the same issue.,high,v2_original
The situation involves a curb has a small chipped section near the town centre.,low,v2_original
There is a problem where garbage collection has been missed for several days and waste is accumulating along the roadside.,medium,v2_original
There is a problem where a chemical liquid has leaked onto a public road beside residential buildings on the main road.,high,v2_original
Residents have reported that a large chemical spill is spreading across a public road outside our building. people are being exposed to a serious safety hazard. The relevant department should investigate the problem.,high,v3_targeted_augmentation
There is a problem where floodwater has entered houses and is continuing to rise near the public market.,high,v2_original
We have noticed that construction dust is affecting nearby shops and homes throughout the day near the town centre.,medium,v2_original
The situation involves wastewater is overflowing from a drain onto the roadside near our houses. Residents noticed the problem this morning.,medium,v2_original
Residents have noticed that a fallen power cable is lying across a pedestrian path near the public market.,high,v2_original
We have noticed that electrical wires are sparking beside a crowded pedestrian area near the school. Residents noticed the problem this morning.,high,v2_original
People in the area are reporting that there is a small amount of dust near a construction site on the main road. The issue is affecting normal use of the area.,low,v2_original
People in the area are reporting that sewage is spreading across a school access road near the community hall.,high,v2_original
People living nearby have noticed that a shallow puddle forms after light rain beside the public road. normal access to the area is still possible.,low,v3_targeted_augmentation
A local issue has developed where a small patch of the road surface has become uneven near our houses. The condition becomes worse during busy periods.,low,v2_original
There is a public complaint because a shallow puddle forms after light rain near the community centre. residents can still use the area normally. We would appreciate assistance with this problem.,low,v3_targeted_augmentation
There is a public complaint because an exposed electrical cable is hanging where people can touch it near the community centre. people are being exposed to a serious safety hazard. Residents are requesting assistance.,high,v3_targeted_augmentation
There is a public complaint because residents are experiencing repeated power cuts during the evening along the main road. the problem should be addressed before it becomes dangerous. The relevant department should investigate the problem.,medium,v3_targeted_augmentation
We are experiencing a situation where a fallen lamp post is blocking part of the road with electrical wires attached close to the town centre. the area should be secured immediately. Please send the responsible team.,high,v3_targeted_augmentation
A local issue has developed where a shallow puddle forms after light rain near the town centre. The issue has been reported by households nearby.,low,v2_original
The community would like to report that a group of street lamps is not functioning at night outside the hospital. the issue is disrupting normal use of the area. The relevant department should investigate the problem.,medium,v3_targeted_augmentation
Residents have noticed that wastewater is overflowing from a drain onto the roadside near the school.,medium,v2_original
a large chemical spill is spreading across a public road near the hospital. Please send the responsible team.,high,v3_targeted_augmentation
Residents report that a sewer blockage is producing a strong smell across nearby properties near the railway station.,medium,v3_targeted_augmentation
A local issue has developed where a curb has a small chipped section near the public market. People in the area have reported the same issue.,low,v2_original
There is a problem where there is a small amount of dust near a construction site near the public market.,low,v2_original
There is a problem where floodwater has entered houses and is continuing to rise close to the bus stop.,high,v2_original
The situation involves a small patch of the road surface has become uneven near the school.,low,v2_original
garbage collection has been missed for several days and waste is accumulating outside our building. the issue is causing significant inconvenience. We would appreciate assistance with this problem.,medium,v3_targeted_augmentation
A local issue has developed where a small crack has appeared along the edge of a side road close to the bus stop. People in the area have reported the same issue.,low,v2_original
There is a problem where a small crack has appeared along the edge of a side road near the hospital. People passing through the area are being affected.,low,v2_original
"in the residential area, a deep hole has opened across most of the traffic lane. the problem could cause a major accident. We would appreciate assistance with this problem.",high,v3_targeted_augmentation
A local issue has developed where sewage is spreading across a school access road at the main junction. The issue is affecting normal use of the area.,high,v2_original
Residents have noticed that a drain cover is slightly loose but still in place along the roadside. The issue has been reported by households nearby.,low,v2_original
There is a public complaint because water supply has been unavailable to several houses since yesterday at the village entrance. the problem has continued for more than a day. Please send the responsible team.,medium,v3_targeted_augmentation
People living nearby have noticed that a large chemical spill is spreading across a public road near the school. public access to the area is unsafe. Please arrange an inspection.,high,v3_targeted_augmentation
A local issue has developed where a large section of road has collapsed beside a school entrance near our houses.,high,v2_original
"in the residential area, a water pipe is leaking continuously and wasting a large amount of water. the issue is disrupting normal use of the area.",medium,v3_targeted_augmentation
We have noticed that a section of road has sunk and vehicles must drive around it in our neighbourhood.,medium,v2_original
A local issue has developed where garbage collection has been missed for several days and waste is accumulating on the main road.,medium,v2_original
There is a problem where a chemical liquid has leaked onto a public road beside residential buildings near the hospital. The condition has remained unchanged since yesterday.,high,v2_original
People living nearby have noticed that a live electrical wire is lying across a pedestrian path near the playground. public access to the area is unsafe. We would appreciate assistance with this problem.,high,v3_targeted_augmentation
We have noticed that dense smoke from a nearby facility is causing residents to leave their homes in our neighbourhood.,high,v2_original
We would like to report that a public area has accumulated a large amount of uncollected rubbish beside the public road.,medium,v3_targeted_augmentation
The situation involves sewage is spreading across a school access road close to the bus stop. People passing through the area are being affected.,high,v2_original
a roadside drain is blocked and rainwater is collecting across part of the road beside the public road. the issue is causing significant inconvenience. Please take the necessary action.,medium,v3_targeted_augmentation
We have noticed that a chemical liquid has leaked onto a public road beside residential buildings near our houses.,high,v2_original
People in the area are reporting that a single street sign area has minor surface damage near the school.,low,v2_original
We have noticed that one lamp flickers occasionally during the evening along the roadside. The problem can be seen clearly from the roadside.,low,v2_original
Residents have noticed that a sewer blockage is creating a strong smell across several nearby properties close to the playground. The problem can be seen clearly from the roadside.,medium,v2_original
A fallen power cable is lying across a pedestrian path near the town centre. Several nearby residents have raised concerns.,high,v2_original
A roadside drain has some leaves and sediment inside it near the community hall. The condition has remained unchanged since yesterday.,low,v2_original
People in the area are reporting that a small amount of litter is scattered near a bus stop in our neighbourhood.,low,v2_original
We have noticed that sewage is flowing into several homes from an overflowing manhole on the main road.,high,v2_original
People in the area are reporting that water supply has been unavailable to a neighbourhood since yesterday close to the playground. The problem can be seen clearly from the roadside.,medium,v2_original
a water pipe is leaking continuously and wasting a large amount of water outside the hospital. the situation becomes worse during rainfall. Please inspect the issue.,medium,v3_targeted_augmentation
"outside the hospital, an electrical box is open and live components are exposed to pedestrians. residents may need emergency assistance. Please send the responsible team.",high,v3_targeted_augmentation
We have noticed that a small amount of litter is scattered near a bus stop near the town centre. People passing through the area are being affected.,low,v2_original
Residents have noticed that a drain cover is slightly loose but still in place near our houses. The condition has remained unchanged since yesterday.,low,v2_original
A local issue has developed where part of a roadside retaining wall has collapsed onto the traffic lane near the public market.,high,v2_original
Residents have noticed that a large public waste bin is overflowing onto the pavement near our houses.,medium,v2_original
"near the playground, a small patch of road surface has become uneven. the issue is noticeable but not currently dangerous. Please inspect the issue.",low,v3_targeted_augmentation
The situation involves a public bin is partly full but not overflowing close to the bus stop. Residents noticed the problem this morning.,low,v2_original
There is a problem where the road surface is damaged in several places and motorcycles are having difficulty passing near the hospital. The condition has remained unchanged since yesterday.,medium,v2_original
A roadside drain has some leaves and sediment inside it on the main road. The problem can be seen clearly from the roadside.,low,v2_original
There is a problem where a water pipe is leaking continuously and a large amount of water is being wasted on the main road. Residents noticed the problem this morning.,medium,v2_original
"along the main road, a fallen lamp post is blocking part of the road with electrical wires attached. the problem could cause a major accident. Please arrange an inspection.",high,v3_targeted_augmentation
We have noticed that a small patch of the road surface has become uneven near our houses.,low,v2_original
The situation involves electrical wires are sparking beside a crowded pedestrian area near the school. The condition has remained unchanged since yesterday.,high,v2_original
A local issue has developed where a drain cover is slightly loose but still in place near our houses.,low,v2_original
There is a public complaint because smoke from a nearby workshop is regularly entering nearby houses near the hospital. the area can still be used but with difficulty. The relevant department should investigate the problem.,medium,v3_targeted_augmentation
There is a public complaint because a small amount of rubbish has been left near a public bin near the community centre. there is no immediate safety risk. We would appreciate assistance with this problem.,low,v3_targeted_augmentation
Wastewater is overflowing from a drain onto the roadside near the public market. People in the area have reported the same issue.,medium,v2_original
A local issue has developed where a small crack has appeared along the edge of a side road near the public market. The condition has remained unchanged since yesterday.,low,v2_original
The situation involves a deep hole has opened across most of the traffic lane near a blind bend near the hospital. People in the area have reported the same issue.,high,v2_original
The situation involves dense smoke from a nearby facility is causing residents to leave their homes near our houses.,high,v2_original
There is a problem where construction dust is affecting nearby shops and homes throughout the day at the main junction. The problem can be seen clearly from the roadside.,medium,v2_original
smoke from a nearby workshop is regularly entering nearby houses beside the public walkway.,medium,v3_targeted_augmentation
There is a problem where sewage is spreading across a school access road on the main road.,high,v2_original
People in the area are reporting that a small patch of the road surface has become uneven close to the bus stop. Several nearby residents have raised concerns.,low,v2_original
Residents have reported that a major road section has collapsed and vehicles are approaching the damaged area along the main road. the condition poses a direct risk to life and safety. Please address this issue.,high,v3_targeted_augmentation
People in the area are reporting that a small patch of the road surface has become uneven near the public market. The issue has been reported by households nearby.,low,v2_original
The community would like to report that a small patch of road surface has become uneven beside the public road. normal access to the area is still possible. Please arrange an inspection.,low,v3_targeted_augmentation
Residents have noticed that a fallen power cable is lying across a pedestrian path close to the bus stop. People in the area have reported the same issue.,high,v2_original
There is a public complaint because a damaged power pole appears ready to fall onto passing vehicles close to the town centre. the condition poses a direct risk to life and safety. Residents are requesting assistance.,high,v3_targeted_augmentation
A local issue has developed where a major water pipe has burst and water is entering nearby houses close to the bus stop. Residents noticed the problem this morning.,high,v2_original
A minor water leak is dripping from a public pipe near the public market.,low,v2_original
Several potholes are making vehicles slow down on the main road near the community hall.,medium,v2_original
A local issue has developed where a section of road has sunk and vehicles must drive around it near the community hall. The issue has been reported by households nearby.,medium,v2_original
We have noticed that a major water pipe has burst and water is entering nearby houses near the school.,high,v2_original
a public area has accumulated a large amount of uncollected rubbish beside the public walkway.,medium,v3_targeted_augmentation
Residents have reported that an exposed electrical cable is hanging where people can touch it near the public market. the area should be secured immediately. Please send the responsible team.,high,v3_targeted_augmentation
Residents report that a public bin is partly full but is not overflowing near the hospital.,low,v3_targeted_augmentation
Residents have noticed that garbage collection has been missed for several days and waste is accumulating in our neighbourhood.,medium,v2_original
People in the area are reporting that the road surface is damaged in several places and motorcycles are having difficulty passing on the main road. The problem has continued despite recent rainfall.,medium,v2_original
The community would like to report that a damaged power pole appears ready to fall onto passing vehicles in the residential area. someone could be seriously injured if the area is not secured immediately. Please take the necessary action.,high,v3_targeted_augmentation
People in the area are reporting that a single street sign area has minor surface damage at the main junction.,low,v2_original
Tap water has a slight unusual smell but remains available near the public market.,low,v2_original
A few garbage bags are waiting at the normal collection point near the hospital. The issue has been reported by households nearby.,low,v2_original
Residents have noticed that water pressure is too low for many houses in the area along the roadside.,medium,v2_original
Thick smoke is causing breathing difficulty among nearby residents close to the bus stop.,high,v2_original
The situation involves electrical wires are sparking beside a crowded pedestrian area near the public market. The problem can be seen clearly from the roadside.,high,v2_original
A minor water leak is dripping from a public pipe close to the bus stop.,low,v2_original
a shallow pothole has started forming on a quiet side road beside the public road. there is no immediate safety risk. Please inspect the issue.,low,v3_targeted_augmentation
People in the area are reporting that a shallow puddle forms after light rain along the roadside. The problem can be seen clearly from the roadside.,low,v2_original
a group of street lamps is not functioning at night near the public market. the area can still be used but with difficulty. Please inspect the issue.,medium,v3_targeted_augmentation
There is a public complaint because a large tree has fallen onto electrical lines above the road close to the local clinic. the situation presents an immediate danger to the public. Please inspect the issue.,high,v3_targeted_augmentation
There is a problem where the road surface is damaged in several places and motorcycles are having difficulty passing near our houses. Residents noticed the problem this morning.,medium,v2_original
There is a problem where sewage is flowing into several homes from an overflowing manhole near the hospital. The condition becomes worse during busy periods.,high,v2_original
We have noticed that a section of road has sunk and vehicles must drive around it near the town centre.,medium,v2_original
"at the village entrance, a minor crack is visible in the pavement.",low,v3_targeted_augmentation
Residents have noticed that a curb has a small chipped section close to the bus stop. People in the area have reported the same issue.,low,v2_original
Residents have reported that a sewer blockage is producing a strong smell across nearby properties outside the school. several residents are affected by the problem. Residents are requesting assistance.,medium,v3_targeted_augmentation
The situation involves a small amount of litter is scattered near a bus stop in our neighbourhood. The condition has remained unchanged since yesterday.,low,v2_original
We have noticed that a curb has a small chipped section at the main junction. The issue is affecting normal use of the area.,low,v2_original
We are experiencing a situation where sewage is flowing into homes from an overflowing manhole beside the public walkway. public access to the area is unsafe. Please arrange an inspection.,high,v3_targeted_augmentation
Residents have noticed that a curb has a small chipped section at the main junction. The condition becomes worse during busy periods.,low,v2_original
People in the area are reporting that smoke from a nearby workshop is entering nearby houses near the community hall.,medium,v2_original
The situation involves an exposed electrical cable is hanging low where pedestrians can reach it on the main road.,high,v2_original
a strong chemical release is affecting people in nearby homes beside the public walkway. Please arrange an inspection.,high,v3_targeted_augmentation
"near the public market, residents are experiencing repeated power cuts during the evening. the problem has continued for more than a day.",medium,v3_targeted_augmentation
a shallow puddle forms after light rain near the hospital. We would appreciate assistance with this problem.,low,v3_targeted_augmentation
A local issue has developed where a sewer blockage is creating a strong smell across several nearby properties in our neighbourhood. People in the area have reported the same issue.,medium,v2_original
The situation involves sewage is flowing into several homes from an overflowing manhole near the school.,high,v2_original
There is a problem where a major water pipe has burst and water is entering nearby houses near the hospital.,high,v2_original
The situation involves a large public waste bin is overflowing onto the pavement in our neighbourhood. Several nearby residents have raised concerns.,medium,v2_original
Residents have reported that electrical wires are sparking beside a crowded public area beside the public walkway. someone could be seriously injured if the area is not secured immediately.,high,v3_targeted_augmentation
Smoke from a nearby workshop is entering nearby houses close to the playground. People in the area have reported the same issue.,medium,v2_original
We have noticed that there is a small amount of dust near a construction site near the hospital. The condition becomes worse during busy periods.,low,v2_original
Residents have reported that several potholes are making vehicles slow down and change direction outside the hospital. residents are requesting prompt attention. Please address this issue.,medium,v3_targeted_augmentation
We would like to report that several street lights along the road are not working near the playground.,medium,v3_targeted_augmentation
We would like to report that a minor water leak is dripping slowly from a public pipe near the railway station.,low,v3_targeted_augmentation
There is a public complaint because a shallow puddle forms after light rain beside the public walkway. the issue is causing only a minor inconvenience. Please take the necessary action.,low,v3_targeted_augmentation
The situation involves floodwater has entered houses and is continuing to rise near the community hall. The condition has remained unchanged since yesterday.,high,v2_original
Residents have reported that a chemical liquid has spilled near houses and is producing strong fumes in our neighbourhood. residents are at risk of serious injury. We would appreciate assistance with this problem.,high,v3_targeted_augmentation
"close to the bus stop, water pressure is too low for many houses in the area. several residents are affected by the problem.",medium,v3_targeted_augmentation
"near the railway station, a high-voltage cable has fallen beside a public walkway.",high,v3_targeted_augmentation
thick black smoke is filling nearby houses and residents are struggling to breathe in our neighbourhood. public access to the area is unsafe. Residents are requesting assistance.,high,v3_targeted_augmentation
There is a problem where a large section of road has collapsed beside a school entrance in our neighbourhood.,high,v2_original
A local issue has developed where smoke from a nearby workshop is entering nearby houses close to the playground. People passing through the area are being affected.,medium,v2_original
Residents have noticed that one lamp flickers occasionally during the evening at the main junction.,low,v2_original
People living nearby have noticed that a high-voltage cable has fallen beside a public walkway near the hospital. the situation presents an immediate danger to the public. Please inspect the issue.,high,v3_targeted_augmentation
We have noticed that a drain cover is slightly loose but still in place near our houses. The condition becomes worse during busy periods.,low,v2_original
People living nearby have noticed that water supply has been unavailable to several houses since yesterday near our houses. the problem should be addressed before it becomes dangerous. We would appreciate assistance with this problem.,medium,v3_targeted_augmentation
The situation involves a few garbage bags are waiting at the normal collection point at the main junction. The issue is affecting normal use of the area.,low,v2_original
Water pressure is too low for many houses in the area close to the playground.,medium,v2_original
We are experiencing a situation where a section of road has sunk and vehicles must drive around it near the playground. the area can still be used but with difficulty. We would appreciate assistance with this problem.,medium,v3_targeted_augmentation
We have noticed that a roadside drain has some leaves and sediment inside it along the roadside. Residents noticed the problem this morning.,low,v2_original
The community would like to report that a curb has a small chipped section near our houses. there is no immediate safety risk. Please address this issue.,low,v3_targeted_augmentation
There is a public complaint because wastewater is overflowing from a drain onto the roadside near the hospital. the area can still be used but with difficulty. Please take the necessary action.,medium,v3_targeted_augmentation
the road surface is badly cracked and uneven in our neighbourhood. Please arrange an inspection.,medium,v3_targeted_augmentation
We have noticed that one lamp flickers occasionally during the evening near the hospital.,low,v2_original
There is a problem where part of a roadside retaining wall has collapsed onto the traffic lane on the main road. The issue is affecting normal use of the area.,high,v2_original
A local issue has developed where a roadside drain is blocked and rainwater is collecting across part of the road near the school.,medium,v2_original
Residents have noticed that an exposed electrical cable is hanging low where pedestrians can reach it at the main junction. The condition has remained unchanged since yesterday.,high,v2_original
The situation involves a chemical liquid has leaked onto a public road beside residential buildings close to the bus stop. Several nearby residents have raised concerns.,high,v2_original
"at the village entrance, a drainage channel is blocked and causes flooding during normal rainfall. the situation becomes worse during rainfall. Please arrange an inspection.",medium,v3_targeted_augmentation
Residents have noticed that thick smoke is causing breathing difficulty among nearby residents along the roadside. Several nearby residents have raised concerns.,high,v2_original
People living nearby have noticed that tap water has a slight unusual smell but remains available in our neighbourhood. residents can still use the area normally. Residents are requesting assistance.,low,v3_targeted_augmentation
a roadside drain is blocked and rainwater is collecting across part of the road near the school. Please take the necessary action.,medium,v3_targeted_augmentation
The situation involves tap water has a slight unusual smell but remains available at the main junction.,low,v2_original
People living nearby have noticed that a drain grate is loose and makes a noise when vehicles pass in the residential area. the condition should be checked before it becomes worse. Residents are requesting assistance.,low,v3_targeted_augmentation
People in the area are reporting that tap water has a slight unusual smell but remains available near the town centre. Residents noticed the problem this morning.,low,v2_original
The situation involves a small patch of the road surface has become uneven at the main junction.,low,v2_original
Construction dust is affecting nearby shops and homes throughout the day near the town centre. The condition has remained unchanged since yesterday.,medium,v2_original
We have noticed that repeated electricity interruptions are affecting many houses along the roadside. The condition becomes worse during busy periods.,medium,v2_original
Residents have reported that the road surface is badly cracked and uneven near the playground. the problem has continued for more than a day. We would appreciate assistance with this problem.,medium,v3_targeted_augmentation
The community would like to report that a chemical liquid has spilled near houses and is producing strong fumes in the residential area. the area should be secured immediately. Please take the necessary action.,high,v3_targeted_augmentation
People in the area are reporting that electrical wires are sparking beside a crowded pedestrian area close to the playground. People passing through the area are being affected.,high,v2_original
People in the area are reporting that the road surface is damaged in several places and motorcycles are having difficulty passing near the town centre. The issue is affecting normal use of the area.,medium,v2_original
People living nearby have noticed that a chemical liquid has spilled near houses and is producing strong fumes outside the school. people are being exposed to a serious safety hazard. Please address this issue.,high,v3_targeted_augmentation
The situation involves garbage collection has been missed for several days and waste is accumulating along the roadside.,medium,v2_original
People in the area are reporting that one lamp flickers occasionally during the evening along the roadside.,low,v2_original
A chemical liquid has leaked onto a public road beside residential buildings near the hospital.,high,v2_original
We have noticed that there is a small amount of dust near a construction site close to the playground.,low,v2_original
People in the area are reporting that a water pipe is leaking continuously and a large amount of water is being wasted close to the playground. People passing through the area are being affected.,medium,v2_original
There is a problem where electrical wires are sparking beside a crowded pedestrian area near the school.,high,v2_original
The situation involves a water main failure has flooded the entrance to a hospital near the town centre.,high,v2_original
A shallow puddle forms after light rain in our neighbourhood.,low,v2_original
Residents have noticed that wastewater is overflowing from a drain onto the roadside along the roadside. The problem can be seen clearly from the roadside.,medium,v2_original
People living nearby have noticed that a curb has a small chipped section near the school. the issue is causing only a minor inconvenience. We would appreciate assistance with this problem.,low,v3_targeted_augmentation
There is a problem where there is a small amount of dust near a construction site near our houses. People in the area have reported the same issue.,low,v2_original
Residents have noticed that a chemical liquid has leaked onto a public road beside residential buildings near the public market.,high,v2_original
There is a public complaint because a roadside drain contains some leaves but water can still pass near our houses. normal access to the area is still possible.,low,v3_targeted_augmentation
We are experiencing a situation where several potholes are making vehicles slow down and change direction close to the local clinic. the problem should be addressed before it becomes dangerous. The relevant department should investigate the problem.,medium,v3_targeted_augmentation
People in the area are reporting that smoke from a nearby workshop is entering nearby houses near the hospital. Several nearby residents have raised concerns.,medium,v2_original
Residents have noticed that there is a small amount of dust near a construction site close to the playground.,low,v2_original
"outside the hospital, a shallow puddle forms after light rain. residents can still use the area normally. Please send the responsible team.",low,v3_targeted_augmentation
A local issue has developed where floodwater has entered houses and is continuing to rise near the public market.,high,v2_original
We would like to report that thick black smoke is filling nearby houses and residents are struggling to breathe near the public market.,high,v3_targeted_augmentation
A local issue has developed where sewage is spreading across a school access road near the town centre. The problem has continued despite recent rainfall.,high,v2_original
A local issue has developed where water supply has been unavailable to a neighbourhood since yesterday on the main road. People in the area have reported the same issue.,medium,v2_original
The situation involves an exposed electrical cable is hanging low where pedestrians can reach it close to the bus stop.,high,v2_original
There is a problem where a shallow puddle forms after light rain along the roadside.,low,v2_original
People in the area are reporting that thick smoke is causing breathing difficulty among nearby residents near the school. Residents noticed the problem this morning.,high,v2_original
A local issue has developed where floodwater has entered houses and is continuing to rise along the roadside.,high,v2_original
A section of road has sunk and vehicles must drive around it close to the bus stop. The condition has remained unchanged since yesterday.,medium,v2_original
There is a problem where garbage collection has been missed for several days and waste is accumulating near the public market. Residents noticed the problem this morning.,medium,v2_original
We are experiencing a situation where electrical wires are sparking beside a crowded public area near the hospital. public access to the area is unsafe. Please inspect the issue.,high,v3_targeted_augmentation
We have noticed that water pressure is too low for many houses in the area on the main road. The issue is affecting normal use of the area.,medium,v2_original
Residents have noticed that a small patch of the road surface has become uneven in our neighbourhood.,low,v2_original
The situation involves a small crack has appeared along the edge of a side road close to the bus stop. Several nearby residents have raised concerns.,low,v2_original
We have noticed that a roadside drain has some leaves and sediment inside it near the public market. The issue is affecting normal use of the area.,low,v2_original
The situation involves a small crack has appeared along the edge of a side road near the public market. Several nearby residents have raised concerns.,low,v2_original
A local issue has developed where water supply has been unavailable to a neighbourhood since yesterday near the public market.,medium,v2_original
A small crack has appeared along the edge of a side road near the hospital.,low,v2_original
The situation involves sewage is spreading across a school access road along the roadside. The problem has continued despite recent rainfall.,high,v2_original
"outside the school, a high-voltage cable has fallen beside a public walkway.",high,v3_targeted_augmentation
water service keeps stopping for several hours at a time in our neighbourhood.,medium,v3_targeted_augmentation
The community would like to report that a public area has accumulated a large amount of uncollected rubbish at the village entrance. the issue is disrupting normal use of the area. The relevant department should investigate the problem.,medium,v3_targeted_augmentation
A sewer blockage is creating a strong smell across several nearby properties close to the playground. The issue has been reported by households nearby.,medium,v2_original
The situation involves sewage is flowing into several homes from an overflowing manhole near the community hall.,high,v2_original
There is a problem where an exposed electrical cable is hanging low where pedestrians can reach it on the main road. The problem has continued despite recent rainfall.,high,v2_original
We are experiencing a situation where a damaged power pole appears ready to fall onto passing vehicles near the playground. the area should be secured immediately. The relevant department should investigate the problem.,high,v3_targeted_augmentation
We have noticed that several potholes are making vehicles slow down on the main road in our neighbourhood. The condition has remained unchanged since yesterday.,medium,v2_original
We have noticed that there is a small amount of dust near a construction site near the public market. Several nearby residents have raised concerns.,low,v2_original
A local issue has developed where sewage is spreading across a school access road near the community hall.,high,v2_original
There is a problem where wastewater is overflowing from a drain onto the roadside near the community hall. Residents noticed the problem this morning.,medium,v2_original
Residents have noticed that several street lights along one road are not working on the main road.,medium,v2_original
The situation involves one street lamp is dim but still provides some light in our neighbourhood.,low,v2_original
a street lamp flickers occasionally but remains usable at the village entrance. the issue is noticeable but not currently dangerous. Please send the responsible team.,low,v3_targeted_augmentation
There is a problem where several street lights along one road are not working along the roadside. The issue has been reported by households nearby.,medium,v2_original
People living nearby have noticed that a live electrical wire is lying across a pedestrian path close to the town centre. the condition poses a direct risk to life and safety. We would appreciate assistance with this problem.,high,v3_targeted_augmentation
There is a public complaint because wastewater is overflowing from a drain onto the roadside outside the hospital. residents are requesting prompt attention.,medium,v3_targeted_augmentation
Residents have noticed that electrical wires are sparking beside a crowded pedestrian area near our houses.,high,v2_original
We have noticed that floodwater has entered houses and is continuing to rise near the public market.,high,v2_original
The situation involves a roadside drain has some leaves and sediment inside it along the roadside.,low,v2_original
Residents have reported that water pressure is too low for many houses in the area outside the hospital. several residents are affected by the problem. The relevant department should investigate the problem.,medium,v3_targeted_augmentation
Garbage collection has been missed for several days and waste is accumulating close to the bus stop. Several nearby residents have raised concerns.,medium,v2_original
Residents have noticed that a shallow puddle forms after light rain close to the playground.,low,v2_original
A local issue has developed where floodwater has entered houses and is continuing to rise near our houses.,high,v2_original
There is a public complaint because a high-voltage cable has fallen beside a public walkway close to the town centre. the area should be secured immediately. The relevant department should investigate the problem.,high,v3_targeted_augmentation
A local issue has developed where water pressure is too low for many houses in the area on the main road.,medium,v2_original
floodwater is rising quickly around homes and residents cannot leave safely at the village entrance.,high,v3_targeted_augmentation
Residents have noticed that a minor water leak is dripping from a public pipe at the main junction.,low,v2_original
The community would like to report that a few pieces of litter are scattered beside the walkway along the main road. normal access to the area is still possible. The relevant department should investigate the problem.,low,v3_targeted_augmentation
"near our houses, one household is experiencing slightly reduced water pressure. the issue is causing only a minor inconvenience.",low,v3_targeted_augmentation
Residents have reported that wastewater is overflowing from a drain onto the roadside close to the local clinic. residents are requesting prompt attention. Please inspect the issue.,medium,v3_targeted_augmentation
Residents have reported that one street sign is slightly damaged but still readable near the playground. the condition should be checked before it becomes worse. Please inspect the issue.,low,v3_targeted_augmentation
There is a problem where a small amount of litter is scattered near a bus stop near the hospital. The condition has remained unchanged since yesterday.,low,v2_original
The situation involves several street lights along one road are not working close to the playground.,medium,v2_original
a fallen lamp post is blocking part of the road with electrical wires attached beside the public road. residents may need emergency assistance. We would appreciate assistance with this problem.,high,v3_targeted_augmentation
The situation involves a large public waste bin is overflowing onto the pavement near our houses. People passing through the area are being affected.,medium,v2_original
The road surface is damaged in several places and motorcycles are having difficulty passing near the hospital. The issue has been reported by households nearby.,medium,v2_original
We have noticed that a major water pipe has burst and water is entering nearby houses on the main road.,high,v2_original
A water pipe is leaking continuously and a large amount of water is being wasted close to the playground. The issue is affecting normal use of the area.,medium,v2_original
We have noticed that water supply has been unavailable to a neighbourhood since yesterday near the community hall. The condition has remained unchanged since yesterday.,medium,v2_original
We have noticed that a roadside drain has some leaves and sediment inside it at the main junction.,low,v2_original
a live electrical wire is lying across a pedestrian path close to the bus stop.,high,v3_targeted_augmentation
There is a public complaint because a roadside drain is blocked and rainwater is collecting across part of the road in the residential area. several residents are affected by the problem. We would appreciate assistance with this problem.,medium,v3_targeted_augmentation
People in the area are reporting that a water pipe is leaking continuously and a large amount of water is being wasted at the main junction.,medium,v2_original
The situation involves there is a small amount of dust near a construction site near the community hall.,low,v2_original
A local issue has developed where floodwater has entered houses and is continuing to rise close to the bus stop.,high,v2_original
Residents have reported that a shallow pothole has started forming on a quiet side road close to the local clinic. the problem is limited to a small section.,low,v3_targeted_augmentation
The community would like to report that a few pieces of litter are scattered beside the walkway near the community centre. the issue is causing only a minor inconvenience. Residents are requesting assistance.,low,v3_targeted_augmentation
There is a problem where an exposed electrical cable is hanging low where pedestrians can reach it near the school.,high,v2_original
Residents have noticed that a large public waste bin is overflowing onto the pavement near the school. The issue is affecting normal use of the area.,medium,v2_original
One lamp flickers occasionally during the evening near the school. Several nearby residents have raised concerns.,low,v2_original
a roadside drain contains some leaves but water can still pass near the public market.,low,v3_targeted_augmentation
There is a problem where one street lamp is dim but still provides some light near the school.,low,v2_original
There is a problem where a sewer blockage is creating a strong smell across several nearby properties near our houses. The issue is affecting normal use of the area.,medium,v2_original
We are experiencing a situation where a curb has a small chipped section near the community centre. there is no immediate safety risk. We would appreciate assistance with this problem.,low,v3_targeted_augmentation
a public area has accumulated a large amount of uncollected rubbish at the village entrance. the problem should be addressed before it becomes dangerous. Please send the responsible team.,medium,v3_targeted_augmentation
We would like to report that a drainage outlet is partially blocked and dirty water reaches the walkway close to the local clinic.,medium,v3_targeted_augmentation
The road surface is damaged in several places and motorcycles are having difficulty passing at the main junction.,medium,v2_original
We have noticed that a single street sign area has minor surface damage near our houses.,low,v2_original
We would like to report that water supply has been unavailable to several houses since yesterday in our neighbourhood.,medium,v3_targeted_augmentation
A fallen power cable is lying across a pedestrian path at the main junction.,high,v2_original
There is a problem where a minor water leak is dripping from a public pipe near our houses. Residents noticed the problem this morning.,low,v2_original
We have noticed that dense smoke from a nearby facility is causing residents to leave their homes on the main road. The issue has been reported by households nearby.,high,v2_original
We have noticed that thick smoke is causing breathing difficulty among nearby residents near the town centre. The problem can be seen clearly from the roadside.,high,v2_original
The situation involves repeated electricity interruptions are affecting many houses near the hospital.,medium,v2_original
Residents have noticed that a large section of road has collapsed beside a school entrance close to the bus stop.,high,v2_original
"close to the local clinic, a live electrical wire is lying across a pedestrian path. the situation presents an immediate danger to the public. Please inspect the issue.",high,v3_targeted_augmentation
There is a problem where wastewater is overflowing from a drain onto the roadside near the hospital.,medium,v2_original
People in the area are reporting that a small crack has appeared along the edge of a side road near the school.,low,v2_original
"beside the public road, a drain grate is loose and makes a noise when vehicles pass. the issue is noticeable but not currently dangerous. Please take the necessary action.",low,v3_targeted_augmentation
People in the area are reporting that a small amount of litter is scattered near a bus stop near the public market. People in the area have reported the same issue.,low,v2_original
several potholes are making vehicles slow down and change direction beside the public road.,medium,v3_targeted_augmentation
We have noticed that a chemical liquid has leaked onto a public road beside residential buildings near the town centre.,high,v2_original
The situation involves an exposed electrical cable is hanging low where pedestrians can reach it near the school. The problem can be seen clearly from the roadside.,high,v2_original
People living nearby have noticed that a major road section has collapsed and vehicles are approaching the damaged area near the hospital. someone could be seriously injured if the area is not secured immediately. Please address this issue.,high,v3_targeted_augmentation
"outside our building, an exposed electrical cable is hanging where people can touch it. the area should be secured immediately. The relevant department should investigate the problem.",high,v3_targeted_augmentation
Sewage is flowing into several homes from an overflowing manhole along the roadside. The condition has remained unchanged since yesterday.,high,v2_original
The situation involves wastewater is overflowing from a drain onto the roadside near our houses. People passing through the area are being affected.,medium,v2_original
We would like to report that tap water has a slight unusual smell but remains available near our houses.,low,v3_targeted_augmentation
A public bin is partly full but not overflowing at the main junction. Several nearby residents have raised concerns.,low,v2_original
There is a problem where a curb has a small chipped section at the main junction.,low,v2_original
Residents have noticed that a large public waste bin is overflowing onto the pavement along the roadside.,medium,v2_original
We have noticed that a small amount of litter is scattered near a bus stop at the main junction. The condition has remained unchanged since yesterday.,low,v2_original
We have noticed that a curb has a small chipped section at the main junction. People in the area have reported the same issue.,low,v2_original
People in the area are reporting that wastewater is overflowing from a drain onto the roadside near the town centre.,medium,v2_original
People in the area are reporting that construction dust is affecting nearby shops and homes throughout the day near the public market.,medium,v2_original
"near the community centre, a high-voltage cable has fallen beside a public walkway. the situation presents an immediate danger to the public. The relevant department should investigate the problem.",high,v3_targeted_augmentation
Floodwater has entered houses and is continuing to rise near the school.,high,v2_original
a drainage channel is blocked and causes flooding during normal rainfall near the community centre. Please inspect the issue.,medium,v3_targeted_augmentation
"outside the school, a drainage outlet is partially blocked and dirty water reaches the walkway. the problem should be addressed before it becomes dangerous. Residents are requesting assistance.",medium,v3_targeted_augmentation
There is a problem where the road surface is damaged in several places and motorcycles are having difficulty passing near the hospital. The problem can be seen clearly from the roadside.,medium,v2_original
The situation involves repeated electricity interruptions are affecting many houses near our houses. The problem can be seen clearly from the roadside.,medium,v2_original
The situation involves a large public waste bin is overflowing onto the pavement near the school. The condition has remained unchanged since yesterday.,medium,v2_original
a damaged electrical pole is leaning over a busy road near the public market. the area should be secured immediately. We would appreciate assistance with this problem.,high,v3_targeted_augmentation
There is a problem where a few garbage bags are waiting at the normal collection point on the main road. People in the area have reported the same issue.,low,v2_original
Dense smoke from a nearby facility is causing residents to leave their homes near the hospital.,high,v2_original
There is a problem where repeated electricity interruptions are affecting many houses in our neighbourhood.,medium,v2_original
The community would like to report that an exposed electrical cable is hanging where people can touch it along the main road. urgent intervention is required. The relevant department should investigate the problem.,high,v3_targeted_augmentation
"outside our building, a sewer blockage is producing a strong smell across nearby properties. the problem should be addressed before it becomes dangerous. Please take the necessary action.",medium,v3_targeted_augmentation
There is a problem where sewage is flowing into several homes from an overflowing manhole close to the playground. People in the area have reported the same issue.,high,v2_original
There is a public complaint because a group of street lamps is not functioning at night near the hospital. the issue is disrupting normal use of the area. Please send the responsible team.,medium,v3_targeted_augmentation
We would like to report that a major road section has collapsed and vehicles are approaching the damaged area near our houses.,high,v3_targeted_augmentation
People in the area are reporting that a water pipe is leaking continuously and a large amount of water is being wasted along the roadside.,medium,v2_original
A local issue has developed where dense smoke from a nearby facility is causing residents to leave their homes close to the playground. Several nearby residents have raised concerns.,high,v2_original
The situation involves wastewater is overflowing from a drain onto the roadside at the main junction.,medium,v2_original
"near the hospital, a public waste container has a damaged lid but can still be used.",low,v3_targeted_augmentation
"near the community centre, part of a roadside retaining wall has collapsed onto the traffic lane. residents are at risk of serious injury.",high,v3_targeted_augmentation
We have noticed that repeated electricity interruptions are affecting many houses in our neighbourhood. Residents noticed the problem this morning.,medium,v2_original
People in the area are reporting that a few garbage bags are waiting at the normal collection point near our houses. Residents noticed the problem this morning.,low,v2_original
People living nearby have noticed that a section of road has sunk and vehicles must drive around it close to the bus stop. the area can still be used but with difficulty. Please take the necessary action.,medium,v3_targeted_augmentation
A local issue has developed where sewage is flowing into several homes from an overflowing manhole near the public market.,high,v2_original
"in the residential area, a large chemical spill is spreading across a public road. the area should be secured immediately. Please address this issue.",high,v3_targeted_augmentation
There is a small amount of dust near a construction site near the hospital. The problem has continued despite recent rainfall.,low,v2_original
We have noticed that a small patch of the road surface has become uneven near the school. People passing through the area are being affected.,low,v2_original
We have noticed that a roadside drain is blocked and rainwater is collecting across part of the road near the town centre. The issue has been reported by households nearby.,medium,v2_original
We would like to report that tap water has a slight unusual smell but remains available close to the bus stop.,low,v3_targeted_augmentation
There is a problem where the road surface is damaged in several places and motorcycles are having difficulty passing close to the playground. Residents noticed the problem this morning.,medium,v2_original
There is a problem where wastewater is overflowing from a drain onto the roadside close to the playground.,medium,v2_original
Residents report that a small crack has appeared along the edge of the road outside the hospital.,low,v3_targeted_augmentation
The situation involves sewage is flowing into several homes from an overflowing manhole near the community hall. Residents noticed the problem this morning.,high,v2_original
We would like to report that part of a roadside retaining wall has collapsed onto the traffic lane along the main road.,high,v3_targeted_augmentation
There is a problem where several potholes are making vehicles slow down on the main road near the hospital. People in the area have reported the same issue.,medium,v2_original
There is a problem where a single street sign area has minor surface damage at the main junction. Residents noticed the problem this morning.,low,v2_original
People in the area are reporting that wastewater is overflowing from a drain onto the roadside along the roadside. The issue is affecting normal use of the area.,medium,v2_original
Smoke from a nearby workshop is entering nearby houses in our neighbourhood. The issue has been reported by households nearby.,medium,v2_original
A few garbage bags are waiting at the normal collection point close to the bus stop. The condition becomes worse during busy periods.,low,v2_original
The situation involves a sewer blockage is creating a strong smell across several nearby properties at the main junction. The problem has continued despite recent rainfall.,medium,v2_original
tap water has a slight unusual smell but remains available at the village entrance. We would appreciate assistance with this problem.,low,v3_targeted_augmentation
A local issue has developed where a public bin is partly full but not overflowing at the main junction.,low,v2_original
The situation involves a fallen power cable is lying across a pedestrian path in our neighbourhood. The issue is affecting normal use of the area.,high,v2_original
A local issue has developed where a deep hole has opened across most of the traffic lane near a blind bend close to the playground.,high,v2_original
We have noticed that thick smoke is causing breathing difficulty among nearby residents along the roadside. Residents noticed the problem this morning.,high,v2_original
We are experiencing a situation where one street sign is slightly damaged but still readable close to the town centre. the issue is noticeable but not currently dangerous.,low,v3_targeted_augmentation
Electrical wires are sparking beside a crowded pedestrian area near the public market.,high,v2_original
"outside the hospital, a small amount of dust is affecting one section of the road.",low,v3_targeted_augmentation
A local issue has developed where a major water pipe has burst and water is entering nearby houses near the town centre. People passing through the area are being affected.,high,v2_original
"in our neighbourhood, sewage is flowing into homes from an overflowing manhole.",high,v3_targeted_augmentation
The community would like to report that a drainage outlet is partially blocked and dirty water reaches the walkway along the main road. the problem should be addressed before it becomes dangerous. Please address this issue.,medium,v3_targeted_augmentation
"near our houses, an exposed electrical cable is hanging where people can touch it. the condition poses a direct risk to life and safety. Please send the responsible team.",high,v3_targeted_augmentation
The community would like to report that garbage collection has been missed for several days and waste is accumulating beside the public walkway. the issue is disrupting normal use of the area. The relevant department should investigate the problem.,medium,v3_targeted_augmentation
We have noticed that a large section of road has collapsed beside a school entrance close to the bus stop. Several nearby residents have raised concerns.,high,v2_original
Residents have reported that multiple damaged sections of road are affecting normal traffic beside the public road. the problem has continued for more than a day. Please address this issue.,medium,v3_targeted_augmentation
floodwater has entered several houses and is continuing to rise near our houses. Please take the necessary action.,high,v3_targeted_augmentation
Residents have noticed that there is a small amount of dust near a construction site near our houses. The problem has continued despite recent rainfall.,low,v2_original
There is a problem where an exposed electrical cable is hanging low where pedestrians can reach it near the hospital.,high,v2_original
Residents have noticed that the road surface is damaged in several places and motorcycles are having difficulty passing in our neighbourhood. The problem can be seen clearly from the roadside.,medium,v2_original
The situation involves a small amount of litter is scattered near a bus stop near the town centre.,low,v2_original
People in the area are reporting that thick smoke is causing breathing difficulty among nearby residents near the school. People passing through the area are being affected.,high,v2_original
Smoke from a nearby workshop is entering nearby houses close to the playground.,medium,v2_original
Residents have noticed that a water main failure has flooded the entrance to a hospital at the main junction.,high,v2_original
A local issue has developed where several street lights along one road are not working near the hospital.,medium,v2_original
Residents have noticed that water pressure is too low for many houses in the area near the school. The condition becomes worse during busy periods.,medium,v2_original
Residents have noticed that an exposed electrical cable is hanging low where pedestrians can reach it near the hospital.,high,v2_original
Residents have noticed that a small amount of litter is scattered near a bus stop close to the playground.,low,v2_original
The community would like to report that a shallow puddle forms after light rain in the residential area. the issue is noticeable but not currently dangerous. The relevant department should investigate the problem.,low,v3_targeted_augmentation
People in the area are reporting that floodwater has entered houses and is continuing to rise near the school. The problem can be seen clearly from the roadside.,high,v2_original
We have noticed that construction dust is affecting nearby shops and homes throughout the day near the school. The condition becomes worse during busy periods.,medium,v2_original
People in the area are reporting that a shallow puddle forms after light rain near the town centre. The problem can be seen clearly from the roadside.,low,v2_original
A local issue has developed where an exposed electrical cable is hanging low where pedestrians can reach it near the school.,high,v2_original
There is a problem where the road surface is damaged in several places and motorcycles are having difficulty passing close to the bus stop.,medium,v2_original
"close to the bus stop, a street lamp flickers occasionally but remains usable. the issue is noticeable but not currently dangerous. We would appreciate assistance with this problem.",low,v3_targeted_augmentation
We have noticed that a drain cover is slightly loose but still in place close to the bus stop.,low,v2_original
The situation involves a small crack has appeared along the edge of a side road near the community hall. The problem can be seen clearly from the roadside.,low,v2_original
A large section of road has collapsed beside a school entrance near the hospital.,high,v2_original
People in the area are reporting that floodwater has entered houses and is continuing to rise near our houses.,high,v2_original
There is a problem where a roadside drain has some leaves and sediment inside it near the public market. The problem can be seen clearly from the roadside.,low,v2_original
People in the area are reporting that wastewater is overflowing from a drain onto the roadside on the main road.,medium,v2_original
We are experiencing a situation where a live electrical wire is lying across a pedestrian path near the playground. the area should be secured immediately. Please inspect the issue.,high,v3_targeted_augmentation
People in the area are reporting that floodwater has entered houses and is continuing to rise near the public market. Several nearby residents have raised concerns.,high,v2_original
There is a public complaint because the water pressure is slightly lower than normal in one house at the village entrance. residents can still use the area normally. Please arrange an inspection.,low,v3_targeted_augmentation
We would like to report that a fallen lamp post is blocking part of the road with electrical wires attached beside the public road.,high,v3_targeted_augmentation
A small amount of litter is scattered near a bus stop in our neighbourhood. Residents noticed the problem this morning.,low,v2_original
There is a public complaint because a shallow puddle forms after light rain beside the public walkway. residents can still use the area normally. Please address this issue.,low,v3_targeted_augmentation
There is a problem where dense smoke from a nearby facility is causing residents to leave their homes near the public market.,high,v2_original
Residents have reported that smoke from a nearby workshop is regularly entering nearby houses near our houses. the problem has continued for more than a day. Please take the necessary action.,medium,v3_targeted_augmentation
The situation involves smoke from a nearby workshop is entering nearby houses near the hospital.,medium,v2_original
We would like to report that a live electrical wire is lying across a pedestrian path near the community centre.,high,v3_targeted_augmentation
Residents report that a fallen lamp post is blocking part of the road with electrical wires attached close to the bus stop.,high,v3_targeted_augmentation
We have noticed that a large public waste bin is overflowing onto the pavement near our houses.,medium,v2_original
There is a problem where sewage is flowing into several homes from an overflowing manhole near our houses. The issue is affecting normal use of the area.,high,v2_original
The situation involves a roadside drain has some leaves and sediment inside it on the main road. The problem has continued despite recent rainfall.,low,v2_original
"near the public market, part of a roadside retaining wall has collapsed onto the traffic lane. people are being exposed to a serious safety hazard. Please take the necessary action.",high,v3_targeted_augmentation
a chemical liquid has spilled near houses and is producing strong fumes near the railway station.,high,v3_targeted_augmentation
There is a problem where a public bin is partly full but not overflowing near our houses.,low,v2_original
"outside the hospital, several street lights along the road are not working.",medium,v3_targeted_augmentation
There is a public complaint because a high-voltage cable has fallen beside a public walkway in the residential area. people are being exposed to a serious safety hazard. Residents are requesting assistance.,high,v3_targeted_augmentation
There is a public complaint because thick black smoke is filling nearby houses and residents are struggling to breathe outside the school. the situation presents an immediate danger to the public. We would appreciate assistance with this problem.,high,v3_targeted_augmentation
The situation involves sewage is spreading across a school access road near our houses.,high,v2_original
We have noticed that garbage collection has been missed for several days and waste is accumulating at the main junction.,medium,v2_original
Thick smoke is causing breathing difficulty among nearby residents near the community hall.,high,v2_original
The situation involves an exposed electrical cable is hanging low where pedestrians can reach it along the roadside. People passing through the area are being affected.,high,v2_original
Residents have reported that residents are experiencing repeated power cuts during the evening beside the public walkway. the problem should be addressed before it becomes dangerous. Please arrange an inspection.,medium,v3_targeted_augmentation
The community would like to report that floodwater is rising quickly around homes and residents cannot leave safely near the railway station. residents may need emergency assistance. Please send the responsible team.,high,v3_targeted_augmentation
Residents have noticed that a damaged electrical pole is leaning over a busy road near the community hall.,high,v2_original
There is a problem where a drain cover is slightly loose but still in place close to the bus stop. People in the area have reported the same issue.,low,v2_original
A local issue has developed where water supply has been unavailable to a neighbourhood since yesterday near the school. The problem has continued despite recent rainfall.,medium,v2_original
Residents have noticed that tap water has a slight unusual smell but remains available close to the bus stop.,low,v2_original
A chemical liquid has leaked onto a public road beside residential buildings in our neighbourhood.,high,v2_original
"near our houses, part of a roadside retaining wall has collapsed onto the traffic lane. the problem could cause a major accident. Please inspect the issue.",high,v3_targeted_augmentation
We have noticed that sewage is spreading across a school access road along the roadside.,high,v2_original
We have noticed that smoke from a nearby workshop is entering nearby houses in our neighbourhood.,medium,v2_original
People in the area are reporting that a minor water leak is dripping from a public pipe near the community hall.,low,v2_original
There is a problem where a small patch of the road surface has become uneven close to the playground. The problem has continued despite recent rainfall.,low,v2_original
The community would like to report that a small patch of road surface has become uneven at the village entrance. the service remains available despite the issue. We would appreciate assistance with this problem.,low,v3_targeted_augmentation
There is a problem where there is a small amount of dust near a construction site near our houses.,low,v2_original
Residents report that a public area has accumulated a large amount of uncollected rubbish near the public market.,medium,v3_targeted_augmentation
"close to the local clinic, a damaged power pole appears ready to fall onto passing vehicles. the situation presents an immediate danger to the public. We would appreciate assistance with this problem.",high,v3_targeted_augmentation
People in the area are reporting that a small patch of the road surface has become uneven near the community hall. The problem can be seen clearly from the roadside.,low,v2_original
We have noticed that a small crack has appeared along the edge of a side road along the roadside. People passing through the area are being affected.,low,v2_original
a major road section has collapsed and vehicles are approaching the damaged area outside the school. Please arrange an inspection.,high,v3_targeted_augmentation
The community would like to report that wastewater is overflowing from a drain onto the roadside near the public market. the problem has continued for more than a day. Please inspect the issue.,medium,v3_targeted_augmentation
a small amount of dust is affecting one section of the road near the junction. Please arrange an inspection.,low,v3_targeted_augmentation
A few garbage bags are waiting at the normal collection point in our neighbourhood.,low,v2_original
A drain cover is slightly loose but still in place near the community hall. The condition becomes worse during busy periods.,low,v2_original
wastewater is overflowing from a drain onto the roadside near the railway station.,medium,v3_targeted_augmentation
A local issue has developed where a fallen power cable is lying across a pedestrian path in our neighbourhood. People in the area have reported the same issue.,high,v2_original
A chemical liquid has leaked onto a public road beside residential buildings near the public market.,high,v2_original
The situation involves a single street sign area has minor surface damage near the town centre. People passing through the area are being affected.,low,v2_original
A damaged electrical pole is leaning over a busy road near the school. The problem can be seen clearly from the roadside.,high,v2_original
A small patch of the road surface has become uneven along the roadside. People in the area have reported the same issue.,low,v2_original
A local issue has developed where a large public waste bin is overflowing onto the pavement on the main road.,medium,v2_original
A local issue has developed where tap water has a slight unusual smell but remains available close to the playground.,low,v2_original
People in the area are reporting that floodwater has entered houses and is continuing to rise in our neighbourhood.,high,v2_original
The situation involves a deep hole has opened across most of the traffic lane near a blind bend at the main junction.,high,v2_original
People in the area are reporting that the road surface is damaged in several places and motorcycles are having difficulty passing at the main junction. The issue has been reported by households nearby.,medium,v2_original
Residents have noticed that an exposed electrical cable is hanging low where pedestrians can reach it near our houses. The condition becomes worse during busy periods.,high,v2_original
There is a public complaint because a few pieces of litter are scattered beside the walkway near the railway station. residents can still use the area normally.,low,v3_targeted_augmentation
We are experiencing a situation where water service keeps stopping for several hours at a time close to the town centre. normal daily activities are being affected. Please arrange an inspection.,medium,v3_targeted_augmentation
We have noticed that a water pipe is leaking continuously and a large amount of water is being wasted near our houses.,medium,v2_original
There is a problem where a roadside drain has some leaves and sediment inside it near the school.,low,v2_original
a major road section has collapsed and vehicles are approaching the damaged area close to the local clinic. residents are at risk of serious injury. Please address this issue.,high,v3_targeted_augmentation
A local issue has developed where several potholes are making vehicles slow down on the main road close to the bus stop.,medium,v2_original
There is a public complaint because one street lamp is dim but still provides some light near our houses. the issue is noticeable but not currently dangerous.,low,v3_targeted_augmentation
Residents have reported that thick black smoke is filling nearby houses and residents are struggling to breathe near our houses. people are being exposed to a serious safety hazard. Please arrange an inspection.,high,v3_targeted_augmentation
We would like to report that a roadside drain is blocked and rainwater is collecting across part of the road outside the hospital.,medium,v3_targeted_augmentation
The situation involves a small crack has appeared along the edge of a side road on the main road.,low,v2_original
Residents have noticed that a drain cover is slightly loose but still in place in our neighbourhood.,low,v2_original
We have noticed that water supply has been unavailable to a neighbourhood since yesterday near the town centre.,medium,v2_original
People in the area are reporting that a water pipe is leaking continuously and a large amount of water is being wasted near our houses.,medium,v2_original
We have noticed that a small amount of litter is scattered near a bus stop near the school. People in the area have reported the same issue.,low,v2_original
Smoke from a nearby workshop is entering nearby houses near the public market. People in the area have reported the same issue.,medium,v2_original
A local issue has developed where a large public waste bin is overflowing onto the pavement near the hospital. People in the area have reported the same issue.,medium,v2_original
A shallow puddle forms after light rain near the public market.,low,v2_original
A small crack has appeared along the edge of a side road close to the bus stop.,low,v2_original
There is a problem where dense smoke from a nearby facility is causing residents to leave their homes near the public market. The issue has been reported by households nearby.,high,v2_original
A local issue has developed where water supply has been unavailable to a neighbourhood since yesterday at the main junction.,medium,v2_original
Residents have noticed that a sewer blockage is creating a strong smell across several nearby properties near the school. The problem has continued despite recent rainfall.,medium,v2_original
People living nearby have noticed that a strong chemical release is affecting people in nearby homes near the hospital. someone could be seriously injured if the area is not secured immediately. Please address this issue.,high,v3_targeted_augmentation
A small crack has appeared along the edge of a side road at the main junction.,low,v2_original
There is a problem where a major water pipe has burst and water is entering nearby houses close to the playground. People in the area have reported the same issue.,high,v2_original
a small patch of road surface has become uneven near the playground. the condition should be checked before it becomes worse. Please take the necessary action.,low,v3_targeted_augmentation
People in the area are reporting that a water pipe is leaking continuously and a large amount of water is being wasted along the roadside. Residents noticed the problem this morning.,medium,v2_original
Residents have noticed that several street lights along one road are not working near the school. People in the area have reported the same issue.,medium,v2_original
We are experiencing a situation where a sewer blockage is producing a strong smell across nearby properties near our houses. the issue is causing significant inconvenience. Please send the responsible team.,medium,v3_targeted_augmentation
People in the area are reporting that sewage is flowing into several homes from an overflowing manhole near the hospital.,high,v2_original
People in the area are reporting that a large section of road has collapsed beside a school entrance close to the bus stop. The problem has continued despite recent rainfall.,high,v2_original
The situation involves a curb has a small chipped section near the community hall. The issue has been reported by households nearby.,low,v2_original
Residents have noticed that construction dust is affecting nearby shops and homes throughout the day close to the bus stop.,medium,v2_original
A local issue has developed where sewage is flowing into several homes from an overflowing manhole close to the bus stop.,high,v2_original
We have noticed that a water pipe is leaking continuously and a large amount of water is being wasted on the main road. The issue is affecting normal use of the area.,medium,v2_original
There is a problem where a large section of road has collapsed beside a school entrance near the school. Several nearby residents have raised concerns.,high,v2_original
We have noticed that water supply has been unavailable to a neighbourhood since yesterday along the roadside. People in the area have reported the same issue.,medium,v2_original
We are experiencing a situation where a drainage channel is blocked and causes flooding during normal rainfall beside the public road. the problem should be addressed before it becomes dangerous. Residents are requesting assistance.,medium,v3_targeted_augmentation
We are experiencing a situation where floodwater is rising quickly around homes and residents cannot leave safely close to the local clinic. the situation presents an immediate danger to the public. Residents are requesting assistance.,high,v3_targeted_augmentation
A deep hole has opened across most of the traffic lane near a blind bend on the main road. The condition becomes worse during busy periods.,high,v2_original
Residents report that several potholes are making vehicles slow down and change direction outside the school.,medium,v3_targeted_augmentation
Residents have reported that a deep hole has opened across most of the traffic lane near the community centre. the problem could cause a major accident. Residents are requesting assistance.,high,v3_targeted_augmentation
"outside our building, a damaged power pole appears ready to fall onto passing vehicles. someone could be seriously injured if the area is not secured immediately. We would appreciate assistance with this problem.",high,v3_targeted_augmentation
Residents have noticed that a water main failure has flooded the entrance to a hospital close to the bus stop.,high,v2_original
There is a public complaint because a public bin is partly full but is not overflowing near our houses. normal access to the area is still possible. Please inspect the issue.,low,v3_targeted_augmentation
People in the area are reporting that part of a roadside retaining wall has collapsed onto the traffic lane on the main road.,high,v2_original
People in the area are reporting that tap water has a slight unusual smell but remains available along the roadside.,low,v2_original
There is a problem where electrical wires are sparking beside a crowded pedestrian area on the main road.,high,v2_original
"near the playground, a fallen lamp post is blocking part of the road with electrical wires attached.",high,v3_targeted_augmentation
There is a problem where construction dust is affecting nearby shops and homes throughout the day near the town centre. The issue is affecting normal use of the area.,medium,v2_original
We have noticed that several street lights along one road are not working near the town centre. The problem can be seen clearly from the roadside.,medium,v2_original
The situation involves electrical wires are sparking beside a crowded pedestrian area near the community hall.,high,v2_original
The situation involves a roadside drain has some leaves and sediment inside it close to the bus stop. The condition has remained unchanged since yesterday.,low,v2_original
We would like to report that several street lights along the road are not working near the public market.,medium,v3_targeted_augmentation
The situation involves several potholes are making vehicles slow down on the main road close to the playground.,medium,v2_original
We have noticed that a sewer blockage is creating a strong smell across several nearby properties close to the bus stop. The condition has remained unchanged since yesterday.,medium,v2_original
Residents have reported that a few pieces of litter are scattered beside the walkway in our neighbourhood. normal access to the area is still possible. Please take the necessary action.,low,v3_targeted_augmentation
We have noticed that wastewater is overflowing from a drain onto the roadside near the public market.,medium,v2_original
There is a problem where a small amount of litter is scattered near a bus stop near the community hall. The issue is affecting normal use of the area.,low,v2_original
Residents have reported that a public area has accumulated a large amount of uncollected rubbish beside the public walkway. the issue is disrupting normal use of the area. We would appreciate assistance with this problem.,medium,v3_targeted_augmentation
"beside the public road, a major road section has collapsed and vehicles are approaching the damaged area. the condition poses a direct risk to life and safety. Please inspect the issue.",high,v3_targeted_augmentation
The situation involves sewage is spreading across a school access road along the roadside.,high,v2_original
We have noticed that a public bin is partly full but not overflowing near the town centre. People in the area have reported the same issue.,low,v2_original
People in the area are reporting that garbage collection has been missed for several days and waste is accumulating at the main junction. Residents noticed the problem this morning.,medium,v2_original
We have noticed that a shallow puddle forms after light rain close to the bus stop. The condition has remained unchanged since yesterday.,low,v2_original
There is a problem where several street lights along one road are not working near the school. The condition has remained unchanged since yesterday.,medium,v2_original
People in the area are reporting that floodwater has entered houses and is continuing to rise near the hospital. The issue is affecting normal use of the area.,high,v2_original
Residents have reported that a public area has accumulated a large amount of uncollected rubbish close to the bus stop. several residents are affected by the problem. We would appreciate assistance with this problem.,medium,v3_targeted_augmentation
Residents report that the road surface is badly cracked and uneven beside the public road.,medium,v3_targeted_augmentation
People living nearby have noticed that a section of road has sunk and vehicles must drive around it close to the town centre. residents are requesting prompt attention. Residents are requesting assistance.,medium,v3_targeted_augmentation
The situation involves water supply has been unavailable to a neighbourhood since yesterday on the main road. Residents noticed the problem this morning.,medium,v2_original
We have noticed that a large section of road has collapsed beside a school entrance on the main road. People passing through the area are being affected.,high,v2_original
The situation involves thick smoke is causing breathing difficulty among nearby residents on the main road. The condition becomes worse during busy periods.,high,v2_original
The situation involves electrical wires are sparking beside a crowded pedestrian area near the public market.,high,v2_original
People in the area are reporting that a fallen power cable is lying across a pedestrian path in our neighbourhood.,high,v2_original
Residents have noticed that a chemical liquid has leaked onto a public road beside residential buildings close to the playground.,high,v2_original
People in the area are reporting that a deep hole has opened across most of the traffic lane near a blind bend close to the playground.,high,v2_original
A local issue has developed where a fallen power cable is lying across a pedestrian path close to the playground. Several nearby residents have raised concerns.,high,v2_original
Residents have reported that a small amount of dust is affecting one section of the road beside the public walkway. there is no immediate safety risk. Please inspect the issue.,low,v3_targeted_augmentation
The situation involves a fallen power cable is lying across a pedestrian path near our houses. The problem can be seen clearly from the roadside.,high,v2_original
There is a public complaint because smoke from a nearby workshop is regularly entering nearby houses near the playground. the situation becomes worse during rainfall. The relevant department should investigate the problem.,medium,v3_targeted_augmentation
The community would like to report that a large chemical spill is spreading across a public road close to the local clinic. residents may need emergency assistance. Please arrange an inspection.,high,v3_targeted_augmentation
People living nearby have noticed that a sewer blockage is producing a strong smell across nearby properties close to the bus stop. several residents are affected by the problem.,medium,v3_targeted_augmentation
floodwater is rising quickly around homes and residents cannot leave safely near the public market. urgent intervention is required.,high,v3_targeted_augmentation
There is a problem where a deep hole has opened across most of the traffic lane near a blind bend near our houses. The issue is affecting normal use of the area.,high,v2_original
A local issue has developed where a small crack has appeared along the edge of a side road near our houses. People passing through the area are being affected.,low,v2_original
a small crack has appeared along the edge of the road outside the hospital. residents can still use the area normally. We would appreciate assistance with this problem.,low,v3_targeted_augmentation
A small crack has appeared along the edge of a side road on the main road.,low,v2_original
There is a problem where smoke from a nearby workshop is entering nearby houses near the town centre.,medium,v2_original
"close to the town centre, part of a roadside retaining wall has collapsed onto the traffic lane.",high,v3_targeted_augmentation
Residents report that a drain grate is loose and makes a noise when vehicles pass close to the local clinic.,low,v3_targeted_augmentation
There is a public complaint because electrical wires are sparking beside a crowded public area near the school. urgent intervention is required. Residents are requesting assistance.,high,v3_targeted_augmentation
There is a problem where a water main failure has flooded the entrance to a hospital near our houses. The problem has continued despite recent rainfall.,high,v2_original
The situation involves water supply has been unavailable to a neighbourhood since yesterday near the school. The condition becomes worse during busy periods.,medium,v2_original
There is a public complaint because a strong chemical release is affecting people in nearby homes close to the town centre. public access to the area is unsafe. Please arrange an inspection.,high,v3_targeted_augmentation
People living nearby have noticed that an overflowing public bin is spreading waste across the surrounding area in our neighbourhood. the issue is causing significant inconvenience.,medium,v3_targeted_augmentation
A small amount of litter is scattered near a bus stop near the public market.,low,v2_original
We have noticed that a damaged electrical pole is leaning over a busy road near the public market.,high,v2_original
We have noticed that a water main failure has flooded the entrance to a hospital close to the bus stop. People passing through the area are being affected.,high,v2_original
We are experiencing a situation where a drainage outlet is partially blocked and dirty water reaches the walkway near the hospital. the issue is causing significant inconvenience. The relevant department should investigate the problem.,medium,v3_targeted_augmentation
"in the residential area, a deep hole has opened across most of the traffic lane. urgent intervention is required. We would appreciate assistance with this problem.",high,v3_targeted_augmentation
The situation involves there is a small amount of dust near a construction site near the public market. The problem can be seen clearly from the roadside.,low,v2_original
We are experiencing a situation where several potholes are making vehicles slow down and change direction close to the bus stop. normal daily activities are being affected. Residents are requesting assistance.,medium,v3_targeted_augmentation
There is a problem where water supply has been unavailable to a neighbourhood since yesterday at the main junction. The issue is affecting normal use of the area.,medium,v2_original
Residents have noticed that a roadside drain is blocked and rainwater is collecting across part of the road near the public market.,medium,v2_original
Residents have noticed that a section of road has sunk and vehicles must drive around it near the hospital.,medium,v2_original
Residents have noticed that a large section of road has collapsed beside a school entrance near the school.,high,v2_original
Dense smoke from a nearby facility is causing residents to leave their homes near our houses. Several nearby residents have raised concerns.,high,v2_original
The community would like to report that tap water has a slight unusual smell but remains available near the public market. the issue is noticeable but not currently dangerous. Residents are requesting assistance.,low,v3_targeted_augmentation
People in the area are reporting that floodwater has entered houses and is continuing to rise on the main road. People in the area have reported the same issue.,high,v2_original
Residents have noticed that construction dust is affecting nearby shops and homes throughout the day at the main junction. The problem can be seen clearly from the roadside.,medium,v2_original
People in the area are reporting that a damaged electrical pole is leaning over a busy road close to the bus stop. The condition becomes worse during busy periods.,high,v2_original
A large section of road has collapsed beside a school entrance near our houses. Residents noticed the problem this morning.,high,v2_original
There is a public complaint because a public area has accumulated a large amount of uncollected rubbish outside our building. multiple households have reported the same problem.,medium,v3_targeted_augmentation
Residents have reported that a minor crack is visible in the pavement near the community centre. normal access to the area is still possible. Please inspect the issue.,low,v3_targeted_augmentation
The situation involves one lamp flickers occasionally during the evening close to the bus stop.,low,v2_original
We are experiencing a situation where a drain grate is loose and makes a noise when vehicles pass outside the hospital. residents can still use the area normally. We would appreciate assistance with this problem.,low,v3_targeted_augmentation
There is a problem where tap water has a slight unusual smell but remains available at the main junction. The issue has been reported by households nearby.,low,v2_original
The community would like to report that a few pieces of litter are scattered beside the walkway at the village entrance. the problem is limited to a small section. The relevant department should investigate the problem.,low,v3_targeted_augmentation
We have noticed that tap water has a slight unusual smell but remains available on the main road. The issue is affecting normal use of the area.,low,v2_original
a large chemical spill is spreading across a public road close to the local clinic. Residents are requesting assistance.,high,v3_targeted_augmentation
We would like to report that floodwater is rising quickly around homes and residents cannot leave safely near our houses.,high,v3_targeted_augmentation
A local issue has developed where a water main failure has flooded the entrance to a hospital close to the bus stop. People in the area have reported the same issue.,high,v2_original
Residents have noticed that a major water pipe has burst and water is entering nearby houses near our houses. The issue has been reported by households nearby.,high,v2_original
A local issue has developed where electrical wires are sparking beside a crowded pedestrian area close to the playground.,high,v2_original
There is a problem where a shallow puddle forms after light rain near the public market.,low,v2_original
People in the area are reporting that a large section of road has collapsed beside a school entrance near the community hall. The condition becomes worse during busy periods.,high,v2_original
People living nearby have noticed that residents are experiencing repeated power cuts during the evening at the village entrance. the issue is causing significant inconvenience. Please address this issue.,medium,v3_targeted_augmentation
Residents have reported that a curb has a small chipped section outside our building. there is no immediate safety risk. Residents are requesting assistance.,low,v3_targeted_augmentation
There is a problem where repeated electricity interruptions are affecting many houses near the community hall. The issue is affecting normal use of the area.,medium,v2_original
"near our houses, one street sign is slightly damaged but still readable.",low,v3_targeted_augmentation
The situation involves a small patch of the road surface has become uneven along the roadside.,low,v2_original
"beside the public walkway, a small amount of dust is affecting one section of the road. the problem is limited to a small section. Residents are requesting assistance.",low,v3_targeted_augmentation
a street lamp flickers occasionally but remains usable at the village entrance. the service remains available despite the issue. Residents are requesting assistance.,low,v3_targeted_augmentation
Residents have noticed that a public bin is partly full but not overflowing near the school. The condition has remained unchanged since yesterday.,low,v2_original
Residents have noticed that a damaged electrical pole is leaning over a busy road near the public market.,high,v2_original
A section of road has sunk and vehicles must drive around it along the roadside. The condition becomes worse during busy periods.,medium,v2_original
The situation involves electrical wires are sparking beside a crowded pedestrian area near our houses. The problem has continued despite recent rainfall.,high,v2_original
We have noticed that sewage is spreading across a school access road close to the bus stop. Several nearby residents have raised concerns.,high,v2_original
Part of a roadside retaining wall has collapsed onto the traffic lane close to the playground. The issue has been reported by households nearby.,high,v2_original
We have noticed that tap water has a slight unusual smell but remains available in our neighbourhood.,low,v2_original
The situation involves wastewater is overflowing from a drain onto the roadside near the hospital. The issue is affecting normal use of the area.,medium,v2_original
There is a public complaint because one street sign is slightly damaged but still readable near the playground. the issue is causing only a minor inconvenience. The relevant department should investigate the problem.,low,v3_targeted_augmentation
We have noticed that a single street sign area has minor surface damage at the main junction. People in the area have reported the same issue.,low,v2_original
"near the junction, a live electrical wire is lying across a pedestrian path.",high,v3_targeted_augmentation
There is a problem where a water main failure has flooded the entrance to a hospital near the community hall.,high,v2_original
People living nearby have noticed that a curb has a small chipped section in our neighbourhood. there is no immediate safety risk. Please take the necessary action.,low,v3_targeted_augmentation
a group of street lamps is not functioning at night near the railway station.,medium,v3_targeted_augmentation
"near the public market, a public waste container has a damaged lid but can still be used. normal access to the area is still possible. Residents are requesting assistance.",low,v3_targeted_augmentation
A local issue has developed where part of a roadside retaining wall has collapsed onto the traffic lane in our neighbourhood.,high,v2_original
A local issue has developed where a major water pipe has burst and water is entering nearby houses at the main junction. The issue is affecting normal use of the area.,high,v2_original
We have noticed that tap water has a slight unusual smell but remains available along the roadside.,low,v2_original
A curb has a small chipped section at the main junction.,low,v2_original
Residents have noticed that a drain cover is slightly loose but still in place in our neighbourhood. People passing through the area are being affected.,low,v2_original
People in the area are reporting that a roadside drain is blocked and rainwater is collecting across part of the road at the main junction.,medium,v2_original
Residents report that a small amount of dust is affecting one section of the road beside the public walkway.,low,v3_targeted_augmentation
There is a problem where several potholes are making vehicles slow down on the main road close to the bus stop. The problem has continued despite recent rainfall.,medium,v2_original
The situation involves a sewer blockage is creating a strong smell across several nearby properties on the main road.,medium,v2_original
We have noticed that a water main failure has flooded the entrance to a hospital near our houses.,high,v2_original
People in the area are reporting that a roadside drain has some leaves and sediment inside it near the town centre. The issue has been reported by households nearby.,low,v2_original
Residents have noticed that water supply has been unavailable to a neighbourhood since yesterday on the main road. The issue has been reported by households nearby.,medium,v2_original
Water pressure is too low for many houses in the area near the town centre.,medium,v2_original
People in the area are reporting that several potholes are making vehicles slow down on the main road near the public market. The issue has been reported by households nearby.,medium,v2_original
The situation involves a fallen power cable is lying across a pedestrian path close to the playground.,high,v2_original
There is a public complaint because a shallow pothole has started forming on a quiet side road near the junction. the service remains available despite the issue. We would appreciate assistance with this problem.,low,v3_targeted_augmentation
We have noticed that a shallow puddle forms after light rain near the town centre. People passing through the area are being affected.,low,v2_original
People in the area are reporting that wastewater is overflowing from a drain onto the roadside near the school. The problem has continued despite recent rainfall.,medium,v2_original
We have noticed that a damaged electrical pole is leaning over a busy road near the community hall. The problem can be seen clearly from the roadside.,high,v2_original
A local issue has developed where wastewater is overflowing from a drain onto the roadside near the school. People in the area have reported the same issue.,medium,v2_original
"near the school, a drain grate is loose and makes a noise when vehicles pass. the condition should be checked before it becomes worse. Please arrange an inspection.",low,v3_targeted_augmentation
We have noticed that one lamp flickers occasionally during the evening near our houses.,low,v2_original
There is a public complaint because the road surface is badly cracked and uneven near the community centre. normal daily activities are being affected. We would appreciate assistance with this problem.,medium,v3_targeted_augmentation
We are experiencing a situation where a large chemical spill is spreading across a public road along the main road. the problem could cause a major accident. We would appreciate assistance with this problem.,high,v3_targeted_augmentation
A minor water leak is dripping from a public pipe near the community hall. The condition has remained unchanged since yesterday.,low,v2_original
We would like to report that a fallen lamp post is blocking part of the road with electrical wires attached near the community centre.,high,v3_targeted_augmentation
"in our neighbourhood, several potholes are making vehicles slow down and change direction. the situation becomes worse during rainfall. The relevant department should investigate the problem.",medium,v3_targeted_augmentation
We would like to report that a damaged electrical pole is leaning over a busy road close to the bus stop.,high,v3_targeted_augmentation
There is a problem where a public bin is partly full but not overflowing near the hospital.,low,v2_original
The situation involves an exposed electrical cable is hanging low where pedestrians can reach it in our neighbourhood.,high,v2_original
A local issue has developed where smoke from a nearby workshop is entering nearby houses in our neighbourhood. People in the area have reported the same issue.,medium,v2_original
The situation involves dense smoke from a nearby facility is causing residents to leave their homes along the roadside.,high,v2_original
Residents report that a drainage outlet is partially blocked and dirty water reaches the walkway beside the public walkway.,medium,v3_targeted_augmentation
There is a problem where a roadside drain is blocked and rainwater is collecting across part of the road on the main road. The problem has continued despite recent rainfall.,medium,v2_original
We would like to report that floodwater has entered several houses and is continuing to rise along the main road.,high,v3_targeted_augmentation
a drain grate is loose and makes a noise when vehicles pass near the community centre.,low,v3_targeted_augmentation
People living nearby have noticed that a public area has accumulated a large amount of uncollected rubbish beside the public road. normal daily activities are being affected. Please take the necessary action.,medium,v3_targeted_augmentation
Residents report that a street lamp flickers occasionally but remains usable in the residential area.,low,v3_targeted_augmentation
Residents have noticed that a minor water leak is dripping from a public pipe near the public market.,low,v2_original
A local issue has developed where a few garbage bags are waiting at the normal collection point near the town centre.,low,v2_original
People in the area are reporting that a few garbage bags are waiting at the normal collection point near the school.,low,v2_original
Residents have noticed that a chemical liquid has leaked onto a public road beside residential buildings along the roadside.,high,v2_original
A local issue has developed where a fallen power cable is lying across a pedestrian path in our neighbourhood.,high,v2_original
We have noticed that construction dust is affecting nearby shops and homes throughout the day in our neighbourhood.,medium,v2_original
The community would like to report that a minor water leak is dripping slowly from a public pipe in our neighbourhood. the issue is causing only a minor inconvenience. Residents are requesting assistance.,low,v3_targeted_augmentation
The community would like to report that a damaged electrical pole is leaning over a busy road beside the public walkway. residents may need emergency assistance.,high,v3_targeted_augmentation
Residents have reported that a strong chemical release is affecting people in nearby homes close to the bus stop. someone could be seriously injured if the area is not secured immediately. Please take the necessary action.,high,v3_targeted_augmentation
There is a problem where the road surface is damaged in several places and motorcycles are having difficulty passing at the main junction.,medium,v2_original
There is a problem where there is a small amount of dust near a construction site close to the playground.,low,v2_original
We are experiencing a situation where a damaged power pole appears ready to fall onto passing vehicles near the public market. residents are at risk of serious injury.,high,v3_targeted_augmentation
The situation involves one street lamp is dim but still provides some light near the town centre. People in the area have reported the same issue.,low,v2_original
Residents report that a strong chemical release is affecting people in nearby homes at the village entrance.,high,v3_targeted_augmentation
Residents report that one street sign is slightly damaged but still readable at the village entrance.,low,v3_targeted_augmentation
There is a problem where a public bin is partly full but not overflowing close to the bus stop. The issue is affecting normal use of the area.,low,v2_original
Residents have noticed that construction dust is affecting nearby shops and homes throughout the day along the roadside. Residents noticed the problem this morning.,medium,v2_original
There is a problem where several potholes are making vehicles slow down on the main road close to the playground.,medium,v2_original
There is a problem where thick smoke is causing breathing difficulty among nearby residents at the main junction. People passing through the area are being affected.,high,v2_original
The situation involves repeated electricity interruptions are affecting many houses on the main road.,medium,v2_original
The situation involves a chemical liquid has leaked onto a public road beside residential buildings near the public market.,high,v2_original
We have noticed that floodwater has entered houses and is continuing to rise close to the bus stop. The issue has been reported by households nearby.,high,v2_original
People in the area are reporting that a small patch of the road surface has become uneven in our neighbourhood.,low,v2_original
There is a problem where sewage is flowing into several homes from an overflowing manhole near the public market. The condition has remained unchanged since yesterday.,high,v2_original
Residents have noticed that a public bin is partly full but not overflowing near the community hall. People passing through the area are being affected.,low,v2_original
We would like to report that one household is experiencing slightly reduced water pressure near our houses.,low,v3_targeted_augmentation
A local issue has developed where a public bin is partly full but not overflowing near the town centre. The issue is affecting normal use of the area.,low,v2_original
Residents have reported that a small amount of dust is affecting one section of the road near the community centre. there is no immediate safety risk. The relevant department should investigate the problem.,low,v3_targeted_augmentation
There is a problem where smoke from a nearby workshop is entering nearby houses at the main junction. The issue has been reported by households nearby.,medium,v2_original
a sewer blockage is producing a strong smell across nearby properties beside the public road. the area can still be used but with difficulty. Please send the responsible team.,medium,v3_targeted_augmentation
We have noticed that there is a small amount of dust near a construction site near the hospital.,low,v2_original
There is a problem where thick smoke is causing breathing difficulty among nearby residents close to the bus stop.,high,v2_original
A small crack has appeared along the edge of a side road near the town centre. People passing through the area are being affected.,low,v2_original
People in the area are reporting that a sewer blockage is creating a strong smell across several nearby properties near the public market. The condition has remained unchanged since yesterday.,medium,v2_original
People in the area are reporting that a single street sign area has minor surface damage near our houses. The problem can be seen clearly from the roadside.,low,v2_original
One street lamp is dim but still provides some light on the main road. The issue has been reported by households nearby.,low,v2_original
A local issue has developed where a roadside drain has some leaves and sediment inside it near our houses. The issue is affecting normal use of the area.,low,v2_original
One street lamp is dim but still provides some light close to the bus stop.,low,v2_original
Residents have noticed that tap water has a slight unusual smell but remains available near the town centre. The problem has continued despite recent rainfall.,low,v2_original
The situation involves a fallen power cable is lying across a pedestrian path near the town centre. Residents noticed the problem this morning.,high,v2_original
People in the area are reporting that a small crack has appeared along the edge of a side road at the main junction. The problem has continued despite recent rainfall.,low,v2_original
Residents have noticed that part of a roadside retaining wall has collapsed onto the traffic lane in our neighbourhood. Several nearby residents have raised concerns.,high,v2_original
The community would like to report that residents are experiencing repeated power cuts during the evening along the main road. the problem has continued for more than a day. Please address this issue.,medium,v3_targeted_augmentation
floodwater is rising quickly around homes and residents cannot leave safely near the community centre. residents are at risk of serious injury. Residents are requesting assistance.,high,v3_targeted_augmentation
The situation involves a section of road has sunk and vehicles must drive around it near the public market. The problem has continued despite recent rainfall.,medium,v2_original
There is a public complaint because garbage collection has been missed for several days and waste is accumulating outside the hospital. several residents are affected by the problem. Please inspect the issue.,medium,v3_targeted_augmentation
"close to the local clinic, a roadside drain contains some leaves but water can still pass. the issue is noticeable but not currently dangerous. The relevant department should investigate the problem.",low,v3_targeted_augmentation
The situation involves a major water pipe has burst and water is entering nearby houses close to the playground. The problem can be seen clearly from the roadside.,high,v2_original
a drain grate is loose and makes a noise when vehicles pass near the school.,low,v3_targeted_augmentation
We have noticed that a large public waste bin is overflowing onto the pavement near our houses. The issue is affecting normal use of the area.,medium,v2_original
Residents report that part of a roadside retaining wall has collapsed onto the traffic lane along the main road.,high,v3_targeted_augmentation
There is a problem where a water main failure has flooded the entrance to a hospital near the hospital.,high,v2_original
Residents have noticed that garbage collection has been missed for several days and waste is accumulating near the town centre. Residents noticed the problem this morning.,medium,v2_original
People living nearby have noticed that floodwater is rising quickly around homes and residents cannot leave safely near the school. someone could be seriously injured if the area is not secured immediately. Please take the necessary action.,high,v3_targeted_augmentation
Residents have noticed that a few garbage bags are waiting at the normal collection point near the town centre. People in the area have reported the same issue.,low,v2_original
a section of road has sunk and vehicles must drive around it outside the school. the area can still be used but with difficulty. Please send the responsible team.,medium,v3_targeted_augmentation
The situation involves electrical wires are sparking beside a crowded pedestrian area near the community hall. People passing through the area are being affected.,high,v2_original
We are experiencing a situation where one street sign is slightly damaged but still readable near the hospital. residents can still use the area normally. Please arrange an inspection.,low,v3_targeted_augmentation
a small patch of road surface has become uneven near the school.,low,v3_targeted_augmentation
People in the area are reporting that water supply has been unavailable to a neighbourhood since yesterday near the hospital.,medium,v2_original
People in the area are reporting that a curb has a small chipped section near our houses. The condition becomes worse during busy periods.,low,v2_original
A local issue has developed where dense smoke from a nearby facility is causing residents to leave their homes close to the playground.,high,v2_original
A local issue has developed where a small crack has appeared along the edge of a side road near the town centre.,low,v2_original
We are experiencing a situation where a deep hole has opened across most of the traffic lane close to the local clinic. residents are at risk of serious injury. We would appreciate assistance with this problem.,high,v3_targeted_augmentation
People in the area are reporting that smoke from a nearby workshop is entering nearby houses near the hospital.,medium,v2_original
a shallow pothole has started forming on a quiet side road outside our building. the issue is causing only a minor inconvenience. Please address this issue.,low,v3_targeted_augmentation
People living nearby have noticed that a drain grate is loose and makes a noise when vehicles pass in our neighbourhood. the issue is causing only a minor inconvenience. Please take the necessary action.,low,v3_targeted_augmentation
A local issue has developed where a water pipe is leaking continuously and a large amount of water is being wasted near the community hall. The condition becomes worse during busy periods.,medium,v2_original
"in the residential area, the road surface is badly cracked and uneven. the problem has continued for more than a day. Residents are requesting assistance.",medium,v3_targeted_augmentation
We have noticed that a curb has a small chipped section near the town centre. The issue is affecting normal use of the area.,low,v2_original
Floodwater has entered houses and is continuing to rise at the main junction. The problem has continued despite recent rainfall.,high,v2_original
People living nearby have noticed that a public bin is partly full but is not overflowing close to the bus stop. the service remains available despite the issue. Please take the necessary action.,low,v3_targeted_augmentation
The situation involves sewage is flowing into several homes from an overflowing manhole near the public market.,high,v2_original
Residents have noticed that a fallen power cable is lying across a pedestrian path at the main junction. The condition has remained unchanged since yesterday.,high,v2_original
Residents have noticed that a shallow puddle forms after light rain close to the bus stop.,low,v2_original
We would like to report that a public waste container has a damaged lid but can still be used at the village entrance.,low,v3_targeted_augmentation
A local issue has developed where one lamp flickers occasionally during the evening near the town centre. People passing through the area are being affected.,low,v2_original
There is a problem where construction dust is affecting nearby shops and homes throughout the day in our neighbourhood. People in the area have reported the same issue.,medium,v2_original
Residents have noticed that a small crack has appeared along the edge of a side road in our neighbourhood. The condition has remained unchanged since yesterday.,low,v2_original
There is a problem where a shallow puddle forms after light rain near the school. The condition has remained unchanged since yesterday.,low,v2_original
We have noticed that a single street sign area has minor surface damage near the hospital. The problem can be seen clearly from the roadside.,low,v2_original
The situation involves a minor water leak is dripping from a public pipe close to the playground. People in the area have reported the same issue.,low,v2_original
People in the area are reporting that a shallow puddle forms after light rain close to the bus stop. The condition has remained unchanged since yesterday.,low,v2_original
There is a public complaint because sewage is flowing into homes from an overflowing manhole close to the town centre. the problem could cause a major accident. Please send the responsible team.,high,v3_targeted_augmentation
The situation involves water supply has been unavailable to a neighbourhood since yesterday near our houses. The issue has been reported by households nearby.,medium,v2_original
Residents have noticed that part of a roadside retaining wall has collapsed onto the traffic lane near the hospital.,high,v2_original
People in the area are reporting that wastewater is overflowing from a drain onto the roadside close to the bus stop.,medium,v2_original
The situation involves a public bin is partly full but not overflowing near the community hall. The condition has remained unchanged since yesterday.,low,v2_original
a roadside drain contains some leaves but water can still pass beside the public walkway. We would appreciate assistance with this problem.,low,v3_targeted_augmentation
A fallen power cable is lying across a pedestrian path on the main road.,high,v2_original
A local issue has developed where a water main failure has flooded the entrance to a hospital near the hospital.,high,v2_original
There is a problem where a minor water leak is dripping from a public pipe near the hospital. The condition has remained unchanged since yesterday.,low,v2_original
We would like to report that a chemical liquid has spilled near houses and is producing strong fumes beside the public road.,high,v3_targeted_augmentation
A local issue has developed where smoke from a nearby workshop is entering nearby houses in our neighbourhood.,medium,v2_original
A local issue has developed where a sewer blockage is creating a strong smell across several nearby properties on the main road.,medium,v2_original
Residents have noticed that thick smoke is causing breathing difficulty among nearby residents near the town centre.,high,v2_original
We are experiencing a situation where garbage collection has been missed for several days and waste is accumulating outside the school. the situation becomes worse during rainfall. Residents are requesting assistance.,medium,v3_targeted_augmentation
We have noticed that sewage is spreading across a school access road in our neighbourhood. The problem can be seen clearly from the roadside.,high,v2_original
The situation involves a few garbage bags are waiting at the normal collection point near the community hall. The problem has continued despite recent rainfall.,low,v2_original
The situation involves a major water pipe has burst and water is entering nearby houses near the hospital.,high,v2_original
The community would like to report that electrical wires are sparking beside a crowded public area outside the hospital. residents are at risk of serious injury. Please address this issue.,high,v3_targeted_augmentation
The situation involves a roadside drain has some leaves and sediment inside it near the hospital. The condition becomes worse during busy periods.,low,v2_original
The situation involves dense smoke from a nearby facility is causing residents to leave their homes near the community hall.,high,v2_original
We would like to report that sewage is flowing into homes from an overflowing manhole beside the public walkway.,high,v3_targeted_augmentation
Residents have noticed that a minor water leak is dripping from a public pipe at the main junction. Several nearby residents have raised concerns.,low,v2_original
People in the area are reporting that a large section of road has collapsed beside a school entrance along the roadside.,high,v2_original
Residents have reported that a large chemical spill is spreading across a public road close to the bus stop. the area should be secured immediately. Please send the responsible team.,high,v3_targeted_augmentation
A local issue has developed where water pressure is too low for many houses in the area near the community hall. The issue is affecting normal use of the area.,medium,v2_original
A local issue has developed where sewage is flowing into several homes from an overflowing manhole near the school.,high,v2_original
We would like to report that one street sign is slightly damaged but still readable in the residential area.,low,v3_targeted_augmentation
There is a public complaint because a fallen lamp post is blocking part of the road with electrical wires attached beside the public walkway. someone could be seriously injured if the area is not secured immediately.,high,v3_targeted_augmentation
There is a problem where a sewer blockage is creating a strong smell across several nearby properties on the main road.,medium,v2_original
The situation involves a fallen power cable is lying across a pedestrian path close to the bus stop.,high,v2_original
A local issue has developed where a major water pipe has burst and water is entering nearby houses close to the playground. The condition becomes worse during busy periods.,high,v2_original
We have noticed that a sewer blockage is creating a strong smell across several nearby properties near the school. The condition becomes worse during busy periods.,medium,v2_original
Residents have noticed that a roadside drain has some leaves and sediment inside it close to the playground.,low,v2_original
There is a public complaint because a public area has accumulated a large amount of uncollected rubbish along the main road. the issue is disrupting normal use of the area.,medium,v3_targeted_augmentation
The situation involves a few garbage bags are waiting at the normal collection point in our neighbourhood. People in the area have reported the same issue.,low,v2_original
Residents report that an overflowing public bin is spreading waste across the surrounding area outside the school.,medium,v3_targeted_augmentation
There is a problem where there is a small amount of dust near a construction site on the main road. The problem has continued despite recent rainfall.,low,v2_original
People in the area are reporting that an exposed electrical cable is hanging low where pedestrians can reach it in our neighbourhood. The condition becomes worse during busy periods.,high,v2_original
Sewage is flowing into several homes from an overflowing manhole near the town centre. The issue has been reported by households nearby.,high,v2_original
We are experiencing a situation where a small crack has appeared along the edge of the road near the school. there is no immediate safety risk. Please send the responsible team.,low,v3_targeted_augmentation
Residents have noticed that a large section of road has collapsed beside a school entrance near the hospital. The problem can be seen clearly from the roadside.,high,v2_original
Residents have noticed that the road surface is damaged in several places and motorcycles are having difficulty passing close to the bus stop. The condition becomes worse during busy periods.,medium,v2_original
A local issue has developed where floodwater has entered houses and is continuing to rise near the community hall.,high,v2_original
A local issue has developed where water supply has been unavailable to a neighbourhood since yesterday at the main junction. Several nearby residents have raised concerns.,medium,v2_original
People in the area are reporting that one lamp flickers occasionally during the evening in our neighbourhood. People passing through the area are being affected.,low,v2_original
a water pipe is leaking continuously and wasting a large amount of water along the main road. Residents are requesting assistance.,medium,v3_targeted_augmentation
The situation involves a large section of road has collapsed beside a school entrance near the hospital.,high,v2_original
We have noticed that dense smoke from a nearby facility is causing residents to leave their homes near the community hall.,high,v2_original
a group of street lamps is not functioning at night close to the bus stop. multiple households have reported the same problem.,medium,v3_targeted_augmentation
A local issue has developed where a fallen power cable is lying across a pedestrian path near the town centre. The problem can be seen clearly from the roadside.,high,v2_original
electrical wires are sparking beside a crowded public area near the public market. public access to the area is unsafe. Please send the responsible team.,high,v3_targeted_augmentation
People in the area are reporting that a minor water leak is dripping from a public pipe in our neighbourhood. People passing through the area are being affected.,low,v2_original
People in the area are reporting that a shallow puddle forms after light rain near the public market. The issue has been reported by households nearby.,low,v2_original
Residents have noticed that wastewater is overflowing from a drain onto the roadside near the hospital. People passing through the area are being affected.,medium,v2_original
A local issue has developed where one lamp flickers occasionally during the evening near the town centre.,low,v2_original
The community would like to report that a sewer blockage is producing a strong smell across nearby properties near the hospital. the issue is disrupting normal use of the area. Please address this issue.,medium,v3_targeted_augmentation
Residents have reported that a public bin is partly full but is not overflowing at the village entrance. there is no immediate safety risk. Please arrange an inspection.,low,v3_targeted_augmentation
"near the playground, a public waste container has a damaged lid but can still be used. the issue is causing only a minor inconvenience.",low,v3_targeted_augmentation
A large public waste bin is overflowing onto the pavement near the hospital. Residents noticed the problem this morning.,medium,v2_original
There is a problem where a small crack has appeared along the edge of a side road along the roadside. People in the area have reported the same issue.,low,v2_original
People living nearby have noticed that a damaged power pole appears ready to fall onto passing vehicles close to the town centre. the problem could cause a major accident. Please arrange an inspection.,high,v3_targeted_augmentation
The situation involves one street lamp is dim but still provides some light close to the bus stop.,low,v2_original
There is a problem where a few garbage bags are waiting at the normal collection point close to the bus stop. Several nearby residents have raised concerns.,low,v2_original
There is a problem where several potholes are making vehicles slow down on the main road on the main road.,medium,v2_original
We have noticed that thick smoke is causing breathing difficulty among nearby residents near the town centre. Residents noticed the problem this morning.,high,v2_original
We are experiencing a situation where part of a roadside retaining wall has collapsed onto the traffic lane beside the public walkway. residents are at risk of serious injury. Please arrange an inspection.,high,v3_targeted_augmentation
A local issue has developed where a deep hole has opened across most of the traffic lane near a blind bend at the main junction.,high,v2_original
There is a problem where thick smoke is causing breathing difficulty among nearby residents near the hospital. The condition becomes worse during busy periods.,high,v2_original
a strong chemical release is affecting people in nearby homes near our houses. Residents are requesting assistance.,high,v3_targeted_augmentation
People in the area are reporting that one street lamp is dim but still provides some light along the roadside. The condition has remained unchanged since yesterday.,low,v2_original
People living nearby have noticed that a shallow pothole has started forming on a quiet side road beside the public road. the problem is limited to a small section. Please inspect the issue.,low,v3_targeted_augmentation
We are experiencing a situation where a major road section has collapsed and vehicles are approaching the damaged area close to the town centre. urgent intervention is required. The relevant department should investigate the problem.,high,v3_targeted_augmentation
A local issue has developed where a small crack has appeared along the edge of a side road near our houses.,low,v2_original
A roadside drain has some leaves and sediment inside it in our neighbourhood. People in the area have reported the same issue.,low,v2_original
The community would like to report that a major road section has collapsed and vehicles are approaching the damaged area outside the school. the situation presents an immediate danger to the public. Please address this issue.,high,v3_targeted_augmentation
People in the area are reporting that a drain cover is slightly loose but still in place close to the playground. The condition becomes worse during busy periods.,low,v2_original
Residents have noticed that a damaged electrical pole is leaning over a busy road near the public market. Residents noticed the problem this morning.,high,v2_original
There is a problem where a small crack has appeared along the edge of a side road near the school. Residents noticed the problem this morning.,low,v2_original
A water main failure has flooded the entrance to a hospital close to the playground.,high,v2_original
the road surface is badly cracked and uneven beside the public road. the area can still be used but with difficulty. The relevant department should investigate the problem.,medium,v3_targeted_augmentation
There is a problem where construction dust is affecting nearby shops and homes throughout the day along the roadside. People passing through the area are being affected.,medium,v2_original
"near the community centre, a public waste container has a damaged lid but can still be used.",low,v3_targeted_augmentation
A local issue has developed where a small amount of litter is scattered near a bus stop near the community hall.,low,v2_original
There is a problem where a drain cover is slightly loose but still in place near the community hall.,low,v2_original
A local issue has developed where a few garbage bags are waiting at the normal collection point on the main road.,low,v2_original
Repeated electricity interruptions are affecting many houses close to the playground. Residents noticed the problem this morning.,medium,v2_original
Residents have noticed that water pressure is too low for many houses in the area near the public market. The condition becomes worse during busy periods.,medium,v2_original
There is a problem where water supply has been unavailable to a neighbourhood since yesterday in our neighbourhood.,medium,v2_original
Electrical wires are sparking beside a crowded pedestrian area close to the playground.,high,v2_original
part of a roadside retaining wall has collapsed onto the traffic lane close to the bus stop. the situation presents an immediate danger to the public. The relevant department should investigate the problem.,high,v3_targeted_augmentation
The road surface is damaged in several places and motorcycles are having difficulty passing along the roadside.,medium,v2_original
There is a public complaint because a shallow puddle forms after light rain near the railway station. the problem is limited to a small section. The relevant department should investigate the problem.,low,v3_targeted_augmentation
smoke from a nearby workshop is regularly entering nearby houses near our houses. the problem should be addressed before it becomes dangerous. Please address this issue.,medium,v3_targeted_augmentation
Residents have noticed that a damaged electrical pole is leaning over a busy road near the town centre. The condition has remained unchanged since yesterday.,high,v2_original
There is a problem where wastewater is overflowing from a drain onto the roadside on the main road.,medium,v2_original
There is a problem where there is a small amount of dust near a construction site near the hospital.,low,v2_original
People in the area are reporting that a damaged electrical pole is leaning over a busy road close to the playground. The problem has continued despite recent rainfall.,high,v2_original
Residents have noticed that a damaged electrical pole is leaning over a busy road near our houses. People passing through the area are being affected.,high,v2_original
Residents report that one household is experiencing slightly reduced water pressure close to the bus stop.,low,v3_targeted_augmentation
The situation involves a roadside drain is blocked and rainwater is collecting across part of the road near the town centre. The problem has continued despite recent rainfall.,medium,v2_original
A local issue has developed where several potholes are making vehicles slow down on the main road on the main road. Residents noticed the problem this morning.,medium,v2_original
a small amount of rubbish has been left near a public bin near the hospital. normal access to the area is still possible. We would appreciate assistance with this problem.,low,v3_targeted_augmentation
People in the area are reporting that sewage is spreading across a school access road near the public market. Residents noticed the problem this morning.,high,v2_original
We have noticed that a few garbage bags are waiting at the normal collection point near the school.,low,v2_original
There is a public complaint because a section of road has sunk and vehicles must drive around it near our houses. the issue is causing significant inconvenience. We would appreciate assistance with this problem.,medium,v3_targeted_augmentation
Residents report that a small amount of dust is affecting one section of the road outside our building.,low,v3_targeted_augmentation
We have noticed that a shallow puddle forms after light rain near our houses. The problem has continued despite recent rainfall.,low,v2_original
Residents report that thick black smoke is filling nearby houses and residents are struggling to breathe outside the hospital.,high,v3_targeted_augmentation
Residents have reported that a large chemical spill is spreading across a public road near the public market. residents may need emergency assistance. Please send the responsible team.,high,v3_targeted_augmentation
People living nearby have noticed that water supply has been unavailable to several houses since yesterday close to the bus stop. the problem has continued for more than a day.,medium,v3_targeted_augmentation
People in the area are reporting that floodwater has entered houses and is continuing to rise on the main road. The problem has continued despite recent rainfall.,high,v2_original
Residents report that residents are experiencing repeated power cuts during the evening outside the school.,medium,v3_targeted_augmentation
a high-voltage cable has fallen beside a public walkway outside the school.,high,v3_targeted_augmentation
The community would like to report that tap water has a slight unusual smell but remains available beside the public walkway. the issue is causing only a minor inconvenience. Please take the necessary action.,low,v3_targeted_augmentation
"in the residential area, dense smoke is causing breathing difficulty among nearby residents. someone could be seriously injured if the area is not secured immediately. Please address this issue.",high,v3_targeted_augmentation
The situation involves a few garbage bags are waiting at the normal collection point near the public market.,low,v2_original
A local issue has developed where a damaged electrical pole is leaning over a busy road in our neighbourhood. People in the area have reported the same issue.,high,v2_original
A local issue has developed where a shallow puddle forms after light rain near the school. Several nearby residents have raised concerns.,low,v2_original
There is a problem where electrical wires are sparking beside a crowded pedestrian area near our houses.,high,v2_original
A local issue has developed where a damaged electrical pole is leaning over a busy road near our houses.,high,v2_original
Sewage is flowing into several homes from an overflowing manhole near the hospital.,high,v2_original
The situation involves a water main failure has flooded the entrance to a hospital on the main road.,high,v2_original
A local issue has developed where one street lamp is dim but still provides some light close to the playground. People passing through the area are being affected.,low,v2_original
Residents report that electrical wires are sparking beside a crowded public area in our neighbourhood.,high,v3_targeted_augmentation
"near the railway station, a roadside drain contains some leaves but water can still pass. residents can still use the area normally. Please inspect the issue.",low,v3_targeted_augmentation
Sewage is spreading across a school access road near the public market. The condition becomes worse during busy periods.,high,v2_original
Residents have reported that a minor crack is visible in the pavement close to the local clinic. residents can still use the area normally. Residents are requesting assistance.,low,v3_targeted_augmentation
There is a public complaint because a major road section has collapsed and vehicles are approaching the damaged area outside our building. urgent intervention is required. The relevant department should investigate the problem.,high,v3_targeted_augmentation
a few pieces of litter are scattered beside the walkway at the village entrance. Residents are requesting assistance.,low,v3_targeted_augmentation
We are experiencing a situation where several potholes are making vehicles slow down and change direction near the public market. the situation becomes worse during rainfall. Residents are requesting assistance.,medium,v3_targeted_augmentation
Repeated electricity interruptions are affecting many houses near the school.,medium,v2_original
Residents report that a group of street lamps is not functioning at night near the public market.,medium,v3_targeted_augmentation
There is a problem where a few garbage bags are waiting at the normal collection point on the main road.,low,v2_original
"beside the public walkway, a chemical liquid has spilled near houses and is producing strong fumes. urgent intervention is required.",high,v3_targeted_augmentation
People in the area are reporting that one street lamp is dim but still provides some light near our houses. The issue has been reported by households nearby.,low,v2_original
Residents have noticed that a major water pipe has burst and water is entering nearby houses in our neighbourhood.,high,v2_original
A local issue has developed where wastewater is overflowing from a drain onto the roadside close to the playground. People in the area have reported the same issue.,medium,v2_original
People in the area are reporting that a shallow puddle forms after light rain near the school.,low,v2_original
a live electrical wire is lying across a pedestrian path near our houses.,high,v3_targeted_augmentation
A local issue has developed where a large section of road has collapsed beside a school entrance near the hospital.,high,v2_original
a deep hole has opened across most of the traffic lane near the hospital. Please send the responsible team.,high,v3_targeted_augmentation
Residents have noticed that water pressure is too low for many houses in the area along the roadside. Residents noticed the problem this morning.,medium,v2_original
a water pipe is leaking continuously and wasting a large amount of water in the residential area. normal daily activities are being affected. Please arrange an inspection.,medium,v3_targeted_augmentation
Residents have noticed that an exposed electrical cable is hanging low where pedestrians can reach it close to the playground. Several nearby residents have raised concerns.,high,v2_original
People living nearby have noticed that one household is experiencing slightly reduced water pressure beside the public walkway. the issue is causing only a minor inconvenience. Residents are requesting assistance.,low,v3_targeted_augmentation
There is a problem where the road surface is damaged in several places and motorcycles are having difficulty passing in our neighbourhood.,medium,v2_original
We have noticed that an exposed electrical cable is hanging low where pedestrians can reach it near the town centre.,high,v2_original
Residents have noticed that a chemical liquid has leaked onto a public road beside residential buildings near the school. The issue is affecting normal use of the area.,high,v2_original
People in the area are reporting that water supply has been unavailable to a neighbourhood since yesterday close to the bus stop.,medium,v2_original
Residents report that a section of road has sunk and vehicles must drive around it beside the public road.,medium,v3_targeted_augmentation
The community would like to report that a sewer blockage is producing a strong smell across nearby properties near the community centre. the area can still be used but with difficulty.,medium,v3_targeted_augmentation
Residents have noticed that sewage is flowing into several homes from an overflowing manhole near the public market. The issue is affecting normal use of the area.,high,v2_original
We have noticed that tap water has a slight unusual smell but remains available close to the playground.,low,v2_original
There is a problem where a water main failure has flooded the entrance to a hospital along the roadside. The condition becomes worse during busy periods.,high,v2_original
Residents have reported that a strong chemical release is affecting people in nearby homes beside the public road. the condition poses a direct risk to life and safety. Please take the necessary action.,high,v3_targeted_augmentation
People living nearby have noticed that a large chemical spill is spreading across a public road near the school. the area should be secured immediately. Please address this issue.,high,v3_targeted_augmentation
A local issue has developed where a curb has a small chipped section close to the playground. The problem has continued despite recent rainfall.,low,v2_original
People in the area are reporting that electrical wires are sparking beside a crowded pedestrian area on the main road.,high,v2_original
We have noticed that one lamp flickers occasionally during the evening near the public market. People in the area have reported the same issue.,low,v2_original
People in the area are reporting that a curb has a small chipped section near the hospital. The condition has remained unchanged since yesterday.,low,v2_original
"near the playground, a drain grate is loose and makes a noise when vehicles pass.",low,v3_targeted_augmentation
Residents have noticed that a water main failure has flooded the entrance to a hospital near the school.,high,v2_original
"near the hospital, a public waste container has a damaged lid but can still be used. there is no immediate safety risk. Please send the responsible team.",low,v3_targeted_augmentation
We would like to report that a section of road has sunk and vehicles must drive around it at the village entrance.,medium,v3_targeted_augmentation
Residents have noticed that a sewer blockage is creating a strong smell across several nearby properties along the roadside.,medium,v2_original
A local issue has developed where electrical wires are sparking beside a crowded pedestrian area near the town centre. The issue has been reported by households nearby.,high,v2_original
Residents have reported that a drainage channel is blocked and causes flooding during normal rainfall outside our building. several residents are affected by the problem. Please inspect the issue.,medium,v3_targeted_augmentation
an electrical box is open and live components are exposed to pedestrians outside the school. Residents are requesting assistance.,high,v3_targeted_augmentation
The situation involves smoke from a nearby workshop is entering nearby houses near our houses. The problem can be seen clearly from the roadside.,medium,v2_original
"at the village entrance, water supply has been unavailable to several houses since yesterday.",medium,v3_targeted_augmentation
Residents have noticed that a fallen power cable is lying across a pedestrian path near the school. The condition becomes worse during busy periods.,high,v2_original
We have noticed that a single street sign area has minor surface damage near the hospital.,low,v2_original
We have noticed that a small patch of the road surface has become uneven on the main road. People in the area have reported the same issue.,low,v2_original
Residents have noticed that a fallen power cable is lying across a pedestrian path near the hospital.,high,v2_original
The situation involves a water pipe is leaking continuously and a large amount of water is being wasted on the main road. Several nearby residents have raised concerns.,medium,v2_original
A local issue has developed where a roadside drain has some leaves and sediment inside it at the main junction. People passing through the area are being affected.,low,v2_original
"in the residential area, a public waste container has a damaged lid but can still be used.",low,v3_targeted_augmentation
Part of a roadside retaining wall has collapsed onto the traffic lane near the town centre. Residents noticed the problem this morning.,high,v2_original
"beside the public road, a shallow pothole has started forming on a quiet side road. residents can still use the area normally. The relevant department should investigate the problem.",low,v3_targeted_augmentation
There is a problem where water pressure is too low for many houses in the area near the public market. The issue has been reported by households nearby.,medium,v2_original
People in the area are reporting that a public bin is partly full but not overflowing on the main road.,low,v2_original
a strong chemical release is affecting people in nearby homes close to the bus stop. the area should be secured immediately. The relevant department should investigate the problem.,high,v3_targeted_augmentation
People living nearby have noticed that several potholes are making vehicles slow down and change direction in our neighbourhood. the area can still be used but with difficulty. Please take the necessary action.,medium,v3_targeted_augmentation
There is a problem where floodwater has entered houses and is continuing to rise near the community hall.,high,v2_original
A shallow puddle forms after light rain near the school. People in the area have reported the same issue.,low,v2_original
The situation involves a water pipe is leaking continuously and a large amount of water is being wasted near the public market.,medium,v2_original
We are experiencing a situation where one household is experiencing slightly reduced water pressure beside the public road. normal access to the area is still possible. Please send the responsible team.,low,v3_targeted_augmentation
Residents report that electrical wires are sparking beside a crowded public area near the playground.,high,v3_targeted_augmentation
People in the area are reporting that a small amount of litter is scattered near a bus stop on the main road. The issue has been reported by households nearby.,low,v2_original
We have noticed that a small amount of litter is scattered near a bus stop near the community hall.,low,v2_original
The situation involves a few garbage bags are waiting at the normal collection point along the roadside.,low,v2_original
The situation involves a minor water leak is dripping from a public pipe near our houses.,low,v2_original
There is a public complaint because a roadside drain is blocked and rainwater is collecting across part of the road near the public market. normal daily activities are being affected. Please address this issue.,medium,v3_targeted_augmentation
A shallow puddle forms after light rain close to the bus stop. Residents noticed the problem this morning.,low,v2_original
The situation involves electrical wires are sparking beside a crowded pedestrian area near the school. The problem has continued despite recent rainfall.,high,v2_original
The situation involves a chemical liquid has leaked onto a public road beside residential buildings at the main junction. The issue has been reported by households nearby.,high,v2_original
a minor crack is visible in the pavement in the residential area.,low,v3_targeted_augmentation
People living nearby have noticed that a shallow pothole has started forming on a quiet side road beside the public walkway. the problem is limited to a small section.,low,v3_targeted_augmentation
There is a problem where repeated electricity interruptions are affecting many houses on the main road. The problem can be seen clearly from the roadside.,medium,v2_original
The community would like to report that water pressure is too low for many houses in the area near the hospital. multiple households have reported the same problem.,medium,v3_targeted_augmentation
Residents have noticed that smoke from a nearby workshop is entering nearby houses at the main junction.,medium,v2_original
The situation involves a water main failure has flooded the entrance to a hospital near the community hall. The issue has been reported by households nearby.,high,v2_original
We have noticed that a damaged electrical pole is leaning over a busy road close to the bus stop. The condition has remained unchanged since yesterday.,high,v2_original
Several street lights along one road are not working near the public market. The condition has remained unchanged since yesterday.,medium,v2_original
smoke from a nearby workshop is regularly entering nearby houses near the junction.,medium,v3_targeted_augmentation
Residents have noticed that one street lamp is dim but still provides some light near the hospital. The issue is affecting normal use of the area.,low,v2_original
Residents have noticed that a small patch of the road surface has become uneven in our neighbourhood. The issue has been reported by households nearby.,low,v2_original
We have noticed that dense smoke from a nearby facility is causing residents to leave their homes near the public market.,high,v2_original
We are experiencing a situation where a drainage channel is blocked and causes flooding during normal rainfall in our neighbourhood. residents are requesting prompt attention. Please inspect the issue.,medium,v3_targeted_augmentation
Residents have noticed that a water main failure has flooded the entrance to a hospital near the town centre.,high,v2_original
People living nearby have noticed that a roadside drain contains some leaves but water can still pass beside the public walkway. the service remains available despite the issue. Please take the necessary action.,low,v3_targeted_augmentation
We are experiencing a situation where a shallow pothole has started forming on a quiet side road beside the public walkway. there is no immediate safety risk.,low,v3_targeted_augmentation
A local issue has developed where a fallen power cable is lying across a pedestrian path near the community hall.,high,v2_original
a roadside drain contains some leaves but water can still pass near the playground. the issue is causing only a minor inconvenience.,low,v3_targeted_augmentation
People in the area are reporting that a damaged electrical pole is leaning over a busy road close to the bus stop. The condition has remained unchanged since yesterday.,high,v2_original
A local issue has developed where dense smoke from a nearby facility is causing residents to leave their homes near our houses. The condition becomes worse during busy periods.,high,v2_original
wastewater is overflowing from a drain onto the roadside in the residential area. Please take the necessary action.,medium,v3_targeted_augmentation
The situation involves a large public waste bin is overflowing onto the pavement along the roadside. The issue has been reported by households nearby.,medium,v2_original
We have noticed that the road surface is damaged in several places and motorcycles are having difficulty passing near our houses. The condition becomes worse during busy periods.,medium,v2_original
There is a problem where a minor water leak is dripping from a public pipe near the community hall.,low,v2_original
Residents have noticed that construction dust is affecting nearby shops and homes throughout the day near the community hall.,medium,v2_original
There is a problem where wastewater is overflowing from a drain onto the roadside at the main junction.,medium,v2_original
A local issue has developed where water pressure is too low for many houses in the area close to the bus stop.,medium,v2_original
Residents have noticed that a minor water leak is dripping from a public pipe near our houses.,low,v2_original
Residents have noticed that electrical wires are sparking beside a crowded pedestrian area near the community hall. Residents noticed the problem this morning.,high,v2_original
Residents have noticed that dense smoke from a nearby facility is causing residents to leave their homes at the main junction. People passing through the area are being affected.,high,v2_original
We are experiencing a situation where a small patch of road surface has become uneven outside our building. the problem is limited to a small section. Please arrange an inspection.,low,v3_targeted_augmentation
A local issue has developed where a deep hole has opened across most of the traffic lane near a blind bend in our neighbourhood. People passing through the area are being affected.,high,v2_original
There is a problem where garbage collection has been missed for several days and waste is accumulating near our houses.,medium,v2_original
There is a public complaint because a high-voltage cable has fallen beside a public walkway beside the public walkway. the problem could cause a major accident. We would appreciate assistance with this problem.,high,v3_targeted_augmentation
There is a problem where a few garbage bags are waiting at the normal collection point close to the playground. Several nearby residents have raised concerns.,low,v2_original
Residents have noticed that a damaged electrical pole is leaning over a busy road near our houses. The issue has been reported by households nearby.,high,v2_original
Residents have noticed that a few garbage bags are waiting at the normal collection point along the roadside.,low,v2_original
Residents have noticed that a shallow puddle forms after light rain along the roadside.,low,v2_original
We have noticed that smoke from a nearby workshop is entering nearby houses near the hospital.,medium,v2_original
The situation involves thick smoke is causing breathing difficulty among nearby residents on the main road.,high,v2_original
Residents have noticed that a fallen power cable is lying across a pedestrian path near the community hall. The condition has remained unchanged since yesterday.,high,v2_original
We are experiencing a situation where a sewer blockage is producing a strong smell across nearby properties outside our building. residents are requesting prompt attention. Residents are requesting assistance.,medium,v3_targeted_augmentation
Residents have noticed that a roadside drain is blocked and rainwater is collecting across part of the road near the school. The problem can be seen clearly from the roadside.,medium,v2_original
People living nearby have noticed that water service keeps stopping for several hours at a time near the railway station. residents are requesting prompt attention.,medium,v3_targeted_augmentation
"near the public market, one street sign is slightly damaged but still readable. the issue is causing only a minor inconvenience.",low,v3_targeted_augmentation
Residents have noticed that a major water pipe has burst and water is entering nearby houses near our houses. Several nearby residents have raised concerns.,high,v2_original
We are experiencing a situation where a live electrical wire is lying across a pedestrian path beside the public walkway. urgent intervention is required. The relevant department should investigate the problem.,high,v3_targeted_augmentation
There is a problem where a roadside drain is blocked and rainwater is collecting across part of the road near the community hall.,medium,v2_original
There is a problem where a water pipe is leaking continuously and a large amount of water is being wasted near the town centre. People in the area have reported the same issue.,medium,v2_original
Residents have noticed that a water pipe is leaking continuously and a large amount of water is being wasted at the main junction. The condition becomes worse during busy periods.,medium,v2_original
Thick smoke is causing breathing difficulty among nearby residents in our neighbourhood. The condition has remained unchanged since yesterday.,high,v2_original
We have noticed that several street lights along one road are not working along the roadside.,medium,v2_original
The situation involves a roadside drain has some leaves and sediment inside it close to the playground.,low,v2_original
We have noticed that there is a small amount of dust near a construction site in our neighbourhood.,low,v2_original
The situation involves a minor water leak is dripping from a public pipe near our houses. Residents noticed the problem this morning.,low,v2_original
There is a public complaint because a water pipe is leaking continuously and wasting a large amount of water near the hospital. the issue is causing significant inconvenience. Please address this issue.,medium,v3_targeted_augmentation
"near the playground, water pressure is too low for many houses in the area. residents are requesting prompt attention. Please send the responsible team.",medium,v3_targeted_augmentation
We are experiencing a situation where a sewer blockage is producing a strong smell across nearby properties close to the town centre. multiple households have reported the same problem. Please send the responsible team.,medium,v3_targeted_augmentation
A local issue has developed where a roadside drain has some leaves and sediment inside it near the town centre.,low,v2_original
People in the area are reporting that a deep hole has opened across most of the traffic lane near a blind bend near the community hall. The problem has continued despite recent rainfall.,high,v2_original
Electrical wires are sparking beside a crowded pedestrian area on the main road. Several nearby residents have raised concerns.,high,v2_original
There is a public complaint because a small amount of rubbish has been left near a public bin in the residential area. the service remains available despite the issue. Please address this issue.,low,v3_targeted_augmentation
part of a roadside retaining wall has collapsed onto the traffic lane at the village entrance. We would appreciate assistance with this problem.,high,v3_targeted_augmentation
Residents have noticed that a few garbage bags are waiting at the normal collection point on the main road. People passing through the area are being affected.,low,v2_original
There is a public complaint because multiple damaged sections of road are affecting normal traffic in the residential area. the area can still be used but with difficulty. We would appreciate assistance with this problem.,medium,v3_targeted_augmentation
"in the residential area, water supply has been unavailable to several houses since yesterday.",medium,v3_targeted_augmentation
a damaged power pole appears ready to fall onto passing vehicles at the village entrance. Please arrange an inspection.,high,v3_targeted_augmentation
"outside the hospital, a damaged power pole appears ready to fall onto passing vehicles. the area should be secured immediately. We would appreciate assistance with this problem.",high,v3_targeted_augmentation
a deep hole has opened across most of the traffic lane close to the town centre. the problem could cause a major accident. We would appreciate assistance with this problem.,high,v3_targeted_augmentation
"near the playground, a roadside drain contains some leaves but water can still pass.",low,v3_targeted_augmentation
Residents have noticed that wastewater is overflowing from a drain onto the roadside near the public market. The condition becomes worse during busy periods.,medium,v2_original
Residents have noticed that construction dust is affecting nearby shops and homes throughout the day along the roadside. The condition becomes worse during busy periods.,medium,v2_original
There is a problem where dense smoke from a nearby facility is causing residents to leave their homes near the town centre.,high,v2_original
the water pressure is slightly lower than normal in one house close to the bus stop. residents can still use the area normally. Please address this issue.,low,v3_targeted_augmentation
Sewage is spreading across a school access road along the roadside.,high,v2_original
There is a problem where a large section of road has collapsed beside a school entrance on the main road. The issue has been reported by households nearby.,high,v2_original
There is a problem where a roadside drain has some leaves and sediment inside it near the town centre. The issue has been reported by households nearby.,low,v2_original
People in the area are reporting that tap water has a slight unusual smell but remains available close to the bus stop. People passing through the area are being affected.,low,v2_original
We have noticed that a chemical liquid has leaked onto a public road beside residential buildings near our houses. People passing through the area are being affected.,high,v2_original
A fallen power cable is lying across a pedestrian path near the school.,high,v2_original
We are experiencing a situation where a small crack has appeared along the edge of the road outside the hospital. the issue is causing only a minor inconvenience. Please address this issue.,low,v3_targeted_augmentation
There is a problem where floodwater has entered houses and is continuing to rise in our neighbourhood.,high,v2_original
a minor water leak is dripping slowly from a public pipe close to the local clinic. the service remains available despite the issue. Please address this issue.,low,v3_targeted_augmentation
a small amount of dust is affecting one section of the road in our neighbourhood. the condition should be checked before it becomes worse. Please arrange an inspection.,low,v3_targeted_augmentation
"near the playground, electrical wires are sparking beside a crowded public area. urgent intervention is required. Please inspect the issue.",high,v3_targeted_augmentation
A local issue has developed where a section of road has sunk and vehicles must drive around it near the school. Several nearby residents have raised concerns.,medium,v2_original
There is a problem where repeated electricity interruptions are affecting many houses at the main junction. Residents noticed the problem this morning.,medium,v2_original
The situation involves a large section of road has collapsed beside a school entrance near the school. People passing through the area are being affected.,high,v2_original
Residents have noticed that one street lamp is dim but still provides some light near the community hall. The condition becomes worse during busy periods.,low,v2_original
floodwater has entered several houses and is continuing to rise near the railway station. someone could be seriously injured if the area is not secured immediately. Residents are requesting assistance.,high,v3_targeted_augmentation
A local issue has developed where several street lights along one road are not working close to the playground. The condition has remained unchanged since yesterday.,medium,v2_original
Residents have noticed that a large public waste bin is overflowing onto the pavement near the public market.,medium,v2_original
dense smoke is causing breathing difficulty among nearby residents close to the bus stop. Please address this issue.,high,v3_targeted_augmentation
There is a problem where one lamp flickers occasionally during the evening near the town centre.,low,v2_original
several potholes are making vehicles slow down and change direction beside the public walkway. We would appreciate assistance with this problem.,medium,v3_targeted_augmentation
A drain cover is slightly loose but still in place close to the bus stop.,low,v2_original
We would like to report that the water pressure is slightly lower than normal in one house close to the local clinic.,low,v3_targeted_augmentation
The situation involves a shallow puddle forms after light rain near the hospital.,low,v2_original
Residents have noticed that wastewater is overflowing from a drain onto the roadside close to the playground. Residents noticed the problem this morning.,medium,v2_original
The situation involves garbage collection has been missed for several days and waste is accumulating near the school. The issue is affecting normal use of the area.,medium,v2_original
dense smoke is causing breathing difficulty among nearby residents near the public market. the condition poses a direct risk to life and safety. Please arrange an inspection.,high,v3_targeted_augmentation
We have noticed that the road surface is damaged in several places and motorcycles are having difficulty passing near the community hall. The condition has remained unchanged since yesterday.,medium,v2_original
The situation involves smoke from a nearby workshop is entering nearby houses near the hospital. The problem can be seen clearly from the roadside.,medium,v2_original
We are experiencing a situation where one street sign is slightly damaged but still readable near the public market. the problem is limited to a small section. Residents are requesting assistance.,low,v3_targeted_augmentation
The situation involves a damaged electrical pole is leaning over a busy road close to the bus stop.,high,v2_original
People in the area are reporting that the road surface is damaged in several places and motorcycles are having difficulty passing close to the playground. People passing through the area are being affected.,medium,v2_original
There is a problem where a single street sign area has minor surface damage along the roadside. The issue is affecting normal use of the area.,low,v2_original
We have noticed that a drain cover is slightly loose but still in place close to the playground. The condition becomes worse during busy periods.,low,v2_original
There is a problem where part of a roadside retaining wall has collapsed onto the traffic lane on the main road. The issue has been reported by households nearby.,high,v2_original
There is a problem where tap water has a slight unusual smell but remains available close to the bus stop. The condition becomes worse during busy periods.,low,v2_original
"near the junction, a minor crack is visible in the pavement. normal access to the area is still possible. Please send the responsible team.",low,v3_targeted_augmentation
We have noticed that smoke from a nearby workshop is entering nearby houses on the main road.,medium,v2_original
There is a problem where a water main failure has flooded the entrance to a hospital near the hospital. Residents noticed the problem this morning.,high,v2_original
People in the area are reporting that a roadside drain is blocked and rainwater is collecting across part of the road near the hospital. People in the area have reported the same issue.,medium,v2_original
We have noticed that a few garbage bags are waiting at the normal collection point at the main junction. Residents noticed the problem this morning.,low,v2_original
Residents have reported that a large chemical spill is spreading across a public road beside the public walkway. someone could be seriously injured if the area is not secured immediately. The relevant department should investigate the problem.,high,v3_targeted_augmentation
There is a problem where a single street sign area has minor surface damage close to the bus stop. The problem has continued despite recent rainfall.,low,v2_original
People in the area are reporting that a sewer blockage is creating a strong smell across several nearby properties close to the bus stop. The condition has remained unchanged since yesterday.,medium,v2_original
Residents have reported that a water pipe is leaking continuously and wasting a large amount of water near the public market. the problem should be addressed before it becomes dangerous. Please inspect the issue.,medium,v3_targeted_augmentation
A local issue has developed where a minor water leak is dripping from a public pipe on the main road. The issue has been reported by households nearby.,low,v2_original
"near the public market, thick black smoke is filling nearby houses and residents are struggling to breathe.",high,v3_targeted_augmentation
"near the public market, a shallow puddle forms after light rain. the issue is noticeable but not currently dangerous. Please take the necessary action.",low,v3_targeted_augmentation
Residents have noticed that tap water has a slight unusual smell but remains available close to the bus stop. People passing through the area are being affected.,low,v2_original
"close to the local clinic, a few pieces of litter are scattered beside the walkway.",low,v3_targeted_augmentation
A local issue has developed where wastewater is overflowing from a drain onto the roadside close to the bus stop.,medium,v2_original
A local issue has developed where a fallen power cable is lying across a pedestrian path near the public market.,high,v2_original
Water supply has been unavailable to a neighbourhood since yesterday close to the bus stop. The problem can be seen clearly from the roadside.,medium,v2_original
The situation involves construction dust is affecting nearby shops and homes throughout the day along the roadside.,medium,v2_original
We have noticed that a few garbage bags are waiting at the normal collection point at the main junction. The problem can be seen clearly from the roadside.,low,v2_original
There is a public complaint because one street lamp is dim but still provides some light along the main road. normal access to the area is still possible. Please address this issue.,low,v3_targeted_augmentation
A local issue has developed where garbage collection has been missed for several days and waste is accumulating near our houses.,medium,v2_original
A local issue has developed where repeated electricity interruptions are affecting many houses near the town centre.,medium,v2_original
We have noticed that a single street sign area has minor surface damage in our neighbourhood.,low,v2_original
There is a problem where an exposed electrical cable is hanging low where pedestrians can reach it in our neighbourhood. Residents noticed the problem this morning.,high,v2_original
The situation involves wastewater is overflowing from a drain onto the roadside near the community hall. The condition becomes worse during busy periods.,medium,v2_original
There is a public complaint because a few pieces of litter are scattered beside the walkway in the residential area. the issue is causing only a minor inconvenience.,low,v3_targeted_augmentation
There is a public complaint because a large chemical spill is spreading across a public road near the school. public access to the area is unsafe. The relevant department should investigate the problem.,high,v3_targeted_augmentation
A local issue has developed where repeated electricity interruptions are affecting many houses in our neighbourhood. The issue has been reported by households nearby.,medium,v2_original
There is a problem where water pressure is too low for many houses in the area near the town centre. The problem has continued despite recent rainfall.,medium,v2_original
There is a problem where tap water has a slight unusual smell but remains available along the roadside. People in the area have reported the same issue.,low,v2_original
The community would like to report that a strong chemical release is affecting people in nearby homes near the playground. people are being exposed to a serious safety hazard. We would appreciate assistance with this problem.,high,v3_targeted_augmentation
There is a problem where a roadside drain is blocked and rainwater is collecting across part of the road along the roadside. The problem has continued despite recent rainfall.,medium,v2_original
We have noticed that thick smoke is causing breathing difficulty among nearby residents on the main road. The issue has been reported by households nearby.,high,v2_original
The situation involves repeated electricity interruptions are affecting many houses near the community hall. Several nearby residents have raised concerns.,medium,v2_original
People in the area are reporting that a roadside drain has some leaves and sediment inside it close to the playground. Residents noticed the problem this morning.,low,v2_original
A local issue has developed where garbage collection has been missed for several days and waste is accumulating on the main road. The condition has remained unchanged since yesterday.,medium,v2_original
The situation involves an exposed electrical cable is hanging low where pedestrians can reach it near the community hall. Residents noticed the problem this morning.,high,v2_original
"outside our building, one street lamp is dim but still provides some light. there is no immediate safety risk. We would appreciate assistance with this problem.",low,v3_targeted_augmentation
An exposed electrical cable is hanging low where pedestrians can reach it at the main junction.,high,v2_original
There is a problem where a major water pipe has burst and water is entering nearby houses along the roadside. The problem has continued despite recent rainfall.,high,v2_original
Residents have noticed that one lamp flickers occasionally during the evening near the school.,low,v2_original
The community would like to report that a drainage outlet is partially blocked and dirty water reaches the walkway near the public market. the issue is causing significant inconvenience. Please take the necessary action.,medium,v3_targeted_augmentation
There is a problem where a minor water leak is dripping from a public pipe along the roadside.,low,v2_original
We have noticed that construction dust is affecting nearby shops and homes throughout the day close to the bus stop. People in the area have reported the same issue.,medium,v2_original
"along the main road, a public waste container has a damaged lid but can still be used.",low,v3_targeted_augmentation
"along the main road, a public bin is partly full but is not overflowing. the problem is limited to a small section. The relevant department should investigate the problem.",low,v3_targeted_augmentation
The situation involves sewage is spreading across a school access road near the hospital. The problem has continued despite recent rainfall.,high,v2_original
an electrical box is open and live components are exposed to pedestrians along the main road.,high,v3_targeted_augmentation
People in the area are reporting that repeated electricity interruptions are affecting many houses near the town centre. Several nearby residents have raised concerns.,medium,v2_original
floodwater is rising quickly around homes and residents cannot leave safely close to the bus stop. public access to the area is unsafe. Please inspect the issue.,high,v3_targeted_augmentation
"close to the town centre, a public bin is partly full but is not overflowing. there is no immediate safety risk. Residents are requesting assistance.",low,v3_targeted_augmentation
Dense smoke from a nearby facility is causing residents to leave their homes near the hospital. The problem has continued despite recent rainfall.,high,v2_original
People in the area are reporting that a small crack has appeared along the edge of a side road near the hospital.,low,v2_original
The situation involves a minor water leak is dripping from a public pipe on the main road.,low,v2_original
There is a problem where a large section of road has collapsed beside a school entrance near our houses. The condition becomes worse during busy periods.,high,v2_original
We have noticed that a large section of road has collapsed beside a school entrance on the main road.,high,v2_original
People in the area are reporting that one lamp flickers occasionally during the evening close to the playground. People in the area have reported the same issue.,low,v2_original
Residents have noticed that wastewater is overflowing from a drain onto the roadside at the main junction. The problem has continued despite recent rainfall.,medium,v2_original
"outside the hospital, a small amount of rubbish has been left near a public bin.",low,v3_targeted_augmentation
There is a problem where wastewater is overflowing from a drain onto the roadside near the school. The issue is affecting normal use of the area.,medium,v2_original
There is a problem where a shallow puddle forms after light rain close to the playground. People passing through the area are being affected.,low,v2_original
The situation involves a water pipe is leaking continuously and a large amount of water is being wasted close to the bus stop. Several nearby residents have raised concerns.,medium,v2_original
"close to the town centre, a public waste container has a damaged lid but can still be used. there is no immediate safety risk.",low,v3_targeted_augmentation
We are experiencing a situation where a shallow pothole has started forming on a quiet side road near the hospital. residents can still use the area normally. The relevant department should investigate the problem.,low,v3_targeted_augmentation
Residents have noticed that one lamp flickers occasionally during the evening in our neighbourhood. Residents noticed the problem this morning.,low,v2_original
"beside the public road, multiple damaged sections of road are affecting normal traffic. the problem should be addressed before it becomes dangerous.",medium,v3_targeted_augmentation
There is a public complaint because an electrical box is open and live components are exposed to pedestrians close to the local clinic. the area should be secured immediately. We would appreciate assistance with this problem.,high,v3_targeted_augmentation
The situation involves a small patch of the road surface has become uneven close to the bus stop.,low,v2_original
There is a problem where a fallen power cable is lying across a pedestrian path near the community hall.,high,v2_original
one household is experiencing slightly reduced water pressure near the community centre.,low,v3_targeted_augmentation
There is a problem where a small patch of the road surface has become uneven near the public market. People in the area have reported the same issue.,low,v2_original
There is a problem where a fallen power cable is lying across a pedestrian path near the hospital. The issue is affecting normal use of the area.,high,v2_original
We are experiencing a situation where a deep hole has opened across most of the traffic lane close to the town centre. public access to the area is unsafe. Please take the necessary action.,high,v3_targeted_augmentation
Residents have noticed that one street lamp is dim but still provides some light near the hospital.,low,v2_original
People in the area are reporting that one street lamp is dim but still provides some light close to the playground.,low,v2_original
We have noticed that a roadside drain is blocked and rainwater is collecting across part of the road near the hospital. Residents noticed the problem this morning.,medium,v2_original
"close to the local clinic, a damaged electrical pole is leaning over a busy road.",high,v3_targeted_augmentation
The situation involves a curb has a small chipped section near the school.,low,v2_original
The community would like to report that a small crack has appeared along the edge of the road at the village entrance. the issue is causing only a minor inconvenience. Please address this issue.,low,v3_targeted_augmentation
People in the area are reporting that a deep hole has opened across most of the traffic lane near a blind bend near our houses. Residents noticed the problem this morning.,high,v2_original
We are experiencing a situation where a few pieces of litter are scattered beside the walkway near the public market. there is no immediate safety risk. Residents are requesting assistance.,low,v3_targeted_augmentation
There is a problem where floodwater has entered houses and is continuing to rise on the main road. The issue is affecting normal use of the area.,high,v2_original
A curb has a small chipped section at the main junction. The problem can be seen clearly from the roadside.,low,v2_original
There is a problem where a curb has a small chipped section in our neighbourhood.,low,v2_original
We are experiencing a situation where a drainage outlet is partially blocked and dirty water reaches the walkway in our neighbourhood. multiple households have reported the same problem. Please arrange an inspection.,medium,v3_targeted_augmentation
Residents have noticed that several potholes are making vehicles slow down on the main road along the roadside. People in the area have reported the same issue.,medium,v2_original
"near the public market, electrical wires are sparking beside a crowded public area. the problem could cause a major accident. The relevant department should investigate the problem.",high,v3_targeted_augmentation
Electrical wires are sparking beside a crowded pedestrian area near the community hall. The problem can be seen clearly from the roadside.,high,v2_original
The situation involves a small patch of the road surface has become uneven near the school. The issue has been reported by households nearby.,low,v2_original
The community would like to report that a damaged power pole appears ready to fall onto passing vehicles close to the local clinic. residents may need emergency assistance. Please take the necessary action.,high,v3_targeted_augmentation
A local issue has developed where a curb has a small chipped section at the main junction. People in the area have reported the same issue.,low,v2_original
There is a problem where water supply has been unavailable to a neighbourhood since yesterday near the town centre.,medium,v2_original
Floodwater has entered houses and is continuing to rise at the main junction. The issue has been reported by households nearby.,high,v2_original
We have noticed that thick smoke is causing breathing difficulty among nearby residents near our houses. The issue is affecting normal use of the area.,high,v2_original
People in the area are reporting that a curb has a small chipped section near our houses.,low,v2_original
The situation involves thick smoke is causing breathing difficulty among nearby residents along the roadside. The problem has continued despite recent rainfall.,high,v2_original
There is a problem where a damaged electrical pole is leaning over a busy road near the town centre. Residents noticed the problem this morning.,high,v2_original
A local issue has developed where a curb has a small chipped section near the community hall. People passing through the area are being affected.,low,v2_original
A local issue has developed where part of a roadside retaining wall has collapsed onto the traffic lane near our houses.,high,v2_original
Residents report that a small amount of dust is affecting one section of the road near the school.,low,v3_targeted_augmentation
A sewer blockage is creating a strong smell across several nearby properties on the main road.,medium,v2_original
The situation involves one street lamp is dim but still provides some light near the hospital.,low,v2_original
People living nearby have noticed that a high-voltage cable has fallen beside a public walkway near the railway station. the situation presents an immediate danger to the public. The relevant department should investigate the problem.,high,v3_targeted_augmentation
A local issue has developed where electrical wires are sparking beside a crowded pedestrian area close to the bus stop.,high,v2_original
There is a problem where floodwater has entered houses and is continuing to rise near the hospital.,high,v2_original
multiple damaged sections of road are affecting normal traffic outside the school. Please inspect the issue.,medium,v3_targeted_augmentation
A local issue has developed where smoke from a nearby workshop is entering nearby houses near the town centre.,medium,v2_original
We have noticed that a water main failure has flooded the entrance to a hospital along the roadside.,high,v2_original
Wastewater is overflowing from a drain onto the roadside near the community hall. The problem has continued despite recent rainfall.,medium,v2_original
A sewer blockage is creating a strong smell across several nearby properties at the main junction. Residents noticed the problem this morning.,medium,v2_original
We have noticed that a small patch of the road surface has become uneven near our houses. The condition becomes worse during busy periods.,low,v2_original
A local issue has developed where water supply has been unavailable to a neighbourhood since yesterday in our neighbourhood. The issue has been reported by households nearby.,medium,v2_original
The situation involves a shallow puddle forms after light rain near the public market. The problem has continued despite recent rainfall.,low,v2_original
The situation involves construction dust is affecting nearby shops and homes throughout the day in our neighbourhood. The condition has remained unchanged since yesterday.,medium,v2_original
Residents report that sewage is flowing into homes from an overflowing manhole near the school.,high,v3_targeted_augmentation
We have noticed that a small amount of litter is scattered near a bus stop in our neighbourhood. Residents noticed the problem this morning.,low,v2_original
Tap water has a slight unusual smell but remains available near the town centre.,low,v2_original
Residents have noticed that a fallen power cable is lying across a pedestrian path at the main junction.,high,v2_original
We are experiencing a situation where one household is experiencing slightly reduced water pressure near our houses. the problem is limited to a small section. The relevant department should investigate the problem.,low,v3_targeted_augmentation
People in the area are reporting that construction dust is affecting nearby shops and homes throughout the day in our neighbourhood. The issue is affecting normal use of the area.,medium,v2_original
People living nearby have noticed that wastewater is overflowing from a drain onto the roadside near the community centre. the problem has continued for more than a day. Please take the necessary action.,medium,v3_targeted_augmentation
There is a problem where there is a small amount of dust near a construction site near the community hall. The issue is affecting normal use of the area.,low,v2_original
Residents have noticed that water pressure is too low for many houses in the area close to the playground. The condition has remained unchanged since yesterday.,medium,v2_original
There is a problem where the road surface is damaged in several places and motorcycles are having difficulty passing near the community hall. Several nearby residents have raised concerns.,medium,v2_original
There is a problem where several street lights along one road are not working near the hospital.,medium,v2_original
A local issue has developed where water pressure is too low for many houses in the area near the town centre.,medium,v2_original
a curb has a small chipped section close to the local clinic.,low,v3_targeted_augmentation
Residents have noticed that tap water has a slight unusual smell but remains available close to the playground. The issue has been reported by households nearby.,low,v2_original
A local issue has developed where a curb has a small chipped section in our neighbourhood. The condition has remained unchanged since yesterday.,low,v2_original
Residents have noticed that several street lights along one road are not working close to the bus stop. The problem has continued despite recent rainfall.,medium,v2_original
We have noticed that a small crack has appeared along the edge of a side road at the main junction. People passing through the area are being affected.,low,v2_original
The community would like to report that water supply has been unavailable to several houses since yesterday near the public market. the area can still be used but with difficulty. Please arrange an inspection.,medium,v3_targeted_augmentation
A local issue has developed where the road surface is damaged in several places and motorcycles are having difficulty passing near the hospital.,medium,v2_original
There is a problem where wastewater is overflowing from a drain onto the roadside near the hospital. The issue is affecting normal use of the area.,medium,v2_original
People in the area are reporting that sewage is flowing into several homes from an overflowing manhole on the main road. The condition has remained unchanged since yesterday.,high,v2_original
Sewage is spreading across a school access road on the main road. People in the area have reported the same issue.,high,v2_original
The situation involves part of a roadside retaining wall has collapsed onto the traffic lane near the hospital.,high,v2_original
an exposed electrical cable is hanging where people can touch it at the village entrance.,high,v3_targeted_augmentation
Residents have noticed that several potholes are making vehicles slow down on the main road close to the bus stop. Several nearby residents have raised concerns.,medium,v2_original
one street sign is slightly damaged but still readable near our houses. residents can still use the area normally. Residents are requesting assistance.,low,v3_targeted_augmentation
A small amount of litter is scattered near a bus stop close to the playground.,low,v2_original
The situation involves sewage is flowing into several homes from an overflowing manhole near the town centre. Several nearby residents have raised concerns.,high,v2_original
People in the area are reporting that construction dust is affecting nearby shops and homes throughout the day on the main road. The condition has remained unchanged since yesterday.,medium,v2_original
Residents have reported that dense smoke is causing breathing difficulty among nearby residents close to the local clinic. urgent intervention is required. Please take the necessary action.,high,v3_targeted_augmentation
Residents have reported that a large chemical spill is spreading across a public road outside the hospital. residents may need emergency assistance. Please take the necessary action.,high,v3_targeted_augmentation
People in the area are reporting that a minor water leak is dripping from a public pipe at the main junction. People passing through the area are being affected.,low,v2_original
People in the area are reporting that construction dust is affecting nearby shops and homes throughout the day near the school.,medium,v2_original
The situation involves several potholes are making vehicles slow down on the main road near the town centre. The problem can be seen clearly from the roadside.,medium,v2_original
The situation involves dense smoke from a nearby facility is causing residents to leave their homes close to the playground. The issue is affecting normal use of the area.,high,v2_original
Residents have reported that wastewater is overflowing from a drain onto the roadside near the railway station. several residents are affected by the problem.,medium,v3_targeted_augmentation
A local issue has developed where sewage is flowing into several homes from an overflowing manhole in our neighbourhood.,high,v2_original
A shallow puddle forms after light rain close to the bus stop. The issue is affecting normal use of the area.,low,v2_original
Residents have noticed that a water pipe is leaking continuously and a large amount of water is being wasted near the hospital. People in the area have reported the same issue.,medium,v2_original
An exposed electrical cable is hanging low where pedestrians can reach it near the school. Several nearby residents have raised concerns.,high,v2_original
We are experiencing a situation where a small crack has appeared along the edge of the road close to the town centre. the issue is causing only a minor inconvenience. The relevant department should investigate the problem.,low,v3_targeted_augmentation
Residents have noticed that electrical wires are sparking beside a crowded pedestrian area on the main road. Residents noticed the problem this morning.,high,v2_original
People in the area are reporting that a few garbage bags are waiting at the normal collection point near our houses. The problem can be seen clearly from the roadside.,low,v2_original
Residents report that floodwater has entered several houses and is continuing to rise close to the bus stop.,high,v3_targeted_augmentation
a strong chemical release is affecting people in nearby homes near the playground. people are being exposed to a serious safety hazard. We would appreciate assistance with this problem.,high,v3_targeted_augmentation
The situation involves a water pipe is leaking continuously and a large amount of water is being wasted near the community hall.,medium,v2_original
There is a problem where a roadside drain is blocked and rainwater is collecting across part of the road on the main road.,medium,v2_original
People in the area are reporting that sewage is flowing into several homes from an overflowing manhole on the main road. The problem can be seen clearly from the roadside.,high,v2_original
The community would like to report that a public bin is partly full but is not overflowing near the hospital. the condition should be checked before it becomes worse. Please send the responsible team.,low,v3_targeted_augmentation
one household is experiencing slightly reduced water pressure outside our building. the issue is causing only a minor inconvenience. We would appreciate assistance with this problem.,low,v3_targeted_augmentation
People in the area are reporting that a drain cover is slightly loose but still in place at the main junction.,low,v2_original
We have noticed that a large section of road has collapsed beside a school entrance near the public market.,high,v2_original
There is a problem where a small crack has appeared along the edge of a side road near the community hall. Several nearby residents have raised concerns.,low,v2_original
We would like to report that a small amount of rubbish has been left near a public bin at the village entrance.,low,v3_targeted_augmentation
There is a problem where water supply has been unavailable to a neighbourhood since yesterday close to the bus stop.,medium,v2_original
There is a problem where a chemical liquid has leaked onto a public road beside residential buildings near the town centre. The issue is affecting normal use of the area.,high,v2_original
There is a problem where there is a small amount of dust near a construction site close to the playground. Several nearby residents have raised concerns.,low,v2_original
A local issue has developed where a small amount of litter is scattered near a bus stop near the community hall. The issue has been reported by households nearby.,low,v2_original
The situation involves there is a small amount of dust near a construction site near the hospital.,low,v2_original
The situation involves a roadside drain is blocked and rainwater is collecting across part of the road on the main road. The condition has remained unchanged since yesterday.,medium,v2_original
"near the community centre, a curb has a small chipped section.",low,v3_targeted_augmentation
Residents have reported that a public bin is partly full but is not overflowing beside the public road. residents can still use the area normally. Residents are requesting assistance.,low,v3_targeted_augmentation
Residents report that a minor water leak is dripping slowly from a public pipe close to the town centre.,low,v3_targeted_augmentation
There is a problem where part of a roadside retaining wall has collapsed onto the traffic lane near the school. The problem can be seen clearly from the roadside.,high,v2_original
The community would like to report that a drain grate is loose and makes a noise when vehicles pass outside our building. the issue is noticeable but not currently dangerous. Residents are requesting assistance.,low,v3_targeted_augmentation
A large section of road has collapsed beside a school entrance in our neighbourhood.,high,v2_original
There is a problem where a sewer blockage is creating a strong smell across several nearby properties in our neighbourhood. The issue has been reported by households nearby.,medium,v2_original
A local issue has developed where a section of road has sunk and vehicles must drive around it close to the playground. The condition becomes worse during busy periods.,medium,v2_original
One lamp flickers occasionally during the evening in our neighbourhood.,low,v2_original
There is a public complaint because an overflowing public bin is spreading waste across the surrounding area outside the hospital. the problem should be addressed before it becomes dangerous. Residents are requesting assistance.,medium,v3_targeted_augmentation
We have noticed that an exposed electrical cable is hanging low where pedestrians can reach it close to the playground.,high,v2_original
There is a problem where a drain cover is slightly loose but still in place near our houses. The condition has remained unchanged since yesterday.,low,v2_original
a street lamp flickers occasionally but remains usable near the community centre. residents can still use the area normally. The relevant department should investigate the problem.,low,v3_targeted_augmentation
The community would like to report that a strong chemical release is affecting people in nearby homes near the junction. the condition poses a direct risk to life and safety. Please inspect the issue.,high,v3_targeted_augmentation
Residents have reported that the road surface is badly cracked and uneven close to the town centre. multiple households have reported the same problem. We would appreciate assistance with this problem.,medium,v3_targeted_augmentation
"near the hospital, a small crack has appeared along the edge of the road. residents can still use the area normally. We would appreciate assistance with this problem.",low,v3_targeted_augmentation
There is a public complaint because a public bin is partly full but is not overflowing near the playground. residents can still use the area normally. Please arrange an inspection.,low,v3_targeted_augmentation
a drain grate is loose and makes a noise when vehicles pass near the railway station.,low,v3_targeted_augmentation
a small amount of rubbish has been left near a public bin near the railway station. The relevant department should investigate the problem.,low,v3_targeted_augmentation
We would like to report that garbage collection has been missed for several days and waste is accumulating near our houses.,medium,v3_targeted_augmentation
Residents have reported that wastewater is overflowing from a drain onto the roadside at the village entrance. residents are requesting prompt attention. Please send the responsible team.,medium,v3_targeted_augmentation
We would like to report that a live electrical wire is lying across a pedestrian path in our neighbourhood.,high,v3_targeted_augmentation
There is a problem where dense smoke from a nearby facility is causing residents to leave their homes near our houses.,high,v2_original
a public bin is partly full but is not overflowing near our houses. Please take the necessary action.,low,v3_targeted_augmentation
A roadside drain has some leaves and sediment inside it in our neighbourhood.,low,v2_original
The situation involves a small crack has appeared along the edge of a side road near the community hall. Several nearby residents have raised concerns.,low,v2_original
People in the area are reporting that several potholes are making vehicles slow down on the main road near our houses.,medium,v2_original
People in the area are reporting that a damaged electrical pole is leaning over a busy road at the main junction.,high,v2_original
The situation involves a water pipe is leaking continuously and a large amount of water is being wasted on the main road.,medium,v2_original
A single street sign area has minor surface damage on the main road.,low,v2_original
"near the public market, several potholes are making vehicles slow down and change direction. the problem should be addressed before it becomes dangerous. We would appreciate assistance with this problem.",medium,v3_targeted_augmentation
We would like to report that an electrical box is open and live components are exposed to pedestrians close to the local clinic.,high,v3_targeted_augmentation
"beside the public walkway, a curb has a small chipped section.",low,v3_targeted_augmentation
A water main failure has flooded the entrance to a hospital on the main road.,high,v2_original
People living nearby have noticed that a large chemical spill is spreading across a public road near the school. residents are at risk of serious injury. Residents are requesting assistance.,high,v3_targeted_augmentation
A local issue has developed where a small amount of litter is scattered near a bus stop at the main junction. The condition becomes worse during busy periods.,low,v2_original
People living nearby have noticed that one street lamp is dim but still provides some light near the railway station. the problem is limited to a small section. Please address this issue.,low,v3_targeted_augmentation
There is a public complaint because a small amount of dust is affecting one section of the road outside the school. the issue is noticeable but not currently dangerous. Please send the responsible team.,low,v3_targeted_augmentation
People in the area are reporting that a section of road has sunk and vehicles must drive around it at the main junction.,medium,v2_original
The situation involves a small patch of the road surface has become uneven along the roadside. The condition becomes worse during busy periods.,low,v2_original
A fallen power cable is lying across a pedestrian path near the public market.,high,v2_original
The situation involves a fallen power cable is lying across a pedestrian path near the town centre. The problem has continued despite recent rainfall.,high,v2_original
"beside the public road, a public bin is partly full but is not overflowing.",low,v3_targeted_augmentation
Residents have noticed that a large section of road has collapsed beside a school entrance in our neighbourhood. People in the area have reported the same issue.,high,v2_original
People in the area are reporting that electrical wires are sparking beside a crowded pedestrian area near our houses. Residents noticed the problem this morning.,high,v2_original
"in the residential area, a group of street lamps is not functioning at night.",medium,v3_targeted_augmentation
A local issue has developed where a deep hole has opened across most of the traffic lane near a blind bend near the town centre. Several nearby residents have raised concerns.,high,v2_original
A curb has a small chipped section near the community hall. Residents noticed the problem this morning.,low,v2_original
A local issue has developed where a small amount of litter is scattered near a bus stop near the school. Several nearby residents have raised concerns.,low,v2_original
"in the residential area, a drain grate is loose and makes a noise when vehicles pass. the issue is noticeable but not currently dangerous. We would appreciate assistance with this problem.",low,v3_targeted_augmentation
People living nearby have noticed that garbage collection has been missed for several days and waste is accumulating near our houses. normal daily activities are being affected. Please inspect the issue.,medium,v3_targeted_augmentation
The situation involves sewage is spreading across a school access road near the school.,high,v2_original
several street lights along the road are not working near the junction.,medium,v3_targeted_augmentation
People in the area are reporting that a damaged electrical pole is leaning over a busy road near the hospital. The issue has been reported by households nearby.,high,v2_original
A local issue has developed where a small crack has appeared along the edge of a side road at the main junction. People in the area have reported the same issue.,low,v2_original
We are experiencing a situation where a small crack has appeared along the edge of the road near our houses. residents can still use the area normally. Residents are requesting assistance.,low,v3_targeted_augmentation
The community would like to report that a small crack has appeared along the edge of the road in the residential area. there is no immediate safety risk. We would appreciate assistance with this problem.,low,v3_targeted_augmentation
Residents have noticed that a roadside drain is blocked and rainwater is collecting across part of the road near the school. People in the area have reported the same issue.,medium,v2_original
There is a problem where a public bin is partly full but not overflowing near the school. The problem can be seen clearly from the roadside.,low,v2_original
People in the area are reporting that a small patch of the road surface has become uneven near the public market.,low,v2_original
A local issue has developed where water supply has been unavailable to a neighbourhood since yesterday near our houses. The problem can be seen clearly from the roadside.,medium,v2_original
People living nearby have noticed that an electrical box is open and live components are exposed to pedestrians near the junction. someone could be seriously injured if the area is not secured immediately. Please address this issue.,high,v3_targeted_augmentation
a public bin is partly full but is not overflowing outside the school.,low,v3_targeted_augmentation
People in the area are reporting that repeated electricity interruptions are affecting many houses along the roadside. Several nearby residents have raised concerns.,medium,v2_original
Residents have reported that several potholes are making vehicles slow down and change direction in our neighbourhood. the problem has continued for more than a day. Please send the responsible team.,medium,v3_targeted_augmentation
People in the area are reporting that repeated electricity interruptions are affecting many houses along the roadside. The problem has continued despite recent rainfall.,medium,v2_original
The community would like to report that the water pressure is slightly lower than normal in one house near our houses. residents can still use the area normally. We would appreciate assistance with this problem.,low,v3_targeted_augmentation
The situation involves a water main failure has flooded the entrance to a hospital in our neighbourhood.,high,v2_original
A deep hole has opened across most of the traffic lane near a blind bend in our neighbourhood.,high,v2_original
We have noticed that a sewer blockage is creating a strong smell across several nearby properties close to the bus stop. People in the area have reported the same issue.,medium,v2_original
The situation involves a section of road has sunk and vehicles must drive around it close to the bus stop. The condition becomes worse during busy periods.,medium,v2_original
The situation involves a chemical liquid has leaked onto a public road beside residential buildings along the roadside.,high,v2_original
People in the area are reporting that a shallow puddle forms after light rain near the hospital. The issue has been reported by households nearby.,low,v2_original
"along the main road, one street lamp is dim but still provides some light. normal access to the area is still possible. Residents are requesting assistance.",low,v3_targeted_augmentation
People in the area are reporting that thick smoke is causing breathing difficulty among nearby residents close to the bus stop.,high,v2_original
People in the area are reporting that a major water pipe has burst and water is entering nearby houses in our neighbourhood. People passing through the area are being affected.,high,v2_original
Residents have noticed that thick smoke is causing breathing difficulty among nearby residents near the school. The issue has been reported by households nearby.,high,v2_original
Residents have noticed that a deep hole has opened across most of the traffic lane near a blind bend near the hospital.,high,v2_original
several street lights along the road are not working near the hospital. residents are requesting prompt attention. The relevant department should investigate the problem.,medium,v3_targeted_augmentation
People in the area are reporting that a sewer blockage is creating a strong smell across several nearby properties along the roadside.,medium,v2_original
The community would like to report that a roadside drain contains some leaves but water can still pass near the railway station. the problem is limited to a small section.,low,v3_targeted_augmentation
A local issue has developed where a small amount of litter is scattered near a bus stop close to the bus stop. People passing through the area are being affected.,low,v2_original
Residents have noticed that water supply has been unavailable to a neighbourhood since yesterday along the roadside. The issue is affecting normal use of the area.,medium,v2_original
Residents have noticed that a section of road has sunk and vehicles must drive around it on the main road. People passing through the area are being affected.,medium,v2_original
The community would like to report that a minor water leak is dripping slowly from a public pipe near the hospital. normal access to the area is still possible. Please arrange an inspection.,low,v3_targeted_augmentation
People in the area are reporting that sewage is spreading across a school access road along the roadside.,high,v2_original
"near the community centre, a minor crack is visible in the pavement. there is no immediate safety risk. Please send the responsible team.",low,v3_targeted_augmentation
We would like to report that a water pipe is leaking continuously and wasting a large amount of water close to the bus stop.,medium,v3_targeted_augmentation
A local issue has developed where sewage is spreading across a school access road near our houses.,high,v2_original
Residents have reported that a major road section has collapsed and vehicles are approaching the damaged area near the railway station. the situation presents an immediate danger to the public. Please send the responsible team.,high,v3_targeted_augmentation
The road surface is damaged in several places and motorcycles are having difficulty passing close to the playground. The condition becomes worse during busy periods.,medium,v2_original
Residents have noticed that tap water has a slight unusual smell but remains available near the public market. The issue is affecting normal use of the area.,low,v2_original
A local issue has developed where a deep hole has opened across most of the traffic lane near a blind bend on the main road.,high,v2_original
"beside the public walkway, a water pipe is leaking continuously and wasting a large amount of water.",medium,v3_targeted_augmentation
We would like to report that a water pipe is leaking continuously and wasting a large amount of water beside the public road.,medium,v3_targeted_augmentation
"close to the town centre, a shallow pothole has started forming on a quiet side road. normal access to the area is still possible. Please take the necessary action.",low,v3_targeted_augmentation
A local issue has developed where thick smoke is causing breathing difficulty among nearby residents near the public market. Residents noticed the problem this morning.,high,v2_original
Residents report that residents are experiencing repeated power cuts during the evening near the playground.,medium,v3_targeted_augmentation
We have noticed that a sewer blockage is creating a strong smell across several nearby properties close to the bus stop. The problem can be seen clearly from the roadside.,medium,v2_original
There is a public complaint because one household is experiencing slightly reduced water pressure along the main road. the problem is limited to a small section. The relevant department should investigate the problem.,low,v3_targeted_augmentation
People in the area are reporting that floodwater has entered houses and is continuing to rise on the main road.,high,v2_original
A local issue has developed where electrical wires are sparking beside a crowded pedestrian area near our houses.,high,v2_original
The situation involves a small amount of litter is scattered near a bus stop close to the playground. People passing through the area are being affected.,low,v2_original
Residents have noticed that smoke from a nearby workshop is entering nearby houses at the main junction. The condition has remained unchanged since yesterday.,medium,v2_original
A local issue has developed where a shallow puddle forms after light rain close to the bus stop.,low,v2_original
We have noticed that one street lamp is dim but still provides some light on the main road. The condition becomes worse during busy periods.,low,v2_original
The situation involves a section of road has sunk and vehicles must drive around it along the roadside. The problem has continued despite recent rainfall.,medium,v2_original
There is a problem where a minor water leak is dripping from a public pipe along the roadside. The issue has been reported by households nearby.,low,v2_original
Residents have noticed that a single street sign area has minor surface damage at the main junction.,low,v2_original
There is a problem where a deep hole has opened across most of the traffic lane near a blind bend on the main road.,high,v2_original
People in the area are reporting that floodwater has entered houses and is continuing to rise near our houses. The issue is affecting normal use of the area.,high,v2_original
"close to the town centre, floodwater is rising quickly around homes and residents cannot leave safely. urgent intervention is required. We would appreciate assistance with this problem.",high,v3_targeted_augmentation
There is a problem where a deep hole has opened across most of the traffic lane near a blind bend near the community hall. The issue has been reported by households nearby.,high,v2_original
A local issue has developed where floodwater has entered houses and is continuing to rise near the school. People passing through the area are being affected.,high,v2_original
The situation involves water supply has been unavailable to a neighbourhood since yesterday close to the bus stop.,medium,v2_original
A local issue has developed where a major water pipe has burst and water is entering nearby houses near our houses.,high,v2_original
A major water pipe has burst and water is entering nearby houses close to the bus stop. The issue has been reported by households nearby.,high,v2_original
The situation involves dense smoke from a nearby facility is causing residents to leave their homes close to the playground. The problem has continued despite recent rainfall.,high,v2_original
We would like to report that a high-voltage cable has fallen beside a public walkway beside the public walkway.,high,v3_targeted_augmentation
a few pieces of litter are scattered beside the walkway near the playground.,low,v3_targeted_augmentation
wastewater is overflowing from a drain onto the roadside in our neighbourhood. Please inspect the issue.,medium,v3_targeted_augmentation
The situation involves a shallow puddle forms after light rain near the town centre.,low,v2_original
"near the public market, electrical wires are sparking beside a crowded public area. people are being exposed to a serious safety hazard. Please arrange an inspection.",high,v3_targeted_augmentation
The situation involves a roadside drain is blocked and rainwater is collecting across part of the road in our neighbourhood. The issue is affecting normal use of the area.,medium,v2_original
dense smoke is causing breathing difficulty among nearby residents close to the bus stop.,high,v3_targeted_augmentation
Residents have noticed that garbage collection has been missed for several days and waste is accumulating near the hospital. The issue has been reported by households nearby.,medium,v2_original
the road surface is badly cracked and uneven close to the town centre. residents are requesting prompt attention. Please arrange an inspection.,medium,v3_targeted_augmentation
a chemical liquid has spilled near houses and is producing strong fumes near the playground. the problem could cause a major accident.,high,v3_targeted_augmentation
A small crack has appeared along the edge of a side road near the town centre.,low,v2_original
"near the junction, wastewater is overflowing from a drain onto the roadside. residents are requesting prompt attention. Please address this issue.",medium,v3_targeted_augmentation
The community would like to report that electrical wires are sparking beside a crowded public area outside our building. the problem could cause a major accident. Please arrange an inspection.,high,v3_targeted_augmentation
"near the playground, garbage collection has been missed for several days and waste is accumulating.",medium,v3_targeted_augmentation
People in the area are reporting that one street lamp is dim but still provides some light along the roadside. The issue has been reported by households nearby.,low,v2_original
Residents have reported that a deep hole has opened across most of the traffic lane along the main road. someone could be seriously injured if the area is not secured immediately. Please inspect the issue.,high,v3_targeted_augmentation
We would like to report that a public bin is partly full but is not overflowing near the junction.,low,v3_targeted_augmentation
People in the area are reporting that a small amount of litter is scattered near a bus stop near the community hall. Residents noticed the problem this morning.,low,v2_original
Residents have noticed that a curb has a small chipped section on the main road. The problem has continued despite recent rainfall.,low,v2_original
an overflowing public bin is spreading waste across the surrounding area outside the school. multiple households have reported the same problem. Please take the necessary action.,medium,v3_targeted_augmentation
Residents have noticed that a small amount of litter is scattered near a bus stop near our houses. People in the area have reported the same issue.,low,v2_original
Residents report that tap water has a slight unusual smell but remains available close to the town centre.,low,v3_targeted_augmentation
People in the area are reporting that a section of road has sunk and vehicles must drive around it near the community hall.,medium,v2_original
A local issue has developed where a large public waste bin is overflowing onto the pavement in our neighbourhood. The condition becomes worse during busy periods.,medium,v2_original
The community would like to report that a major road section has collapsed and vehicles are approaching the damaged area outside our building. residents may need emergency assistance. The relevant department should investigate the problem.,high,v3_targeted_augmentation
People in the area are reporting that a section of road has sunk and vehicles must drive around it near the public market.,medium,v2_original
an exposed electrical cable is hanging where people can touch it near the public market. the situation presents an immediate danger to the public. Please address this issue.,high,v3_targeted_augmentation
People in the area are reporting that a minor water leak is dripping from a public pipe in our neighbourhood. The condition becomes worse during busy periods.,low,v2_original
"near the community centre, a damaged power pole appears ready to fall onto passing vehicles. people are being exposed to a serious safety hazard. We would appreciate assistance with this problem.",high,v3_targeted_augmentation
the road surface is badly cracked and uneven near the community centre.,medium,v3_targeted_augmentation
Residents have noticed that thick smoke is causing breathing difficulty among nearby residents near the community hall. Residents noticed the problem this morning.,high,v2_original
There is a problem where a drain cover is slightly loose but still in place at the main junction. The problem can be seen clearly from the roadside.,low,v2_original
The situation involves thick smoke is causing breathing difficulty among nearby residents near the hospital. The issue has been reported by households nearby.,high,v2_original
People in the area are reporting that dense smoke from a nearby facility is causing residents to leave their homes at the main junction. People in the area have reported the same issue.,high,v2_original
A local issue has developed where a large section of road has collapsed beside a school entrance near the public market. The condition becomes worse during busy periods.,high,v2_original
A small patch of the road surface has become uneven near the public market. The issue has been reported by households nearby.,low,v2_original
We have noticed that part of a roadside retaining wall has collapsed onto the traffic lane close to the bus stop. The issue has been reported by households nearby.,high,v2_original
There is a public complaint because an exposed electrical cable is hanging where people can touch it outside the hospital. public access to the area is unsafe. We would appreciate assistance with this problem.,high,v3_targeted_augmentation
People in the area are reporting that one lamp flickers occasionally during the evening near the public market.,low,v2_original
Residents have noticed that a shallow puddle forms after light rain on the main road.,low,v2_original
The situation involves a major water pipe has burst and water is entering nearby houses near the community hall.,high,v2_original
Residents have noticed that water supply has been unavailable to a neighbourhood since yesterday near the school. The problem has continued despite recent rainfall.,medium,v2_original
There is a problem where repeated electricity interruptions are affecting many houses near the school. People passing through the area are being affected.,medium,v2_original
There is a problem where a large public waste bin is overflowing onto the pavement close to the bus stop. People passing through the area are being affected.,medium,v2_original
We have noticed that thick smoke is causing breathing difficulty among nearby residents near the public market. People in the area have reported the same issue.,high,v2_original
"beside the public walkway, a public area has accumulated a large amount of uncollected rubbish. residents are requesting prompt attention.",medium,v3_targeted_augmentation
Residents have reported that a large tree has fallen onto electrical lines above the road beside the public walkway. residents are at risk of serious injury. Please address this issue.,high,v3_targeted_augmentation
Residents have noticed that sewage is flowing into several homes from an overflowing manhole at the main junction.,high,v2_original
The community would like to report that garbage collection has been missed for several days and waste is accumulating near the community centre. the situation becomes worse during rainfall. We would appreciate assistance with this problem.,medium,v3_targeted_augmentation
There is a small amount of dust near a construction site close to the playground.,low,v2_original
"along the main road, a high-voltage cable has fallen beside a public walkway.",high,v3_targeted_augmentation
The situation involves several potholes are making vehicles slow down on the main road near our houses.,medium,v2_original
The community would like to report that a small amount of rubbish has been left near a public bin along the main road. residents can still use the area normally. Residents are requesting assistance.,low,v3_targeted_augmentation
water supply has been unavailable to several houses since yesterday near the school.,medium,v3_targeted_augmentation
Residents report that a small patch of road surface has become uneven along the main road.,low,v3_targeted_augmentation
sewage is flowing into homes from an overflowing manhole in our neighbourhood. Please arrange an inspection.,high,v3_targeted_augmentation
"in our neighbourhood, a few pieces of litter are scattered beside the walkway. the issue is causing only a minor inconvenience. Please inspect the issue.",low,v3_targeted_augmentation
People in the area are reporting that part of a roadside retaining wall has collapsed onto the traffic lane in our neighbourhood.,high,v2_original
There is a problem where a minor water leak is dripping from a public pipe near the school.,low,v2_original
A local issue has developed where a shallow puddle forms after light rain near the hospital.,low,v2_original
A water pipe is leaking continuously and a large amount of water is being wasted near the public market. The problem can be seen clearly from the roadside.,medium,v2_original
A roadside drain has some leaves and sediment inside it near the town centre.,low,v2_original
We have noticed that a roadside drain is blocked and rainwater is collecting across part of the road near the school.,medium,v2_original
There is a public complaint because floodwater is rising quickly around homes and residents cannot leave safely close to the town centre. residents are at risk of serious injury. Please send the responsible team.,high,v3_targeted_augmentation
The situation involves a small patch of the road surface has become uneven near the town centre.,low,v2_original
People in the area are reporting that a minor water leak is dripping from a public pipe close to the playground. The issue has been reported by households nearby.,low,v2_original
Residents have reported that a public waste container has a damaged lid but can still be used along the main road. normal access to the area is still possible. Please arrange an inspection.,low,v3_targeted_augmentation
People in the area are reporting that sewage is flowing into several homes from an overflowing manhole in our neighbourhood. Several nearby residents have raised concerns.,high,v2_original
water service keeps stopping for several hours at a time near the hospital. the problem should be addressed before it becomes dangerous. Please send the responsible team.,medium,v3_targeted_augmentation
Residents have reported that a curb has a small chipped section outside the hospital. residents can still use the area normally. Please inspect the issue.,low,v3_targeted_augmentation
A local issue has developed where garbage collection has been missed for several days and waste is accumulating close to the bus stop. People passing through the area are being affected.,medium,v2_original
There is a problem where an exposed electrical cable is hanging low where pedestrians can reach it close to the bus stop. The condition becomes worse during busy periods.,high,v2_original
a section of road has sunk and vehicles must drive around it near the railway station.,medium,v3_targeted_augmentation
A drain cover is slightly loose but still in place near our houses. The issue has been reported by households nearby.,low,v2_original
We have noticed that dense smoke from a nearby facility is causing residents to leave their homes near the school. The problem can be seen clearly from the roadside.,high,v2_original
We have noticed that sewage is spreading across a school access road near the town centre. The condition becomes worse during busy periods.,high,v2_original
We have noticed that a few garbage bags are waiting at the normal collection point along the roadside. Residents noticed the problem this morning.,low,v2_original
We have noticed that electrical wires are sparking beside a crowded pedestrian area along the roadside. The problem has continued despite recent rainfall.,high,v2_original
There is a problem where an exposed electrical cable is hanging low where pedestrians can reach it close to the bus stop. The condition has remained unchanged since yesterday.,high,v2_original
dense smoke is causing breathing difficulty among nearby residents outside the hospital. the problem could cause a major accident. The relevant department should investigate the problem.,high,v3_targeted_augmentation
water pressure is too low for many houses in the area near the hospital. residents are requesting prompt attention. We would appreciate assistance with this problem.,medium,v3_targeted_augmentation
We have noticed that a fallen power cable is lying across a pedestrian path near the public market. The issue is affecting normal use of the area.,high,v2_original
The situation involves a roadside drain has some leaves and sediment inside it close to the playground. Several nearby residents have raised concerns.,low,v2_original
Residents have noticed that wastewater is overflowing from a drain onto the roadside near the town centre. The condition has remained unchanged since yesterday.,medium,v2_original
We have noticed that a small crack has appeared along the edge of a side road near the hospital. The issue has been reported by households nearby.,low,v2_original
The community would like to report that a drainage outlet is partially blocked and dirty water reaches the walkway beside the public walkway. the issue is causing significant inconvenience. Please inspect the issue.,medium,v3_targeted_augmentation
We are experiencing a situation where smoke from a nearby workshop is regularly entering nearby houses along the main road. multiple households have reported the same problem. Please take the necessary action.,medium,v3_targeted_augmentation
The community would like to report that a roadside drain contains some leaves but water can still pass close to the bus stop. the issue is noticeable but not currently dangerous.,low,v3_targeted_augmentation
The situation involves a single street sign area has minor surface damage along the roadside.,low,v2_original
We have noticed that wastewater is overflowing from a drain onto the roadside near our houses.,medium,v2_original
The situation involves sewage is spreading across a school access road at the main junction. The issue is affecting normal use of the area.,high,v2_original
"beside the public walkway, a damaged electrical pole is leaning over a busy road.",high,v3_targeted_augmentation
The community would like to report that dense smoke is causing breathing difficulty among nearby residents near our houses. someone could be seriously injured if the area is not secured immediately. The relevant department should investigate the problem.,high,v3_targeted_augmentation
"near our houses, a small crack has appeared along the edge of the road.",low,v3_targeted_augmentation
The road surface is damaged in several places and motorcycles are having difficulty passing along the roadside. The condition becomes worse during busy periods.,medium,v2_original
We are experiencing a situation where an exposed electrical cable is hanging where people can touch it along the main road. public access to the area is unsafe. Please arrange an inspection.,high,v3_targeted_augmentation
People in the area are reporting that a drain cover is slightly loose but still in place close to the playground. The condition has remained unchanged since yesterday.,low,v2_original
People in the area are reporting that a drain cover is slightly loose but still in place near the hospital.,low,v2_original
Residents have noticed that a damaged electrical pole is leaning over a busy road near the town centre.,high,v2_original
Residents have noticed that sewage is flowing into several homes from an overflowing manhole near the public market. The problem can be seen clearly from the roadside.,high,v2_original
A local issue has developed where an exposed electrical cable is hanging low where pedestrians can reach it on the main road.,high,v2_original
There is a problem where a water pipe is leaking continuously and a large amount of water is being wasted near the public market.,medium,v2_original
residents are experiencing repeated power cuts during the evening beside the public walkway.,medium,v3_targeted_augmentation
People in the area are reporting that a major water pipe has burst and water is entering nearby houses near the town centre.,high,v2_original
The situation involves sewage is spreading across a school access road at the main junction.,high,v2_original
a drain grate is loose and makes a noise when vehicles pass near the hospital.,low,v3_targeted_augmentation
The situation involves the road surface is damaged in several places and motorcycles are having difficulty passing on the main road.,medium,v2_original
The community would like to report that a curb has a small chipped section beside the public walkway. the condition should be checked before it becomes worse.,low,v3_targeted_augmentation
A local issue has developed where a minor water leak is dripping from a public pipe at the main junction.,low,v2_original
Garbage collection has been missed for several days and waste is accumulating near the community hall.,medium,v2_original
We have noticed that there is a small amount of dust near a construction site near the town centre.,low,v2_original
A local issue has developed where a roadside drain is blocked and rainwater is collecting across part of the road on the main road. The issue has been reported by households nearby.,medium,v2_original
Floodwater has entered houses and is continuing to rise close to the playground.,high,v2_original
We are experiencing a situation where several street lights along the road are not working close to the local clinic. the issue is causing significant inconvenience. Please inspect the issue.,medium,v3_targeted_augmentation
People in the area are reporting that a single street sign area has minor surface damage along the roadside. The problem has continued despite recent rainfall.,low,v2_original
A local issue has developed where electrical wires are sparking beside a crowded pedestrian area close to the playground. The condition becomes worse during busy periods.,high,v2_original
a roadside drain is blocked and rainwater is collecting across part of the road near the railway station.,medium,v3_targeted_augmentation
People in the area are reporting that floodwater has entered houses and is continuing to rise along the roadside. The problem can be seen clearly from the roadside.,high,v2_original
People in the area are reporting that a fallen power cable is lying across a pedestrian path along the roadside. The condition has remained unchanged since yesterday.,high,v2_original
Residents have noticed that an exposed electrical cable is hanging low where pedestrians can reach it near the community hall.,high,v2_original
We would like to report that a damaged power pole appears ready to fall onto passing vehicles outside the school.,high,v3_targeted_augmentation
The community would like to report that a deep hole has opened across most of the traffic lane near our houses. residents are at risk of serious injury. Please inspect the issue.,high,v3_targeted_augmentation
We have noticed that a large section of road has collapsed beside a school entrance on the main road. The issue is affecting normal use of the area.,high,v2_original
"outside the hospital, a water pipe is leaking continuously and wasting a large amount of water. multiple households have reported the same problem. The relevant department should investigate the problem.",medium,v3_targeted_augmentation
A water main failure has flooded the entrance to a hospital along the roadside.,high,v2_original
A local issue has developed where a sewer blockage is creating a strong smell across several nearby properties near the hospital.,medium,v2_original
Residents report that water pressure is too low for many houses in the area outside our building.,medium,v3_targeted_augmentation
Residents have noticed that a small patch of the road surface has become uneven near the school.,low,v2_original
People living nearby have noticed that multiple damaged sections of road are affecting normal traffic near the playground. residents are requesting prompt attention. Please take the necessary action.,medium,v3_targeted_augmentation
The community would like to report that dense smoke is causing breathing difficulty among nearby residents close to the bus stop. someone could be seriously injured if the area is not secured immediately.,high,v3_targeted_augmentation
People in the area are reporting that a chemical liquid has leaked onto a public road beside residential buildings near our houses. People passing through the area are being affected.,high,v2_original
People living nearby have noticed that a large chemical spill is spreading across a public road beside the public walkway. public access to the area is unsafe. Please arrange an inspection.,high,v3_targeted_augmentation
The situation involves one street lamp is dim but still provides some light at the main junction. The condition becomes worse during busy periods.,low,v2_original
People in the area are reporting that a single street sign area has minor surface damage close to the playground.,low,v2_original
A water pipe is leaking continuously and a large amount of water is being wasted near the public market. The problem has continued despite recent rainfall.,medium,v2_original
a major road section has collapsed and vehicles are approaching the damaged area in our neighbourhood.,high,v3_targeted_augmentation
There is a public complaint because one household is experiencing slightly reduced water pressure in our neighbourhood. normal access to the area is still possible. Residents are requesting assistance.,low,v3_targeted_augmentation
People living nearby have noticed that a street lamp flickers occasionally but remains usable close to the bus stop. residents can still use the area normally. Please take the necessary action.,low,v3_targeted_augmentation
We would like to report that several potholes are making vehicles slow down and change direction along the main road.,medium,v3_targeted_augmentation
People in the area are reporting that a shallow puddle forms after light rain near the hospital. The condition has remained unchanged since yesterday.,low,v2_original
a strong chemical release is affecting people in nearby homes near the junction.,high,v3_targeted_augmentation
A local issue has developed where a roadside drain is blocked and rainwater is collecting across part of the road near the town centre. The condition has remained unchanged since yesterday.,medium,v2_original
The situation involves several potholes are making vehicles slow down on the main road on the main road. The issue has been reported by households nearby.,medium,v2_original
We have noticed that construction dust is affecting nearby shops and homes throughout the day close to the playground. Several nearby residents have raised concerns.,medium,v2_original
There is a public complaint because an exposed electrical cable is hanging where people can touch it in our neighbourhood. residents are at risk of serious injury. Please take the necessary action.,high,v3_targeted_augmentation
The community would like to report that electrical wires are sparking beside a crowded public area near our houses. residents may need emergency assistance.,high,v3_targeted_augmentation
We are experiencing a situation where a live electrical wire is lying across a pedestrian path near the community centre. people are being exposed to a serious safety hazard. Residents are requesting assistance.,high,v3_targeted_augmentation
We have noticed that a fallen power cable is lying across a pedestrian path in our neighbourhood. Residents noticed the problem this morning.,high,v2_original
the road surface is badly cracked and uneven close to the bus stop. the situation becomes worse during rainfall. The relevant department should investigate the problem.,medium,v3_targeted_augmentation
floodwater has entered several houses and is continuing to rise close to the local clinic. residents are at risk of serious injury.,high,v3_targeted_augmentation
a group of street lamps is not functioning at night beside the public walkway. Residents are requesting assistance.,medium,v3_targeted_augmentation
There is a problem where a damaged electrical pole is leaning over a busy road near the public market. Several nearby residents have raised concerns.,high,v2_original
We are experiencing a situation where a curb has a small chipped section at the village entrance. the service remains available despite the issue. Residents are requesting assistance.,low,v3_targeted_augmentation
A local issue has developed where smoke from a nearby workshop is entering nearby houses near the public market.,medium,v2_original
a damaged electrical pole is leaning over a busy road near the playground. the condition poses a direct risk to life and safety. We would appreciate assistance with this problem.,high,v3_targeted_augmentation
A shallow puddle forms after light rain on the main road.,low,v2_original
People in the area are reporting that a water pipe is leaking continuously and a large amount of water is being wasted near the hospital. People in the area have reported the same issue.,medium,v2_original
a curb has a small chipped section in the residential area. residents can still use the area normally. Please take the necessary action.,low,v3_targeted_augmentation
A roadside drain has some leaves and sediment inside it close to the playground.,low,v2_original
Residents have reported that one household is experiencing slightly reduced water pressure in our neighbourhood. residents can still use the area normally. Please address this issue.,low,v3_targeted_augmentation
There is a problem where a drain cover is slightly loose but still in place in our neighbourhood. Residents noticed the problem this morning.,low,v2_original
We have noticed that a small amount of litter is scattered near a bus stop on the main road.,low,v2_original
The situation involves a large public waste bin is overflowing onto the pavement near the school.,medium,v2_original
The situation involves sewage is spreading across a school access road close to the playground. The condition has remained unchanged since yesterday.,high,v2_original
People in the area are reporting that smoke from a nearby workshop is entering nearby houses in our neighbourhood. The issue is affecting normal use of the area.,medium,v2_original
People in the area are reporting that several street lights along one road are not working close to the bus stop.,medium,v2_original
We would like to report that the road surface is badly cracked and uneven along the main road.,medium,v3_targeted_augmentation
Residents have noticed that a damaged electrical pole is leaning over a busy road near the public market. Several nearby residents have raised concerns.,high,v2_original
a small amount of dust is affecting one section of the road near the playground.,low,v3_targeted_augmentation
several street lights along the road are not working outside the hospital. several residents are affected by the problem. The relevant department should investigate the problem.,medium,v3_targeted_augmentation
The situation involves one lamp flickers occasionally during the evening close to the playground. The condition has remained unchanged since yesterday.,low,v2_original
Residents have noticed that a roadside drain is blocked and rainwater is collecting across part of the road near the community hall.,medium,v2_original
Residents have reported that a damaged power pole appears ready to fall onto passing vehicles near the school. the condition poses a direct risk to life and safety. The relevant department should investigate the problem.,high,v3_targeted_augmentation
The situation involves wastewater is overflowing from a drain onto the roadside along the roadside. Residents noticed the problem this morning.,medium,v2_original
Construction dust is affecting nearby shops and homes throughout the day near the school.,medium,v2_original
We have noticed that a single street sign area has minor surface damage on the main road.,low,v2_original
We have noticed that a chemical liquid has leaked onto a public road beside residential buildings on the main road. The condition becomes worse during busy periods.,high,v2_original
a shallow puddle forms after light rain near the junction.,low,v3_targeted_augmentation
a sewer blockage is producing a strong smell across nearby properties beside the public road. Please send the responsible team.,medium,v3_targeted_augmentation
People in the area are reporting that a roadside drain is blocked and rainwater is collecting across part of the road near the hospital.,medium,v2_original
There is a problem where a water pipe is leaking continuously and a large amount of water is being wasted close to the playground.,medium,v2_original
Residents report that a sewer blockage is producing a strong smell across nearby properties near the playground.,medium,v3_targeted_augmentation
"outside the school, a roadside drain contains some leaves but water can still pass. the issue is causing only a minor inconvenience. We would appreciate assistance with this problem.",low,v3_targeted_augmentation
"near the playground, a large tree has fallen onto electrical lines above the road. people are being exposed to a serious safety hazard.",high,v3_targeted_augmentation
We have noticed that several street lights along one road are not working on the main road. The issue is affecting normal use of the area.,medium,v2_original
wastewater is overflowing from a drain onto the roadside near the school. the situation becomes worse during rainfall. Please send the responsible team.,medium,v3_targeted_augmentation
The situation involves a large public waste bin is overflowing onto the pavement close to the bus stop. The condition becomes worse during busy periods.,medium,v2_original
a small crack has appeared along the edge of the road outside our building. the service remains available despite the issue. The relevant department should investigate the problem.,low,v3_targeted_augmentation
A local issue has developed where a section of road has sunk and vehicles must drive around it close to the bus stop.,medium,v2_original
We would like to report that a minor crack is visible in the pavement near the community centre.,low,v3_targeted_augmentation
A local issue has developed where a small amount of litter is scattered near a bus stop near our houses. The issue has been reported by households nearby.,low,v2_original
sewage is flowing into homes from an overflowing manhole beside the public walkway. urgent intervention is required. Residents are requesting assistance.,high,v3_targeted_augmentation
A local issue has developed where a large public waste bin is overflowing onto the pavement on the main road. The problem can be seen clearly from the roadside.,medium,v2_original
The situation involves several street lights along one road are not working near our houses.,medium,v2_original
The situation involves a deep hole has opened across most of the traffic lane near a blind bend along the roadside. People passing through the area are being affected.,high,v2_original
There is a public complaint because the water pressure is slightly lower than normal in one house near the junction. the issue is causing only a minor inconvenience. Residents are requesting assistance.,low,v3_targeted_augmentation
There is a problem where a deep hole has opened across most of the traffic lane near a blind bend close to the playground.,high,v2_original
a minor water leak is dripping slowly from a public pipe near the public market. The relevant department should investigate the problem.,low,v3_targeted_augmentation
People living nearby have noticed that an exposed electrical cable is hanging where people can touch it close to the local clinic. the condition poses a direct risk to life and safety. Please arrange an inspection.,high,v3_targeted_augmentation
Floodwater has entered houses and is continuing to rise on the main road. The problem can be seen clearly from the roadside.,high,v2_original
"near our houses, floodwater is rising quickly around homes and residents cannot leave safely. the condition poses a direct risk to life and safety. Residents are requesting assistance.",high,v3_targeted_augmentation
A local issue has developed where water supply has been unavailable to a neighbourhood since yesterday along the roadside. People passing through the area are being affected.,medium,v2_original
We have noticed that construction dust is affecting nearby shops and homes throughout the day close to the playground. People in the area have reported the same issue.,medium,v2_original
People in the area are reporting that several street lights along one road are not working near the hospital. The condition has remained unchanged since yesterday.,medium,v2_original
The situation involves several potholes are making vehicles slow down on the main road close to the bus stop. Several nearby residents have raised concerns.,medium,v2_original
"close to the town centre, water pressure is too low for many houses in the area.",medium,v3_targeted_augmentation
We would like to report that dense smoke is causing breathing difficulty among nearby residents outside the school.,high,v3_targeted_augmentation
People in the area are reporting that a section of road has sunk and vehicles must drive around it near the hospital.,medium,v2_original
There is a public complaint because a small crack has appeared along the edge of the road near the community centre. residents can still use the area normally. Please address this issue.,low,v3_targeted_augmentation
Residents have reported that a street lamp flickers occasionally but remains usable close to the bus stop. normal access to the area is still possible. Please take the necessary action.,low,v3_targeted_augmentation
a deep hole has opened across most of the traffic lane at the village entrance.,high,v3_targeted_augmentation
There is a public complaint because a public bin is partly full but is not overflowing near the community centre. the condition should be checked before it becomes worse. Please arrange an inspection.,low,v3_targeted_augmentation
There is a public complaint because the water pressure is slightly lower than normal in one house beside the public road. the service remains available despite the issue. Please take the necessary action.,low,v3_targeted_augmentation
The situation involves a deep hole has opened across most of the traffic lane near a blind bend close to the playground. Residents noticed the problem this morning.,high,v2_original
"near the playground, multiple damaged sections of road are affecting normal traffic.",medium,v3_targeted_augmentation
We have noticed that construction dust is affecting nearby shops and homes throughout the day near the community hall. The condition becomes worse during busy periods.,medium,v2_original
We are experiencing a situation where floodwater is rising quickly around homes and residents cannot leave safely near the community centre. the problem could cause a major accident. We would appreciate assistance with this problem.,high,v3_targeted_augmentation
We have noticed that a fallen power cable is lying across a pedestrian path near the school.,high,v2_original
People in the area are reporting that a few garbage bags are waiting at the normal collection point close to the bus stop. People in the area have reported the same issue.,low,v2_original
There is a public complaint because tap water has a slight unusual smell but remains available outside the school. normal access to the area is still possible. The relevant department should investigate the problem.,low,v3_targeted_augmentation
a live electrical wire is lying across a pedestrian path in the residential area. public access to the area is unsafe. We would appreciate assistance with this problem.,high,v3_targeted_augmentation
People in the area are reporting that sewage is spreading across a school access road close to the playground. Residents noticed the problem this morning.,high,v2_original
A large public waste bin is overflowing onto the pavement on the main road.,medium,v2_original
There is a problem where a sewer blockage is creating a strong smell across several nearby properties near the community hall.,medium,v2_original
People in the area are reporting that a shallow puddle forms after light rain at the main junction. People passing through the area are being affected.,low,v2_original
We have noticed that a deep hole has opened across most of the traffic lane near a blind bend in our neighbourhood. The problem has continued despite recent rainfall.,high,v2_original
The situation involves floodwater has entered houses and is continuing to rise in our neighbourhood.,high,v2_original
"near the playground, sewage is flowing into homes from an overflowing manhole. the condition poses a direct risk to life and safety.",high,v3_targeted_augmentation
People living nearby have noticed that a water pipe is leaking continuously and wasting a large amount of water near the playground. normal daily activities are being affected. The relevant department should investigate the problem.,medium,v3_targeted_augmentation
People living nearby have noticed that a drain grate is loose and makes a noise when vehicles pass beside the public walkway. the service remains available despite the issue. The relevant department should investigate the problem.,low,v3_targeted_augmentation
We would like to report that a few pieces of litter are scattered beside the walkway in our neighbourhood.,low,v3_targeted_augmentation
a high-voltage cable has fallen beside a public walkway near the railway station. residents may need emergency assistance. The relevant department should investigate the problem.,high,v3_targeted_augmentation
The community would like to report that floodwater has entered several houses and is continuing to rise beside the public walkway. someone could be seriously injured if the area is not secured immediately. Please send the responsible team.,high,v3_targeted_augmentation
Residents have noticed that a public bin is partly full but not overflowing along the roadside.,low,v2_original
The situation involves garbage collection has been missed for several days and waste is accumulating near the town centre.,medium,v2_original
a sewer blockage is producing a strong smell across nearby properties in our neighbourhood. the problem should be addressed before it becomes dangerous. The relevant department should investigate the problem.,medium,v3_targeted_augmentation
The community would like to report that a group of street lamps is not functioning at night near the public market. multiple households have reported the same problem. Residents are requesting assistance.,medium,v3_targeted_augmentation
"near the playground, a minor crack is visible in the pavement. the condition should be checked before it becomes worse. Please take the necessary action.",low,v3_targeted_augmentation
We have noticed that one lamp flickers occasionally during the evening on the main road.,low,v2_original
a water pipe is leaking continuously and wasting a large amount of water near the playground. Please send the responsible team.,medium,v3_targeted_augmentation
We would like to report that several potholes are making vehicles slow down and change direction near the playground.,medium,v3_targeted_augmentation
The situation involves one street lamp is dim but still provides some light along the roadside. The problem can be seen clearly from the roadside.,low,v2_original
Residents have noticed that thick smoke is causing breathing difficulty among nearby residents near the school. The condition has remained unchanged since yesterday.,high,v2_original
Residents have noticed that water pressure is too low for many houses in the area near the school. People in the area have reported the same issue.,medium,v2_original
A small patch of the road surface has become uneven close to the playground. The problem can be seen clearly from the roadside.,low,v2_original
The situation involves repeated electricity interruptions are affecting many houses near the community hall.,medium,v2_original
People in the area are reporting that a roadside drain has some leaves and sediment inside it near the community hall. People in the area have reported the same issue.,low,v2_original
Wastewater is overflowing from a drain onto the roadside close to the bus stop.,medium,v2_original
The situation involves one lamp flickers occasionally during the evening near the school. The problem can be seen clearly from the roadside.,low,v2_original
The situation involves a deep hole has opened across most of the traffic lane near a blind bend near the public market.,high,v2_original
People in the area are reporting that a large public waste bin is overflowing onto the pavement on the main road. The condition becomes worse during busy periods.,medium,v2_original
There is a public complaint because a drainage channel is blocked and causes flooding during normal rainfall near the railway station. multiple households have reported the same problem. We would appreciate assistance with this problem.,medium,v3_targeted_augmentation
"in our neighbourhood, a public bin is partly full but is not overflowing.",low,v3_targeted_augmentation
The road surface is damaged in several places and motorcycles are having difficulty passing along the roadside. The issue has been reported by households nearby.,medium,v2_original
Residents have noticed that a small crack has appeared along the edge of a side road near the hospital.,low,v2_original
We have noticed that thick smoke is causing breathing difficulty among nearby residents in our neighbourhood.,high,v2_original
A local issue has developed where a single street sign area has minor surface damage near our houses. People passing through the area are being affected.,low,v2_original
Residents have noticed that thick smoke is causing breathing difficulty among nearby residents close to the bus stop. The issue has been reported by households nearby.,high,v2_original
Residents have reported that the road surface is badly cracked and uneven near the hospital. the issue is causing significant inconvenience. Please inspect the issue.,medium,v3_targeted_augmentation
The situation involves thick smoke is causing breathing difficulty among nearby residents close to the bus stop. The issue is affecting normal use of the area.,high,v2_original
The situation involves a deep hole has opened across most of the traffic lane near a blind bend along the roadside. People in the area have reported the same issue.,high,v2_original
The community would like to report that several potholes are making vehicles slow down and change direction outside the hospital. the problem has continued for more than a day. Please inspect the issue.,medium,v3_targeted_augmentation
The situation involves a minor water leak is dripping from a public pipe near the school. The problem has continued despite recent rainfall.,low,v2_original
We would like to report that a group of street lamps is not functioning at night at the village entrance.,medium,v3_targeted_augmentation
There is a public complaint because several street lights along the road are not working near the community centre. the issue is causing significant inconvenience. Please send the responsible team.,medium,v3_targeted_augmentation
The situation involves wastewater is overflowing from a drain onto the roadside near the school.,medium,v2_original
There is a small amount of dust near a construction site in our neighbourhood.,low,v2_original
Residents have noticed that a water pipe is leaking continuously and a large amount of water is being wasted near the town centre. The condition has remained unchanged since yesterday.,medium,v2_original
People in the area are reporting that a large public waste bin is overflowing onto the pavement along the roadside.,medium,v2_original
There is a problem where a water main failure has flooded the entrance to a hospital near our houses.,high,v2_original
People in the area are reporting that smoke from a nearby workshop is entering nearby houses along the roadside. The problem can be seen clearly from the roadside.,medium,v2_original
"close to the local clinic, part of a roadside retaining wall has collapsed onto the traffic lane. residents may need emergency assistance. Residents are requesting assistance.",high,v3_targeted_augmentation
There is a problem where tap water has a slight unusual smell but remains available near our houses.,low,v2_original
"near the public market, a small amount of rubbish has been left near a public bin. residents can still use the area normally. Residents are requesting assistance.",low,v3_targeted_augmentation
A few garbage bags are waiting at the normal collection point near the hospital. People in the area have reported the same issue.,low,v2_original
There is a problem where a fallen power cable is lying across a pedestrian path near the public market.,high,v2_original
A public bin is partly full but not overflowing along the roadside. The issue is affecting normal use of the area.,low,v2_original
The community would like to report that a damaged electrical pole is leaning over a busy road outside the school. urgent intervention is required. Please arrange an inspection.,high,v3_targeted_augmentation
Residents report that a roadside drain contains some leaves but water can still pass near our houses.,low,v3_targeted_augmentation
Construction dust is affecting nearby shops and homes throughout the day in our neighbourhood. Several nearby residents have raised concerns.,medium,v2_original
We are experiencing a situation where a water pipe is leaking continuously and wasting a large amount of water near the hospital. the issue is causing significant inconvenience.,medium,v3_targeted_augmentation
A local issue has developed where a few garbage bags are waiting at the normal collection point near the school. The issue has been reported by households nearby.,low,v2_original
We have noticed that a section of road has sunk and vehicles must drive around it near the school. The condition has remained unchanged since yesterday.,medium,v2_original
People in the area are reporting that part of a roadside retaining wall has collapsed onto the traffic lane near the hospital. The problem has continued despite recent rainfall.,high,v2_original
a fallen lamp post is blocking part of the road with electrical wires attached near the community centre. the area should be secured immediately. Please send the responsible team.,high,v3_targeted_augmentation
We have noticed that water pressure is too low for many houses in the area near the school.,medium,v2_original
The situation involves a chemical liquid has leaked onto a public road beside residential buildings along the roadside. People in the area have reported the same issue.,high,v2_original
We have noticed that a drain cover is slightly loose but still in place near the hospital.,low,v2_original
The situation involves one lamp flickers occasionally during the evening at the main junction. People passing through the area are being affected.,low,v2_original
A local issue has developed where a fallen power cable is lying across a pedestrian path at the main junction. The problem can be seen clearly from the roadside.,high,v2_original
A local issue has developed where a chemical liquid has leaked onto a public road beside residential buildings in our neighbourhood.,high,v2_original
The situation involves floodwater has entered houses and is continuing to rise close to the playground. The issue has been reported by households nearby.,high,v2_original
A local issue has developed where a deep hole has opened across most of the traffic lane near a blind bend close to the bus stop.,high,v2_original
There is a problem where a section of road has sunk and vehicles must drive around it at the main junction. Residents noticed the problem this morning.,medium,v2_original
A roadside drain has some leaves and sediment inside it near our houses. The issue has been reported by households nearby.,low,v2_original
We would like to report that dense smoke is causing breathing difficulty among nearby residents in the residential area.,high,v3_targeted_augmentation
Residents have noticed that a roadside drain is blocked and rainwater is collecting across part of the road on the main road. The issue is affecting normal use of the area.,medium,v2_original
a major road section has collapsed and vehicles are approaching the damaged area near the school.,high,v3_targeted_augmentation
People in the area are reporting that a water pipe is leaking continuously and a large amount of water is being wasted near the public market. The problem can be seen clearly from the roadside.,medium,v2_original
Residents report that a roadside drain is blocked and rainwater is collecting across part of the road close to the bus stop.,medium,v3_targeted_augmentation
A local issue has developed where a fallen power cable is lying across a pedestrian path along the roadside. The condition has remained unchanged since yesterday.,high,v2_original
The community would like to report that one street sign is slightly damaged but still readable near our houses. the condition should be checked before it becomes worse. The relevant department should investigate the problem.,low,v3_targeted_augmentation
There is a problem where a large public waste bin is overflowing onto the pavement on the main road.,medium,v2_original
Wastewater is overflowing from a drain onto the roadside near the public market.,medium,v2_original
"close to the local clinic, several street lights along the road are not working.",medium,v3_targeted_augmentation
A section of road has sunk and vehicles must drive around it near our houses.,medium,v2_original
There is a problem where sewage is flowing into several homes from an overflowing manhole in our neighbourhood. The problem has continued despite recent rainfall.,high,v2_original
a roadside drain is blocked and rainwater is collecting across part of the road outside our building. Please arrange an inspection.,medium,v3_targeted_augmentation
A deep hole has opened across most of the traffic lane near a blind bend near the town centre. Residents noticed the problem this morning.,high,v2_original
There is a problem where a few garbage bags are waiting at the normal collection point at the main junction.,low,v2_original
The community would like to report that multiple damaged sections of road are affecting normal traffic close to the local clinic. normal daily activities are being affected. Please inspect the issue.,medium,v3_targeted_augmentation
We would like to report that electrical wires are sparking beside a crowded public area beside the public road.,high,v3_targeted_augmentation
A local issue has developed where a damaged electrical pole is leaning over a busy road near the school. People in the area have reported the same issue.,high,v2_original
The situation involves a large public waste bin is overflowing onto the pavement in our neighbourhood.,medium,v2_original
Smoke from a nearby workshop is entering nearby houses near the community hall. Several nearby residents have raised concerns.,medium,v2_original
"close to the town centre, several street lights along the road are not working. the issue is disrupting normal use of the area. Please send the responsible team.",medium,v3_targeted_augmentation
A local issue has developed where a damaged electrical pole is leaning over a busy road near the town centre. The issue has been reported by households nearby.,high,v2_original
The situation involves a section of road has sunk and vehicles must drive around it near our houses.,medium,v2_original
"near the playground, thick black smoke is filling nearby houses and residents are struggling to breathe.",high,v3_targeted_augmentation
a strong chemical release is affecting people in nearby homes along the main road. Please inspect the issue.,high,v3_targeted_augmentation
The community would like to report that several street lights along the road are not working outside our building. the area can still be used but with difficulty. Please inspect the issue.,medium,v3_targeted_augmentation
The situation involves a sewer blockage is creating a strong smell across several nearby properties in our neighbourhood.,medium,v2_original
People in the area are reporting that a water main failure has flooded the entrance to a hospital near the town centre. The condition becomes worse during busy periods.,high,v2_original
The situation involves water supply has been unavailable to a neighbourhood since yesterday on the main road.,medium,v2_original
The community would like to report that water supply has been unavailable to several houses since yesterday close to the local clinic. the problem should be addressed before it becomes dangerous. Please arrange an inspection.,medium,v3_targeted_augmentation
There is a public complaint because water service keeps stopping for several hours at a time near the community centre. the problem has continued for more than a day. We would appreciate assistance with this problem.,medium,v3_targeted_augmentation
Residents have noticed that a sewer blockage is creating a strong smell across several nearby properties close to the bus stop.,medium,v2_original
The situation involves smoke from a nearby workshop is entering nearby houses at the main junction.,medium,v2_original
People in the area are reporting that a deep hole has opened across most of the traffic lane near a blind bend near our houses. The condition becomes worse during busy periods.,high,v2_original
There is a public complaint because floodwater is rising quickly around homes and residents cannot leave safely close to the town centre. residents are at risk of serious injury. Residents are requesting assistance.,high,v3_targeted_augmentation
We have noticed that a few garbage bags are waiting at the normal collection point near the town centre.,low,v2_original
The situation involves repeated electricity interruptions are affecting many houses close to the bus stop.,medium,v2_original
water supply has been unavailable to several houses since yesterday near the junction. the issue is causing significant inconvenience.,medium,v3_targeted_augmentation
"near the hospital, sewage is flowing into homes from an overflowing manhole. the area should be secured immediately. Please arrange an inspection.",high,v3_targeted_augmentation
People living nearby have noticed that smoke from a nearby workshop is regularly entering nearby houses near the playground. the issue is disrupting normal use of the area. Please send the responsible team.,medium,v3_targeted_augmentation
A local issue has developed where tap water has a slight unusual smell but remains available close to the bus stop.,low,v2_original
There is a public complaint because a live electrical wire is lying across a pedestrian path outside our building. the situation presents an immediate danger to the public. Please take the necessary action.,high,v3_targeted_augmentation
There is a problem where sewage is flowing into several homes from an overflowing manhole near the public market. The issue is affecting normal use of the area.,high,v2_original
We have noticed that the road surface is damaged in several places and motorcycles are having difficulty passing near our houses. The problem has continued despite recent rainfall.,medium,v2_original
The situation involves a few garbage bags are waiting at the normal collection point near the school. People passing through the area are being affected.,low,v2_original
"beside the public road, thick black smoke is filling nearby houses and residents are struggling to breathe. the problem could cause a major accident. Residents are requesting assistance.",high,v3_targeted_augmentation
A local issue has developed where a large section of road has collapsed beside a school entrance in our neighbourhood.,high,v2_original
We have noticed that sewage is spreading across a school access road close to the playground. Residents noticed the problem this morning.,high,v2_original
There is a problem where a damaged electrical pole is leaning over a busy road near our houses.,high,v2_original
Residents have noticed that construction dust is affecting nearby shops and homes throughout the day near the hospital. People passing through the area are being affected.,medium,v2_original
People in the area are reporting that a section of road has sunk and vehicles must drive around it in our neighbourhood. The problem can be seen clearly from the roadside.,medium,v2_original
Residents have noticed that several potholes are making vehicles slow down on the main road along the roadside. The problem can be seen clearly from the roadside.,medium,v2_original
There is a public complaint because a public area has accumulated a large amount of uncollected rubbish near the school. the issue is disrupting normal use of the area. Please arrange an inspection.,medium,v3_targeted_augmentation
People in the area are reporting that a water pipe is leaking continuously and a large amount of water is being wasted on the main road.,medium,v2_original
A local issue has developed where several potholes are making vehicles slow down on the main road in our neighbourhood. The problem has continued despite recent rainfall.,medium,v2_original
People in the area are reporting that a drain cover is slightly loose but still in place near the hospital. Several nearby residents have raised concerns.,low,v2_original
A local issue has developed where a large section of road has collapsed beside a school entrance near the community hall. People in the area have reported the same issue.,high,v2_original
There is a problem where a sewer blockage is creating a strong smell across several nearby properties in our neighbourhood. The condition becomes worse during busy periods.,medium,v2_original
People in the area are reporting that one street lamp is dim but still provides some light near the public market. The condition has remained unchanged since yesterday.,low,v2_original
A roadside drain is blocked and rainwater is collecting across part of the road close to the bus stop. The issue has been reported by households nearby.,medium,v2_original
A curb has a small chipped section near the town centre.,low,v2_original
There is a problem where a minor water leak is dripping from a public pipe close to the bus stop.,low,v2_original
There is a problem where repeated electricity interruptions are affecting many houses near the hospital. The condition becomes worse during busy periods.,medium,v2_original
People in the area are reporting that repeated electricity interruptions are affecting many houses close to the playground. The problem has continued despite recent rainfall.,medium,v2_original
There is a problem where part of a roadside retaining wall has collapsed onto the traffic lane near the public market.,high,v2_original
We have noticed that a small amount of litter is scattered near a bus stop on the main road. The condition has remained unchanged since yesterday.,low,v2_original
Residents have reported that multiple damaged sections of road are affecting normal traffic near the railway station. residents are requesting prompt attention. Please arrange an inspection.,medium,v3_targeted_augmentation
People in the area are reporting that a curb has a small chipped section on the main road.,low,v2_original
The situation involves a single street sign area has minor surface damage in our neighbourhood. The issue has been reported by households nearby.,low,v2_original
We have noticed that electrical wires are sparking beside a crowded pedestrian area on the main road.,high,v2_original
There is a problem where water pressure is too low for many houses in the area near the town centre.,medium,v2_original
People in the area are reporting that wastewater is overflowing from a drain onto the roadside on the main road. Residents noticed the problem this morning.,medium,v2_original
A small amount of litter is scattered near a bus stop on the main road. The problem can be seen clearly from the roadside.,low,v2_original
We are experiencing a situation where a roadside drain is blocked and rainwater is collecting across part of the road near our houses. the issue is causing significant inconvenience.,medium,v3_targeted_augmentation
A local issue has developed where there is a small amount of dust near a construction site near the hospital. People in the area have reported the same issue.,low,v2_original
A local issue has developed where smoke from a nearby workshop is entering nearby houses near the hospital. Residents noticed the problem this morning.,medium,v2_original
Residents have noticed that electrical wires are sparking beside a crowded pedestrian area close to the playground. The issue has been reported by households nearby.,high,v2_original
Residents have noticed that construction dust is affecting nearby shops and homes throughout the day near the town centre.,medium,v2_original
The community would like to report that a group of street lamps is not functioning at night near the playground. the situation becomes worse during rainfall. The relevant department should investigate the problem.,medium,v3_targeted_augmentation
There is a public complaint because a small amount of rubbish has been left near a public bin outside the school. the issue is noticeable but not currently dangerous. Residents are requesting assistance.,low,v3_targeted_augmentation
We are experiencing a situation where water supply has been unavailable to several houses since yesterday close to the bus stop. the situation becomes worse during rainfall. Residents are requesting assistance.,medium,v3_targeted_augmentation
The situation involves several street lights along one road are not working in our neighbourhood. The condition has remained unchanged since yesterday.,medium,v2_original
"near the public market, a small amount of rubbish has been left near a public bin. the issue is causing only a minor inconvenience. Please address this issue.",low,v3_targeted_augmentation
There is a problem where part of a roadside retaining wall has collapsed onto the traffic lane near the public market. Several nearby residents have raised concerns.,high,v2_original
Water supply has been unavailable to a neighbourhood since yesterday near the hospital. The issue is affecting normal use of the area.,medium,v2_original
We have noticed that a chemical liquid has leaked onto a public road beside residential buildings near the public market. The problem can be seen clearly from the roadside.,high,v2_original
A local issue has developed where one lamp flickers occasionally during the evening on the main road.,low,v2_original
Residents have noticed that water supply has been unavailable to a neighbourhood since yesterday on the main road. The condition has remained unchanged since yesterday.,medium,v2_original
An exposed electrical cable is hanging low where pedestrians can reach it near our houses.,high,v2_original
The situation involves one street lamp is dim but still provides some light near the hospital. Several nearby residents have raised concerns.,low,v2_original
A drain cover is slightly loose but still in place at the main junction. People in the area have reported the same issue.,low,v2_original
We have noticed that construction dust is affecting nearby shops and homes throughout the day near the hospital. People in the area have reported the same issue.,medium,v2_original
Residents have noticed that dense smoke from a nearby facility is causing residents to leave their homes at the main junction.,high,v2_original
Residents have noticed that electrical wires are sparking beside a crowded pedestrian area near the hospital.,high,v2_original
Residents have noticed that one lamp flickers occasionally during the evening in our neighbourhood.,low,v2_original
Residents have noticed that several street lights along one road are not working close to the bus stop.,medium,v2_original
The situation involves a major water pipe has burst and water is entering nearby houses near the school.,high,v2_original
A local issue has developed where a small amount of litter is scattered near a bus stop on the main road. The condition has remained unchanged since yesterday.,low,v2_original
There is a small amount of dust near a construction site close to the bus stop.,low,v2_original
People in the area are reporting that sewage is flowing into several homes from an overflowing manhole near the town centre.,high,v2_original
One street lamp is dim but still provides some light near the community hall. The condition becomes worse during busy periods.,low,v2_original
Residents have reported that a small crack has appeared along the edge of the road in our neighbourhood. residents can still use the area normally. Please inspect the issue.,low,v3_targeted_augmentation
The road surface is damaged in several places and motorcycles are having difficulty passing near the hospital.,medium,v2_original
Residents have noticed that one lamp flickers occasionally during the evening near the community hall.,low,v2_original
Residents have noticed that a minor water leak is dripping from a public pipe near the public market. The condition becomes worse during busy periods.,low,v2_original
People in the area are reporting that a small patch of the road surface has become uneven near the school.,low,v2_original
People in the area are reporting that wastewater is overflowing from a drain onto the roadside near the hospital. People passing through the area are being affected.,medium,v2_original
Residents have noticed that a drain cover is slightly loose but still in place along the roadside. Residents noticed the problem this morning.,low,v2_original
Residents have noticed that a fallen power cable is lying across a pedestrian path close to the bus stop.,high,v2_original
An exposed electrical cable is hanging low where pedestrians can reach it near the community hall.,high,v2_original
A local issue has developed where a damaged electrical pole is leaning over a busy road on the main road. The issue has been reported by households nearby.,high,v2_original
The community would like to report that an overflowing public bin is spreading waste across the surrounding area beside the public walkway. multiple households have reported the same problem. Please arrange an inspection.,medium,v3_targeted_augmentation
A local issue has developed where a small amount of litter is scattered near a bus stop at the main junction.,low,v2_original
Residents report that several potholes are making vehicles slow down and change direction beside the public walkway.,medium,v3_targeted_augmentation
There is a problem where smoke from a nearby workshop is entering nearby houses close to the bus stop.,medium,v2_original
"beside the public walkway, a group of street lamps is not functioning at night. normal daily activities are being affected. Please arrange an inspection.",medium,v3_targeted_augmentation
People living nearby have noticed that residents are experiencing repeated power cuts during the evening outside the school. the area can still be used but with difficulty. Residents are requesting assistance.,medium,v3_targeted_augmentation
There is a problem where a shallow puddle forms after light rain in our neighbourhood.,low,v2_original
People living nearby have noticed that a small crack has appeared along the edge of the road outside the hospital. residents can still use the area normally. Please arrange an inspection.,low,v3_targeted_augmentation
Residents have noticed that a few garbage bags are waiting at the normal collection point near the community hall.,low,v2_original
The situation involves construction dust is affecting nearby shops and homes throughout the day near the town centre. The condition has remained unchanged since yesterday.,medium,v2_original
There is a problem where sewage is flowing into several homes from an overflowing manhole near the community hall. The problem can be seen clearly from the roadside.,high,v2_original
We have noticed that the road surface is damaged in several places and motorcycles are having difficulty passing in our neighbourhood.,medium,v2_original
part of a roadside retaining wall has collapsed onto the traffic lane beside the public road.,high,v3_targeted_augmentation
There is a problem where the road surface is damaged in several places and motorcycles are having difficulty passing close to the bus stop. People passing through the area are being affected.,medium,v2_original
A roadside drain is blocked and rainwater is collecting across part of the road near the public market. People in the area have reported the same issue.,medium,v2_original
We are experiencing a situation where a section of road has sunk and vehicles must drive around it outside the hospital. the issue is causing significant inconvenience. Please arrange an inspection.,medium,v3_targeted_augmentation
People in the area are reporting that wastewater is overflowing from a drain onto the roadside near our houses. The condition becomes worse during busy periods.,medium,v2_original
There is a public complaint because a small amount of dust is affecting one section of the road outside our building. the problem is limited to a small section. We would appreciate assistance with this problem.,low,v3_targeted_augmentation
A local issue has developed where wastewater is overflowing from a drain onto the roadside near the town centre. Residents noticed the problem this morning.,medium,v2_original
We would like to report that several street lights along the road are not working close to the bus stop.,medium,v3_targeted_augmentation
A small amount of litter is scattered near a bus stop close to the bus stop.,low,v2_original
There is a problem where a minor water leak is dripping from a public pipe near the public market.,low,v2_original
We are experiencing a situation where the road surface is badly cracked and uneven close to the bus stop. the situation becomes worse during rainfall. Residents are requesting assistance.,medium,v3_targeted_augmentation
People in the area are reporting that construction dust is affecting nearby shops and homes throughout the day close to the bus stop. The condition becomes worse during busy periods.,medium,v2_original
one household is experiencing slightly reduced water pressure outside our building. Please address this issue.,low,v3_targeted_augmentation
Residents have noticed that repeated electricity interruptions are affecting many houses near the community hall.,medium,v2_original
Residents have noticed that a minor water leak is dripping from a public pipe in our neighbourhood. The condition becomes worse during busy periods.,low,v2_original
A local issue has developed where a few garbage bags are waiting at the normal collection point along the roadside. The problem has continued despite recent rainfall.,low,v2_original
a large tree has fallen onto electrical lines above the road close to the local clinic. urgent intervention is required.,high,v3_targeted_augmentation
A drain cover is slightly loose but still in place near our houses.,low,v2_original
A major water pipe has burst and water is entering nearby houses near the school. The problem has continued despite recent rainfall.,high,v2_original
A local issue has developed where part of a roadside retaining wall has collapsed onto the traffic lane near our houses. Several nearby residents have raised concerns.,high,v2_original
garbage collection has been missed for several days and waste is accumulating outside our building. the issue is disrupting normal use of the area. The relevant department should investigate the problem.,medium,v3_targeted_augmentation
A local issue has developed where repeated electricity interruptions are affecting many houses on the main road. The problem can be seen clearly from the roadside.,medium,v2_original
an overflowing public bin is spreading waste across the surrounding area near the school. the issue is causing significant inconvenience. Residents are requesting assistance.,medium,v3_targeted_augmentation
Residents have noticed that a damaged electrical pole is leaning over a busy road at the main junction.,high,v2_original
An exposed electrical cable is hanging low where pedestrians can reach it near the hospital.,high,v2_original
The situation involves a small patch of the road surface has become uneven close to the playground.,low,v2_original
People living nearby have noticed that a drainage channel is blocked and causes flooding during normal rainfall near the hospital. the problem has continued for more than a day. Please inspect the issue.,medium,v3_targeted_augmentation
A local issue has developed where a small amount of litter is scattered near a bus stop near our houses.,low,v2_original
a large tree has fallen onto electrical lines above the road in our neighbourhood. the problem could cause a major accident.,high,v3_targeted_augmentation
Residents have noticed that a major water pipe has burst and water is entering nearby houses along the roadside. The problem has continued despite recent rainfall.,high,v2_original
We have noticed that a roadside drain is blocked and rainwater is collecting across part of the road near the community hall. People in the area have reported the same issue.,medium,v2_original
We are experiencing a situation where sewage is flowing into homes from an overflowing manhole outside the hospital. public access to the area is unsafe. Please take the necessary action.,high,v3_targeted_augmentation
People in the area are reporting that water pressure is too low for many houses in the area in our neighbourhood.,medium,v2_original
An exposed electrical cable is hanging low where pedestrians can reach it near the hospital. Residents noticed the problem this morning.,high,v2_original
a small patch of road surface has become uneven near the playground. Please send the responsible team.,low,v3_targeted_augmentation
We would like to report that a group of street lamps is not functioning at night beside the public walkway.,medium,v3_targeted_augmentation
A local issue has developed where one lamp flickers occasionally during the evening near our houses.,low,v2_original
Water supply has been unavailable to a neighbourhood since yesterday near the town centre.,medium,v2_original
The road surface is damaged in several places and motorcycles are having difficulty passing near the town centre.,medium,v2_original
Dense smoke from a nearby facility is causing residents to leave their homes near the community hall.,high,v2_original
"near the railway station, water pressure is too low for many houses in the area. multiple households have reported the same problem. We would appreciate assistance with this problem.",medium,v3_targeted_augmentation
Residents have noticed that construction dust is affecting nearby shops and homes throughout the day close to the playground. The condition has remained unchanged since yesterday.,medium,v2_original
There is a problem where a minor water leak is dripping from a public pipe near the school. People in the area have reported the same issue.,low,v2_original
People living nearby have noticed that floodwater is rising quickly around homes and residents cannot leave safely outside the hospital. the condition poses a direct risk to life and safety.,high,v3_targeted_augmentation
A local issue has developed where sewage is flowing into several homes from an overflowing manhole near our houses. People passing through the area are being affected.,high,v2_original
We would like to report that an exposed electrical cable is hanging where people can touch it beside the public walkway.,high,v3_targeted_augmentation
People living nearby have noticed that several street lights along the road are not working near the school. residents are requesting prompt attention. Please address this issue.,medium,v3_targeted_augmentation
There is a problem where an exposed electrical cable is hanging low where pedestrians can reach it close to the playground.,high,v2_original
Sewage is flowing into several homes from an overflowing manhole near the community hall.,high,v2_original
We have noticed that a section of road has sunk and vehicles must drive around it close to the playground.,medium,v2_original
We have noticed that a small patch of the road surface has become uneven near the community hall.,low,v2_original
Residents have reported that a shallow puddle forms after light rain in the residential area. residents can still use the area normally.,low,v3_targeted_augmentation
Residents report that garbage collection has been missed for several days and waste is accumulating near the hospital.,medium,v3_targeted_augmentation
Residents have reported that a fallen lamp post is blocking part of the road with electrical wires attached in our neighbourhood. public access to the area is unsafe. The relevant department should investigate the problem.,high,v3_targeted_augmentation
"near the school, a drainage channel is blocked and causes flooding during normal rainfall.",medium,v3_targeted_augmentation
We would like to report that an exposed electrical cable is hanging where people can touch it in our neighbourhood.,high,v3_targeted_augmentation
one street sign is slightly damaged but still readable near the public market.,low,v3_targeted_augmentation
a section of road has sunk and vehicles must drive around it outside our building. the problem should be addressed before it becomes dangerous. Please address this issue.,medium,v3_targeted_augmentation
People in the area are reporting that a minor water leak is dripping from a public pipe on the main road. The problem can be seen clearly from the roadside.,low,v2_original
Water pressure is too low for many houses in the area near our houses. Residents noticed the problem this morning.,medium,v2_original
We have noticed that a small crack has appeared along the edge of a side road near the town centre. People in the area have reported the same issue.,low,v2_original
People in the area are reporting that a water pipe is leaking continuously and a large amount of water is being wasted near the town centre.,medium,v2_original
We have noticed that a water pipe is leaking continuously and a large amount of water is being wasted along the roadside.,medium,v2_original
A single street sign area has minor surface damage at the main junction. The issue has been reported by households nearby.,low,v2_original
A local issue has developed where sewage is spreading across a school access road at the main junction.,high,v2_original
We have noticed that water pressure is too low for many houses in the area on the main road. The problem has continued despite recent rainfall.,medium,v2_original
We have noticed that dense smoke from a nearby facility is causing residents to leave their homes in our neighbourhood. Several nearby residents have raised concerns.,high,v2_original
Residents have noticed that construction dust is affecting nearby shops and homes throughout the day in our neighbourhood. People passing through the area are being affected.,medium,v2_original
"near the school, several potholes are making vehicles slow down and change direction. the issue is causing significant inconvenience. Please address this issue.",medium,v3_targeted_augmentation
There is a problem where several potholes are making vehicles slow down on the main road close to the playground. The condition becomes worse during busy periods.,medium,v2_original
A local issue has developed where a public bin is partly full but not overflowing at the main junction. The problem has continued despite recent rainfall.,low,v2_original
"close to the town centre, floodwater has entered several houses and is continuing to rise. someone could be seriously injured if the area is not secured immediately. Please address this issue.",high,v3_targeted_augmentation
People living nearby have noticed that a street lamp flickers occasionally but remains usable near the hospital. residents can still use the area normally. Residents are requesting assistance.,low,v3_targeted_augmentation
Residents have noticed that several potholes are making vehicles slow down on the main road in our neighbourhood.,medium,v2_original
People in the area are reporting that several potholes are making vehicles slow down on the main road on the main road. The condition becomes worse during busy periods.,medium,v2_original
People in the area are reporting that a few garbage bags are waiting at the normal collection point near the public market. The issue is affecting normal use of the area.,low,v2_original
The situation involves several street lights along one road are not working close to the bus stop. The issue has been reported by households nearby.,medium,v2_original
People in the area are reporting that repeated electricity interruptions are affecting many houses close to the playground.,medium,v2_original
We have noticed that floodwater has entered houses and is continuing to rise close to the playground.,high,v2_original
A local issue has developed where a fallen power cable is lying across a pedestrian path in our neighbourhood. The condition has remained unchanged since yesterday.,high,v2_original
A local issue has developed where a single street sign area has minor surface damage near the community hall. Several nearby residents have raised concerns.,low,v2_original
There is a problem where a small crack has appeared along the edge of a side road on the main road.,low,v2_original
floodwater is rising quickly around homes and residents cannot leave safely beside the public road. the condition poses a direct risk to life and safety. Residents are requesting assistance.,high,v3_targeted_augmentation
Residents have noticed that a minor water leak is dripping from a public pipe in our neighbourhood. The issue is affecting normal use of the area.,low,v2_original
The situation involves a section of road has sunk and vehicles must drive around it near the town centre.,medium,v2_original
We have noticed that electrical wires are sparking beside a crowded pedestrian area near the public market.,high,v2_original
A local issue has developed where there is a small amount of dust near a construction site at the main junction. The issue is affecting normal use of the area.,low,v2_original
The situation involves a curb has a small chipped section near the public market.,low,v2_original
There is a problem where dense smoke from a nearby facility is causing residents to leave their homes on the main road. People passing through the area are being affected.,high,v2_original
A sewer blockage is creating a strong smell across several nearby properties near the hospital.,medium,v2_original
Residents have noticed that floodwater has entered houses and is continuing to rise near our houses. The condition becomes worse during busy periods.,high,v2_original
People living nearby have noticed that wastewater is overflowing from a drain onto the roadside near our houses. the area can still be used but with difficulty.,medium,v3_targeted_augmentation
A shallow puddle forms after light rain along the roadside. People passing through the area are being affected.,low,v2_original
A local issue has developed where a water main failure has flooded the entrance to a hospital near the public market.,high,v2_original
Several potholes are making vehicles slow down on the main road near our houses. The issue has been reported by households nearby.,medium,v2_original
Residents have noticed that part of a roadside retaining wall has collapsed onto the traffic lane on the main road. People passing through the area are being affected.,high,v2_original
A local issue has developed where a single street sign area has minor surface damage near the town centre.,low,v2_original
Sewage is flowing into several homes from an overflowing manhole near the school.,high,v2_original
We have noticed that a large public waste bin is overflowing onto the pavement near the community hall.,medium,v2_original
There is a problem where one lamp flickers occasionally during the evening near the public market.,low,v2_original
"near the community centre, water service keeps stopping for several hours at a time. normal daily activities are being affected. Residents are requesting assistance.",medium,v3_targeted_augmentation
The situation involves dense smoke from a nearby facility is causing residents to leave their homes at the main junction. The issue is affecting normal use of the area.,high,v2_original
There is a problem where a large section of road has collapsed beside a school entrance near the community hall. The problem can be seen clearly from the roadside.,high,v2_original
There is a public complaint because a shallow puddle forms after light rain outside the hospital. the problem is limited to a small section. We would appreciate assistance with this problem.,low,v3_targeted_augmentation
A small amount of litter is scattered near a bus stop at the main junction.,low,v2_original
Residents have noticed that wastewater is overflowing from a drain onto the roadside in our neighbourhood. People passing through the area are being affected.,medium,v2_original
We have noticed that a sewer blockage is creating a strong smell across several nearby properties close to the bus stop. Residents noticed the problem this morning.,medium,v2_original
There is a problem where electrical wires are sparking beside a crowded pedestrian area near the school. The condition has remained unchanged since yesterday.,high,v2_original
We are experiencing a situation where water service keeps stopping for several hours at a time near our houses. the problem has continued for more than a day. Please send the responsible team.,medium,v3_targeted_augmentation
"close to the town centre, tap water has a slight unusual smell but remains available. the issue is noticeable but not currently dangerous.",low,v3_targeted_augmentation
There is a problem where a roadside drain has some leaves and sediment inside it on the main road. The issue is affecting normal use of the area.,low,v2_original
There is a problem where tap water has a slight unusual smell but remains available close to the bus stop.,low,v2_original
Residents have noticed that a single street sign area has minor surface damage near the hospital. The condition becomes worse during busy periods.,low,v2_original
People in the area are reporting that repeated electricity interruptions are affecting many houses on the main road.,medium,v2_original
thick black smoke is filling nearby houses and residents are struggling to breathe close to the local clinic. public access to the area is unsafe. Please arrange an inspection.,high,v3_targeted_augmentation
A minor water leak is dripping from a public pipe near the school. The problem has continued despite recent rainfall.,low,v2_original
The situation involves a fallen power cable is lying across a pedestrian path near our houses. The condition has remained unchanged since yesterday.,high,v2_original
We have noticed that tap water has a slight unusual smell but remains available near the hospital.,low,v2_original
There is a problem where a chemical liquid has leaked onto a public road beside residential buildings near our houses. People passing through the area are being affected.,high,v2_original
There is a problem where several potholes are making vehicles slow down on the main road near the school. Residents noticed the problem this morning.,medium,v2_original
A local issue has developed where water pressure is too low for many houses in the area close to the playground.,medium,v2_original
"outside the hospital, a strong chemical release is affecting people in nearby homes. urgent intervention is required.",high,v3_targeted_augmentation
People living nearby have noticed that a large tree has fallen onto electrical lines above the road outside the hospital. residents are at risk of serious injury. Please take the necessary action.,high,v3_targeted_augmentation
We would like to report that a public bin is partly full but is not overflowing near the playground.,low,v3_targeted_augmentation
Residents have reported that a damaged electrical pole is leaning over a busy road near the junction. someone could be seriously injured if the area is not secured immediately. Please take the necessary action.,high,v3_targeted_augmentation
There is a problem where a small patch of the road surface has become uneven along the roadside. The issue is affecting normal use of the area.,low,v2_original
A section of road has sunk and vehicles must drive around it close to the playground. The condition has remained unchanged since yesterday.,medium,v2_original
A local issue has developed where a section of road has sunk and vehicles must drive around it near the hospital. The condition becomes worse during busy periods.,medium,v2_original
A local issue has developed where a deep hole has opened across most of the traffic lane near a blind bend near the town centre. The problem has continued despite recent rainfall.,high,v2_original
We have noticed that floodwater has entered houses and is continuing to rise near the school. People in the area have reported the same issue.,high,v2_original
The community would like to report that a group of street lamps is not functioning at night outside the hospital. multiple households have reported the same problem. Please inspect the issue.,medium,v3_targeted_augmentation
Residents have noticed that a small amount of litter is scattered near a bus stop near the town centre. Residents noticed the problem this morning.,low,v2_original
a street lamp flickers occasionally but remains usable near the hospital. there is no immediate safety risk. The relevant department should investigate the problem.,low,v3_targeted_augmentation
Repeated electricity interruptions are affecting many houses near the community hall.,medium,v2_original
People in the area are reporting that a deep hole has opened across most of the traffic lane near a blind bend at the main junction. The issue is affecting normal use of the area.,high,v2_original
"near the school, a water pipe is leaking continuously and wasting a large amount of water. the situation becomes worse during rainfall. Please arrange an inspection.",medium,v3_targeted_augmentation
Water pressure is too low for many houses in the area near our houses. People passing through the area are being affected.,medium,v2_original
There is a problem where a small amount of litter is scattered near a bus stop in our neighbourhood.,low,v2_original
a water pipe is leaking continuously and wasting a large amount of water beside the public road.,medium,v3_targeted_augmentation
People in the area are reporting that a large section of road has collapsed beside a school entrance at the main junction. People passing through the area are being affected.,high,v2_original
Residents have reported that floodwater has entered several houses and is continuing to rise near the school. someone could be seriously injured if the area is not secured immediately.,high,v3_targeted_augmentation
Residents have noticed that water supply has been unavailable to a neighbourhood since yesterday near the school.,medium,v2_original
People living nearby have noticed that a roadside drain is blocked and rainwater is collecting across part of the road near the playground. the issue is causing significant inconvenience.,medium,v3_targeted_augmentation
A fallen power cable is lying across a pedestrian path near the town centre. Residents noticed the problem this morning.,high,v2_original
People living nearby have noticed that a minor crack is visible in the pavement near the hospital. residents can still use the area normally.,low,v3_targeted_augmentation
People in the area are reporting that water supply has been unavailable to a neighbourhood since yesterday along the roadside. The issue is affecting normal use of the area.,medium,v2_original
The situation involves there is a small amount of dust near a construction site close to the playground. Residents noticed the problem this morning.,low,v2_original
Several street lights along one road are not working near our houses. The issue is affecting normal use of the area.,medium,v2_original
There is a problem where one lamp flickers occasionally during the evening close to the playground. Several nearby residents have raised concerns.,low,v2_original
People in the area are reporting that water pressure is too low for many houses in the area close to the playground. The problem can be seen clearly from the roadside.,medium,v2_original
Residents have noticed that construction dust is affecting nearby shops and homes throughout the day near the hospital.,medium,v2_original
Residents have noticed that several potholes are making vehicles slow down on the main road along the roadside.,medium,v2_original
Residents have noticed that construction dust is affecting nearby shops and homes throughout the day along the roadside. The condition has remained unchanged since yesterday.,medium,v2_original
One street lamp is dim but still provides some light close to the playground. The condition becomes worse during busy periods.,low,v2_original
The situation involves several potholes are making vehicles slow down on the main road near our houses. The condition has remained unchanged since yesterday.,medium,v2_original
Residents have reported that an electrical box is open and live components are exposed to pedestrians near our houses. the condition poses a direct risk to life and safety. Please inspect the issue.,high,v3_targeted_augmentation
Residents have noticed that a section of road has sunk and vehicles must drive around it near the school. Residents noticed the problem this morning.,medium,v2_original
an overflowing public bin is spreading waste across the surrounding area at the village entrance.,medium,v3_targeted_augmentation
Residents have noticed that an exposed electrical cable is hanging low where pedestrians can reach it on the main road. Several nearby residents have raised concerns.,high,v2_original
We are experiencing a situation where a section of road has sunk and vehicles must drive around it near the public market. several residents are affected by the problem. Please address this issue.,medium,v3_targeted_augmentation
People living nearby have noticed that a public bin is partly full but is not overflowing at the village entrance. the service remains available despite the issue. Please inspect the issue.,low,v3_targeted_augmentation
Residents have noticed that floodwater has entered houses and is continuing to rise near the public market. The problem can be seen clearly from the roadside.,high,v2_original
We have noticed that a sewer blockage is creating a strong smell across several nearby properties near the public market.,medium,v2_original
The situation involves part of a roadside retaining wall has collapsed onto the traffic lane on the main road.,high,v2_original
We have noticed that sewage is flowing into several homes from an overflowing manhole near the hospital.,high,v2_original
We have noticed that a roadside drain is blocked and rainwater is collecting across part of the road close to the bus stop.,medium,v2_original
The situation involves a large section of road has collapsed beside a school entrance near the school.,high,v2_original
a group of street lamps is not functioning at night outside the hospital.,medium,v3_targeted_augmentation
a drain grate is loose and makes a noise when vehicles pass near our houses. We would appreciate assistance with this problem.,low,v3_targeted_augmentation
Thick smoke is causing breathing difficulty among nearby residents close to the playground. The condition has remained unchanged since yesterday.,high,v2_original
A large public waste bin is overflowing onto the pavement on the main road. Residents noticed the problem this morning.,medium,v2_original
Several potholes are making vehicles slow down on the main road at the main junction.,medium,v2_original
Residents have reported that a drainage outlet is partially blocked and dirty water reaches the walkway near the school. the problem should be addressed before it becomes dangerous. Residents are requesting assistance.,medium,v3_targeted_augmentation
tap water has a slight unusual smell but remains available near the hospital. We would appreciate assistance with this problem.,low,v3_targeted_augmentation
We would like to report that a drainage channel is blocked and causes flooding during normal rainfall near the playground.,medium,v3_targeted_augmentation
The situation involves a water pipe is leaking continuously and a large amount of water is being wasted along the roadside. Several nearby residents have raised concerns.,medium,v2_original
Residents have noticed that a single street sign area has minor surface damage on the main road.,low,v2_original
A local issue has developed where dense smoke from a nearby facility is causing residents to leave their homes close to the playground. The problem has continued despite recent rainfall.,high,v2_original
A local issue has developed where several street lights along one road are not working near our houses.,medium,v2_original
There is a problem where a major water pipe has burst and water is entering nearby houses on the main road.,high,v2_original
There is a small amount of dust near a construction site at the main junction. The issue has been reported by households nearby.,low,v2_original
People in the area are reporting that construction dust is affecting nearby shops and homes throughout the day on the main road. The problem has continued despite recent rainfall.,medium,v2_original
People in the area are reporting that a sewer blockage is creating a strong smell across several nearby properties close to the bus stop. The issue is affecting normal use of the area.,medium,v2_original
People in the area are reporting that a large section of road has collapsed beside a school entrance near the hospital.,high,v2_original
People in the area are reporting that thick smoke is causing breathing difficulty among nearby residents near the hospital.,high,v2_original
People in the area are reporting that smoke from a nearby workshop is entering nearby houses at the main junction.,medium,v2_original
A local issue has developed where construction dust is affecting nearby shops and homes throughout the day on the main road.,medium,v2_original
Residents have noticed that water supply has been unavailable to a neighbourhood since yesterday near the hospital. Several nearby residents have raised concerns.,medium,v2_original
Thick smoke is causing breathing difficulty among nearby residents on the main road.,high,v2_original
a shallow pothole has started forming on a quiet side road at the village entrance. residents can still use the area normally. Please take the necessary action.,low,v3_targeted_augmentation
We have noticed that sewage is spreading across a school access road close to the bus stop. The condition has remained unchanged since yesterday.,high,v2_original
Garbage collection has been missed for several days and waste is accumulating on the main road. People in the area have reported the same issue.,medium,v2_original
A chemical liquid has leaked onto a public road beside residential buildings in our neighbourhood. The issue has been reported by households nearby.,high,v2_original
A public bin is partly full but not overflowing near the town centre. People in the area have reported the same issue.,low,v2_original
The situation involves a large section of road has collapsed beside a school entrance on the main road. The problem has continued despite recent rainfall.,high,v2_original
"beside the public road, residents are experiencing repeated power cuts during the evening.",medium,v3_targeted_augmentation
a small patch of road surface has become uneven beside the public road. the service remains available despite the issue. Please inspect the issue.,low,v3_targeted_augmentation
The situation involves a small amount of litter is scattered near a bus stop on the main road.,low,v2_original
There is a public complaint because a shallow pothole has started forming on a quiet side road near the playground. the issue is causing only a minor inconvenience. Please take the necessary action.,low,v3_targeted_augmentation
There is a problem where a roadside drain has some leaves and sediment inside it near the hospital.,low,v2_original
We would like to report that floodwater is rising quickly around homes and residents cannot leave safely in our neighbourhood.,high,v3_targeted_augmentation
Garbage collection has been missed for several days and waste is accumulating along the roadside. The problem has continued despite recent rainfall.,medium,v2_original
We have noticed that electrical wires are sparking beside a crowded pedestrian area in our neighbourhood. The condition has remained unchanged since yesterday.,high,v2_original
The situation involves a small amount of litter is scattered near a bus stop near the hospital. The problem can be seen clearly from the roadside.,low,v2_original
a street lamp flickers occasionally but remains usable close to the bus stop.,low,v3_targeted_augmentation
The situation involves a shallow puddle forms after light rain near the public market.,low,v2_original
A local issue has developed where smoke from a nearby workshop is entering nearby houses near the hospital. The issue is affecting normal use of the area.,medium,v2_original
There is a problem where one lamp flickers occasionally during the evening near the school.,low,v2_original
Sewage is flowing into several homes from an overflowing manhole in our neighbourhood.,high,v2_original
People in the area are reporting that a chemical liquid has leaked onto a public road beside residential buildings near the hospital.,high,v2_original
"near the hospital, a small patch of road surface has become uneven.",low,v3_targeted_augmentation
Residents have noticed that construction dust is affecting nearby shops and homes throughout the day along the roadside. The problem has continued despite recent rainfall.,medium,v2_original
We have noticed that several street lights along one road are not working on the main road. Several nearby residents have raised concerns.,medium,v2_original
The situation involves wastewater is overflowing from a drain onto the roadside near the community hall.,medium,v2_original
There is a problem where sewage is flowing into several homes from an overflowing manhole near the public market. The issue has been reported by households nearby.,high,v2_original
There is a problem where a chemical liquid has leaked onto a public road beside residential buildings in our neighbourhood.,high,v2_original
A large public waste bin is overflowing onto the pavement near our houses. The issue is affecting normal use of the area.,medium,v2_original
The situation involves a roadside drain has some leaves and sediment inside it near the public market. People passing through the area are being affected.,low,v2_original
People living nearby have noticed that a street lamp flickers occasionally but remains usable near the community centre. normal access to the area is still possible. The relevant department should investigate the problem.,low,v3_targeted_augmentation
There is a problem where a small amount of litter is scattered near a bus stop near the public market.,low,v2_original
The community would like to report that a minor water leak is dripping slowly from a public pipe beside the public walkway. there is no immediate safety risk. Please address this issue.,low,v3_targeted_augmentation
People in the area are reporting that a small amount of litter is scattered near a bus stop on the main road. Residents noticed the problem this morning.,low,v2_original
There is a problem where there is a small amount of dust near a construction site on the main road. People in the area have reported the same issue.,low,v2_original
People in the area are reporting that a fallen power cable is lying across a pedestrian path near our houses. The problem has continued despite recent rainfall.,high,v2_original
Dense smoke from a nearby facility is causing residents to leave their homes on the main road.,high,v2_original
The situation involves a single street sign area has minor surface damage at the main junction.,low,v2_original
People in the area are reporting that a fallen power cable is lying across a pedestrian path on the main road. The issue has been reported by households nearby.,high,v2_original
People in the area are reporting that a large section of road has collapsed beside a school entrance close to the playground. Residents noticed the problem this morning.,high,v2_original
the road surface is badly cracked and uneven near the public market.,medium,v3_targeted_augmentation
Residents have noticed that water supply has been unavailable to a neighbourhood since yesterday along the roadside. Several nearby residents have raised concerns.,medium,v2_original
The situation involves one street lamp is dim but still provides some light on the main road. The problem can be seen clearly from the roadside.,low,v2_original
Residents have noticed that the road surface is damaged in several places and motorcycles are having difficulty passing on the main road.,medium,v2_original
electrical wires are sparking beside a crowded public area near our houses. Please address this issue.,high,v3_targeted_augmentation
"near our houses, a few pieces of litter are scattered beside the walkway.",low,v3_targeted_augmentation
There is a public complaint because a small amount of dust is affecting one section of the road beside the public walkway. the issue is noticeable but not currently dangerous. Residents are requesting assistance.,low,v3_targeted_augmentation
There is a problem where water supply has been unavailable to a neighbourhood since yesterday near the public market. The problem can be seen clearly from the roadside.,medium,v2_original
The situation involves there is a small amount of dust near a construction site on the main road.,low,v2_original
"along the main road, several street lights along the road are not working. several residents are affected by the problem. Please address this issue.",medium,v3_targeted_augmentation
"near our houses, a drainage outlet is partially blocked and dirty water reaches the walkway.",medium,v3_targeted_augmentation
People in the area are reporting that a shallow puddle forms after light rain near the town centre. The problem has continued despite recent rainfall.,low,v2_original
There is a public complaint because dense smoke is causing breathing difficulty among nearby residents near the school. residents may need emergency assistance. The relevant department should investigate the problem.,high,v3_targeted_augmentation
a drain grate is loose and makes a noise when vehicles pass outside our building. the problem is limited to a small section. Please inspect the issue.,low,v3_targeted_augmentation
The community would like to report that a curb has a small chipped section near the junction. residents can still use the area normally.,low,v3_targeted_augmentation
There is a problem where a drain cover is slightly loose but still in place along the roadside. The problem has continued despite recent rainfall.,low,v2_original
Water pressure is too low for many houses in the area at the main junction. The condition becomes worse during busy periods.,medium,v2_original
Residents have noticed that garbage collection has been missed for several days and waste is accumulating near the public market.,medium,v2_original
A local issue has developed where a small patch of the road surface has become uneven near the town centre. The condition becomes worse during busy periods.,low,v2_original
The situation involves construction dust is affecting nearby shops and homes throughout the day near the community hall. The condition has remained unchanged since yesterday.,medium,v2_original
People in the area are reporting that a water pipe is leaking continuously and a large amount of water is being wasted close to the playground. The issue has been reported by households nearby.,medium,v2_original
A local issue has developed where sewage is spreading across a school access road near the community hall. The issue is affecting normal use of the area.,high,v2_original
We have noticed that one street lamp is dim but still provides some light in our neighbourhood.,low,v2_original
Electrical wires are sparking beside a crowded pedestrian area near the town centre. The problem has continued despite recent rainfall.,high,v2_original
Residents have noticed that thick smoke is causing breathing difficulty among nearby residents in our neighbourhood. The problem has continued despite recent rainfall.,high,v2_original
The situation involves a drain cover is slightly loose but still in place near the school.,low,v2_original
There is a public complaint because wastewater is overflowing from a drain onto the roadside along the main road. several residents are affected by the problem. Please send the responsible team.,medium,v3_targeted_augmentation
"outside the hospital, a live electrical wire is lying across a pedestrian path. the condition poses a direct risk to life and safety. Residents are requesting assistance.",high,v3_targeted_augmentation
People in the area are reporting that a minor water leak is dripping from a public pipe near the public market. The problem has continued despite recent rainfall.,low,v2_original
Residents have noticed that a small crack has appeared along the edge of a side road close to the bus stop.,low,v2_original
Residents report that a fallen lamp post is blocking part of the road with electrical wires attached near our houses.,high,v3_targeted_augmentation
We have noticed that a large public waste bin is overflowing onto the pavement close to the playground.,medium,v2_original
We are experiencing a situation where a damaged power pole appears ready to fall onto passing vehicles beside the public walkway. residents may need emergency assistance. We would appreciate assistance with this problem.,high,v3_targeted_augmentation
Residents have noticed that smoke from a nearby workshop is entering nearby houses near our houses.,medium,v2_original
We have noticed that dense smoke from a nearby facility is causing residents to leave their homes close to the playground. People passing through the area are being affected.,high,v2_original
People in the area are reporting that a small crack has appeared along the edge of a side road near the public market.,low,v2_original
a small crack has appeared along the edge of the road close to the bus stop. residents can still use the area normally. Residents are requesting assistance.,low,v3_targeted_augmentation
A major water pipe has burst and water is entering nearby houses near the school.,high,v2_original
a high-voltage cable has fallen beside a public walkway near the hospital. Please send the responsible team.,high,v3_targeted_augmentation
an electrical box is open and live components are exposed to pedestrians in our neighbourhood.,high,v3_targeted_augmentation
Residents have noticed that a deep hole has opened across most of the traffic lane near a blind bend near our houses.,high,v2_original
A local issue has developed where sewage is flowing into several homes from an overflowing manhole near the town centre. Residents noticed the problem this morning.,high,v2_original
There is a problem where dense smoke from a nearby facility is causing residents to leave their homes along the roadside.,high,v2_original
"near the railway station, a small amount of dust is affecting one section of the road. residents can still use the area normally. Please take the necessary action.",low,v3_targeted_augmentation
Several street lights along one road are not working near the school. People in the area have reported the same issue.,medium,v2_original
Residents have noticed that one street lamp is dim but still provides some light close to the bus stop.,low,v2_original
There is a public complaint because part of a roadside retaining wall has collapsed onto the traffic lane near the community centre. the condition poses a direct risk to life and safety.,high,v3_targeted_augmentation
"near the junction, a few pieces of litter are scattered beside the walkway. the issue is noticeable but not currently dangerous. We would appreciate assistance with this problem.",low,v3_targeted_augmentation
a chemical liquid has spilled near houses and is producing strong fumes near the community centre. public access to the area is unsafe.,high,v3_targeted_augmentation
a large chemical spill is spreading across a public road outside the school. residents may need emergency assistance. Please take the necessary action.,high,v3_targeted_augmentation
a small crack has appeared along the edge of the road near our houses.,low,v3_targeted_augmentation
We would like to report that a curb has a small chipped section in the residential area.,low,v3_targeted_augmentation
A local issue has developed where water pressure is too low for many houses in the area near the hospital. The problem can be seen clearly from the roadside.,medium,v2_original
People in the area are reporting that a large public waste bin is overflowing onto the pavement near the hospital.,medium,v2_original
There is a problem where a fallen power cable is lying across a pedestrian path on the main road.,high,v2_original
People in the area are reporting that part of a roadside retaining wall has collapsed onto the traffic lane near the public market. The problem can be seen clearly from the roadside.,high,v2_original
The situation involves a small amount of litter is scattered near a bus stop in our neighbourhood. Several nearby residents have raised concerns.,low,v2_original
A local issue has developed where a small amount of litter is scattered near a bus stop near our houses. The problem can be seen clearly from the roadside.,low,v2_original
The situation involves a drain cover is slightly loose but still in place near the hospital.,low,v2_original
We have noticed that sewage is flowing into several homes from an overflowing manhole along the roadside. The condition becomes worse during busy periods.,high,v2_original
The situation involves one street lamp is dim but still provides some light in our neighbourhood. The condition has remained unchanged since yesterday.,low,v2_original
There is a problem where a small crack has appeared along the edge of a side road near the school. The issue is affecting normal use of the area.,low,v2_original
People in the area are reporting that water supply has been unavailable to a neighbourhood since yesterday near the school.,medium,v2_original
an electrical box is open and live components are exposed to pedestrians near the junction. Please address this issue.,high,v3_targeted_augmentation
People living nearby have noticed that an overflowing public bin is spreading waste across the surrounding area near the railway station. residents are requesting prompt attention. Please arrange an inspection.,medium,v3_targeted_augmentation
There is a problem where a roadside drain has some leaves and sediment inside it close to the playground.,low,v2_original
Residents have noticed that sewage is spreading across a school access road at the main junction. The problem has continued despite recent rainfall.,high,v2_original
The situation involves floodwater has entered houses and is continuing to rise near the town centre.,high,v2_original
The situation involves one lamp flickers occasionally during the evening close to the playground. Residents noticed the problem this morning.,low,v2_original
There is a public complaint because a section of road has sunk and vehicles must drive around it beside the public walkway. the problem has continued for more than a day.,medium,v3_targeted_augmentation
There is a problem where garbage collection has been missed for several days and waste is accumulating on the main road.,medium,v2_original
There is a public complaint because residents are experiencing repeated power cuts during the evening in our neighbourhood. residents are requesting prompt attention. Please arrange an inspection.,medium,v3_targeted_augmentation
There is a problem where a few garbage bags are waiting at the normal collection point close to the playground. The condition becomes worse during busy periods.,low,v2_original
There is a public complaint because a damaged power pole appears ready to fall onto passing vehicles near the school. residents may need emergency assistance. Please address this issue.,high,v3_targeted_augmentation
People in the area are reporting that sewage is spreading across a school access road at the main junction.,high,v2_original
People living nearby have noticed that the water pressure is slightly lower than normal in one house near the public market. the issue is noticeable but not currently dangerous. Please arrange an inspection.,low,v3_targeted_augmentation
There is a public complaint because a public waste container has a damaged lid but can still be used in our neighbourhood. the issue is causing only a minor inconvenience. The relevant department should investigate the problem.,low,v3_targeted_augmentation
We have noticed that floodwater has entered houses and is continuing to rise near the hospital. The problem can be seen clearly from the roadside.,high,v2_original
There is a problem where a section of road has sunk and vehicles must drive around it along the roadside. People passing through the area are being affected.,medium,v2_original
The community would like to report that multiple damaged sections of road are affecting normal traffic at the village entrance. the issue is disrupting normal use of the area. Please send the responsible team.,medium,v3_targeted_augmentation
Dense smoke from a nearby facility is causing residents to leave their homes in our neighbourhood. The condition becomes worse during busy periods.,high,v2_original
The situation involves a drain cover is slightly loose but still in place on the main road.,low,v2_original
We have noticed that dense smoke from a nearby facility is causing residents to leave their homes near the town centre.,high,v2_original
We have noticed that one lamp flickers occasionally during the evening at the main junction.,low,v2_original
The situation involves several street lights along one road are not working near the town centre.,medium,v2_original
"close to the town centre, a small patch of road surface has become uneven. the condition should be checked before it becomes worse. Please inspect the issue.",low,v3_targeted_augmentation
People living nearby have noticed that a small amount of dust is affecting one section of the road close to the bus stop. residents can still use the area normally.,low,v3_targeted_augmentation
The situation involves a roadside drain has some leaves and sediment inside it on the main road.,low,v2_original
Residents have reported that a group of street lamps is not functioning at night near our houses. several residents are affected by the problem. Please send the responsible team.,medium,v3_targeted_augmentation
A local issue has developed where a major water pipe has burst and water is entering nearby houses near the school. Several nearby residents have raised concerns.,high,v2_original
Residents have noticed that the road surface is damaged in several places and motorcycles are having difficulty passing close to the bus stop. Residents noticed the problem this morning.,medium,v2_original
A sewer blockage is creating a strong smell across several nearby properties in our neighbourhood. Residents noticed the problem this morning.,medium,v2_original
We have noticed that several street lights along one road are not working near the community hall.,medium,v2_original
Thick smoke is causing breathing difficulty among nearby residents near the public market.,high,v2_original
Residents have noticed that several street lights along one road are not working at the main junction.,medium,v2_original
There is a problem where a curb has a small chipped section along the roadside.,low,v2_original
People living nearby have noticed that tap water has a slight unusual smell but remains available near the junction. the issue is noticeable but not currently dangerous. Residents are requesting assistance.,low,v3_targeted_augmentation
The community would like to report that a minor crack is visible in the pavement in our neighbourhood. the issue is causing only a minor inconvenience. Please take the necessary action.,low,v3_targeted_augmentation
The situation involves a public bin is partly full but not overflowing near the public market. People in the area have reported the same issue.,low,v2_original
We have noticed that a small patch of the road surface has become uneven near the community hall. Several nearby residents have raised concerns.,low,v2_original
Repeated electricity interruptions are affecting many houses close to the bus stop. Residents noticed the problem this morning.,medium,v2_original
People in the area are reporting that a large public waste bin is overflowing onto the pavement close to the playground.,medium,v2_original
There is a problem where a major water pipe has burst and water is entering nearby houses near the town centre. Residents noticed the problem this morning.,high,v2_original
The situation involves a water pipe is leaking continuously and a large amount of water is being wasted at the main junction. The problem has continued despite recent rainfall.,medium,v2_original
There is a public complaint because a minor water leak is dripping slowly from a public pipe close to the town centre. normal access to the area is still possible. Please address this issue.,low,v3_targeted_augmentation
People in the area are reporting that there is a small amount of dust near a construction site close to the playground.,low,v2_original
Residents have noticed that construction dust is affecting nearby shops and homes throughout the day near the town centre. Residents noticed the problem this morning.,medium,v2_original
The community would like to report that a few pieces of litter are scattered beside the walkway along the main road. the condition should be checked before it becomes worse. Residents are requesting assistance.,low,v3_targeted_augmentation
Residents report that a sewer blockage is producing a strong smell across nearby properties close to the bus stop.,medium,v3_targeted_augmentation
We have noticed that a major water pipe has burst and water is entering nearby houses at the main junction. People in the area have reported the same issue.,high,v2_original
"near the railway station, several potholes are making vehicles slow down and change direction. multiple households have reported the same problem.",medium,v3_targeted_augmentation
The community would like to report that several street lights along the road are not working outside the hospital. the situation becomes worse during rainfall. We would appreciate assistance with this problem.,medium,v3_targeted_augmentation
We would like to report that sewage is flowing into homes from an overflowing manhole close to the local clinic.,high,v3_targeted_augmentation
People in the area are reporting that a chemical liquid has leaked onto a public road beside residential buildings near our houses.,high,v2_original
There is a public complaint because a street lamp flickers occasionally but remains usable beside the public road. residents can still use the area normally. The relevant department should investigate the problem.,low,v3_targeted_augmentation
A deep hole has opened across most of the traffic lane near a blind bend on the main road.,high,v2_original
There is a problem where a deep hole has opened across most of the traffic lane near a blind bend near our houses.,high,v2_original
"in the residential area, a shallow pothole has started forming on a quiet side road.",low,v3_targeted_augmentation
Residents have reported that a water pipe is leaking continuously and wasting a large amount of water outside the hospital. several residents are affected by the problem. Residents are requesting assistance.,medium,v3_targeted_augmentation
A large public waste bin is overflowing onto the pavement close to the playground.,medium,v2_original
People living nearby have noticed that a fallen lamp post is blocking part of the road with electrical wires attached in the residential area. the condition poses a direct risk to life and safety.,high,v3_targeted_augmentation
People in the area are reporting that thick smoke is causing breathing difficulty among nearby residents near our houses.,high,v2_original
Residents have noticed that smoke from a nearby workshop is entering nearby houses near the community hall. Residents noticed the problem this morning.,medium,v2_original
Residents have noticed that several potholes are making vehicles slow down on the main road close to the bus stop.,medium,v2_original
We would like to report that a chemical liquid has spilled near houses and is producing strong fumes close to the town centre.,high,v3_targeted_augmentation
floodwater has entered several houses and is continuing to rise outside our building. someone could be seriously injured if the area is not secured immediately. Please take the necessary action.,high,v3_targeted_augmentation
Residents report that a curb has a small chipped section beside the public road.,low,v3_targeted_augmentation
The situation involves an exposed electrical cable is hanging low where pedestrians can reach it near the town centre. Several nearby residents have raised concerns.,high,v2_original
Residents have noticed that sewage is spreading across a school access road near the community hall.,high,v2_original
People in the area are reporting that a section of road has sunk and vehicles must drive around it along the roadside. Residents noticed the problem this morning.,medium,v2_original
We have noticed that a section of road has sunk and vehicles must drive around it near the school. Residents noticed the problem this morning.,medium,v2_original
We have noticed that wastewater is overflowing from a drain onto the roadside along the roadside.,medium,v2_original
People in the area are reporting that a few garbage bags are waiting at the normal collection point near the community hall.,low,v2_original
The situation involves a single street sign area has minor surface damage near the hospital. The issue is affecting normal use of the area.,low,v2_original
A local issue has developed where a small crack has appeared along the edge of a side road close to the playground.,low,v2_original
a major road section has collapsed and vehicles are approaching the damaged area near our houses. The relevant department should investigate the problem.,high,v3_targeted_augmentation
We have noticed that a water pipe is leaking continuously and a large amount of water is being wasted near our houses. People in the area have reported the same issue.,medium,v2_original
There is a problem where a roadside drain is blocked and rainwater is collecting across part of the road close to the playground.,medium,v2_original
People in the area are reporting that a water pipe is leaking continuously and a large amount of water is being wasted near the public market.,medium,v2_original
People in the area are reporting that water pressure is too low for many houses in the area near the town centre.,medium,v2_original
There is a problem where there is a small amount of dust near a construction site in our neighbourhood. The problem can be seen clearly from the roadside.,low,v2_original
We have noticed that a few garbage bags are waiting at the normal collection point close to the bus stop.,low,v2_original
We are experiencing a situation where a street lamp flickers occasionally but remains usable near the junction. the issue is noticeable but not currently dangerous. Please take the necessary action.,low,v3_targeted_augmentation
an electrical box is open and live components are exposed to pedestrians near the school.,high,v3_targeted_augmentation
We have noticed that a curb has a small chipped section near the hospital. Residents noticed the problem this morning.,low,v2_original
The situation involves a damaged electrical pole is leaning over a busy road at the main junction. The condition has remained unchanged since yesterday.,high,v2_original
A roadside drain has some leaves and sediment inside it near the school.,low,v2_original
a fallen lamp post is blocking part of the road with electrical wires attached outside our building.,high,v3_targeted_augmentation
The situation involves a roadside drain has some leaves and sediment inside it at the main junction.,low,v2_original
We have noticed that a small amount of litter is scattered near a bus stop near the community hall. The issue has been reported by households nearby.,low,v2_original
Residents have noticed that water pressure is too low for many houses in the area close to the playground.,medium,v2_original
People living nearby have noticed that a shallow puddle forms after light rain close to the local clinic. the condition should be checked before it becomes worse. Please take the necessary action.,low,v3_targeted_augmentation
There is a problem where electrical wires are sparking beside a crowded pedestrian area in our neighbourhood. Residents noticed the problem this morning.,high,v2_original
People in the area are reporting that electrical wires are sparking beside a crowded pedestrian area near the community hall. People in the area have reported the same issue.,high,v2_original
The situation involves the road surface is damaged in several places and motorcycles are having difficulty passing close to the bus stop.,medium,v2_original
A local issue has developed where a water pipe is leaking continuously and a large amount of water is being wasted near our houses.,medium,v2_original
A local issue has developed where a public bin is partly full but not overflowing near the town centre.,low,v2_original
Residents have noticed that wastewater is overflowing from a drain onto the roadside at the main junction. The problem can be seen clearly from the roadside.,medium,v2_original
We have noticed that a water main failure has flooded the entrance to a hospital near the town centre.,high,v2_original
The community would like to report that thick black smoke is filling nearby houses and residents are struggling to breathe near the community centre. the situation presents an immediate danger to the public. We would appreciate assistance with this problem.,high,v3_targeted_augmentation
We are experiencing a situation where water pressure is too low for many houses in the area outside the school. the problem has continued for more than a day. We would appreciate assistance with this problem.,medium,v3_targeted_augmentation
There is a public complaint because thick black smoke is filling nearby houses and residents are struggling to breathe near the railway station. someone could be seriously injured if the area is not secured immediately. Please take the necessary action.,high,v3_targeted_augmentation
There is a public complaint because floodwater is rising quickly around homes and residents cannot leave safely outside our building. someone could be seriously injured if the area is not secured immediately. Please address this issue.,high,v3_targeted_augmentation
Residents have noticed that part of a roadside retaining wall has collapsed onto the traffic lane along the roadside. Residents noticed the problem this morning.,high,v2_original
We have noticed that a water pipe is leaking continuously and a large amount of water is being wasted near the hospital. The issue is affecting normal use of the area.,medium,v2_original
a sewer blockage is producing a strong smell across nearby properties in our neighbourhood.,medium,v3_targeted_augmentation
a small amount of dust is affecting one section of the road near the railway station.,low,v3_targeted_augmentation
A small amount of litter is scattered near a bus stop at the main junction. Residents noticed the problem this morning.,low,v2_original
The community would like to report that water pressure is too low for many houses in the area beside the public walkway. normal daily activities are being affected. Please take the necessary action.,medium,v3_targeted_augmentation
People in the area are reporting that water supply has been unavailable to a neighbourhood since yesterday in our neighbourhood.,medium,v2_original
There is a problem where a sewer blockage is creating a strong smell across several nearby properties at the main junction.,medium,v2_original
A local issue has developed where a shallow puddle forms after light rain near the public market. The issue has been reported by households nearby.,low,v2_original
The situation involves a water pipe is leaking continuously and a large amount of water is being wasted in our neighbourhood. The problem has continued despite recent rainfall.,medium,v2_original
The situation involves a water main failure has flooded the entrance to a hospital near the hospital.,high,v2_original
A local issue has developed where tap water has a slight unusual smell but remains available near the public market.,low,v2_original
"close to the local clinic, sewage is flowing into homes from an overflowing manhole.",high,v3_targeted_augmentation
People in the area are reporting that a chemical liquid has leaked onto a public road beside residential buildings near the town centre. The problem can be seen clearly from the roadside.,high,v2_original
a small crack has appeared along the edge of the road outside the school. The relevant department should investigate the problem.,low,v3_targeted_augmentation
We are experiencing a situation where a public bin is partly full but is not overflowing close to the town centre. the problem is limited to a small section. Please send the responsible team.,low,v3_targeted_augmentation
Residents have reported that a small amount of dust is affecting one section of the road near the school. the service remains available despite the issue. Please inspect the issue.,low,v3_targeted_augmentation
We have noticed that a major water pipe has burst and water is entering nearby houses near the town centre.,high,v2_original
People in the area are reporting that a public bin is partly full but not overflowing close to the bus stop. Several nearby residents have raised concerns.,low,v2_original
There is a problem where a major water pipe has burst and water is entering nearby houses near the public market. The problem has continued despite recent rainfall.,high,v2_original
People in the area are reporting that a public bin is partly full but not overflowing along the roadside.,low,v2_original
There is a public complaint because a curb has a small chipped section in our neighbourhood. the condition should be checked before it becomes worse.,low,v3_targeted_augmentation
A fallen power cable is lying across a pedestrian path near the town centre. The issue has been reported by households nearby.,high,v2_original
The situation involves water pressure is too low for many houses in the area in our neighbourhood. Several nearby residents have raised concerns.,medium,v2_original
People in the area are reporting that floodwater has entered houses and is continuing to rise near the hospital.,high,v2_original
The community would like to report that dense smoke is causing breathing difficulty among nearby residents near the public market. the area should be secured immediately. Please arrange an inspection.,high,v3_targeted_augmentation
There is a problem where a roadside drain is blocked and rainwater is collecting across part of the road on the main road. The issue has been reported by households nearby.,medium,v2_original
Residents have noticed that sewage is flowing into several homes from an overflowing manhole close to the playground. The issue is affecting normal use of the area.,high,v2_original
A local issue has developed where a damaged electrical pole is leaning over a busy road near the school.,high,v2_original
Residents have reported that a water pipe is leaking continuously and wasting a large amount of water near the playground. the problem should be addressed before it becomes dangerous. Please inspect the issue.,medium,v3_targeted_augmentation
A large section of road has collapsed beside a school entrance near the school.,high,v2_original
"near the community centre, a damaged electrical pole is leaning over a busy road. someone could be seriously injured if the area is not secured immediately. The relevant department should investigate the problem.",high,v3_targeted_augmentation
a shallow puddle forms after light rain at the village entrance.,low,v3_targeted_augmentation
A local issue has developed where wastewater is overflowing from a drain onto the roadside near our houses.,medium,v2_original
We have noticed that there is a small amount of dust near a construction site at the main junction.,low,v2_original
The situation involves floodwater has entered houses and is continuing to rise near the community hall.,high,v2_original
People in the area are reporting that several street lights along one road are not working near the public market.,medium,v2_original
A sewer blockage is creating a strong smell across several nearby properties at the main junction. The problem can be seen clearly from the roadside.,medium,v2_original
The situation involves a single street sign area has minor surface damage along the roadside. The problem has continued despite recent rainfall.,low,v2_original
People in the area are reporting that a large public waste bin is overflowing onto the pavement near our houses.,medium,v2_original
Dense smoke from a nearby facility is causing residents to leave their homes near our houses.,high,v2_original
The situation involves a small patch of the road surface has become uneven near the public market.,low,v2_original
People in the area are reporting that dense smoke from a nearby facility is causing residents to leave their homes at the main junction. The issue has been reported by households nearby.,high,v2_original
The situation involves a curb has a small chipped section along the roadside. The problem has continued despite recent rainfall.,low,v2_original
The situation involves a deep hole has opened across most of the traffic lane near a blind bend at the main junction. The condition becomes worse during busy periods.,high,v2_original
a minor water leak is dripping slowly from a public pipe close to the bus stop.,low,v3_targeted_augmentation
"beside the public road, a small patch of road surface has become uneven.",low,v3_targeted_augmentation
People in the area are reporting that wastewater is overflowing from a drain onto the roadside near the public market.,medium,v2_original
Residents have noticed that a large public waste bin is overflowing onto the pavement near the school.,medium,v2_original
The situation involves an exposed electrical cable is hanging low where pedestrians can reach it near the hospital.,high,v2_original
Residents report that a curb has a small chipped section near the junction.,low,v3_targeted_augmentation
We would like to report that the water pressure is slightly lower than normal in one house near the public market.,low,v3_targeted_augmentation
A local issue has developed where a sewer blockage is creating a strong smell across several nearby properties near the school.,medium,v2_original
There is a problem where part of a roadside retaining wall has collapsed onto the traffic lane close to the playground.,high,v2_original
A local issue has developed where water supply has been unavailable to a neighbourhood since yesterday near the public market. Several nearby residents have raised concerns.,medium,v2_original
We are experiencing a situation where several street lights along the road are not working near our houses. the problem has continued for more than a day. We would appreciate assistance with this problem.,medium,v3_targeted_augmentation
A local issue has developed where a roadside drain has some leaves and sediment inside it near the community hall.,low,v2_original
Residents have noticed that a small crack has appeared along the edge of a side road close to the bus stop. People passing through the area are being affected.,low,v2_original
The situation involves a roadside drain has some leaves and sediment inside it close to the bus stop. People in the area have reported the same issue.,low,v2_original
a high-voltage cable has fallen beside a public walkway close to the local clinic.,high,v3_targeted_augmentation
People in the area are reporting that a curb has a small chipped section on the main road. The problem has continued despite recent rainfall.,low,v2_original
There is a problem where sewage is flowing into several homes from an overflowing manhole near the public market.,high,v2_original
We are experiencing a situation where a public waste container has a damaged lid but can still be used near the public market. the issue is noticeable but not currently dangerous. We would appreciate assistance with this problem.,low,v3_targeted_augmentation
Residents have noticed that a water pipe is leaking continuously and a large amount of water is being wasted near the community hall.,medium,v2_original
A local issue has developed where dense smoke from a nearby facility is causing residents to leave their homes near the school. Residents noticed the problem this morning.,high,v2_original
Residents have noticed that a small patch of the road surface has become uneven at the main junction.,low,v2_original
Residents have noticed that water supply has been unavailable to a neighbourhood since yesterday near the town centre. The issue has been reported by households nearby.,medium,v2_original
Residents have reported that a drainage outlet is partially blocked and dirty water reaches the walkway beside the public walkway. several residents are affected by the problem. Please send the responsible team.,medium,v3_targeted_augmentation
We have noticed that wastewater is overflowing from a drain onto the roadside at the main junction.,medium,v2_original
People in the area are reporting that a single street sign area has minor surface damage on the main road. Residents noticed the problem this morning.,low,v2_original
Residents have noticed that construction dust is affecting nearby shops and homes throughout the day near our houses.,medium,v2_original
There is a problem where sewage is spreading across a school access road along the roadside.,high,v2_original
The community would like to report that a minor water leak is dripping slowly from a public pipe beside the public road. the service remains available despite the issue. We would appreciate assistance with this problem.,low,v3_targeted_augmentation
There is a public complaint because smoke from a nearby workshop is regularly entering nearby houses near the public market. the situation becomes worse during rainfall. Residents are requesting assistance.,medium,v3_targeted_augmentation
Residents have reported that residents are experiencing repeated power cuts during the evening beside the public walkway. the problem should be addressed before it becomes dangerous. We would appreciate assistance with this problem.,medium,v3_targeted_augmentation
There is a problem where a small crack has appeared along the edge of a side road near the public market. The problem has continued despite recent rainfall.,low,v2_original
A drain cover is slightly loose but still in place near the community hall.,low,v2_original
There is a problem where smoke from a nearby workshop is entering nearby houses near our houses. Residents noticed the problem this morning.,medium,v2_original
We are experiencing a situation where one street lamp is dim but still provides some light near the junction. the condition should be checked before it becomes worse. Please address this issue.,low,v3_targeted_augmentation
"near the junction, a fallen lamp post is blocking part of the road with electrical wires attached. the condition poses a direct risk to life and safety. Residents are requesting assistance.",high,v3_targeted_augmentation
There is a public complaint because a live electrical wire is lying across a pedestrian path at the village entrance. people are being exposed to a serious safety hazard. The relevant department should investigate the problem.,high,v3_targeted_augmentation
"along the main road, a street lamp flickers occasionally but remains usable.",low,v3_targeted_augmentation
A shallow puddle forms after light rain at the main junction. Several nearby residents have raised concerns.,low,v2_original
People in the area are reporting that a major water pipe has burst and water is entering nearby houses at the main junction.,high,v2_original
The situation involves floodwater has entered houses and is continuing to rise near our houses.,high,v2_original
There is a public complaint because a public area has accumulated a large amount of uncollected rubbish in the residential area. multiple households have reported the same problem. Residents are requesting assistance.,medium,v3_targeted_augmentation
We have noticed that several potholes are making vehicles slow down on the main road close to the bus stop. People passing through the area are being affected.,medium,v2_original
The community would like to report that water pressure is too low for many houses in the area near the public market. residents are requesting prompt attention. We would appreciate assistance with this problem.,medium,v3_targeted_augmentation
There is a public complaint because a street lamp flickers occasionally but remains usable near the junction. the issue is causing only a minor inconvenience. Please arrange an inspection.,low,v3_targeted_augmentation
There is a problem where part of a roadside retaining wall has collapsed onto the traffic lane in our neighbourhood. The problem can be seen clearly from the roadside.,high,v2_original
There is a problem where there is a small amount of dust near a construction site near the school.,low,v2_original
There is a problem where a small patch of the road surface has become uneven at the main junction. Several nearby residents have raised concerns.,low,v2_original
A local issue has developed where a large public waste bin is overflowing onto the pavement near our houses.,medium,v2_original
A local issue has developed where there is a small amount of dust near a construction site near the public market.,low,v2_original
People in the area are reporting that a roadside drain has some leaves and sediment inside it close to the playground. The condition has remained unchanged since yesterday.,low,v2_original
We are experiencing a situation where the road surface is badly cracked and uneven near the school. the situation becomes worse during rainfall. Please address this issue.,medium,v3_targeted_augmentation
Residents report that a strong chemical release is affecting people in nearby homes near the railway station.,high,v3_targeted_augmentation
The situation involves part of a roadside retaining wall has collapsed onto the traffic lane at the main junction. Residents noticed the problem this morning.,high,v2_original
A local issue has developed where several street lights along one road are not working close to the playground.,medium,v2_original
Residents have reported that a strong chemical release is affecting people in nearby homes near the community centre. residents are at risk of serious injury. The relevant department should investigate the problem.,high,v3_targeted_augmentation
A local issue has developed where a minor water leak is dripping from a public pipe near the hospital. People passing through the area are being affected.,low,v2_original
Residents have reported that a shallow pothole has started forming on a quiet side road near the public market. the problem is limited to a small section. Please arrange an inspection.,low,v3_targeted_augmentation
Residents report that part of a roadside retaining wall has collapsed onto the traffic lane near our houses.,high,v3_targeted_augmentation
We have noticed that one street lamp is dim but still provides some light close to the bus stop.,low,v2_original
The situation involves a curb has a small chipped section near the hospital. People in the area have reported the same issue.,low,v2_original
People living nearby have noticed that an exposed electrical cable is hanging where people can touch it beside the public road. people are being exposed to a serious safety hazard. Please arrange an inspection.,high,v3_targeted_augmentation
There is a problem where a roadside drain has some leaves and sediment inside it along the roadside. The issue is affecting normal use of the area.,low,v2_original
A local issue has developed where a roadside drain has some leaves and sediment inside it along the roadside. The condition has remained unchanged since yesterday.,low,v2_original
A local issue has developed where several street lights along one road are not working in our neighbourhood.,medium,v2_original
water service keeps stopping for several hours at a time near the public market. multiple households have reported the same problem. Please address this issue.,medium,v3_targeted_augmentation
There is a problem where a large section of road has collapsed beside a school entrance close to the playground. The condition becomes worse during busy periods.,high,v2_original
Residents have noticed that electrical wires are sparking beside a crowded pedestrian area at the main junction. Several nearby residents have raised concerns.,high,v2_original
Residents have noticed that a single street sign area has minor surface damage near the town centre. People passing through the area are being affected.,low,v2_original
A local issue has developed where a shallow puddle forms after light rain near the public market.,low,v2_original
There is a problem where thick smoke is causing breathing difficulty among nearby residents near the school.,high,v2_original
People in the area are reporting that a fallen power cable is lying across a pedestrian path near the community hall.,high,v2_original
People in the area are reporting that a public bin is partly full but not overflowing near our houses. The problem has continued despite recent rainfall.,low,v2_original
The community would like to report that a drainage outlet is partially blocked and dirty water reaches the walkway near the public market. normal daily activities are being affected. Residents are requesting assistance.,medium,v3_targeted_augmentation
Residents have reported that a small amount of rubbish has been left near a public bin near our houses. normal access to the area is still possible. Please address this issue.,low,v3_targeted_augmentation
"near the railway station, multiple damaged sections of road are affecting normal traffic.",medium,v3_targeted_augmentation
Residents have noticed that thick smoke is causing breathing difficulty among nearby residents at the main junction.,high,v2_original
The community would like to report that water supply has been unavailable to several houses since yesterday near the hospital. the area can still be used but with difficulty. Please inspect the issue.,medium,v3_targeted_augmentation
The community would like to report that a high-voltage cable has fallen beside a public walkway outside the hospital. the area should be secured immediately. Please take the necessary action.,high,v3_targeted_augmentation
Residents have noticed that a single street sign area has minor surface damage near the school.,low,v2_original
"outside our building, a large tree has fallen onto electrical lines above the road. the situation presents an immediate danger to the public. The relevant department should investigate the problem.",high,v3_targeted_augmentation
There is a small amount of dust near a construction site near the community hall.,low,v2_original
We would like to report that a fallen lamp post is blocking part of the road with electrical wires attached near the railway station.,high,v3_targeted_augmentation
An exposed electrical cable is hanging low where pedestrians can reach it in our neighbourhood. Several nearby residents have raised concerns.,high,v2_original
A local issue has developed where a deep hole has opened across most of the traffic lane near a blind bend near the hospital. The problem can be seen clearly from the roadside.,high,v2_original
The situation involves tap water has a slight unusual smell but remains available close to the bus stop. Residents noticed the problem this morning.,low,v2_original
We would like to report that a deep hole has opened across most of the traffic lane near the railway station.,high,v3_targeted_augmentation
Residents have noticed that sewage is spreading across a school access road on the main road.,high,v2_original
The situation involves dense smoke from a nearby facility is causing residents to leave their homes close to the bus stop. The problem has continued despite recent rainfall.,high,v2_original
There is a problem where a fallen power cable is lying across a pedestrian path in our neighbourhood. The problem has continued despite recent rainfall.,high,v2_original
The situation involves a public bin is partly full but not overflowing near the public market.,low,v2_original
There is a public complaint because a shallow puddle forms after light rain in the residential area. the issue is causing only a minor inconvenience. We would appreciate assistance with this problem.,low,v3_targeted_augmentation
There is a problem where a damaged electrical pole is leaning over a busy road near the school. The problem can be seen clearly from the roadside.,high,v2_original
People in the area are reporting that a large public waste bin is overflowing onto the pavement close to the bus stop. The problem has continued despite recent rainfall.,medium,v2_original
tap water has a slight unusual smell but remains available at the village entrance.,low,v3_targeted_augmentation
People in the area are reporting that a major water pipe has burst and water is entering nearby houses near the public market.,high,v2_original
Water supply has been unavailable to a neighbourhood since yesterday along the roadside. Several nearby residents have raised concerns.,medium,v2_original
a shallow puddle forms after light rain outside the hospital. residents can still use the area normally.,low,v3_targeted_augmentation
There is a problem where water supply has been unavailable to a neighbourhood since yesterday at the main junction.,medium,v2_original
Residents have noticed that water pressure is too low for many houses in the area close to the bus stop. The problem can be seen clearly from the roadside.,medium,v2_original
There is a public complaint because a street lamp flickers occasionally but remains usable outside the school. residents can still use the area normally.,low,v3_targeted_augmentation
"beside the public road, a drainage outlet is partially blocked and dirty water reaches the walkway. the problem has continued for more than a day. The relevant department should investigate the problem.",medium,v3_targeted_augmentation
A local issue has developed where water pressure is too low for many houses in the area near our houses.,medium,v2_original
The situation involves tap water has a slight unusual smell but remains available near the community hall.,low,v2_original
A local issue has developed where a public bin is partly full but not overflowing close to the bus stop. The condition has remained unchanged since yesterday.,low,v2_original
The community would like to report that a street lamp flickers occasionally but remains usable beside the public road. the condition should be checked before it becomes worse. Please address this issue.,low,v3_targeted_augmentation
There is a problem where a water main failure has flooded the entrance to a hospital near the school.,high,v2_original
"near the public market, an exposed electrical cable is hanging where people can touch it. people are being exposed to a serious safety hazard. Please address this issue.",high,v3_targeted_augmentation
The situation involves a roadside drain is blocked and rainwater is collecting across part of the road at the main junction. People in the area have reported the same issue.,medium,v2_original
People living nearby have noticed that a damaged electrical pole is leaning over a busy road close to the bus stop. the situation presents an immediate danger to the public. We would appreciate assistance with this problem.,high,v3_targeted_augmentation
Residents have noticed that the road surface is damaged in several places and motorcycles are having difficulty passing on the main road. People passing through the area are being affected.,medium,v2_original
Residents have noticed that several potholes are making vehicles slow down on the main road at the main junction.,medium,v2_original
A local issue has developed where a single street sign area has minor surface damage near the community hall. The issue has been reported by households nearby.,low,v2_original
residents are experiencing repeated power cuts during the evening near the junction. the issue is disrupting normal use of the area. Please address this issue.,medium,v3_targeted_augmentation
Residents report that a roadside drain contains some leaves but water can still pass near the school.,low,v3_targeted_augmentation
floodwater has entered several houses and is continuing to rise close to the bus stop. someone could be seriously injured if the area is not secured immediately. The relevant department should investigate the problem.,high,v3_targeted_augmentation
We have noticed that smoke from a nearby workshop is entering nearby houses at the main junction.,medium,v2_original
People in the area are reporting that a water pipe is leaking continuously and a large amount of water is being wasted close to the bus stop.,medium,v2_original
"beside the public road, residents are experiencing repeated power cuts during the evening. residents are requesting prompt attention. We would appreciate assistance with this problem.",medium,v3_targeted_augmentation
Residents have reported that a shallow puddle forms after light rain near the public market. there is no immediate safety risk. Please send the responsible team.,low,v3_targeted_augmentation
A large section of road has collapsed beside a school entrance near our houses.,high,v2_original
People living nearby have noticed that a large chemical spill is spreading across a public road at the village entrance. residents are at risk of serious injury. Please take the necessary action.,high,v3_targeted_augmentation
The situation involves part of a roadside retaining wall has collapsed onto the traffic lane near the public market. People in the area have reported the same issue.,high,v2_original
A section of road has sunk and vehicles must drive around it close to the playground. The condition becomes worse during busy periods.,medium,v2_original
"near the junction, residents are experiencing repeated power cuts during the evening.",medium,v3_targeted_augmentation
a major road section has collapsed and vehicles are approaching the damaged area outside the school. people are being exposed to a serious safety hazard. Please send the responsible team.,high,v3_targeted_augmentation
Residents have noticed that a minor water leak is dripping from a public pipe near the hospital.,low,v2_original
Residents have noticed that repeated electricity interruptions are affecting many houses near our houses. The issue has been reported by households nearby.,medium,v2_original
a roadside drain is blocked and rainwater is collecting across part of the road beside the public walkway. normal daily activities are being affected. Please send the responsible team.,medium,v3_targeted_augmentation
Residents have noticed that floodwater has entered houses and is continuing to rise near the hospital.,high,v2_original
A local issue has developed where electrical wires are sparking beside a crowded pedestrian area near the public market. The issue has been reported by households nearby.,high,v2_original
A local issue has developed where sewage is flowing into several homes from an overflowing manhole near the hospital. People passing through the area are being affected.,high,v2_original
People living nearby have noticed that a drain grate is loose and makes a noise when vehicles pass in the residential area. the service remains available despite the issue. Please arrange an inspection.,low,v3_targeted_augmentation
A local issue has developed where thick smoke is causing breathing difficulty among nearby residents along the roadside.,high,v2_original
Residents have noticed that repeated electricity interruptions are affecting many houses close to the playground.,medium,v2_original
A sewer blockage is creating a strong smell across several nearby properties along the roadside.,medium,v2_original
Residents have noticed that smoke from a nearby workshop is entering nearby houses near the school.,medium,v2_original
The situation involves a sewer blockage is creating a strong smell across several nearby properties near our houses.,medium,v2_original
"near the railway station, wastewater is overflowing from a drain onto the roadside. the situation becomes worse during rainfall. Please arrange an inspection.",medium,v3_targeted_augmentation
a curb has a small chipped section in our neighbourhood. We would appreciate assistance with this problem.,low,v3_targeted_augmentation
a live electrical wire is lying across a pedestrian path outside the hospital. people are being exposed to a serious safety hazard. The relevant department should investigate the problem.,high,v3_targeted_augmentation
We have noticed that an exposed electrical cable is hanging low where pedestrians can reach it near the public market. Residents noticed the problem this morning.,high,v2_original
a damaged electrical pole is leaning over a busy road near the playground. Please inspect the issue.,high,v3_targeted_augmentation
People in the area are reporting that a large section of road has collapsed beside a school entrance on the main road.,high,v2_original
We have noticed that construction dust is affecting nearby shops and homes throughout the day along the roadside. The problem has continued despite recent rainfall.,medium,v2_original
A large section of road has collapsed beside a school entrance near the public market. The condition has remained unchanged since yesterday.,high,v2_original
A local issue has developed where thick smoke is causing breathing difficulty among nearby residents near the community hall.,high,v2_original
Residents report that one street sign is slightly damaged but still readable beside the public walkway.,low,v3_targeted_augmentation
Residents have noticed that a curb has a small chipped section near the community hall. The condition becomes worse during busy periods.,low,v2_original
a drain grate is loose and makes a noise when vehicles pass near the community centre. Please inspect the issue.,low,v3_targeted_augmentation
People living nearby have noticed that part of a roadside retaining wall has collapsed onto the traffic lane near the playground. the problem could cause a major accident. The relevant department should investigate the problem.,high,v3_targeted_augmentation
Residents report that thick black smoke is filling nearby houses and residents are struggling to breathe in our neighbourhood.,high,v3_targeted_augmentation
Residents have reported that a minor crack is visible in the pavement near the community centre. the problem is limited to a small section.,low,v3_targeted_augmentation
People in the area are reporting that construction dust is affecting nearby shops and homes throughout the day on the main road.,medium,v2_original
"outside the school, garbage collection has been missed for several days and waste is accumulating.",medium,v3_targeted_augmentation
The situation involves an exposed electrical cable is hanging low where pedestrians can reach it near our houses.,high,v2_original
Residents report that one household is experiencing slightly reduced water pressure in the residential area.,low,v3_targeted_augmentation
People in the area are reporting that a large section of road has collapsed beside a school entrance near the school. The condition becomes worse during busy periods.,high,v2_original
We have noticed that there is a small amount of dust near a construction site near the community hall.,low,v2_original
Residents have noticed that a single street sign area has minor surface damage close to the bus stop. Residents noticed the problem this morning.,low,v2_original
"near the railway station, a high-voltage cable has fallen beside a public walkway. the condition poses a direct risk to life and safety. Please take the necessary action.",high,v3_targeted_augmentation
The community would like to report that a curb has a small chipped section near the railway station. the issue is noticeable but not currently dangerous. We would appreciate assistance with this problem.,low,v3_targeted_augmentation
"near the community centre, a section of road has sunk and vehicles must drive around it.",medium,v3_targeted_augmentation
A few garbage bags are waiting at the normal collection point along the roadside.,low,v2_original
We have noticed that a damaged electrical pole is leaning over a busy road near our houses.,high,v2_original
Residents have noticed that a curb has a small chipped section near the town centre. The issue is affecting normal use of the area.,low,v2_original
People in the area are reporting that a water pipe is leaking continuously and a large amount of water is being wasted near the public market. The condition becomes worse during busy periods.,medium,v2_original
Residents have noticed that electrical wires are sparking beside a crowded pedestrian area close to the playground.,high,v2_original
A single street sign area has minor surface damage near the public market.,low,v2_original
We have noticed that a chemical liquid has leaked onto a public road beside residential buildings near the town centre. Residents noticed the problem this morning.,high,v2_original
The situation involves a large public waste bin is overflowing onto the pavement close to the playground. The issue has been reported by households nearby.,medium,v2_original
The situation involves a section of road has sunk and vehicles must drive around it at the main junction. People in the area have reported the same issue.,medium,v2_original
A local issue has developed where a curb has a small chipped section near the public market. Residents noticed the problem this morning.,low,v2_original
There is a problem where one street lamp is dim but still provides some light near the town centre. The condition becomes worse during busy periods.,low,v2_original
a damaged electrical pole is leaning over a busy road near the school. Please inspect the issue.,high,v3_targeted_augmentation
There is a public complaint because the road surface is badly cracked and uneven outside the school. the problem should be addressed before it becomes dangerous. Please arrange an inspection.,medium,v3_targeted_augmentation
A local issue has developed where a deep hole has opened across most of the traffic lane near a blind bend near the school.,high,v2_original
The situation involves the road surface is damaged in several places and motorcycles are having difficulty passing in our neighbourhood. The condition becomes worse during busy periods.,medium,v2_original
People living nearby have noticed that a live electrical wire is lying across a pedestrian path near the hospital. residents may need emergency assistance. The relevant department should investigate the problem.,high,v3_targeted_augmentation
a deep hole has opened across most of the traffic lane along the main road. Please take the necessary action.,high,v3_targeted_augmentation
There is a problem where a curb has a small chipped section close to the playground. People in the area have reported the same issue.,low,v2_original
an electrical box is open and live components are exposed to pedestrians near the school. Please arrange an inspection.,high,v3_targeted_augmentation
A local issue has developed where one lamp flickers occasionally during the evening near the town centre. The issue has been reported by households nearby.,low,v2_original
Construction dust is affecting nearby shops and homes throughout the day along the roadside. People passing through the area are being affected.,medium,v2_original
People in the area are reporting that a fallen power cable is lying across a pedestrian path along the roadside. The condition becomes worse during busy periods.,high,v2_original
"at the village entrance, a shallow pothole has started forming on a quiet side road.",low,v3_targeted_augmentation
"beside the public road, tap water has a slight unusual smell but remains available.",low,v3_targeted_augmentation
A roadside drain has some leaves and sediment inside it near our houses.,low,v2_original
We have noticed that floodwater has entered houses and is continuing to rise close to the bus stop.,high,v2_original
There is a public complaint because a sewer blockage is producing a strong smell across nearby properties close to the town centre. the issue is causing significant inconvenience. The relevant department should investigate the problem.,medium,v3_targeted_augmentation
Residents have noticed that sewage is flowing into several homes from an overflowing manhole on the main road. People passing through the area are being affected.,high,v2_original
Residents have noticed that a large section of road has collapsed beside a school entrance near the town centre. The condition becomes worse during busy periods.,high,v2_original
The community would like to report that a curb has a small chipped section near the community centre. there is no immediate safety risk. We would appreciate assistance with this problem.,low,v3_targeted_augmentation
Residents have noticed that an exposed electrical cable is hanging low where pedestrians can reach it near the hospital. People in the area have reported the same issue.,high,v2_original
Residents have reported that a group of street lamps is not functioning at night outside our building. multiple households have reported the same problem. Residents are requesting assistance.,medium,v3_targeted_augmentation
People living nearby have noticed that a sewer blockage is producing a strong smell across nearby properties near the community centre. the area can still be used but with difficulty. We would appreciate assistance with this problem.,medium,v3_targeted_augmentation
People living nearby have noticed that floodwater has entered several houses and is continuing to rise in our neighbourhood. urgent intervention is required. The relevant department should investigate the problem.,high,v3_targeted_augmentation
A local issue has developed where electrical wires are sparking beside a crowded pedestrian area near the hospital. The condition becomes worse during busy periods.,high,v2_original
Residents have noticed that a water pipe is leaking continuously and a large amount of water is being wasted near the town centre.,medium,v2_original
Residents have noticed that tap water has a slight unusual smell but remains available along the roadside. The issue is affecting normal use of the area.,low,v2_original
People in the area are reporting that thick smoke is causing breathing difficulty among nearby residents near our houses. Residents noticed the problem this morning.,high,v2_original
People in the area are reporting that a sewer blockage is creating a strong smell across several nearby properties close to the playground.,medium,v2_original
Wastewater is overflowing from a drain onto the roadside close to the playground. People in the area have reported the same issue.,medium,v2_original
Residents have reported that a public area has accumulated a large amount of uncollected rubbish at the village entrance. the issue is causing significant inconvenience. Please take the necessary action.,medium,v3_targeted_augmentation
There is a problem where a public bin is partly full but not overflowing at the main junction. The problem has continued despite recent rainfall.,low,v2_original
The community would like to report that a high-voltage cable has fallen beside a public walkway close to the bus stop. the area should be secured immediately. Please arrange an inspection.,high,v3_targeted_augmentation
"beside the public road, an exposed electrical cable is hanging where people can touch it. the area should be secured immediately. Residents are requesting assistance.",high,v3_targeted_augmentation
We have noticed that a fallen power cable is lying across a pedestrian path near our houses. People passing through the area are being affected.,high,v2_original
The situation involves a roadside drain has some leaves and sediment inside it in our neighbourhood. The issue is affecting normal use of the area.,low,v2_original
Residents have noticed that a large section of road has collapsed beside a school entrance near the town centre.,high,v2_original
We have noticed that a single street sign area has minor surface damage at the main junction. People passing through the area are being affected.,low,v2_original
Residents have noticed that a large section of road has collapsed beside a school entrance near the school. The issue is affecting normal use of the area.,high,v2_original
Residents have noticed that a section of road has sunk and vehicles must drive around it near the hospital. People passing through the area are being affected.,medium,v2_original
"near our houses, a small amount of dust is affecting one section of the road. the service remains available despite the issue. Please inspect the issue.",low,v3_targeted_augmentation
The situation involves smoke from a nearby workshop is entering nearby houses near the town centre.,medium,v2_original
"beside the public walkway, thick black smoke is filling nearby houses and residents are struggling to breathe. the problem could cause a major accident. The relevant department should investigate the problem.",high,v3_targeted_augmentation
The road surface is damaged in several places and motorcycles are having difficulty passing near the community hall. People passing through the area are being affected.,medium,v2_original
The situation involves a deep hole has opened across most of the traffic lane near a blind bend near the hospital. The problem can be seen clearly from the roadside.,high,v2_original
There is a problem where a small patch of the road surface has become uneven along the roadside.,low,v2_original
We are experiencing a situation where tap water has a slight unusual smell but remains available outside the hospital. residents can still use the area normally. Please send the responsible team.,low,v3_targeted_augmentation
The situation involves one lamp flickers occasionally during the evening near the hospital.,low,v2_original
We have noticed that wastewater is overflowing from a drain onto the roadside close to the bus stop. People passing through the area are being affected.,medium,v2_original
floodwater is rising quickly around homes and residents cannot leave safely close to the local clinic.,high,v3_targeted_augmentation
the road surface is badly cracked and uneven beside the public walkway. the issue is disrupting normal use of the area. Please address this issue.,medium,v3_targeted_augmentation
A local issue has developed where a water main failure has flooded the entrance to a hospital close to the playground.,high,v2_original
Residents have noticed that a public bin is partly full but not overflowing close to the bus stop. The issue has been reported by households nearby.,low,v2_original
A local issue has developed where thick smoke is causing breathing difficulty among nearby residents in our neighbourhood. Residents noticed the problem this morning.,high,v2_original
We have noticed that a small amount of litter is scattered near a bus stop close to the bus stop. The issue is affecting normal use of the area.,low,v2_original
Residents have noticed that the road surface is damaged in several places and motorcycles are having difficulty passing at the main junction. Residents noticed the problem this morning.,medium,v2_original
A local issue has developed where one street lamp is dim but still provides some light along the roadside.,low,v2_original
Residents report that a small amount of dust is affecting one section of the road near the playground.,low,v3_targeted_augmentation
"along the main road, one street sign is slightly damaged but still readable.",low,v3_targeted_augmentation
"near the hospital, a major road section has collapsed and vehicles are approaching the damaged area. people are being exposed to a serious safety hazard.",high,v3_targeted_augmentation
People in the area are reporting that a curb has a small chipped section near the hospital.,low,v2_original
Residents have noticed that a small patch of the road surface has become uneven close to the playground. The problem can be seen clearly from the roadside.,low,v2_original
A public bin is partly full but not overflowing near the hospital. The issue has been reported by households nearby.,low,v2_original
A local issue has developed where a roadside drain has some leaves and sediment inside it at the main junction.,low,v2_original
Residents have noticed that dense smoke from a nearby facility is causing residents to leave their homes close to the playground.,high,v2_original
The situation involves a sewer blockage is creating a strong smell across several nearby properties near the hospital. People passing through the area are being affected.,medium,v2_original
There is a public complaint because a damaged power pole appears ready to fall onto passing vehicles near the school. the area should be secured immediately. Please inspect the issue.,high,v3_targeted_augmentation
We have noticed that tap water has a slight unusual smell but remains available near the community hall. The condition becomes worse during busy periods.,low,v2_original
Residents have noticed that a section of road has sunk and vehicles must drive around it near the town centre.,medium,v2_original
People living nearby have noticed that a shallow puddle forms after light rain near the junction. the problem is limited to a small section. Please take the necessary action.,low,v3_targeted_augmentation
floodwater has entered several houses and is continuing to rise close to the local clinic. urgent intervention is required. Please send the responsible team.,high,v3_targeted_augmentation
Residents have noticed that part of a roadside retaining wall has collapsed onto the traffic lane close to the playground. The condition becomes worse during busy periods.,high,v2_original
We have noticed that a drain cover is slightly loose but still in place close to the playground. The problem can be seen clearly from the roadside.,low,v2_original
There is a public complaint because an electrical box is open and live components are exposed to pedestrians along the main road. the situation presents an immediate danger to the public. We would appreciate assistance with this problem.,high,v3_targeted_augmentation
Residents have noticed that water pressure is too low for many houses in the area near the school. The issue has been reported by households nearby.,medium,v2_original
Floodwater has entered houses and is continuing to rise close to the bus stop. People passing through the area are being affected.,high,v2_original
A local issue has developed where a curb has a small chipped section close to the bus stop.,low,v2_original
A local issue has developed where a major water pipe has burst and water is entering nearby houses along the roadside.,high,v2_original
The situation involves repeated electricity interruptions are affecting many houses near the school. Several nearby residents have raised concerns.,medium,v2_original
People living nearby have noticed that one street sign is slightly damaged but still readable close to the town centre. the condition should be checked before it becomes worse. We would appreciate assistance with this problem.,low,v3_targeted_augmentation
Residents have noticed that part of a roadside retaining wall has collapsed onto the traffic lane close to the bus stop. People in the area have reported the same issue.,high,v2_original
one street sign is slightly damaged but still readable outside our building. residents can still use the area normally.,low,v3_targeted_augmentation
The situation involves a damaged electrical pole is leaning over a busy road close to the bus stop. The issue is affecting normal use of the area.,high,v2_original
Residents have noticed that tap water has a slight unusual smell but remains available along the roadside.,low,v2_original
a small patch of road surface has become uneven near the community centre. the problem is limited to a small section. Please send the responsible team.,low,v3_targeted_augmentation
People in the area are reporting that smoke from a nearby workshop is entering nearby houses near the community hall. The problem can be seen clearly from the roadside.,medium,v2_original
A major water pipe has burst and water is entering nearby houses near our houses.,high,v2_original
People living nearby have noticed that the water pressure is slightly lower than normal in one house near the community centre. the condition should be checked before it becomes worse. Residents are requesting assistance.,low,v3_targeted_augmentation
There is a problem where a damaged electrical pole is leaning over a busy road close to the playground. The problem can be seen clearly from the roadside.,high,v2_original
A water pipe is leaking continuously and a large amount of water is being wasted near the hospital. The condition has remained unchanged since yesterday.,medium,v2_original
"outside the hospital, a street lamp flickers occasionally but remains usable.",low,v3_targeted_augmentation
Repeated electricity interruptions are affecting many houses along the roadside. The condition becomes worse during busy periods.,medium,v2_original
Residents have noticed that one street lamp is dim but still provides some light close to the playground.,low,v2_original
"beside the public walkway, sewage is flowing into homes from an overflowing manhole.",high,v3_targeted_augmentation
Residents have noticed that an exposed electrical cable is hanging low where pedestrians can reach it near our houses.,high,v2_original
We have noticed that sewage is flowing into several homes from an overflowing manhole near the school.,high,v2_original
a water pipe is leaking continuously and wasting a large amount of water beside the public walkway.,medium,v3_targeted_augmentation
We have noticed that a water pipe is leaking continuously and a large amount of water is being wasted in our neighbourhood. The problem has continued despite recent rainfall.,medium,v2_original
There is a problem where a section of road has sunk and vehicles must drive around it close to the playground. The condition becomes worse during busy periods.,medium,v2_original
thick black smoke is filling nearby houses and residents are struggling to breathe outside the school. the problem could cause a major accident. Please address this issue.,high,v3_targeted_augmentation
A local issue has developed where a roadside drain is blocked and rainwater is collecting across part of the road near the town centre. People in the area have reported the same issue.,medium,v2_original
a drainage outlet is partially blocked and dirty water reaches the walkway close to the bus stop.,medium,v3_targeted_augmentation
a public waste container has a damaged lid but can still be used in the residential area. the condition should be checked before it becomes worse. Please take the necessary action.,low,v3_targeted_augmentation
A water pipe is leaking continuously and a large amount of water is being wasted along the roadside. The condition has remained unchanged since yesterday.,medium,v2_original
There is a public complaint because several street lights along the road are not working beside the public walkway. the problem should be addressed before it becomes dangerous. Please take the necessary action.,medium,v3_targeted_augmentation
We have noticed that a sewer blockage is creating a strong smell across several nearby properties close to the playground. People in the area have reported the same issue.,medium,v2_original
People in the area are reporting that electrical wires are sparking beside a crowded pedestrian area at the main junction. The problem has continued despite recent rainfall.,high,v2_original
Residents have noticed that a public bin is partly full but not overflowing close to the bus stop.,low,v2_original
A local issue has developed where the road surface is damaged in several places and motorcycles are having difficulty passing near our houses.,medium,v2_original
Residents have reported that a public bin is partly full but is not overflowing in the residential area. normal access to the area is still possible. Residents are requesting assistance.,low,v3_targeted_augmentation
A roadside drain is blocked and rainwater is collecting across part of the road near the community hall. The issue is affecting normal use of the area.,medium,v2_original
water supply has been unavailable to several houses since yesterday along the main road.,medium,v3_targeted_augmentation
The community would like to report that floodwater has entered several houses and is continuing to rise near the playground. someone could be seriously injured if the area is not secured immediately. Please take the necessary action.,high,v3_targeted_augmentation
People in the area are reporting that thick smoke is causing breathing difficulty among nearby residents near the school. The condition has remained unchanged since yesterday.,high,v2_original
Residents have noticed that a fallen power cable is lying across a pedestrian path on the main road. The issue is affecting normal use of the area.,high,v2_original
Residents have reported that smoke from a nearby workshop is regularly entering nearby houses outside our building. several residents are affected by the problem. The relevant department should investigate the problem.,medium,v3_targeted_augmentation
The situation involves a large public waste bin is overflowing onto the pavement near the hospital.,medium,v2_original
We are experiencing a situation where one household is experiencing slightly reduced water pressure close to the town centre. the problem is limited to a small section. Please address this issue.,low,v3_targeted_augmentation
We have noticed that a roadside drain is blocked and rainwater is collecting across part of the road at the main junction.,medium,v2_original
A local issue has developed where wastewater is overflowing from a drain onto the roadside near the hospital.,medium,v2_original
The situation involves part of a roadside retaining wall has collapsed onto the traffic lane along the roadside.,high,v2_original
Residents report that a public waste container has a damaged lid but can still be used at the village entrance.,low,v3_targeted_augmentation
We have noticed that a curb has a small chipped section close to the bus stop.,low,v2_original
a damaged electrical pole is leaning over a busy road outside the hospital. Please arrange an inspection.,high,v3_targeted_augmentation
We are experiencing a situation where one street sign is slightly damaged but still readable near the hospital. the condition should be checked before it becomes worse. Please inspect the issue.,low,v3_targeted_augmentation
There is a public complaint because water service keeps stopping for several hours at a time near the hospital. normal daily activities are being affected. Please arrange an inspection.,medium,v3_targeted_augmentation
The situation involves a fallen power cable is lying across a pedestrian path along the roadside.,high,v2_original
a group of street lamps is not functioning at night beside the public walkway.,medium,v3_targeted_augmentation
"along the main road, an exposed electrical cable is hanging where people can touch it.",high,v3_targeted_augmentation
A local issue has developed where a water pipe is leaking continuously and a large amount of water is being wasted along the roadside.,medium,v2_original
We have noticed that a drain cover is slightly loose but still in place close to the bus stop. People passing through the area are being affected.,low,v2_original
The community would like to report that the water pressure is slightly lower than normal in one house beside the public walkway. the problem is limited to a small section. Residents are requesting assistance.,low,v3_targeted_augmentation
an electrical box is open and live components are exposed to pedestrians beside the public road.,high,v3_targeted_augmentation
The situation involves the road surface is damaged in several places and motorcycles are having difficulty passing on the main road. People passing through the area are being affected.,medium,v2_original
Residents have reported that a fallen lamp post is blocking part of the road with electrical wires attached near the junction. urgent intervention is required. Please arrange an inspection.,high,v3_targeted_augmentation
We have noticed that construction dust is affecting nearby shops and homes throughout the day near the public market. People passing through the area are being affected.,medium,v2_original
Dense smoke from a nearby facility is causing residents to leave their homes near the school. The condition has remained unchanged since yesterday.,high,v2_original
People in the area are reporting that a roadside drain has some leaves and sediment inside it close to the playground.,low,v2_original
People in the area are reporting that a few garbage bags are waiting at the normal collection point near the school. The issue is affecting normal use of the area.,low,v2_original
We have noticed that one street lamp is dim but still provides some light near the town centre.,low,v2_original
A damaged electrical pole is leaning over a busy road near the community hall. People passing through the area are being affected.,high,v2_original
There is a problem where a large section of road has collapsed beside a school entrance near the community hall.,high,v2_original
a curb has a small chipped section along the main road. Please inspect the issue.,low,v3_targeted_augmentation
People in the area are reporting that electrical wires are sparking beside a crowded pedestrian area close to the bus stop.,high,v2_original
We have noticed that a small patch of the road surface has become uneven near the community hall. Residents noticed the problem this morning.,low,v2_original
We have noticed that several potholes are making vehicles slow down on the main road near the town centre. The problem can be seen clearly from the roadside.,medium,v2_original
There is a small amount of dust near a construction site close to the bus stop. People in the area have reported the same issue.,low,v2_original
We have noticed that a large section of road has collapsed beside a school entrance near our houses. Residents noticed the problem this morning.,high,v2_original
The situation involves a small patch of the road surface has become uneven at the main junction. The issue is affecting normal use of the area.,low,v2_original
Residents have noticed that sewage is flowing into several homes from an overflowing manhole close to the bus stop. The problem can be seen clearly from the roadside.,high,v2_original
People living nearby have noticed that a shallow puddle forms after light rain near our houses. residents can still use the area normally. The relevant department should investigate the problem.,low,v3_targeted_augmentation
We would like to report that a fallen lamp post is blocking part of the road with electrical wires attached near the school.,high,v3_targeted_augmentation
We have noticed that several potholes are making vehicles slow down on the main road on the main road. The problem has continued despite recent rainfall.,medium,v2_original
a minor crack is visible in the pavement close to the town centre.,low,v3_targeted_augmentation
Residents have noticed that a major water pipe has burst and water is entering nearby houses along the roadside.,high,v2_original
There is a public complaint because a roadside drain is blocked and rainwater is collecting across part of the road along the main road. normal daily activities are being affected. The relevant department should investigate the problem.,medium,v3_targeted_augmentation
Residents have noticed that a large public waste bin is overflowing onto the pavement close to the playground.,medium,v2_original
People in the area are reporting that thick smoke is causing breathing difficulty among nearby residents near the community hall.,high,v2_original
The situation involves smoke from a nearby workshop is entering nearby houses in our neighbourhood. The issue has been reported by households nearby.,medium,v2_original
Residents have noticed that a large public waste bin is overflowing onto the pavement on the main road.,medium,v2_original
The situation involves a major water pipe has burst and water is entering nearby houses close to the bus stop.,high,v2_original
We are experiencing a situation where floodwater is rising quickly around homes and residents cannot leave safely outside our building. people are being exposed to a serious safety hazard.,high,v3_targeted_augmentation
There is a public complaint because a curb has a small chipped section close to the bus stop. there is no immediate safety risk. We would appreciate assistance with this problem.,low,v3_targeted_augmentation
A local issue has developed where a curb has a small chipped section along the roadside. The condition becomes worse during busy periods.,low,v2_original
a roadside drain is blocked and rainwater is collecting across part of the road near our houses.,medium,v3_targeted_augmentation
A large section of road has collapsed beside a school entrance in our neighbourhood. Residents noticed the problem this morning.,high,v2_original
A single street sign area has minor surface damage near the community hall.,low,v2_original
We have noticed that a sewer blockage is creating a strong smell across several nearby properties near the town centre.,medium,v2_original
We are experiencing a situation where one street sign is slightly damaged but still readable close to the local clinic. residents can still use the area normally. Residents are requesting assistance.,low,v3_targeted_augmentation
People in the area are reporting that several street lights along one road are not working at the main junction. The condition has remained unchanged since yesterday.,medium,v2_original
Residents have reported that a large chemical spill is spreading across a public road near our houses. the problem could cause a major accident. The relevant department should investigate the problem.,high,v3_targeted_augmentation
A local issue has developed where there is a small amount of dust near a construction site near the community hall. The problem can be seen clearly from the roadside.,low,v2_original
Residents have noticed that smoke from a nearby workshop is entering nearby houses near the hospital.,medium,v2_original
We are experiencing a situation where a damaged electrical pole is leaning over a busy road near the school. the condition poses a direct risk to life and safety. Please take the necessary action.,high,v3_targeted_augmentation
We have noticed that a curb has a small chipped section along the roadside. The problem has continued despite recent rainfall.,low,v2_original
The community would like to report that a sewer blockage is producing a strong smell across nearby properties outside the hospital. the situation becomes worse during rainfall.,medium,v3_targeted_augmentation
We have noticed that several street lights along one road are not working close to the playground.,medium,v2_original
There is a public complaint because a small amount of dust is affecting one section of the road outside the hospital. the problem is limited to a small section. We would appreciate assistance with this problem.,low,v3_targeted_augmentation
The community would like to report that a sewer blockage is producing a strong smell across nearby properties close to the bus stop. multiple households have reported the same problem. Residents are requesting assistance.,medium,v3_targeted_augmentation
A small amount of litter is scattered near a bus stop near the community hall.,low,v2_original
There is a problem where floodwater has entered houses and is continuing to rise at the main junction. The problem has continued despite recent rainfall.,high,v2_original
There is a public complaint because garbage collection has been missed for several days and waste is accumulating close to the bus stop. the issue is causing significant inconvenience. Residents are requesting assistance.,medium,v3_targeted_augmentation
a drain grate is loose and makes a noise when vehicles pass outside our building. residents can still use the area normally. Please address this issue.,low,v3_targeted_augmentation
The community would like to report that floodwater has entered several houses and is continuing to rise close to the town centre. public access to the area is unsafe. The relevant department should investigate the problem.,high,v3_targeted_augmentation
We are experiencing a situation where a roadside drain is blocked and rainwater is collecting across part of the road near the hospital. several residents are affected by the problem.,medium,v3_targeted_augmentation
People living nearby have noticed that one street sign is slightly damaged but still readable close to the bus stop. the issue is causing only a minor inconvenience. Please address this issue.,low,v3_targeted_augmentation
People in the area are reporting that a water main failure has flooded the entrance to a hospital at the main junction. The problem can be seen clearly from the roadside.,high,v2_original
Residents have noticed that a small amount of litter is scattered near a bus stop near our houses.,low,v2_original
a section of road has sunk and vehicles must drive around it close to the local clinic.,medium,v3_targeted_augmentation
Residents have noticed that a fallen power cable is lying across a pedestrian path close to the bus stop. People passing through the area are being affected.,high,v2_original
People in the area are reporting that an exposed electrical cable is hanging low where pedestrians can reach it near our houses. Several nearby residents have raised concerns.,high,v2_original
We have noticed that a minor water leak is dripping from a public pipe along the roadside. The condition has remained unchanged since yesterday.,low,v2_original
Residents have reported that a live electrical wire is lying across a pedestrian path near the public market. residents may need emergency assistance. Please address this issue.,high,v3_targeted_augmentation
A single street sign area has minor surface damage along the roadside. The condition has remained unchanged since yesterday.,low,v2_original
People in the area are reporting that smoke from a nearby workshop is entering nearby houses near the hospital. The condition has remained unchanged since yesterday.,medium,v2_original
The community would like to report that a few pieces of litter are scattered beside the walkway at the village entrance. the issue is noticeable but not currently dangerous. Please inspect the issue.,low,v3_targeted_augmentation
A local issue has developed where an exposed electrical cable is hanging low where pedestrians can reach it near the community hall.,high,v2_original
We have noticed that a damaged electrical pole is leaning over a busy road near the town centre. The condition has remained unchanged since yesterday.,high,v2_original
The situation involves a section of road has sunk and vehicles must drive around it in our neighbourhood. The condition has remained unchanged since yesterday.,medium,v2_original
floodwater has entered several houses and is continuing to rise along the main road. people are being exposed to a serious safety hazard. Please take the necessary action.,high,v3_targeted_augmentation
"beside the public walkway, a large tree has fallen onto electrical lines above the road.",high,v3_targeted_augmentation
"outside the school, a public area has accumulated a large amount of uncollected rubbish. normal daily activities are being affected. Please arrange an inspection.",medium,v3_targeted_augmentation
The situation involves construction dust is affecting nearby shops and homes throughout the day near the town centre.,medium,v2_original
"outside the school, one street sign is slightly damaged but still readable. the condition should be checked before it becomes worse. Please arrange an inspection.",low,v3_targeted_augmentation
Smoke from a nearby workshop is entering nearby houses near the school.,medium,v2_original
People in the area are reporting that a drain cover is slightly loose but still in place close to the bus stop.,low,v2_original
A local issue has developed where electrical wires are sparking beside a crowded pedestrian area at the main junction. Residents noticed the problem this morning.,high,v2_original
We are experiencing a situation where one street sign is slightly damaged but still readable along the main road. residents can still use the area normally. The relevant department should investigate the problem.,low,v3_targeted_augmentation
People living nearby have noticed that a drain grate is loose and makes a noise when vehicles pass in the residential area. there is no immediate safety risk. We would appreciate assistance with this problem.,low,v3_targeted_augmentation
People in the area are reporting that a water main failure has flooded the entrance to a hospital close to the bus stop. Several nearby residents have raised concerns.,high,v2_original
We have noticed that sewage is spreading across a school access road near the community hall.,high,v2_original
People living nearby have noticed that a curb has a small chipped section in our neighbourhood. the issue is causing only a minor inconvenience. We would appreciate assistance with this problem.,low,v3_targeted_augmentation
There is a problem where a sewer blockage is creating a strong smell across several nearby properties near the hospital. The condition has remained unchanged since yesterday.,medium,v2_original
A water pipe is leaking continuously and a large amount of water is being wasted near the hospital. The issue has been reported by households nearby.,medium,v2_original
We are experiencing a situation where a high-voltage cable has fallen beside a public walkway outside the hospital. the situation presents an immediate danger to the public. Please inspect the issue.,high,v3_targeted_augmentation
We have noticed that a minor water leak is dripping from a public pipe near the town centre.,low,v2_original
There is a problem where water pressure is too low for many houses in the area near the school.,medium,v2_original
People in the area are reporting that there is a small amount of dust near a construction site near the town centre.,low,v2_original
Residents have noticed that a small patch of the road surface has become uneven near the town centre.,low,v2_original
We have noticed that a fallen power cable is lying across a pedestrian path along the roadside. The issue is affecting normal use of the area.,high,v2_original
A local issue has developed where a small crack has appeared along the edge of a side road close to the bus stop. The issue is affecting normal use of the area.,low,v2_original
We have noticed that one street lamp is dim but still provides some light near the hospital.,low,v2_original
People in the area are reporting that a single street sign area has minor surface damage near the hospital. The problem can be seen clearly from the roadside.,low,v2_original
There is a public complaint because smoke from a nearby workshop is regularly entering nearby houses near the public market. the problem should be addressed before it becomes dangerous. Residents are requesting assistance.,medium,v3_targeted_augmentation
A local issue has developed where sewage is flowing into several homes from an overflowing manhole near the town centre.,high,v2_original
A local issue has developed where a roadside drain has some leaves and sediment inside it near the public market. The condition has remained unchanged since yesterday.,low,v2_original
We have noticed that a sewer blockage is creating a strong smell across several nearby properties near the community hall.,medium,v2_original
We have noticed that a water main failure has flooded the entrance to a hospital near the community hall. The issue has been reported by households nearby.,high,v2_original
Residents have noticed that the road surface is damaged in several places and motorcycles are having difficulty passing near the community hall. The problem can be seen clearly from the roadside.,medium,v2_original
Residents have reported that a drainage channel is blocked and causes flooding during normal rainfall near the public market. the situation becomes worse during rainfall. The relevant department should investigate the problem.,medium,v3_targeted_augmentation
We have noticed that a minor water leak is dripping from a public pipe close to the playground. The condition becomes worse during busy periods.,low,v2_original
"in the residential area, the water pressure is slightly lower than normal in one house.",low,v3_targeted_augmentation
There is a problem where wastewater is overflowing from a drain onto the roadside near the public market. The condition has remained unchanged since yesterday.,medium,v2_original
Residents report that a small crack has appeared along the edge of the road in our neighbourhood.,low,v3_targeted_augmentation
We have noticed that sewage is spreading across a school access road at the main junction. The issue is affecting normal use of the area.,high,v2_original
The community would like to report that residents are experiencing repeated power cuts during the evening beside the public walkway. several residents are affected by the problem. We would appreciate assistance with this problem.,medium,v3_targeted_augmentation
We have noticed that water supply has been unavailable to a neighbourhood since yesterday near the hospital.,medium,v2_original
A local issue has developed where a section of road has sunk and vehicles must drive around it near the community hall. People in the area have reported the same issue.,medium,v2_original
We have noticed that a small crack has appeared along the edge of a side road near the town centre. The condition has remained unchanged since yesterday.,low,v2_original
A sewer blockage is creating a strong smell across several nearby properties near our houses. The problem has continued despite recent rainfall.,medium,v2_original
There is a problem where a curb has a small chipped section near the public market. The condition has remained unchanged since yesterday.,low,v2_original
Residents have noticed that tap water has a slight unusual smell but remains available on the main road. The issue is affecting normal use of the area.,low,v2_original
a roadside drain is blocked and rainwater is collecting across part of the road near our houses. the issue is disrupting normal use of the area. Please arrange an inspection.,medium,v3_targeted_augmentation
There is a problem where garbage collection has been missed for several days and waste is accumulating in our neighbourhood.,medium,v2_original
We have noticed that electrical wires are sparking beside a crowded pedestrian area close to the playground. The problem can be seen clearly from the roadside.,high,v2_original
The situation involves water pressure is too low for many houses in the area at the main junction. The problem can be seen clearly from the roadside.,medium,v2_original
water pressure is too low for many houses in the area outside the hospital.,medium,v3_targeted_augmentation
We have noticed that wastewater is overflowing from a drain onto the roadside close to the bus stop.,medium,v2_original
People in the area are reporting that garbage collection has been missed for several days and waste is accumulating on the main road.,medium,v2_original
There is a problem where a water pipe is leaking continuously and a large amount of water is being wasted close to the playground. The issue is affecting normal use of the area.,medium,v2_original
A local issue has developed where one lamp flickers occasionally during the evening on the main road. The issue is affecting normal use of the area.,low,v2_original
Garbage collection has been missed for several days and waste is accumulating close to the playground.,medium,v2_original
There is a public complaint because a group of street lamps is not functioning at night in our neighbourhood. the problem should be addressed before it becomes dangerous. Please send the responsible team.,medium,v3_targeted_augmentation
People living nearby have noticed that tap water has a slight unusual smell but remains available in our neighbourhood. the service remains available despite the issue. Please arrange an inspection.,low,v3_targeted_augmentation
There is a problem where one lamp flickers occasionally during the evening near the hospital. The issue is affecting normal use of the area.,low,v2_original
The situation involves a few garbage bags are waiting at the normal collection point near the school.,low,v2_original
dense smoke is causing breathing difficulty among nearby residents near the community centre. The relevant department should investigate the problem.,high,v3_targeted_augmentation
There is a problem where a water pipe is leaking continuously and a large amount of water is being wasted near the community hall. The problem has continued despite recent rainfall.,medium,v2_original
A small patch of the road surface has become uneven near the school. The problem can be seen clearly from the roadside.,low,v2_original
"in our neighbourhood, a drainage channel is blocked and causes flooding during normal rainfall.",medium,v3_targeted_augmentation
A local issue has developed where a small amount of litter is scattered near a bus stop close to the playground. The issue is affecting normal use of the area.,low,v2_original
a shallow pothole has started forming on a quiet side road near the public market.,low,v3_targeted_augmentation
People in the area are reporting that a section of road has sunk and vehicles must drive around it near our houses. The problem can be seen clearly from the roadside.,medium,v2_original
People living nearby have noticed that a minor crack is visible in the pavement near our houses. residents can still use the area normally. We would appreciate assistance with this problem.,low,v3_targeted_augmentation
We are experiencing a situation where a water pipe is leaking continuously and wasting a large amount of water in the residential area. normal daily activities are being affected. The relevant department should investigate the problem.,medium,v3_targeted_augmentation
People in the area are reporting that a damaged electrical pole is leaning over a busy road near the hospital. Residents noticed the problem this morning.,high,v2_original
A local issue has developed where a small amount of litter is scattered near a bus stop close to the bus stop. The condition becomes worse during busy periods.,low,v2_original
There is a public complaint because a few pieces of litter are scattered beside the walkway near the community centre. the service remains available despite the issue.,low,v3_targeted_augmentation
We have noticed that a small crack has appeared along the edge of a side road near the public market. The issue is affecting normal use of the area.,low,v2_original
Residents have reported that a large chemical spill is spreading across a public road close to the town centre. the problem could cause a major accident. We would appreciate assistance with this problem.,high,v3_targeted_augmentation
A local issue has developed where a curb has a small chipped section at the main junction.,low,v2_original
The situation involves a large public waste bin is overflowing onto the pavement near our houses. The issue is affecting normal use of the area.,medium,v2_original
Smoke from a nearby workshop is entering nearby houses along the roadside. The issue is affecting normal use of the area.,medium,v2_original
We have noticed that an exposed electrical cable is hanging low where pedestrians can reach it near our houses.,high,v2_original
The situation involves water pressure is too low for many houses in the area close to the playground. The condition has remained unchanged since yesterday.,medium,v2_original
There is a problem where the road surface is damaged in several places and motorcycles are having difficulty passing near the public market. People in the area have reported the same issue.,medium,v2_original
A local issue has developed where a shallow puddle forms after light rain in our neighbourhood. People passing through the area are being affected.,low,v2_original
There is a problem where a curb has a small chipped section at the main junction. The issue is affecting normal use of the area.,low,v2_original
We have noticed that garbage collection has been missed for several days and waste is accumulating near the hospital.,medium,v2_original
People in the area are reporting that dense smoke from a nearby facility is causing residents to leave their homes close to the bus stop. The problem has continued despite recent rainfall.,high,v2_original
A local issue has developed where a small amount of litter is scattered near a bus stop along the roadside. Residents noticed the problem this morning.,low,v2_original
One lamp flickers occasionally during the evening near the hospital. Several nearby residents have raised concerns.,low,v2_original
A fallen power cable is lying across a pedestrian path close to the bus stop. People passing through the area are being affected.,high,v2_original
People in the area are reporting that a large section of road has collapsed beside a school entrance near the school. The issue is affecting normal use of the area.,high,v2_original
There is a public complaint because water service keeps stopping for several hours at a time along the main road. the situation becomes worse during rainfall. Please address this issue.,medium,v3_targeted_augmentation
Residents report that several street lights along the road are not working along the main road.,medium,v3_targeted_augmentation
The community would like to report that a public bin is partly full but is not overflowing near the hospital. the issue is noticeable but not currently dangerous. The relevant department should investigate the problem.,low,v3_targeted_augmentation
People in the area are reporting that a roadside drain is blocked and rainwater is collecting across part of the road on the main road.,medium,v2_original
The situation involves a deep hole has opened across most of the traffic lane near a blind bend near the town centre.,high,v2_original
Residents have noticed that a major water pipe has burst and water is entering nearby houses near the hospital. Residents noticed the problem this morning.,high,v2_original
People living nearby have noticed that a public bin is partly full but is not overflowing near the hospital. residents can still use the area normally. Please take the necessary action.,low,v3_targeted_augmentation
The situation involves thick smoke is causing breathing difficulty among nearby residents on the main road. The issue has been reported by households nearby.,high,v2_original
A local issue has developed where construction dust is affecting nearby shops and homes throughout the day near the hospital. The condition has remained unchanged since yesterday.,medium,v2_original
A small crack has appeared along the edge of a side road near the school.,low,v2_original
Residents have noticed that dense smoke from a nearby facility is causing residents to leave their homes near the hospital.,high,v2_original
A local issue has developed where several street lights along one road are not working on the main road.,medium,v2_original
We have noticed that a minor water leak is dripping from a public pipe near the hospital. The problem has continued despite recent rainfall.,low,v2_original
A deep hole has opened across most of the traffic lane near a blind bend near the town centre. People in the area have reported the same issue.,high,v2_original
There is a problem where a roadside drain is blocked and rainwater is collecting across part of the road near the hospital. The condition has remained unchanged since yesterday.,medium,v2_original
People in the area are reporting that thick smoke is causing breathing difficulty among nearby residents along the roadside. The problem has continued despite recent rainfall.,high,v2_original
There is a problem where a shallow puddle forms after light rain along the roadside. The issue is affecting normal use of the area.,low,v2_original
We are experiencing a situation where a high-voltage cable has fallen beside a public walkway outside our building. residents may need emergency assistance. Please arrange an inspection.,high,v3_targeted_augmentation
Residents have reported that a small amount of dust is affecting one section of the road along the main road. the condition should be checked before it becomes worse. Please arrange an inspection.,low,v3_targeted_augmentation
A local issue has developed where an exposed electrical cable is hanging low where pedestrians can reach it close to the playground. The condition has remained unchanged since yesterday.,high,v2_original
A local issue has developed where a single street sign area has minor surface damage along the roadside.,low,v2_original
Residents have noticed that a large public waste bin is overflowing onto the pavement in our neighbourhood. People in the area have reported the same issue.,medium,v2_original
People in the area are reporting that dense smoke from a nearby facility is causing residents to leave their homes at the main junction. The issue is affecting normal use of the area.,high,v2_original
We have noticed that a minor water leak is dripping from a public pipe in our neighbourhood.,low,v2_original
The situation involves an exposed electrical cable is hanging low where pedestrians can reach it on the main road. The condition becomes worse during busy periods.,high,v2_original
Residents have noticed that water supply has been unavailable to a neighbourhood since yesterday in our neighbourhood. The condition becomes worse during busy periods.,medium,v2_original
"in our neighbourhood, a small amount of rubbish has been left near a public bin. the issue is causing only a minor inconvenience. The relevant department should investigate the problem.",low,v3_targeted_augmentation
"close to the local clinic, one household is experiencing slightly reduced water pressure. normal access to the area is still possible. Please take the necessary action.",low,v3_targeted_augmentation
"near the community centre, a chemical liquid has spilled near houses and is producing strong fumes.",high,v3_targeted_augmentation
Residents have noticed that a drain cover is slightly loose but still in place near the school. Several nearby residents have raised concerns.,low,v2_original
We are experiencing a situation where a street lamp flickers occasionally but remains usable outside the school. there is no immediate safety risk. Please address this issue.,low,v3_targeted_augmentation
We are experiencing a situation where water service keeps stopping for several hours at a time near the school. multiple households have reported the same problem.,medium,v3_targeted_augmentation
A local issue has developed where floodwater has entered houses and is continuing to rise at the main junction. Several nearby residents have raised concerns.,high,v2_original
